Date,Price_USD_per_barrel,Log_Price,Log_Return
2000-01-04,23.95,3.175968323856924,
2000-01-05,23.72,3.1663185741295248,-0.009649749727399574
2000-01-06,23.55,3.159125820462427,-0.0071927536670978775
2000-01-07,23.35,3.150596984114906,-0.008528836347520436
2000-01-10,22.77,3.125443880075648,-0.025153104039258148
2000-01-11,23.93,3.175132901920282,0.04968902184463361
2000-01-12,24.62,3.2035591207563074,0.02842621883602551
2000-01-13,24.9,3.214867803470662,0.011308682714354356
2000-01-14,25.5,3.2386784521643803,0.023810648693718607
2000-01-17,25.99,3.2577118486533987,0.019033396489018275
2000-01-18,26.31,3.269949095052201,0.01223724639880248
2000-01-19,26.17,3.2646137165420543,-0.005335378510146775
2000-01-20,26.26,3.26804686887465,0.003433152332595711
2000-01-21,27.18,3.3024814087229974,0.03443453984834754
2000-01-24,27.02,3.2965773325320527,-0.005904076190944848
2000-01-25,27.24,3.3046864812813115,0.008109148749258721
2000-01-26,27.18,3.3024814087229974,-0.00220507255831387
2000-01-27,26.91,3.2924979647388146,-0.00998344398418315
2000-01-28,26.59,3.2805352052549286,-0.011962759483885964
2000-01-31,27.08,3.298795448044074,0.01826024278914564
2000-02-01,27.35,3.3087165288679903,0.009921080823916163
2000-02-02,27.15,3.3013770463799443,-0.0073394824880459114
2000-02-03,27.6,3.3178157727231046,0.01643872634315994
2000-02-04,27.48,3.3134584673541485,-0.004357305368955813
2000-02-07,27.94,3.330059353828816,0.016600886474667297
2000-02-08,27.61,3.3181780259420632,-0.011881327886752788
2000-02-09,27.44,3.3120018028576843,-0.006176223084378469
2000-02-10,27.32,3.307619034702589,-0.004382768155095198
2000-02-11,27.82,3.325755186495297,0.018136151792707604
2000-02-14,28.03,3.333275365176697,0.007520178681400184
2000-02-15,28.12,3.336481066942464,0.003205701765767216
2000-02-16,28.11,3.3361253849184407,-0.00035568202402368713
2000-02-17,27.54,3.315639493300509,-0.02048589161793174
2000-02-18,27.26,3.3054204262683866,-0.010219067032122145
2000-02-21,26.93,3.2932409068235073,-0.012179519444879116
2000-02-22,27.22,3.30395199722332,0.01071109039981236
2000-02-23,27.92,3.329343277894172,0.02539128067085176
2000-02-24,28.21,3.339676525013905,0.010333247119733203
2000-02-25,28.53,3.3509561652254085,0.011279640211503628
2000-02-28,28.7,3.3568971227655755,0.0059409575401668325
2000-02-29,29.01,3.367640598133313,0.010743475367737202
2000-03-01,29.78,3.393837027255863,0.026196429122550168
2000-03-02,30.12,3.405189402931693,0.011352375675829817
2000-03-03,29.83,3.395514598526657,-0.009674804405035783
2000-03-06,30.08,3.403860499081639,0.008345900554981913
2000-03-07,31.93,3.4635460067266908,0.05968550764505159
2000-03-08,31.41,3.447126313550555,-0.016419693176135477
2000-03-09,29.11,3.371081757757532,-0.07604455579302338
2000-03-10,28.97,3.366260811781259,-0.004820945976272882
2000-03-13,29.25,3.3758795736778655,0.009618761896606435
2000-03-14,28.83,3.3614165116503107,-0.0144630620275547
2000-03-15,28.03,3.333275365176697,-0.028141146473613824
2000-03-16,27.97,3.3311325072138684,-0.0021428579628286456
2000-03-17,27.87,3.327550841493857,-0.0035816657200114857
2000-03-20,25.59,3.2422016501716975,-0.08534919132215942
2000-03-21,24.93,3.2160718975354663,-0.02612975263623098
2000-03-22,25.77,3.2492110246642736,0.033139127128807074
2000-03-23,25.32,3.2315945972759756,-0.017616427388298203
2000-03-24,25.74,3.2480462021679806,0.01645160489200506
2000-03-27,25.16,3.22525543183224,-0.022790770335740767
2000-03-28,24.8,3.2108436531709366,-0.014411778661303316
2000-03-29,23.77,3.1684242813721024,-0.042419371798834024
2000-03-30,23.94,3.1755507001298273,0.007126418757724607
2000-03-31,23.98,3.177220149599368,0.0016694494695409857
2000-04-03,24.62,3.2035591207563074,0.026338971156939346
2000-04-04,23.26,3.1467351470905185,-0.05682397366578903
2000-04-05,22.98,3.1346242724206097,-0.012110874669908775
2000-04-06,22.9,3.131136910560194,-0.00348736186041575
2000-04-07,22.63,3.119276459645446,-0.011860450914747885
2000-04-10,21.08,3.0483247236731614,-0.07095173597228449
2000-04-11,21.05,3.0469005601283903,-0.0014241635447710796
2000-04-12,21.4,3.0633909220278057,0.01649036189941521
2000-04-13,22.65,3.120159851929043,0.05676892990123716
2000-04-14,22.13,3.0969341540629585,-0.023225697866084697
2000-04-17,22.2,3.100092288878234,0.0031581348152754218
2000-04-18,22.67,3.1210424645194377,0.02095017564120398
2000-04-19,23.5,3.1570004211501135,0.03595795663067561
2000-04-20,23.57,3.1599747169480397,0.002974295797926462
2000-04-25,23.36,3.151025157960026,-0.008949558988013508
2000-04-26,22.9,3.131136910560194,-0.01988824739983234
2000-04-27,23.07,3.138533072185662,0.007396161625468472
2000-04-28,23.79,3.1692653243148663,0.030732252129203927
2000-05-02,24.73,3.208017081533325,0.0387517572184586
2000-05-03,25.13,3.2240623515555007,0.016045270022176
2000-05-04,25.06,3.221272949467922,-0.0027894020875785254
2000-05-05,24.93,3.2160718975354663,-0.005201051932455663
2000-05-08,26.03,3.259249719006474,0.04317782147100764
2000-05-09,26.69,3.284288963416433,0.025039244409958663
2000-05-10,26.59,3.2805352052549286,-0.0037537581615043896
2000-05-11,27.22,3.30395199722332,0.02341679196839155
2000-05-12,27.98,3.331489969237335,0.02753797201401509
2000-05-15,28.26,3.3414473772563813,0.009957408019046203
2000-05-16,28.78,3.359680701459222,0.0182333242028403
2000-05-17,28.4,3.3463891451671604,-0.013291556292061439
2000-05-18,28.9,3.3638415951183864,0.017452449951226207
2000-05-19,29.01,3.367640598133313,0.0037990030149263414
2000-05-22,28.45,3.34814816057234,-0.01949243756097282
2000-05-23,28.12,3.336481066942464,-0.01166709362987571
2000-05-24,28.97,3.366260811781259,0.029779744838794878
2000-05-25,29.62,3.3884498088396526,0.022188997058393677
2000-05-26,30.09,3.4041928906419536,0.01574308180230108
2000-05-30,29.89,3.3975239762958465,-0.006668914346107301
2000-05-31,29.64,3.389124800427886,-0.008399175867960362
2000-06-01,29.69,3.3908102887756684,0.0016854883477823953
2000-06-02,29.35,3.3792925462741055,-0.011517742501563009
2000-06-05,28.27,3.341801171705499,-0.03749137456860649
2000-06-06,28.42,3.3470931226689546,0.005291950963455605
2000-06-07,28.32,3.343568268825519,-0.003524853843435579
2000-06-08,29.34,3.3789517727148355,0.03538350388931666
2000-06-09,29.0,3.367295829986474,-0.011655942728361651
2000-06-12,30.1,3.40452517175483,0.03722934176835598
2000-06-13,30.4,3.414442608412176,0.009917436657345924
2000-06-14,30.12,3.405189402931693,-0.009253205480483159
2000-06-15,29.77,3.393501175027685,-0.011688227904007914
2000-06-16,28.68,3.3562000157314196,-0.03730115929626539
2000-06-19,27.69,3.3210713371828704,-0.03512867854854909
2000-06-20,28.86,3.3624565533457247,0.04138521616285428
2000-06-21,30.71,3.424588334452731,0.06213178110700618
2000-06-22,30.61,3.421326752957321,-0.003261581495409963
2000-06-23,31.02,3.4346321577483927,0.013305404791071718
2000-06-26,30.9,3.4307561839036995,-0.003875973844693072
2000-06-27,30.47,3.416742592997618,-0.014013590906082103
2000-06-28,31.15,3.4388142452334622,0.02207165223584453
2000-06-29,31.05,3.435598808379488,-0.0032154368539743547
2000-06-30,31.58,3.452524008827496,0.016925200448008205
2000-07-03,32.15,3.4704124506836282,0.0178884418561324
2000-07-04,30.73,3.425239376142393,-0.04517307454123502
2000-07-05,30.35,3.4127965175055075,-0.012442858636885941
2000-07-06,30.67,3.4232849781261603,0.010488460620652982
2000-07-07,30.62,3.4216533902295376,-0.0016315878966225118
2000-07-10,30.58,3.420346200500916,-0.0013071897286214885
2000-07-11,29.83,3.395514598526657,-0.02483160197425906
2000-07-12,30.27,3.410157123033627,0.014642524506970116
2000-07-13,31.15,3.4388142452334622,0.028657122199834743
2000-07-14,30.82,3.42816382989197,-0.010650415341492378
2000-07-17,28.44,3.34779660493504,-0.08036722495692954
2000-07-18,28.46,3.3484995926617063,0.0007029877266662111
2000-07-19,28.33,3.3439213138424253,-0.004578278819281205
2000-07-20,27.85,3.326832966373293,-0.01708834746913207
2000-07-21,26.68,3.283914221047423,-0.042918745325870165
2000-07-24,26.84,3.289893312103481,0.0059790910560580095
2000-07-25,25.78,3.2495989975110415,-0.04029431459243968
2000-07-26,25.92,3.255014871484074,0.005415873973032638
2000-07-27,25.6,3.242592351485517,-0.012422519998557209
2000-07-28,25.96,3.2565568918358894,0.013964540350372322
2000-07-31,25.3,3.2308043957334744,-0.02575249610241474
2000-08-01,25.24,3.228430037673012,-0.0023743580604622403
2000-08-02,26.8,3.288401887516811,0.05997184984379861
2000-08-03,27.04,3.2973172511747633,0.008915363657952329
2000-08-04,28.01,3.332561589272017,0.035244338097254004
2000-08-07,27.56,3.3163654461454577,-0.016196143126559422
2000-08-08,27.58,3.3170908723651555,0.000725426219698026
2000-08-09,28.13,3.3368366225017656,0.01974575013660981
2000-08-10,28.98,3.3666059368925363,0.029769314390770914
2000-08-11,29.44,3.3823542938606757,0.015748356968139112
2000-08-14,29.24,3.3755376348815775,-0.006816658979097792
2000-08-15,30.0,3.4011973816621555,0.025659746780577742
2000-08-16,29.66,3.389799336709786,-0.011398044952369311
2000-08-17,30.71,3.424588334452731,0.03478899774294508
2000-08-18,30.76,3.4262151446374434,0.0016268101847122757
2000-08-21,31.34,3.444895236927875,0.0186800922904315
2000-08-22,30.18,3.407179453339703,-0.03771578358817192
2000-08-23,32.38,3.477540948249489,0.07036149490978627
2000-08-24,31.67,3.4553698605505483,-0.022171087698940696
2000-08-25,33.26,3.5043554737647815,0.04898561321423309
2000-08-28,33.29,3.5052570515869337,0.0009015778221520307
2000-08-29,34.03,3.5272424885128144,0.021985436925880886
2000-08-30,34.13,3.530176762918616,0.0029342744058014204
2000-08-31,35.08,3.5576311675039825,0.027454404585366403
2000-09-01,35.09,3.5579161895951237,0.000285022091141556
2000-09-04,36.02,3.58407433974781,0.026158150152686358
2000-09-05,35.72,3.575710756008298,-0.008363583739511826
2000-09-06,36.7,3.6027767550605247,0.027065999052226307
2000-09-07,37.43,3.6224725219163374,0.019695766855812917
2000-09-08,36.27,3.590990953294811,-0.031481568621526484
2000-09-11,36.87,3.607398212246053,0.016407258951242083
2000-09-12,33.3,3.505557396986398,-0.10184081525965502
2000-09-13,31.08,3.436564525499447,-0.06899287148695143
2000-09-14,31.35,3.4452142670789296,0.008649741579483158
2000-09-15,33.68,3.516904189374126,0.07168992229519613
2000-09-18,34.55,3.542407550213679,0.025503360839552874
2000-09-19,33.48,3.5109482456212744,-0.03145930459240437
2000-09-20,33.67,3.516607233172983,0.005658987551708664
2000-09-21,32.18,3.471345141564237,-0.045262091608746044
2000-09-22,31.59,3.4528406148139936,-0.018504526750243288
2000-09-25,30.01,3.4015306594522756,-0.05130995536171797
2000-09-26,29.94,3.3991953789914824,-0.00233528046079349
2000-09-27,29.78,3.393837027255863,-0.00535835173561934
2000-09-28,28.91,3.364187556028255,-0.029649471227608252
2000-09-29,28.42,3.3470931226689546,-0.017094433359300068
2000-10-02,29.65,3.3894621254437345,0.042369002774779764
2000-10-03,30.64,3.4223063448723905,0.032844219428656125
2000-10-04,30.07,3.4035279970004377,-0.018778347871952903
2000-10-05,29.19,3.3738261848660236,-0.029701812134414324
2000-10-06,29.62,3.3884498088396526,0.014623623973629343
2000-10-09,29.99,3.4008639927609177,0.012414183921264844
2000-10-10,30.95,3.432372999130605,0.03150900636968734
2000-10-11,31.25,3.4420193761824107,0.009646377051805335
2000-10-12,33.45,3.5100517865742376,0.06803241039182698
2000-10-13,33.5,3.5115454388310208,0.0014936522567831501
2000-10-16,32.03,3.466672963621067,-0.0448724752099539
2000-10-17,30.38,3.4137844971676268,-0.05288846645344001
2000-10-18,30.98,3.4333418349887226,0.019557337821095908
2000-10-19,31.29,3.443298557680791,0.0099567226920681
2000-10-20,30.16,3.4065165431397553,-0.036782014541035433
2000-10-23,30.98,3.4333418349887226,0.026825291848967214
2000-10-24,31.81,3.4597807057610526,0.0264388707723302
2000-10-25,31.17,3.4394560937792455,-0.020324611981806944
2000-10-26,31.48,3.4493524235492026,0.009896329769956762
2000-10-27,31.31,3.443937535338314,-0.005414888210888259
2000-10-30,31.09,3.4368862240706624,-0.0070513112676518445
2000-10-31,30.15,3.4061849231731944,-0.03070130089746808
2000-11-01,31.62,3.453789831781326,0.04760490860813153
2000-11-02,30.81,3.4278393126085764,-0.02595051917274942
2000-11-03,30.81,3.4278393126085764,0.0
2000-11-06,31.0,3.4339872044851463,0.006147891876569838
2000-11-07,31.59,3.4528406148139936,0.01885341032884759
2000-11-08,31.3,3.4436180975461075,-0.009222517267886275
2000-11-09,31.79,3.459151774922711,0.015533677376603819
2000-11-10,32.26,3.4738280726970627,0.014676297774351331
2000-11-13,32.5,3.481240089335692,0.0074120166386289965
2000-11-14,33.05,3.498021566297695,0.016781476962003387
2000-11-15,33.82,3.5210523434704344,0.023030777172738954
2000-11-16,34.16,3.531055368920369,0.01000302544993469
2000-11-17,33.09,3.499231121933521,-0.0318242469868481
2000-11-20,34.23,3.533102452542094,0.03387133060857293
2000-11-21,33.33,3.506457892319648,-0.026644560222445587
2000-11-22,33.11,3.4998353515591547,-0.006622540760493382
2000-11-23,33.29,3.5052570515869337,0.005421700027778606
2000-11-24,33.35,3.507057772361633,0.0018007207746991221
2000-11-27,33.47,3.510649515223235,0.00359174286160239
2000-11-28,32.59,3.4840054928494704,-0.02664402237376498
2000-11-29,32.45,3.479700443150099,-0.0043050496993712025
2000-11-30,32.53,3.48216274048526,0.002462297335160967
2000-12-01,31.59,3.4528406148139936,-0.029322125671266276
2000-12-04,30.37,3.4134552790576573,-0.039385335756336404
2000-12-05,28.88,3.3631493140246254,-0.05030596503303197
2000-12-06,27.47,3.3130945001071823,-0.05005481391744305
2000-12-07,27.85,3.326832966373293,0.013738466266110519
2000-12-08,26.85,3.2902658209548736,-0.03656714541841936
2000-12-11,27.28,3.3061538329752613,0.015888012020387695
2000-12-12,26.81,3.2887749522478678,-0.01737888072739352
2000-12-13,26.84,3.289893312103481,0.001118359855613233
2000-12-14,24.32,3.1912990570979662,-0.09859425500551476
2000-12-15,24.44,3.1962211343033946,0.004922077205428455
2000-12-18,25.11,3.2232661731694936,0.027045038866098957
2000-12-19,24.36,3.192942442841696,-0.030323730327797355
2000-12-20,23.29,3.1480240838962494,-0.04491835894544662
2000-12-21,22.4,3.109060958860994,-0.038963125035255536
2000-12-22,22.23,3.101442727976105,-0.007618230884888874
2000-12-27,22.58,3.1170645587215158,0.015621830745410566
2000-12-28,22.29,3.1041381473977774,-0.012926411323738464
2000-12-29,22.58,3.1170645587215158,0.012926411323738356
2001-01-02,23.43,3.1540172525197043,0.03695269379818832
2001-01-03,23.44,3.154443964708812,0.0004267121891076239
2001-01-04,24.57,3.201526186533088,0.047082221824275745
2001-01-05,24.77,3.209633243501268,0.00810705696818034
2001-01-08,24.75,3.2088254890146994,-0.0008077544865688944
2001-01-09,24.13,3.1834558796369405,-0.025369609377758996
2001-01-10,24.98,3.2180755046974316,0.034619625060491245
2001-01-11,25.6,3.242592351485517,0.024516846788085106
2001-01-12,25.63,3.24376354037598,0.0011711888904627726
2001-01-15,26.03,3.259249719006474,0.015486178630494417
2001-01-16,25.52,3.239462458476589,-0.0197872605298849
2001-01-17,24.27,3.18924101973851,-0.050221438738079084
2001-01-18,24.74,3.208421366964342,0.019180347225831767
2001-01-19,26.29,3.26918863874179,0.06076727177744798
2001-01-22,27.69,3.3210713371828704,0.05188269844108073
2001-01-23,27.02,3.2965773325320527,-0.024494004650817768
2001-01-24,27.04,3.2973172511747633,0.0007399186427105144
2001-01-25,26.94,3.293612170982218,-0.003705080192545351
2001-01-26,27.04,3.2973172511747633,0.003705080192545424
2001-01-29,26.95,3.2939832973550063,-0.003333953819757212
2001-01-30,26.32,3.2703291064571163,-0.023654190897889716
2001-01-31,26.59,3.2805352052549286,0.010206098797811942
2001-02-01,27.17,3.3021134234382563,0.021578218183327922
2001-02-02,28.9,3.3638415951183864,0.06172817168013007
2001-02-05,29.25,3.3758795736778655,0.012037978559479098
2001-02-06,29.1,3.370738174177447,-0.005141399500418652
2001-02-07,29.54,3.3857452771032337,0.01500710292578686
2001-02-08,30.68,3.4236109764990554,0.03786569939582167
2001-02-09,29.53,3.3854066957558313,-0.0382042807432241
2001-02-12,29.32,3.3782698770184507,-0.007136818737380575
2001-02-13,28.0,3.332204510175204,-0.04606536684324681
2001-02-14,27.89,3.3282682016393976,-0.0039363085358063024
2001-02-15,26.33,3.270708973508218,-0.05755922813117965
2001-02-16,26.61,3.281287084989598,0.010578111481379777
2001-02-19,27.05,3.2976870052924907,0.016399920302892754
2001-02-20,26.45,3.2752561583043085,-0.0224308469881822
2001-02-21,26.1,3.261935314328648,-0.013320843975660565
2001-02-22,25.75,3.248434627109745,-0.013500687218902576
2001-02-23,26.12,3.2627013044082305,0.014266677298485145
2001-02-26,25.84,3.2519236789144013,-0.010777625493829266
2001-02-27,25.28,3.2300135692786567,-0.021910109635744343
2001-02-28,25.16,3.22525543183224,-0.004758137446416923
2001-03-01,24.76,3.2092294478163956,-0.016025984015844343
2001-03-02,25.28,3.2300135692786567,0.020784121462261263
2001-03-05,25.98,3.2573270112424533,0.027313441963796842
2001-03-06,25.59,3.2422016501716975,-0.015125361070756104
2001-03-07,25.91,3.2546289945740186,0.012427344402321149
2001-03-08,26.37,3.2722270003651954,0.017598005791176822
2001-03-09,25.78,3.2495989975110415,-0.02262800285415394
2001-03-12,25.34,3.232384174892993,-0.017214822618048343
2001-03-13,24.8,3.2108436531709366,-0.021540521722056415
2001-03-14,24.31,3.1908877883280318,-0.01995586484290463
2001-03-15,23.37,3.1514531485507664,-0.039434639777265273
2001-03-16,23.84,3.171364842197149,0.01991169364638241
2001-03-19,23.19,3.1437211512674406,-0.027643690929708635
2001-03-20,23.63,3.1625170911988163,0.01879593993137614
2001-03-21,23.21,3.1445832202863455,-0.01793387091247077
2001-03-22,23.45,3.1548704948922883,0.010287274605942566
2001-03-23,23.94,3.1755507001298273,0.020680205237538822
2001-03-26,24.01,3.178470410233162,0.002919710103334846
2001-03-27,24.41,3.1949928844048685,0.016522474171706745
2001-03-28,24.5,3.1986731175506815,0.003680233145812683
2001-03-29,23.77,3.1684242813721024,-0.03024883617857877
2001-03-30,23.5,3.1570004211501135,-0.01142386022198931
2001-04-02,23.31,3.1488824530476656,-0.008117968102447559
2001-04-03,23.47,3.1557230098629323,0.006840556815266417
2001-04-04,24.35,3.192531849528599,0.03680883966566666
2001-04-05,24.87,3.2136622578153133,0.02113040828671442
2001-04-06,24.02,3.1788868166518376,-0.03477544116347583
2001-04-09,24.37,3.193352867637115,0.014466050985277533
2001-04-10,25.64,3.2441536320524693,0.05080076441535443
2001-04-11,26.08,3.261168737058452,0.017015105005982755
2001-04-12,27.12,3.3002714630721948,0.039102726013742824
2001-04-13,26.8,3.288401887516811,-0.011869575555383882
2001-04-16,26.8,3.288401887516811,0.0
2001-04-17,26.99,3.2954664270299134,0.00706453951310224
2001-04-18,26.11,3.2623183827110376,-0.03314804431887578
2001-04-19,25.86,3.2526973733437115,-0.00962100936732608
2001-04-20,25.57,3.2414197893030954,-0.011277584040616153
2001-04-23,25.42,3.2355362657613083,-0.005883523541787168
2001-04-24,25.76,3.248822901236153,0.013286635474844922
2001-04-25,25.49,3.238286218388024,-0.010536682848128958
2001-04-26,26.71,3.2850380271218693,0.04675180873384561
2001-04-27,26.85,3.2902658209548736,0.005227793833004275
2001-04-30,27.21,3.303584552795155,0.013318731840281218
2001-05-01,27.31,3.3072529354856135,0.003668382690458638
2001-05-02,26.82,3.2891478778535324,-0.01810505763208117
2001-05-03,27.46,3.312730400339825,0.023582522486292588
2001-05-04,27.59,3.3174533882291946,0.004722987889369729
2001-05-07,27.71,3.321793358874887,0.004339970645692441
2001-05-08,27.45,3.3123661679555396,-0.009427190919347472
2001-05-09,27.46,3.312730400339825,0.0003642323842854715
2001-05-10,28.27,3.341801171705499,0.02907077136567387
2001-05-11,27.97,3.3311325072138684,-0.01066866449163062
2001-05-14,27.77,3.323956301318708,-0.007176205895160115
2001-05-15,27.88,3.327909585892323,0.003953284573614921
2001-05-16,28.19,3.338967305126021,0.011057719233698146
2001-05-17,28.57,3.3523572162426816,0.013389911116660415
2001-05-18,29.3,3.3775875160230218,0.02523029978033993
2001-05-21,29.8,3.3945083935113587,0.016920877488337177
2001-05-22,29.72,3.391820219849558,-0.002688173661800414
2001-05-23,29.51,3.3847291889548483,-0.007091030894710241
2001-05-24,28.85,3.3621099929541085,-0.022619196000739503
2001-05-25,28.69,3.3565486299932736,-0.005561362960835145
2001-05-29,29.11,3.371081757757532,0.014533127764258268
2001-05-30,28.92,3.3645333972905638,-0.0065483604669677965
2001-05-31,28.55,3.351656936102019,-0.012876461188544781
2001-06-01,28.86,3.3624565533457247,0.010799617243705572
2001-06-04,28.95,3.3655702040190043,0.0031136506732793536
2001-06-05,29.25,3.3758795736778655,0.010309369658861287
2001-06-06,28.73,3.3579418729911983,-0.017937700686667318
2001-06-07,28.55,3.351656936102019,-0.006284936889178947
2001-06-08,28.88,3.3631493140246254,0.01149237792260623
2001-06-11,29.57,3.3867603338643857,0.023611019839760335
2001-06-12,29.03,3.3683297780365384,-0.018430555827847323
2001-06-13,29.13,3.3717685709713434,0.0034387929348046477
2001-06-14,28.5,3.349904087274605,-0.0218644836967384
2001-06-15,28.13,3.3368366225017656,-0.013067464772839356
2001-06-18,27.61,3.3181780259420632,-0.018658596559702346
2001-06-19,26.68,3.283914221047423,-0.034263804894640065
2001-06-20,26.24,3.267284964075888,-0.01662925697153472
2001-06-21,26.7,3.2846635654062037,0.017378601330315595
2001-06-22,26.86,3.2906381910950917,0.005974625688887773
2001-06-25,27.36,3.3090820927543496,0.018443901659258178
2001-06-26,27.66,3.319987326236612,0.010905233482262527
2001-06-27,26.25,3.2676659890376327,-0.052321337198979384
2001-06-28,25.68,3.2457124788217606,-0.021953510215872298
2001-06-29,26.21,3.266141017335315,0.020428538513554702
2001-07-02,25.73,3.2476576262936527,-0.018483391041662172
2001-07-03,25.56,3.241028629509334,-0.0066289967843187825
2001-07-04,25.97,3.256942025674657,0.015913396165323085
2001-07-05,25.69,3.2461018111217923,-0.01084021455286472
2001-07-06,26.55,3.279029747687948,0.03292793656615571
2001-07-09,25.59,3.2422016501716975,-0.03682809751625042
2001-07-10,24.69,3.206398303357088,-0.035803346814609234
2001-07-11,24.44,3.1962211343033946,-0.010177169053693525
2001-07-12,23.62,3.1620938107692163,-0.034127323534178286
2001-07-13,24.02,3.1788868166518376,0.016793005882621087
2001-07-16,23.58,3.160398895109225,-0.01848792154261265
2001-07-17,23.9,3.173878458937465,0.013479563828240235
2001-07-18,23.1,3.139832617527748,-0.03404584140971699
2001-07-19,23.35,3.150596984114906,0.010764366587158484
2001-07-20,23.43,3.1540172525197043,0.0034202684047979965
2001-07-23,24.44,3.1962211343033946,0.04220388178369032
2001-07-24,24.37,3.193352867637115,-0.0028682666662797444
2001-07-25,24.9,3.214867803470662,0.021514935833546908
2001-07-26,24.94,3.2164729402518906,0.0016051367812286584
2001-07-27,24.82,3.211649779776461,-0.004823160475429269
2001-07-30,24.46,3.1970391302590264,-0.0146106495174348
2001-07-31,24.35,3.192531849528599,-0.004507280730427474
2001-08-01,24.23,3.1875915348284343,-0.00494031470016444
2001-08-02,25.49,3.238286218388024,0.05069468355958967
2001-08-03,25.6,3.242592351485517,0.004306133097492865
2001-08-06,25.39,3.234355395716587,-0.008236955768929702
2001-08-07,25.94,3.255786178888298,0.021430783171710873
2001-08-08,25.61,3.242982900211434,-0.01280327867686397
2001-08-09,25.28,3.2300135692786567,-0.012969330932777084
2001-08-10,25.78,3.2495989975110415,0.01958542823238465
2001-08-13,25.88,3.2534704696327,0.0038714721216584072
2001-08-14,25.71,3.246880021277798,-0.00659044835490159
2001-08-15,25.61,3.242982900211434,-0.0038971210663642825
2001-08-16,25.18,3.2260500286162013,-0.01693287159523281
2001-08-17,24.68,3.205993199037187,-0.02005682957901405
2001-08-20,24.35,3.192531849528599,-0.013461349508588252
2001-08-21,25.36,3.233173129569025,0.0406412800404264
2001-08-22,25.71,3.246880021277798,0.013706891708772963
2001-08-23,25.66,3.2449333591874905,-0.0019466620903077659
2001-08-24,26.33,3.270708973508218,0.025775614320727558
2001-08-27,26.22,3.2665224783355535,-0.004186495172664217
2001-08-28,26.46,3.2756341586868096,0.009111680351255813
2001-08-29,26.67,3.283539338193923,0.007905179507113247
2001-08-30,26.7,3.2846635654062037,0.0011242272122809105
2001-08-31,26.8,3.288401887516811,0.003738322110607158
2001-09-03,26.52,3.277899165317662,-0.010502722199149288
2001-09-04,26.27,3.2684276036974484,-0.009471561620213228
2001-09-05,26.27,3.2684276036974484,0.0
2001-09-06,26.61,3.281287084989598,0.012859481292149281
2001-09-07,27.54,3.315639493300509,0.034352408310910985
2001-09-10,27.59,3.3174533882291946,0.0018138949286858979
2001-09-11,29.12,3.3714252233284854,0.053971835099290474
2001-09-12,28.24,3.3407394126250414,-0.030685810703444012
2001-09-13,28.2,3.339321977944068,-0.0014174346809733935
2001-09-14,29.22,3.3748534063225533,0.035531428378485407
2001-09-17,28.32,3.343568268825519,-0.03128513749703437
2001-09-18,27.54,3.315639493300509,-0.027928775525010264
2001-09-19,25.44,3.2363227384719213,-0.0793167548285873
2001-09-20,25.57,3.2414197893030954,0.005097050831173897
2001-09-21,25.17,3.2256528091472245,-0.015766980155870653
2001-09-24,20.63,3.0267463270831603,-0.1989064820640642
2001-09-25,20.13,3.0022112396517002,-0.0245350874314603
2001-09-26,20.67,3.028683373693677,0.026472134041976923
2001-09-27,21.47,3.0666566118906897,0.03797323819701259
2001-09-28,21.87,3.0851158346886765,0.018459222797986896
2001-10-01,21.22,3.054944133185837,-0.030171701502839536
2001-10-02,21.29,3.058237478905388,0.0032933457195511093
2001-10-03,20.63,3.0267463270831603,-0.031491151822227656
2001-10-04,20.94,3.041661205442391,0.014914878359230447
2001-10-05,21.46,3.0661907372025525,0.024529531760161642
2001-10-08,20.91,3.0402275134405423,-0.025963223762010212
2001-10-09,20.65,3.027715319407042,-0.012512194033500573
2001-10-10,21.02,3.045474365448805,0.017759046041763402
2001-10-11,21.38,3.062455905596899,0.01698154014809407
2001-10-12,20.57,3.0238337036648657,-0.038622201932033286
2001-10-15,20.36,3.013572191682322,-0.010261511982543858
2001-10-16,20.47,3.018960399673198,0.005388207990876157
2001-10-17,19.47,2.968874819384108,-0.05008558028908984
2001-10-18,19.21,2.955430976780465,-0.013443842603642944
2001-10-19,19.91,2.991222118076105,0.035791141295639504
2001-10-22,20.38,3.0145540277945786,0.02333190971847386
2001-10-23,20.56,3.0233474405869645,0.008793412792385515
2001-10-24,20.37,3.0140632302387145,-0.009284210348249763
2001-10-25,20.67,3.028683373693677,0.014620143454962391
2001-10-26,20.31,3.011113375592293,-0.01756999810138372
2001-10-29,20.55,3.022860940942244,0.011747565349950456
2001-10-30,20.41,3.0160249768217535,-0.006835964120490202
2001-10-31,19.63,2.9770590082883697,-0.038965968533383834
2001-11-01,19.39,2.9647574692545606,-0.01230153903380921
2001-11-02,18.63,2.924773184613497,-0.03998428464106343
2001-11-05,18.78,2.932792473780117,0.008019289166619797
2001-11-06,18.64,2.925309809257445,-0.007482664522671747
2001-11-07,18.86,2.937043277205311,0.011733467947866272
2001-11-08,19.54,2.972463646614637,0.03542036940932525
2001-11-09,20.72,3.031099417391282,0.05863577077664568
2001-11-12,19.48,2.969388298214389,-0.06171111917689314
2001-11-13,20.47,3.018960399673198,0.04957210145880911
2001-11-14,18.78,2.932792473780117,-0.08616792589308116
2001-11-15,16.51,2.8039662579320366,-0.1288262158480802
2001-11-16,16.86,2.8249439525737094,0.020977694641672685
2001-11-19,16.55,2.806386101823072,-0.018557850750637372
2001-11-20,18.82,2.9349201341572337,0.12853403233416166
2001-11-21,18.44,2.914522218128448,-0.020397916028785774
2001-11-22,19.65,2.9780773383152703,0.06355512018682243
2001-11-23,19.4,2.9652730660692823,-0.01280427224598774
2001-11-26,18.66,2.926382195419198,-0.038890870650084654
2001-11-27,19.09,2.949164637737656,0.022782442318458506
2001-11-28,18.81,2.934388643312939,-0.01477599442471727
2001-11-29,18.54,2.919930560137709,-0.014458083175229888
2001-11-30,18.92,2.9402195636237325,0.020289003486023357
2001-12-03,20.0,2.995732273553991,0.05551270993025876
2001-12-04,19.28,2.9590682891823996,-0.03666398437159136
2001-12-05,19.27,2.958549482426275,-0.0005188067561246423
2001-12-06,18.57,2.9215473753646144,-0.037002107061660565
2001-12-07,17.81,2.87976009730157,-0.04178727806304428
2001-12-10,18.03,2.8920370372152258,0.012276939913655706
2001-12-11,17.61,2.8684669225081145,-0.023570114707111223
2001-12-12,18.13,2.8975680247667595,0.029101102258644936
2001-12-13,17.8,2.8791984572980396,-0.01836956746872012
2001-12-14,18.54,2.919930560137709,0.04073210283966949
2001-12-17,18.58,2.922085733385692,0.002155173247983412
2001-12-18,18.51,2.9183111265854063,-0.0037746068002861193
2001-12-19,19.03,2.946016681308058,0.027705554722651935
2001-12-20,18.87,2.9375733593804587,-0.008443321927599312
2001-12-21,18.73,2.930126516455997,-0.0074468429244617185
2001-12-24,18.65,2.9258461460898246,-0.004280370366172652
2001-12-27,18.87,2.9375733593804587,0.011727213290634484
2001-12-28,19.77,2.9841656371825254,0.04659227780206658
2001-12-31,19.35,2.962692419475791,-0.021473217706734594
2002-01-02,20.13,3.0022112396517002,0.03951882017590912
2002-01-03,20.47,3.018960399673198,0.016749160021497945
2002-01-04,21.2,3.054001181677967,0.03504078200476858
2002-01-07,21.08,3.0483247236731614,-0.005676458004805191
2002-01-08,21.03,3.0459499897146083,-0.002374733958553004
2002-01-09,20.21,3.00617753141553,-0.03977245829907878
2002-01-10,19.71,2.9811261211646287,-0.025051410250900772
2002-01-11,20.08,2.9997242948235283,0.018598173658899556
2002-01-14,18.89,2.9386326815134183,-0.061091613310110086
2002-01-15,18.86,2.937043277205311,-0.0015894043081068018
2002-01-16,18.5,2.917770732084279,-0.01927254512103225
2002-01-17,18.2,2.9014215940827497,-0.016349138001529526
2002-01-18,18.17,2.89977188240808,-0.0016497116746697325
2002-01-21,18.32,2.9079933592459843,0.008221476837904378
2002-01-22,18.7,2.928523523860541,0.020530164614556697
2002-01-23,18.89,2.9386326815134183,0.010109157652877327
2002-01-24,18.91,2.9396908826703663,0.0010582011569479043
2002-01-25,19.04,2.9465420293632194,0.006851146692853086
2002-01-28,19.74,2.9826470340053355,0.03610500464211614
2002-01-29,19.26,2.9580304063699794,-0.024616627635355916
2002-01-30,18.71,2.9290581402859983,-0.028972266083981235
2002-01-31,19.07,2.9481164196123277,0.01905827932632934
2002-02-01,19.7,2.9806186357439426,0.03250221613161506
2002-02-04,20.26,3.0086484988205373,0.028029863076594667
2002-02-05,19.9,2.990719731730447,-0.017928767090090756
2002-02-06,19.97,2.994231147427724,0.0035114156972771184
2002-02-07,19.42,2.966303462863179,-0.02792768456454491
2002-02-08,20.01,2.996232148595642,0.02992868573246308
2002-02-11,20.08,2.9997242948235283,0.003492146227886146
2002-02-12,21.75,3.079613757534693,0.07988946271116469
2002-02-13,21.41,3.0638581026015914,-0.015755654933101687
2002-02-14,20.97,3.0430928449138284,-0.020765257687762873
2002-02-15,20.76,3.033028058297688,-0.010064786616140596
2002-02-18,20.12,3.0017143452315387,-0.031313713066149496
2002-02-19,20.18,3.004692014925463,0.0029776696939243126
2002-02-20,19.44,2.967332799032293,-0.037359215893169755
2002-02-21,20.21,3.00617753141553,0.03884473238323655
2002-02-22,20.14,3.0027078872904163,-0.003469644125113453
2002-02-25,19.78,2.984671326194566,-0.018036561095850164
2002-02-26,19.95,2.9932291433358724,0.008557817141306318
2002-02-27,20.73,3.0315819264476884,0.038352783111815905
2002-02-28,20.73,3.0315819264476884,0.0
2002-03-01,21.83,3.0832851705618523,0.051703244114164236
2002-03-04,21.59,3.072230244526716,-0.011054926035136461
2002-03-05,22.25,3.1023420086122493,0.030111764085533208
2002-03-06,22.11,3.096029994869355,-0.006312013742894357
2002-03-07,23.1,3.139832617527748,0.043802622658393055
2002-03-08,22.32,3.1054831375131102,-0.03434948001463768
2002-03-11,23.14,3.1415627217655304,0.03607958425242037
2002-03-12,22.7,3.122364924487357,-0.01919779727817354
2002-03-13,23.6,3.1612467120315646,0.03888178754420748
2002-03-14,23.76,3.168003494494444,0.006756782462879907
2002-03-15,23.9,3.173878458937465,0.00587496444302075
2002-03-18,23.8,3.169685580677429,-0.004192878260035927
2002-03-19,24.51,3.1990811975400213,0.02939561686259231
2002-03-20,24.78,3.2100368762009963,0.010955678660975063
2002-03-21,24.25,3.188416617383492,-0.021620258817504186
2002-03-22,24.83,3.2120525995200753,0.023635982136582998
2002-03-25,24.75,3.2088254890146994,-0.0032271105053758675
2002-03-26,24.6,3.202746442938317,-0.006079046076382115
2002-03-27,25.13,3.2240623515555007,0.021315908617183636
2002-03-28,25.34,3.232384174892993,0.008321823337492278
2002-03-29,25.34,3.232384174892993,0.0
2002-04-01,26.06,3.260401571696699,0.028017396803706025
2002-04-02,26.97,3.2947251371516386,0.0343235654549396
2002-04-03,26.72,3.285412348668445,-0.00931278848319362
2002-04-04,26.97,3.2947251371516386,0.00931278848319352
2002-04-05,25.39,3.234355395716587,-0.060369741435051506
2002-04-08,26.36,3.2718477096343066,0.03749231391771945
2002-04-09,25.48,3.2378938307039626,-0.033953878930343837
2002-04-10,25.13,3.2240623515555007,-0.01383147914846185
2002-04-11,24.22,3.1871787381249463,-0.03688361343055462
2002-04-12,23.25,3.1463051320333655,-0.04087360609158084
2002-04-15,23.39,3.1523085805960878,0.006003448562722414
2002-04-16,24.03,3.1793030497483774,0.02699446915228988
2002-04-17,25.26,3.229222116922345,0.04991906717396762
2002-04-18,25.9,3.254242968705492,0.025020851783146954
2002-04-19,25.86,3.2526973733437115,-0.0015455953617805973
2002-04-22,25.96,3.2565568918358894,0.003859518492177903
2002-04-23,26.26,3.26804686887465,0.011489977038760932
2002-04-24,26.2,3.265759410767051,-0.0022874581075990807
2002-04-25,26.47,3.27601201623901,0.010252605471958753
2002-04-26,26.32,3.2703291064571163,-0.005682909781893375
2002-04-29,26.85,3.2902658209548736,0.019936714497757243
2002-04-30,26.98,3.2950958507796098,0.004830029824736068
2002-05-01,26.67,3.283539338193923,-0.011556512585686846
2002-05-02,25.73,3.2476576262936527,-0.035881711900270195
2002-05-03,25.8,3.250374491927572,0.002716865633919051
2002-05-07,25.53,3.2398542312533927,-0.010520260674179278
2002-05-08,26.09,3.261552099148637,0.021697867895244565
2002-05-09,26.09,3.261552099148637,0.0
2002-05-10,26.89,3.2917544702807735,0.03020237113213625
2002-05-13,26.3,3.269568939183719,-0.02218553109705442
2002-05-14,27.12,3.3002714630721948,0.03070252388847593
2002-05-15,27.17,3.3021134234382563,0.0018419603660616748
2002-05-16,25.71,3.246880021277798,-0.05523340216045829
2002-05-17,25.45,3.2367157429965316,-0.01016427828126648
2002-05-20,25.97,3.256942025674657,0.020226282678125387
2002-05-21,24.99,3.218475744846861,-0.03846628082779605
2002-05-22,24.32,3.1912990570979662,-0.027176687748894625
2002-05-23,24.01,3.178470410233162,-0.012828646864804323
2002-05-24,23.76,3.168003494494444,-0.010466915738717693
2002-05-27,23.52,3.1578511230304263,-0.010152371464018073
2002-05-28,24.71,3.2072080200005186,0.04935689697009257
2002-05-29,24.18,3.1855258451866466,-0.02168217481387217
2002-05-30,23.72,3.1663185741295248,-0.019207271057121982
2002-05-31,23.87,3.1726224403507386,0.006303866221214189
2002-06-05,23.19,3.1437211512674406,-0.028901289083298483
2002-06-06,22.79,3.126321843257593,-0.01739930800984748
2002-06-07,22.99,3.1350593387750902,0.008737495517497161
2002-06-10,22.83,3.1280754605417043,-0.0069838782333860264
2002-06-11,22.37,3.107720775502038,-0.02035468503966575
2002-06-12,23.09,3.139399623366404,0.03167884786436578
2002-06-13,23.72,3.1663185741295248,0.02691895076312065
2002-06-14,23.97,3.176803048446293,0.010484474316768268
2002-06-17,24.69,3.206398303357088,0.029595254910795173
2002-06-18,24.64,3.204371138665319,-0.002027164691769189
2002-06-19,24.85,3.2128577525426376,0.008486613877318725
2002-06-20,24.42,3.1954024686825586,-0.01745528386007914
2002-06-21,24.14,3.1838702156693857,-0.011532253013173274
2002-06-24,24.99,3.218475744846861,0.03460552917747552
2002-06-25,25.32,3.2315945972759756,0.013118852429114503
2002-06-26,24.75,3.2088254890146994,-0.02276910826127611
2002-06-27,25.39,3.234355395716587,0.025529906701887706
2002-06-28,25.33,3.231989464013584,-0.0023659317030033464
2002-07-01,25.65,3.2445435716167785,0.012554107603194772
2002-07-02,25.64,3.2441536320524693,-0.0003899395643091279
2002-07-03,25.59,3.2422016501716975,-0.0019519818807719172
2002-07-04,25.51,3.23907053215372,-0.0031311180179772993
2002-07-05,25.75,3.248434627109745,0.009364094956024976
2002-07-08,25.08,3.22207071576472,-0.026363911345025276
2002-07-09,24.9,3.214867803470662,-0.007202912294057997
2002-07-10,25.82,3.2511493854184965,0.03628158194783461
2002-07-11,25.83,3.251536607107749,0.00038722168925267613
2002-07-12,26.11,3.2623183827110376,0.010781775603288413
2002-07-15,26.16,3.264231526588998,0.0019131438779604116
2002-07-16,25.94,3.255786178888298,-0.008445347700700096
2002-07-17,26.19,3.2653776585196206,0.009591479631322761
2002-07-18,26.72,3.285412348668445,0.020034690148824304
2002-07-19,26.37,3.2722270003651954,-0.013185348303249628
2002-07-22,25.7,3.246490991901174,-0.025736008464021302
2002-07-23,25.65,3.2445435716167785,-0.0019474202843955666
2002-07-24,25.43,3.2359295794340284,-0.00861399218275025
2002-07-25,25.36,3.233173129569025,-0.0027564498650030985
2002-07-26,25.1,3.2228678461377385,-0.010305283431286907
2002-07-29,25.2,3.2268439945173775,0.003976148379639417
2002-07-30,25.95,3.2561716096118976,0.02932761509451992
2002-07-31,26.28,3.26880819361641,0.012636584004512275
2002-08-01,25.79,3.2499868198932536,-0.018821373723156478
2002-08-02,25.17,3.2256528091472245,-0.024334010746028763
2002-08-05,25.2,3.2268439945173775,0.0011911853701530102
2002-08-06,25.69,3.2461018111217923,0.019257816604414738
2002-08-07,25.7,3.246490991901174,0.00038918077938192725
2002-08-08,25.51,3.23907053215372,-0.007420459747453949
2002-08-09,25.49,3.238286218388024,-0.0007843137656961069
2002-08-12,25.63,3.24376354037598,0.005477321987955714
2002-08-13,26.11,3.2623183827110376,0.01855484233505783
2002-08-14,26.47,3.27601201623901,0.013693633527972463
2002-08-15,26.66,3.2831643147505627,0.007152298511552815
2002-08-16,27.33,3.3079849999399764,0.024820685189413952
2002-08-19,27.44,3.3120018028576843,0.004016802917707905
2002-08-20,27.63,3.318902138935325,0.006900336077640705
2002-08-21,27.53,3.315276319154516,-0.0036258197808091124
2002-08-22,27.81,3.3253956682458736,0.010119349091357428
2002-08-23,27.51,3.3145495749364833,-0.010846093309390212
2002-08-26,27.56,3.3163654461454577,0.001815871208974625
2002-08-27,27.89,3.3282682016393976,0.011902755493939867
2002-08-28,27.54,3.315639493300509,-0.01262870833888889
2002-08-29,27.11,3.299902663510574,-0.015736829789934674
2002-08-30,27.56,3.3163654461454577,0.016462782634883537
2002-09-02,27.45,3.3123661679555396,-0.003999278189918143
2002-09-03,26.58,3.2801590532850993,-0.03220711467044038
2002-09-04,27.31,3.3072529354856135,0.027093882200514296
2002-09-05,27.54,3.315639493300509,0.008386557814895145
2002-09-06,28.36,3.344979701663927,0.029340208363418028
2002-09-09,28.67,3.3558512798952784,0.010871578231351755
2002-09-10,28.92,3.3645333972905638,0.008682117395285485
2002-09-11,28.68,3.3562000157314196,-0.00833338155914441
2002-09-12,27.76,3.3235961356386037,-0.03260388009281577
2002-09-13,28.53,3.3509561652254085,0.02736002958680489
2002-09-16,28.38,3.3456846717318967,-0.005271493493512107
2002-09-17,27.76,3.3235961356386037,-0.022088536093292723
2002-09-18,28.41,3.3467411958660964,0.023145060227492863
2002-09-19,28.45,3.34814816057234,0.0014069647062433838
2002-09-20,28.61,3.3537563070620187,0.005608146489678968
2002-09-23,29.36,3.3796332037463146,0.025876896684295863
2002-09-24,29.47,3.3833727967496032,0.0037395930032884535
2002-09-25,29.11,3.371081757757532,-0.012291038992071443
2002-09-26,28.93,3.3648791189880436,-0.0062026387694881545
2002-09-27,29.0,3.367295829986474,0.002416710998430331
2002-09-30,29.11,3.371081757757532,0.0037859277710578488
2002-10-01,29.42,3.3816747151732915,0.010592957415759717
2002-10-02,29.14,3.3721118007670587,-0.009562914406232767
2002-10-03,28.46,3.3484995926617063,-0.02361220810535249
2002-10-04,28.32,3.343568268825519,-0.004931323836187289
2002-10-07,28.38,3.3456846717318967,0.002116402906377472
2002-10-08,28.28,3.342154841028372,-0.003529830703524559
2002-10-09,28.29,3.342508385313476,0.0003535442851036847
2002-10-10,27.7,3.3214324131932926,-0.021075972120182977
2002-10-11,28.18,3.3386125064705343,0.017180093277241366
2002-10-14,28.56,3.3520071374713836,0.01339463100084941
2002-10-15,28.66,3.3555024224000256,0.003495284928642142
2002-10-16,28.61,3.3537563070620187,-0.001746115338006915
2002-10-17,28.22,3.340030946424668,-0.013725360637350999
2002-10-18,28.2,3.339321977944068,-0.0007089684806000765
2002-10-21,27.01,3.2962071678045244,-0.04311481013954356
2002-10-22,26.69,3.284288963416433,-0.01191820438809145
2002-10-23,26.68,3.283914221047423,-0.0003747423690098073
2002-10-24,26.78,3.2876553402630266,0.0037411192156035496
2002-10-25,25.96,3.2565568918358894,-0.031098448427137226
2002-10-28,25.44,3.2363227384719213,-0.020234153363967878
2002-10-29,25.71,3.246880021277798,0.010557282805876783
2002-10-30,25.29,3.2304090606818736,-0.01647096059592441
2002-10-31,25.51,3.23907053215372,0.008661471471846366
2002-11-01,25.78,3.2495989975110415,0.010528465357321383
2002-11-04,25.21,3.2272407411998283,-0.02235825631121293
2002-11-05,24.66,3.2051824977361982,-0.022058243463630233
2002-11-06,23.73,3.166740070447672,-0.03844242728852605
2002-11-07,24.36,3.192942442841696,0.026202372394024117
2002-11-08,23.54,3.1587011018321305,-0.03424134100956563
2002-11-11,23.86,3.17220341666977,0.013502314837639437
2002-11-12,24.01,3.178470410233162,0.00626699356339184
2002-11-13,22.96,3.133753571451366,-0.04471683878179622
2002-11-14,22.82,3.1276373444339294,-0.006116227017436094
2002-11-15,23.33,3.1497400860333387,0.02210274159940883
2002-11-18,23.41,3.1531632815028194,0.0034231954694808947
2002-11-19,24.05,3.1801349965517702,0.02697171504895076
2002-11-20,24.05,3.1801349965517702,0.0
2002-11-21,24.52,3.1994891110680106,0.019354114516240518
2002-11-22,24.79,3.210440346047099,0.010951234979088573
2002-11-25,24.85,3.2128577525426376,0.002417406495538622
2002-11-26,24.56,3.2011191032789417,-0.011738649263696164
2002-11-27,25.11,3.2232661731694936,0.022147069890551884
2002-11-28,25.7,3.246490991901174,0.02322481873168053
2002-11-29,25.74,3.2480462021679806,0.0015552102668064845
2002-12-02,25.73,3.2476576262936527,-0.00038857587432777126
2002-12-03,26.09,3.261552099148637,0.013894472854984208
2002-12-04,25.99,3.2577118486533987,-0.0038402504952382574
2002-12-05,26.07,3.2607852279454104,0.0030733792920116386
2002-12-06,25.67,3.245322994883049,-0.015462233062361223
2002-12-09,26.06,3.260401571696699,0.015078576813649927
2002-12-10,26.35,3.2714682749873716,0.011066703290672426
2002-12-11,26.85,3.2902658209548736,0.01879754596750242
2002-12-12,27.29,3.306520334720247,0.01625451376537339
2002-12-13,27.64,3.319263998899469,0.01274366417922204
2002-12-16,28.73,3.3579418729911983,0.03867787409172902
2002-12-17,29.25,3.3758795736778655,0.01793770068666725
2002-12-18,29.95,3.3995293245614584,0.023649750883592772
2002-12-19,30.26,3.40982670836021,0.010297383798751596
2002-12-20,29.59,3.3874364664121184,-0.022390241948091593
2002-12-23,30.61,3.421326752957321,0.03389028654520277
2002-12-24,30.93,3.4317265866969784,0.010399833739657215
2002-12-27,31.49,3.4496700351129332,0.017943448415954927
2002-12-30,32.02,3.4663607075685685,0.016690672455635575
2002-12-31,30.12,3.405189402931693,-0.06117130463687588
2003-01-02,30.32,3.411807560774171,0.006618157842478074
2003-01-03,31.43,3.447762850809476,0.03595529003530535
2003-01-06,31.43,3.447762850809476,0.0
2003-01-07,30.78,3.426865128410733,-0.02089772239874298
2003-01-08,29.3,3.3775875160230218,-0.04927761238771154
2003-01-09,30.26,3.40982670836021,0.03223919233718837
2003-01-10,30.07,3.4035279970004377,-0.006298711359772254
2003-01-13,30.46,3.4164143474670157,0.012886350466578177
2003-01-14,31.36,3.445533195482207,0.02911884801519125
2003-01-15,31.73,3.4572626055951043,0.011729410112897083
2003-01-16,32.29,3.4747575847701837,0.01749497917507953
2003-01-17,31.57,3.4522073025699003,-0.022550282200283583
2003-01-20,32.23,3.4728976958273465,0.020690393257446028
2003-01-21,31.72,3.456947396766647,-0.01595029906069916
2003-01-22,32.07,3.4679210137050633,0.010973616938416347
2003-01-23,31.4,3.4468078929142076,-0.021113120790855932
2003-01-24,31.62,3.453789831781326,0.006981938867118385
2003-01-27,31.02,3.4346321577483927,-0.019157674032933256
2003-01-28,30.73,3.425239376142393,-0.009392781605999444
2003-01-29,31.26,3.4423393249933305,0.0170999488509372
2003-01-30,31.42,3.4474446328274753,0.005105307834144468
2003-01-31,31.57,3.4522073025699003,0.004762669742425065
2003-02-03,30.95,3.432372999130605,-0.019834303439295237
2003-02-04,31.13,3.4381719844535166,0.005798985322911788
2003-02-05,31.77,3.4585224482814247,0.020350463827908085
2003-02-06,31.81,3.4597807057610526,0.0012582574796279318
2003-02-07,32.23,3.4728976958273465,0.013116990066293759
2003-02-10,32.47,3.4803165861147547,0.007418890287408153
2003-02-11,32.51,3.481547734315814,0.001231148201059285
2003-02-12,32.46,3.480008562086445,-0.0015391722293686915
2003-02-13,33.23,3.503453082366503,0.023444520280057654
2003-02-14,33.26,3.5043554737647815,0.0009023913982788076
2003-02-17,33.06,3.498324092392878,-0.006031381371903316
2003-02-18,33.26,3.5043554737647815,0.006031381371903455
2003-02-19,33.16,3.501344330267094,-0.003011143497687413
2003-02-20,32.76,3.4892082589848687,-0.01213607128222556
2003-02-21,32.76,3.4892082589848687,0.0
2003-02-24,33.41,3.508855256368665,0.01964699738379642
2003-02-25,33.64,3.5157158351047473,0.006860578736082335
2003-02-26,33.46,3.510350695558678,-0.005365139546069353
2003-02-27,34.09,3.5290040861498118,0.018653390591133835
2003-02-28,34.0,3.5263605246161616,-0.0026435615336504806
2003-03-03,33.4,3.5085558999826545,-0.017804624633506707
2003-03-04,34.37,3.5371840908617425,0.028628190879087828
2003-03-05,33.92,3.5240048109237025,-0.013179279938040066
2003-03-06,34.39,3.537765824444175,0.013761013520472579
2003-03-07,34.47,3.540089380528774,0.0023235560845990435
2003-03-10,34.94,3.5536323047059106,0.013542924177136435
2003-03-11,34.06,3.5281236752345424,-0.025508629471368106
2003-03-12,34.16,3.531055368920369,0.0029316936858266676
2003-03-13,33.98,3.525772116243786,-0.005283252676583099
2003-03-14,31.48,3.4493524235492026,-0.07641969269458336
2003-03-17,30.35,3.4127965175055075,-0.03655590604369513
2003-03-18,28.55,3.351656936102019,-0.06113958140348803
2003-03-19,28.4,3.3463891451671604,-0.005267790934858916
2003-03-20,28.0,3.332204510175204,-0.014184634991956413
2003-03-21,25.59,3.2422016501716975,-0.09000286000350649
2003-03-24,26.54,3.2786530289040616,0.03645137873236404
2003-03-25,27.28,3.3061538329752613,0.027500804071200032
2003-03-26,25.98,3.2573270112424533,-0.048826821732807946
2003-03-27,27.29,3.306520334720247,0.0491933234777936
2003-03-28,27.66,3.319987326236612,0.013466991516365164
2003-03-31,28.05,3.3339886319687055,0.014001305732093143
2003-04-01,27.94,3.330059353828816,-0.00392927813988955
2003-04-02,26.29,3.26918863874179,-0.06087071508702604
2003-04-03,26.75,3.2865344733420154,0.017345834600225745
2003-04-04,25.62,3.2433732964685884,-0.04316117687342732
2003-04-07,25.27,3.2296179214001026,-0.013755375068485344
2003-04-08,24.88,3.2140642678709788,-0.015553653529124207
2003-04-09,25.11,3.2232661731694936,0.009201905298514996
2003-04-10,25.16,3.22525543183224,0.0019892586627462123
2003-04-11,24.39,3.194173212227829,-0.031082219604410842
2003-04-14,24.72,3.20761263258949,0.013439420361661146
2003-04-15,24.74,3.208421366964342,0.0008087343748517811
2003-04-16,24.86,3.213260086082565,0.004838719118223349
2003-04-17,25.36,3.233173129569025,0.019913043486460152
2003-04-18,25.76,3.248822901236153,0.015649771667127815
2003-04-21,25.76,3.248822901236153,0.0
2003-04-22,25.72,3.2472688993694185,-0.0015540018667343138
2003-04-23,24.56,3.2011191032789417,-0.046149796090476966
2003-04-24,24.06,3.180550710546533,-0.020568392732408906
2003-04-25,24.29,3.190064743014081,0.009514032467548289
2003-04-28,23.42,3.1535903581695712,-0.03647438484450971
2003-04-29,23.23,3.145444546782318,-0.008145811387253605
2003-04-30,23.6,3.1612467120315646,0.015802165249246693
2003-05-01,23.79,3.1692653243148663,0.00801861228330188
2003-05-02,23.73,3.166740070447672,-0.002525253867194071
2003-05-05,23.59,3.1608228934195837,-0.005917177028088507
2003-05-06,23.91,3.1742967814702334,0.013473888050649726
2003-05-07,24.01,3.178470410233162,0.00417362876292856
2003-05-08,24.48,3.1978564576441255,0.019386047410963475
2003-05-09,25.55,3.2406373166497136,0.04278085900558817
2003-05-12,25.69,3.2461018111217923,0.005464494472078745
2003-05-13,25.45,3.2367157429965316,-0.009386068125260534
2003-05-14,25.98,3.2573270112424533,0.02061126824592183
2003-05-15,26.77,3.2872818575322613,0.02995484628980755
2003-05-16,27.18,3.3024814087229974,0.015199551190736614
2003-05-19,27.23,3.3043193066856684,0.0018378979626706233
2003-05-20,26.69,3.284288963416433,-0.02003034326923545
2003-05-21,27.58,3.3170908723651555,0.032801908948722786
2003-05-22,27.32,3.307619034702589,-0.009471837662566403
2003-05-23,27.14,3.301008654406723,-0.00661038029586619
2003-05-26,26.78,3.2876553402630266,-0.013353314143696643
2003-05-27,26.55,3.279029747687948,-0.008625592575078578
2003-05-28,26.48,3.2763897310688073,-0.002640016619140362
2003-05-29,26.39,3.2729851505152325,-0.0034045805535747463
2003-05-30,26.58,3.2801590532850993,0.007173902769866401
2003-06-02,27.56,3.3163654461454577,0.03620639286035866
2003-06-03,27.99,3.331847303527362,0.015481857381904236
2003-06-04,27.49,3.3138223021771545,-0.018025001350207785
2003-06-05,28.16,3.3379025312898416,0.024080229112687392
2003-06-06,28.38,3.3456846717318967,0.007782140442054949
2003-06-09,28.62,3.3541057741283047,0.008421102396408345
2003-06-10,28.44,3.34779660493504,-0.006309169193264721
2003-06-11,28.97,3.366260811781259,0.01846420684621888
2003-06-12,28.48,3.349202086543775,-0.017058725237483953
2003-06-13,27.39,3.3101779832749867,-0.039024103268788274
2003-06-16,27.5,3.3141860046725258,0.004008021397538868
2003-06-17,27.14,3.301008654406723,-0.013177350265802476
2003-06-18,26.43,3.2744997286161976,-0.026508925790525238
2003-06-19,26.21,3.266141017335315,-0.008358711280882839
2003-06-20,27.13,3.3006401266708405,0.034499109335525295
2003-06-23,27.13,3.3006401266708405,0.0
2003-06-24,26.96,3.2943542860441064,-0.006285840626734036
2003-06-25,27.34,3.3083508312958037,0.013996545251697122
2003-06-26,27.06,3.2980566227426418,-0.01029420855316154
2003-06-27,27.45,3.3123661679555396,0.01430954521289765
2003-06-30,28.88,3.3631493140246254,0.050783146069085745
2003-07-01,28.33,3.3439213138424253,-0.019228000182200364
2003-07-02,28.2,3.339321977944068,-0.004599335898357285
2003-07-03,28.63,3.354455119110024,0.015133141165955828
2003-07-04,27.97,3.3311325072138684,-0.02332261189615532
2003-07-07,27.23,3.3043193066856684,-0.026813200528200094
2003-07-08,27.95,3.3304171996011083,0.02609789291543985
2003-07-09,28.21,3.339676525013905,0.009259325412796726
2003-07-10,29.37,3.379973745210529,0.04029722019662376
2003-07-11,29.36,3.3796332037463146,-0.0003405414642138848
2003-07-14,28.52,3.3506055955460954,-0.029027608200219678
2003-07-15,28.87,3.3628029936748436,0.012197398128748614
2003-07-16,28.51,3.3502549029245805,-0.012548090750263129
2003-07-17,28.59,3.3530570063342204,0.0028021034096398427
2003-07-18,29.2,3.374168709274236,0.021111702940015586
2003-07-21,28.01,3.332561589272017,-0.041607120002218834
2003-07-22,28.4,3.3463891451671604,0.013827555895143047
2003-07-23,27.67,3.3203487937988347,-0.026040351368325727
2003-07-24,27.73,3.322514859627687,0.002166065828852075
2003-07-25,28.3,3.342861804649192,0.02034694502150538
2003-07-28,27.71,3.321793358874887,-0.02106844577430484
2003-07-29,28.27,3.341801171705499,0.020007812830611878
2003-07-30,28.31,3.343215099123808,0.0014139274183092737
2003-07-31,28.68,3.3562000157314196,0.012984916607611363
2003-08-01,29.63,3.388787361585474,0.03258734585405428
2003-08-04,29.91,3.398192872641857,0.009405511056382787
2003-08-05,30.37,3.4134552790576573,0.015262406415800796
2003-08-06,30.01,3.4015306594522756,-0.011924619605381666
2003-08-07,30.06,3.4031953843248286,0.0016647248725524927
2003-08-08,30.59,3.420673158162812,0.01747777383798379
2003-08-11,30.05,3.4028626609812167,-0.017810497181595476
2003-08-12,30.13,3.40552135314221,0.0026586921609932346
2003-08-13,29.66,3.389799336709786,-0.01572201643242376
2003-08-14,28.96,3.365915567517516,-0.02388376919227043
2003-08-15,29.18,3.3734835430946397,0.007567975577123855
2003-08-18,29.88,3.3971893602646164,0.02370581716997705
2003-08-19,29.18,3.3734835430946397,-0.023705817169976925
2003-08-20,29.28,3.3769046890931107,0.003421145998471171
2003-08-21,29.95,3.3995293245614584,0.022624635468347448
2003-08-22,30.22,3.4085039568445934,0.008974632283135164
2003-08-25,29.98,3.4005304926744517,-0.00797346417014185
2003-08-26,30.08,3.403860499081639,0.0033300064071874295
2003-08-27,30.05,3.4028626609812167,-0.000997838100422364
2003-08-28,30.1,3.40452517175483,0.0016625107736134572
2003-08-29,30.38,3.4137844971676268,0.009259325412796726
2003-09-01,29.64,3.389124800427886,-0.024659696739740552
2003-09-02,28.08,3.3350575791576103,-0.05406722127027582
2003-09-03,27.89,3.3282682016393976,-0.006789377518212686
2003-09-04,27.49,3.3138223021771545,-0.01444589946224328
2003-09-05,27.72,3.3221541743217022,0.008331872144548063
2003-09-08,28.47,3.3488509012899463,0.026696726968243652
2003-09-09,27.64,3.319263998899469,-0.029586902390477017
2003-09-10,27.76,3.3235961356386037,0.004332136739134737
2003-09-11,27.48,3.3134584673541485,-0.01013766828445523
2003-09-12,26.52,3.277899165317662,-0.03555930203648692
2003-09-15,26.38,3.2726061472891685,-0.0052930180284932
2003-09-16,26.28,3.26880819361641,-0.0037979536727587473
2003-09-17,25.76,3.248822901236153,-0.019985292380256838
2003-09-18,25.56,3.241028629509334,-0.007794271726818909
2003-09-19,25.51,3.23907053215372,-0.0019580973556138893
2003-09-22,25.82,3.2511493854184965,0.012078853264776361
2003-09-23,25.74,3.2480462021679806,-0.0031031832505158956
2003-09-24,26.81,3.2887749522478678,0.040728750079887376
2003-09-25,27.04,3.2973172511747633,0.008542298926895347
2003-09-26,27.02,3.2965773325320527,-0.000739918642710575
2003-09-29,27.77,3.323956301318708,0.027378968786655293
2003-09-30,28.09,3.335413641116152,0.011457339797444021
2003-10-01,27.98,3.331489969237335,-0.003923671878817189
2003-10-02,28.9,3.3638415951183864,0.032351625881051345
2003-10-03,29.14,3.3721118007670587,0.008270205648672424
2003-10-06,29.75,3.392829131991639,0.020717331224579933
2003-10-07,29.35,3.3792925462741055,-0.013536585717533264
2003-10-08,28.96,3.365915567517516,-0.013376978756589894
2003-10-09,30.21,3.4081729953985804,0.04225742788106499
2003-10-10,31.13,3.4381719844535166,0.029998989054936163
2003-10-13,31.0,3.4339872044851463,-0.004184779968370514
2003-10-14,31.45,3.4483989831464497,0.014411778661303184
2003-10-15,31.23,3.441379171294987,-0.007019811851462272
2003-10-16,31.05,3.435598808379488,-0.005780362915499425
2003-10-17,30.27,3.410157123033627,-0.025441685345860582
2003-10-20,29.78,3.393837027255863,-0.016320095777764287
2003-10-21,29.61,3.3881121421135,-0.005724885142363088
2003-10-22,29.25,3.3758795736778655,-0.012232568435634408
2003-10-23,29.63,3.388787361585474,0.01290778790760837
2003-10-24,30.01,3.4015306594522756,0.012743297866801867
2003-10-27,29.38,3.380314170745731,-0.02121648870654454
2003-10-28,28.99,3.3669509429335642,-0.013363227812167141
2003-10-29,28.56,3.3520071374713836,-0.014943805462180429
2003-10-30,27.47,3.3130945001071823,-0.038912637364201114
2003-10-31,27.88,3.327909585892323,0.014815085785140682
2003-11-03,27.78,3.3243163373261977,-0.0035932485661253856
2003-11-04,27.32,3.307619034702589,-0.016697302623608416
2003-11-05,27.9,3.32862668882732,0.021007654124730536
2003-11-06,28.52,3.3506055955460954,0.021978906718775382
2003-11-07,28.73,3.3579418729911983,0.007336277445103086
2003-11-10,28.82,3.361069590571376,0.003127717580177783
2003-11-11,28.88,3.3631493140246254,0.0020797234532494843
2003-11-12,28.58,3.3527071725017215,-0.010442141522904201
2003-11-13,29.01,3.367640598133313,0.01493342563159139
2003-11-14,29.78,3.393837027255863,0.026196429122550168
2003-11-17,28.98,3.3666059368925363,-0.027231090363326594
2003-11-18,29.26,3.3762213955919784,0.009615458699441973
2003-11-19,30.13,3.40552135314221,0.029299957550231542
2003-11-20,29.88,3.3971893602646164,-0.008331992877593354
2003-11-21,29.79,3.394172766725191,-0.003016593539425679
2003-11-24,27.99,3.331847303527362,-0.06232546319782882
2003-11-25,27.62,3.318540147981146,-0.013307155546215943
2003-11-26,28.23,3.340385242265398,0.02184509428425193
2003-11-27,28.9,3.3638415951183864,0.023456352852988346
2003-11-28,28.95,3.3655702040190043,0.001728608900617689
2003-12-01,28.17,3.338257581888281,-0.027312622130722934
2003-12-02,29.1,3.370738174177447,0.03248059228916562
2003-12-03,29.26,3.3762213955919784,0.005483221414531401
2003-12-04,29.25,3.3758795736778655,-0.0003418219141128237
2003-12-05,28.87,3.3628029936748436,-0.013076580003021773
2003-12-08,30.52,3.4183822064162563,0.05557921274141255
2003-12-09,30.27,3.410157123033627,-0.008225083382629015
2003-12-10,30.02,3.401863826205316,-0.008293296828311373
2003-12-11,29.79,3.394172766725191,-0.00769105948012498
2003-12-12,30.24,3.4091655513113324,0.014992784586141318
2003-12-15,30.89,3.43043250693049,0.02126695561915816
2003-12-16,30.64,3.4223063448723905,-0.008126162058099769
2003-12-17,31.01,3.4343097331123578,0.012003388239967099
2003-12-18,30.79,3.427189961936409,-0.007119771175948608
2003-12-19,31.03,3.434954478460289,0.0077645165238799056
2003-12-22,28.78,3.359680701459222,-0.07527377700106712
2003-12-23,28.3,3.342861804649192,-0.016818896810029817
2003-12-24,29.45,3.3826939100975957,0.03983210544840362
2003-12-29,29.17,3.37314078387963,-0.00955312621796555
2003-12-30,30.1,3.40452517175483,0.0313843878752
2003-12-31,30.3,3.4111477125153233,0.006622540760493457
2004-01-02,29.55,3.386083743852107,-0.025063968663216276
2004-01-05,32.3,3.475067230228611,0.08898348637650347
2004-01-06,31.2,3.4404180948154366,-0.03464913541317413
2004-01-07,30.99,3.433664571799657,-0.006753523015779778
2004-01-08,31.11,3.4375293109095457,0.0038647391098889155
2004-01-09,31.91,3.462919440290152,0.025390129380606453
2004-01-12,31.41,3.447126313550555,-0.01579312673959702
2004-01-13,32.55,3.482777368654578,0.035651055104023076
2004-01-14,31.84,3.460723360976182,-0.022054007678395857
2004-01-15,31.43,3.447762850809476,-0.012960510166706027
2004-01-16,31.26,3.4423393249933305,-0.005423525816145567
2004-01-19,31.67,3.4553698605505483,0.013030535557217908
2004-01-20,32.26,3.4738280726970627,0.018458212146514264
2004-01-21,31.95,3.4641721808235437,-0.00965589187351899
2004-01-22,31.42,3.4474446328274753,-0.01672754799606864
2004-01-23,32.08,3.4682327829983137,0.020788150170838644
2004-01-26,31.15,3.4388142452334622,-0.02941853776485164
2004-01-27,31.05,3.435598808379488,-0.0032154368539743547
2004-01-28,30.77,3.4265401893339504,-0.009058619045537331
2004-01-29,29.47,3.3833727967496032,-0.04316739258434716
2004-01-30,29.53,3.3854066957558313,0.002033899006228048
2004-02-02,30.3,3.4111477125153233,0.025741016759492072
2004-02-03,30.07,3.4035279970004377,-0.007619715514885728
2004-02-04,29.63,3.388787361585474,-0.014740635414963833
2004-02-05,29.02,3.367985247456042,-0.020802114129432094
2004-02-06,29.26,3.3762213955919784,0.008236148135936577
2004-02-09,29.1,3.370738174177447,-0.00548322141453137
2004-02-10,30.06,3.4031953843248286,0.03245721014738149
2004-02-11,30.33,3.41213732170049,0.008941937375661213
2004-02-12,30.17,3.40684805317097,-0.005289268529519925
2004-02-13,30.96,3.4326960487215263,0.025847995550556647
2004-02-16,31.08,3.436564525499447,0.003868476777920332
2004-02-17,31.43,3.447762850809476,0.011198325310029535
2004-02-18,31.57,3.4522073025699003,0.004444451760423976
2004-02-19,31.63,3.4541060373175574,0.0018987347476571719
2004-02-20,31.22,3.441058915087286,-0.013047122230271475
2004-02-23,31.89,3.4622924810219664,0.02123356593468026
2004-02-24,31.6,3.4531571205928664,-0.009135360429099846
2004-02-25,32.46,3.480008562086445,0.02685144149357865
2004-02-26,32.45,3.479700443150099,-0.00030811893634611996
2004-02-27,32.94,3.494687724749494,0.014987281599395089
2004-03-01,33.34,3.506757877322648,0.01207015257315379
2004-03-02,34.15,3.530762586016799,0.024004708694151007
2004-03-03,33.32,3.506157817298642,-0.024604768718157078
2004-03-04,33.45,3.5100517865742376,0.0038939692755956593
2004-03-05,34.4,3.5380565643793527,0.028004777805115146
2004-03-08,34.27,3.5342703358865175,-0.0037862284928350323
2004-03-09,33.72,3.518091133133655,-0.016179202752862904
2004-03-10,32.83,3.4913427315135013,-0.026748401620153402
2004-03-11,33.22,3.503152104185149,0.011809372671647542
2004-03-12,32.76,3.4892082589848687,-0.01394384520028017
2004-03-15,34.39,3.537765824444175,0.04855756545930621
2004-03-16,34.72,3.5473158897921495,0.009550065347974574
2004-03-17,34.95,3.5539184686798193,0.006602578887669876
2004-03-18,34.43,3.5389282773504322,-0.014990191329386981
2004-03-19,34.33,3.5360196074696004,-0.0029086698808317734
2004-03-22,33.57,3.5136328109919437,-0.022386796477657074
2004-03-23,34.4,3.5380565643793527,0.024423753387409007
2004-03-24,34.14,3.5304697173662944,-0.007586847013058105
2004-03-25,33.32,3.506157817298642,-0.024311900067652662
2004-03-26,32.51,3.481547734315814,-0.024610082982828026
2004-03-29,32.04,3.4669851222001586,-0.014562612115655417
2004-03-30,33.04,3.497718948652777,0.030733826452618917
2004-03-31,32.29,3.4747575847701837,-0.022961363882593455
2004-04-01,32.59,3.4840054928494704,0.009247908079286445
2004-04-02,31.19,3.440097530619712,-0.04390796222975836
2004-04-05,31.17,3.4394560937792455,-0.0006414368404661348
2004-04-06,31.48,3.4493524235492026,0.009896329769956762
2004-04-07,33.07,3.4986265269937014,0.04927410344449887
2004-04-08,33.98,3.525772116243786,0.02714558925008449
2004-04-09,34.03,3.5272424885128144,0.0014703722690285405
2004-04-12,34.51,3.541249137109912,0.014006648597097666
2004-04-13,34.15,3.530762586016799,-0.010486551093113014
2004-04-14,33.54,3.5127387563950627,-0.01802382962173626
2004-04-15,33.72,3.518091133133655,0.005352376738591839
2004-04-16,33.85,3.521938999358284,0.003847866224629363
2004-04-19,34.71,3.547027829873695,0.025088830515410984
2004-04-20,33.56,3.5133348815990053,-0.0336929482746894
2004-04-21,33.23,3.503453082366503,-0.00988179923250265
2004-04-22,33.24,3.5037539699872475,0.0003008876207446385
2004-04-23,33.78,3.519868911379654,0.01611494139240658
2004-04-26,34.18,3.5316406776874447,0.011771766307790728
2004-04-27,34.11,3.5295905964305545,-0.0020500812568905
2004-04-28,35.02,3.555919326857706,0.026328730427151614
2004-04-29,34.66,3.54558628428746,-0.010333042570245919
2004-04-30,35.23,3.561897992353146,0.01631170806568635
2004-05-03,34.97,3.5544905510752844,-0.007407441277861694
2004-05-04,36.07,3.5854614949154477,0.0309709438401632
2004-05-05,36.58,3.5995016429627196,0.014040148047272005
2004-05-06,37.05,3.6122683517420957,0.012766708779376145
2004-05-07,37.25,3.6176519448255684,0.005383593083472679
2004-05-10,35.83,3.5787855313168624,-0.03886641350870611
2004-05-11,36.97,3.6101067729485403,0.03132124163167812
2004-05-12,37.95,3.636269503841639,0.026162730893098528
2004-05-13,38.3,3.6454498961866,0.009180392344961173
2004-05-14,39.04,3.664586761544892,0.019136865358291462
2004-05-17,38.88,3.6604799795922385,-0.004106781952653359
2004-05-18,38.43,3.6488384045767526,-0.011641575015485866
2004-05-19,38.35,3.646754527813265,-0.0020838767634873408
2004-05-20,38.89,3.660737148167656,0.01398262035439081
2004-05-21,37.6,3.6270040503958487,-0.03373309777180707
2004-05-24,39.22,3.6691868207682004,0.04218277037235135
2004-05-25,38.46,3.6496187401606335,-0.01956808060756654
2004-05-26,38.05,3.6389010843076948,-0.010717655852938927
2004-05-27,37.03,3.6117283949255214,-0.027172689382173456
2004-05-28,37.0,3.6109179126442243,-0.0008104822812968662
2004-05-31,37.0,3.6109179126442243,0.0
2004-06-01,39.05,3.664842876285695,0.053924963641470515
2004-06-02,37.99,3.6373229671995344,-0.02751990908616064
2004-06-03,36.26,3.590715205326705,-0.046607761872829265
2004-06-04,35.97,3.5826852577075323,-0.008029947619172428
2004-06-07,35.57,3.571502585960364,-0.011182671747168735
2004-06-08,35.47,3.5686872687855304,-0.0028153171748334545
2004-06-09,34.69,3.5464514609816584,-0.02223580780387214
2004-06-10,35.75,3.5765502691400166,0.030098808158358456
2004-06-11,35.23,3.561897992353146,-0.014652276786870488
2004-06-14,35.22,3.56161410306806,-0.00028388928508613195
2004-06-15,34.66,3.54558628428746,-0.016027818780600073
2004-06-16,34.56,3.542696943935855,-0.002889340351604959
2004-06-17,35.58,3.571783682237689,0.029086738301834166
2004-06-18,35.43,3.5675589188773804,-0.004224763360308382
2004-06-21,34.82,3.550191934340043,-0.017366984537337572
2004-06-22,34.95,3.5539184686798193,0.003726534339776382
2004-06-23,34.81,3.5499047018233476,-0.004013766856471759
2004-06-24,34.71,3.547027829873695,-0.0028768719496526656
2004-06-25,34.25,3.5336865647082343,-0.013341265165460617
2004-06-28,33.24,3.5037539699872475,-0.029932594720986756
2004-06-29,32.61,3.484618989801228,-0.019134980186019723
2004-06-30,33.22,3.503152104185149,0.018533114383920992
2004-07-01,35.58,3.571783682237689,0.0686315780525403
2004-07-02,35.36,3.5655812377694427,-0.006202444468246402
2004-07-05,35.73,3.5759906720353185,0.010409434265875706
2004-07-06,36.47,3.596490004820589,0.020499332785270434
2004-07-07,35.62,3.5729072778615154,-0.02358272695907331
2004-07-08,37.13,3.6144252681889886,0.04151799032747324
2004-07-09,37.58,3.6264719939853194,0.012046725796330524
2004-07-12,37.73,3.6304555339762192,0.00398353999089987
2004-07-13,36.68,3.602231647388264,-0.02822388658795492
2004-07-14,37.51,3.624607564093796,0.022375916705531906
2004-07-15,38.41,3.6483178423578133,0.023710278264017462
2004-07-16,38.49,3.6503984672956546,0.002080624937841434
2004-07-19,39.07,3.6653549090669792,0.01495644177132442
2004-07-20,38.96,3.6625354787743345,-0.0028194302926448384
2004-07-21,38.48,3.6501386257975055,-0.012396852976828682
2004-07-22,39.16,3.6676558176623097,0.017517191864803865
2004-07-23,39.59,3.678576561118039,0.010920743455729718
2004-07-26,39.75,3.6826098411003407,0.0040332799823016635
2004-07-27,40.09,3.6911269266544156,0.008517085554074722
2004-07-28,41.08,3.7155213850603572,0.024394458405941725
2004-07-29,40.93,3.7118632905043114,-0.003658094556045858
2004-07-30,41.47,3.7249702742582897,0.013106983753978283
2004-08-02,41.35,3.7220724214697003,-0.002897852788589539
2004-08-03,41.82,3.7333746940004877,0.011302272530787118
2004-08-04,41.75,3.7316994512968646,-0.0016752427036230604
2004-08-05,42.49,3.7492687541267204,0.01756930282985569
2004-08-06,42.63,3.752558230777119,0.0032894766503987053
2004-08-09,43.21,3.766071949943842,0.013513719166722855
2004-08-10,42.5,3.7495040759303713,-0.016567874013470714
2004-08-11,42.45,3.7483269127573564,-0.001177163173014752
2004-08-12,43.5,3.7727609380946383,0.02443402533728204
2004-08-13,44.13,3.7871398232814557,0.014378885186817483
2004-08-16,44.35,3.7921127087555884,0.004972885474132524
2004-08-17,44.05,3.7853253523821886,-0.0067873563734001
2004-08-18,44.12,3.786913194385302,0.0015878420031131566
2004-08-19,44.84,3.8031005982039594,0.01618740381865749
2004-08-20,45.46,3.8168328184243974,0.013732220220437972
2004-08-23,44.39,3.793014218845944,-0.02381859957845325
2004-08-24,42.99,3.76096753050819,-0.03204668833775365
2004-08-25,42.39,3.746912485364546,-0.014055045143644418
2004-08-26,40.65,3.7049988359938197,-0.04191364937072623
2004-08-27,40.72,3.7067193722422673,0.0017205362484476816
2004-08-30,40.78,3.708191765146309,0.0014723929040418517
2004-08-31,39.8,3.6838669122903918,-0.02432485285591721
2004-09-01,40.96,3.7125959807312525,0.028729068440860425
2004-09-02,42.39,3.746912485364546,0.034316504633293415
2004-09-03,41.07,3.7152779279684673,-0.03163455739607858
2004-09-06,40.4,3.6988297849671046,-0.01644814300136281
2004-09-07,40.19,3.6936182084611096,-0.005211576505994649
2004-09-08,39.91,3.686626919060642,-0.0069912894004672006
2004-09-09,41.45,3.724487881581304,0.03786096252066166
2004-09-10,41.03,3.714303506454095,-0.010184375127209249
2004-09-13,40.63,3.7045067099996354,-0.009796796454459335
2004-09-14,41.34,3.7218305542536223,0.01732384425398678
2004-09-15,42.03,3.7383836490170252,0.01655309476340306
2004-09-16,40.68,3.7057365711803594,-0.03264707783666614
2004-09-17,43.08,3.7630588522881876,0.05732228110782856
2004-09-20,43.6,3.775057150354989,0.011998298066800786
2004-09-21,44.56,3.7968365956190286,0.021779445264039948
2004-09-22,45.66,3.821222641101649,0.024386045482620734
2004-09-23,46.53,3.8400972658565573,0.018874624754907803
2004-09-24,46.13,3.8314634975697293,-0.008633768286827971
2004-09-27,46.87,3.847377811934615,0.01591431436488552
2004-09-28,47.52,3.8611506750543896,0.013772863119774782
2004-09-29,46.54,3.8403121578741457,-0.020838517180243845
2004-09-30,47.76,3.8661884690843467,0.025876311210200967
2004-10-01,46.86,3.8471644330796497,-0.019024036004697046
2004-10-04,46.99,3.849934813114724,0.0027703800350747207
2004-10-05,47.1,3.8522730010223722,0.0023381879076476934
2004-10-06,47.95,3.8701588013294472,0.01788580030707527
2004-10-07,48.98,3.891412051524022,0.021253250194574278
2004-10-08,49.41,3.9001528328576587,0.008740781333636876
2004-10-11,50.75,3.926911617921897,0.026758785064238153
2004-10-12,51.28,3.9373008126124147,0.010389194690517958
2004-10-13,50.42,3.9203879217597737,-0.016912890852640795
2004-10-14,51.31,3.9378856649538734,0.017497743194099757
2004-10-15,51.02,3.9322177127136655,-0.0056679522402080865
2004-10-18,49.16,3.895080284697834,-0.03713742801583144
2004-10-19,49.21,3.8960968548778867,0.0010165701800528947
2004-10-20,50.78,3.9275025762765323,0.031405721398645566
2004-10-21,51.06,3.9330014118133376,0.005498835536805514
2004-10-22,52.28,3.956613888756021,0.023612476942683352
2004-10-25,51.68,3.945070859474346,-0.011543029281674812
2004-10-26,52.04,3.9520126536443043,0.006941794169958195
2004-10-27,49.99,3.911822985425479,-0.040189668218825525
2004-10-28,48.88,3.88936831486334,-0.02245467056213911
2004-10-29,48.16,3.8745288010005656,-0.014839513862774446
2004-11-01,46.84,3.8467375387295166,-0.027791262271048875
2004-11-02,46.25,3.834061463958434,-0.012676074771082478
2004-11-03,46.14,3.8316802527456075,-0.002381211212826613
2004-11-04,45.32,3.8137484361598055,-0.017931816585802035
2004-11-05,44.37,3.792563565390818,-0.02118487076898756
2004-11-08,44.78,3.8017616111706087,0.009198045779790788
2004-11-09,43.27,3.7674595542367935,-0.0343020569338153
2004-11-10,42.57,3.751149779840061,-0.016309774396732493
2004-11-11,42.22,3.7428940424201746,-0.0082557374198865
2004-11-12,41.33,3.721588628523641,-0.021305413896533624
2004-11-15,39.32,3.671733295278966,-0.04985533324467512
2004-11-16,40.48,3.70080802497921,0.029074729700244113
2004-11-17,40.27,3.695606774863363,-0.005201250115847192
2004-11-18,40.8,3.708682081410116,0.013075306546753112
2004-11-19,42.29,3.7445506514843974,0.035868570074281285
2004-11-22,42.26,3.7438410121879104,-0.0007096392964865551
2004-11-23,43.03,3.7618975468505083,0.0180565346625977
2004-11-24,42.62,3.752323626670471,-0.009573920180037306
2004-11-25,43.12,3.7639869266007415,0.011663299930270607
2004-11-26,42.87,3.7581722806098856,-0.005814645990855989
2004-11-29,44.05,3.7853253523821886,0.02715307177230268
2004-11-30,44.23,3.789403291880235,0.0040779394980468425
2004-12-01,41.19,3.718195508447989,-0.07120778343224603
2004-12-02,38.49,3.6503984672956546,-0.06779704115233456
2004-12-03,38.57,3.6524747722201365,0.002076304924481659
2004-12-06,38.43,3.6488384045767526,-0.0036363676433838745
2004-12-07,37.11,3.613886475072506,-0.03495192950424639
2004-12-08,36.9,3.6082115510464816,-0.005674924026024768
2004-12-09,38.33,3.6462328793924637,0.03802132834598213
2004-12-10,37.24,3.617383452408866,-0.02884942698359734
2004-12-13,36.77,3.6046822953131805,-0.012701157095685688
2004-12-14,37.03,3.6117283949255214,0.007046099612340666
2004-12-15,41.53,3.726416057642662,0.11468766271714076
2004-12-16,41.49,3.725452434344777,-0.0009636232978855832
2004-12-17,43.06,3.762594491936217,0.03714205759144048
2004-12-20,42.67,3.7534960971999087,-0.009098394736308359
2004-12-21,42.76,3.7556030861568446,0.0021069889569357847
2004-12-22,40.44,3.6998193941522706,-0.05578369200457376
2004-12-23,40.29,3.696103299203256,-0.0037160949490147024
2004-12-24,39.6,3.6788291182604347,-0.01727418094282098
2004-12-27,39.6,3.6788291182604347,0.0
2004-12-28,40.24,3.6948615257914836,0.01603240753104901
2004-12-29,38.93,3.6617651616223643,-0.033096364169119506
2004-12-30,39.8,3.6838669122903918,0.022101750668027654
2004-12-31,40.38,3.6983346128846915,0.014467700594299467
2005-01-04,40.75,3.7074558396868715,0.009121226802180245
2005-01-05,41.0,3.713572066704308,0.006116227017436054
2005-01-06,43.25,3.7669972333778885,0.05342516667358057
2005-01-07,43.28,3.767690634538226,0.0006934011603376978
2005-01-10,44.71,3.800197190245889,0.03250655570766307
2005-01-11,43.45,3.7716108517114013,-0.02858633853448821
2005-01-12,43.75,3.7784916128036232,0.006880761092222287
2005-01-13,45.76,3.8234103470715426,0.044918734267918946
2005-01-14,45.26,3.8124236402053913,-0.010986706866151155
2005-01-17,45.1,3.8088822465086327,-0.0035413936967585518
2005-01-18,45.18,3.810654511039857,0.0017722645312244875
2005-01-19,45.16,3.810211739281461,-0.000442771758396016
2005-01-20,44.06,3.785552341374197,-0.024659397907264038
2005-01-21,45.88,3.82602929226117,0.04047695088697297
2005-01-24,45.74,3.822973188594635,-0.003056103666534894
2005-01-25,46.14,3.8316802527456075,0.00870706415097249
2005-01-26,45.94,3.8273361972609523,-0.00434405548465549
2005-01-27,46.51,3.839667343236006,0.012331145975053425
2005-01-28,44.75,3.8010914447208646,-0.03857589851514122
2005-01-31,44.51,3.795713883027763,-0.005377561693101439
2005-02-01,45.12,3.8093256071898036,0.013611724162040477
2005-02-02,44.17,3.7880458256084353,-0.021279781581368284
2005-02-03,43.13,3.764218810659752,-0.023827014948683323
2005-02-04,43.26,3.7672284205249125,0.0030096098651608253
2005-02-07,42.7,3.754198920234579,-0.013029500290333684
2005-02-08,42.79,3.7563044304287256,0.0021055101941464464
2005-02-09,42.49,3.7492687541267204,-0.007035676302005156
2005-02-10,44.04,3.785098311854479,0.03582955772775887
2005-02-11,44.41,3.7934646693040106,0.008366357449531674
2005-02-14,44.51,3.795713883027763,0.0022492137237520556
2005-02-15,44.91,3.8046604870996465,0.008946604071883774
2005-02-16,45.42,3.8159525366774125,0.011292049577765924
2005-02-17,45.42,3.8159525366774125,0.0
2005-02-18,45.86,3.8255932774297583,0.009640740752346015
2005-02-21,46.09,3.830596006732417,0.005002729302658525
2005-02-22,47.6,3.8628327612373745,0.03223675450495734
2005-02-23,48.16,3.8745288010005656,0.011696039763191236
2005-02-24,49.24,3.896706301316253,0.02217750031568717
2005-02-25,50.05,3.9130225057612296,0.01631620444497679
2005-02-28,50.13,3.914619631275412,0.0015971255141824796
2005-03-01,50.47,3.921379100352171,0.006759469076758943
2005-03-02,51.05,3.9328055446106744,0.011426444258503513
2005-03-03,52.89,3.9682142850778885,0.03540874046721415
2005-03-04,52.1,3.9531649487593215,-0.015049336318567355
2005-03-07,51.87,3.9487405883633087,-0.0044243603960124655
2005-03-08,53.29,3.975748696308691,0.02700810794538204
2005-03-09,54.11,3.991019011654644,0.015270315345952943
2005-03-10,53.04,3.971046345877607,-0.019972665777036856
2005-03-11,53.15,3.973118104787957,0.0020717589103498597
2005-03-14,53.68,3.9830404926634264,0.00992238787546949
2005-03-15,53.97,3.9884283366305513,0.005387843967125067
2005-03-16,54.61,4.000217016164062,0.01178867953351086
2005-03-17,56.03,4.025887261577193,0.02567024541313091
2005-03-18,55.97,4.024815832903268,-0.0010714286739250366
2005-03-21,55.79,4.021594641857437,-0.0032211910458312537
2005-03-22,55.39,4.014399072045013,-0.007195569812424407
2005-03-23,51.52,3.9419700817960983,-0.07242899024891428
2005-03-24,52.35,3.9579519373165457,0.015981855520447598
2005-03-28,51.75,3.9464244321454784,-0.011527505171067383
2005-03-29,51.42,3.9400272018377436,-0.006397230307735025
2005-03-30,50.63,3.924544285981818,-0.015482915855925627
2005-03-31,53.22,3.9744342655495433,0.04988997956772518
2005-04-01,54.14,3.9915732841861553,0.017139018636612102
2005-04-04,55.92,4.0239220979255546,0.03234881373939964
2005-04-05,54.53,3.9987510089379703,-0.025171088987584665
2005-04-06,54.08,3.9904644317347087,-0.00828657720326157
2005-04-07,52.57,3.9621456148313565,-0.02831881690335194
2005-04-08,51.83,3.947969132201615,-0.014176482629741539
2005-04-11,51.21,3.935934825474459,-0.012034306727156188
2005-04-12,51.53,3.942164162340133,0.006229336865673996
2005-04-13,49.67,3.905401129119259,-0.036763033220873736
2005-04-14,50.21,3.916214210046614,0.010813080927354933
2005-04-15,49.52,3.9023766283763406,-0.01383758167027346
2005-04-18,48.58,3.8832119235740263,-0.01916470480231431
2005-04-19,50.79,3.9276994848131537,0.04448756123912716
2005-04-20,51.53,3.942164162340133,0.014464677526979277
2005-04-21,51.73,3.9460378840154235,0.0038737216752907527
2005-04-22,53.51,3.979868552323213,0.0338306683077895
2005-04-25,53.1,3.9721769282478934,-0.007691624075320093
2005-04-26,52.47,3.9602415776986204,-0.011935350549272791
2005-04-27,51.29,3.937495801401177,-0.02274577629744326
2005-04-28,50.74,3.9267145541711357,-0.010781247230041209
2005-04-29,50.61,3.9241491852259864,-0.0025653689451492546
2005-05-02,50.89,3.9296664406007413,0.005517255374754659
2005-05-03,49.48,3.901568547524287,-0.028097893076454213
2005-05-04,50.36,3.9191972091761462,0.01762866165185932
2005-05-05,49.81,3.908215767085192,-0.010981442090954302
2005-05-06,49.7,3.906004933102583,-0.0022108339826089696
2005-05-09,49.71,3.906206120106581,0.00020118700399816088
2005-05-10,50.61,3.9241491852259864,0.017943065119405424
2005-05-11,48.91,3.8899818745512658,-0.03416731067472091
2005-05-12,47.4,3.858622228701031,-0.03135964585023501
2005-05-13,46.85,3.846951008684431,-0.011671220016599529
2005-05-16,46.42,3.837730400846291,-0.00922060783814018
2005-05-17,47.31,3.8567216896430567,0.018991288796765805
2005-05-18,47.35,3.8575668196320874,0.0008451299890304607
2005-05-19,46.92,3.848444023785275,-0.009122795846812535
2005-05-20,46.91,3.8482308723403666,-0.00021315144490815794
2005-05-23,47.28,3.856087373097843,0.007856500757476171
2005-05-24,47.29,3.8562988566557843,0.00021148355794151061
2005-05-25,49.24,3.896706301316253,0.040407444660468424
2005-05-26,49.71,3.906206120106581,0.009499818790328452
2005-05-27,49.42,3.900355200560464,-0.00585091954611723
2005-05-30,49.33,3.8985324152456466,-0.0018227853148171723
2005-05-31,49.3,3.8979240810486444,-0.0006083341970024511
2005-06-01,50.46,3.921180943212912,0.023256862164267398
2005-06-02,51.3,3.937690752176724,0.01650980896381207
2005-06-03,51.9,3.949318790171843,0.011628037995119214
2005-06-06,52.61,3.962906215742716,0.013587425570872962
2005-06-07,51.62,3.943909194290468,-0.018997021452248044
2005-06-08,51.92,3.9497040723958348,0.005794878105366869
2005-06-09,51.36,3.9388596593817056,-0.010844413014128853
2005-06-10,51.98,3.950859029213344,0.011999369831638481
2005-06-13,52.0,3.9512437185814275,0.000384689368083203
2005-06-14,53.52,3.9800554158199732,0.028811697238545812
2005-06-15,54.12,3.991203803302587,0.011148387482614201
2005-06-16,54.3,3.9945242269398897,0.0033204236373025474
2005-06-17,56.92,4.041646773221651,0.0471225462817619
2005-06-20,57.1,4.044804116661965,0.0031573434403128985
2005-06-21,57.36,4.0493471962913645,0.004543079629400443
2005-06-22,56.06,4.026422545736642,-0.022924650554722602
2005-06-23,57.03,4.043577445168448,0.017154899431805263
2005-06-24,57.21,4.046728708280438,0.003151263111989953
2005-06-27,58.5,4.069026754237811,0.022298045957373388
2005-06-28,57.75,4.056123349401903,-0.012903404835907841
2005-06-29,55.42,4.014940539434832,-0.04118280996707057
2005-06-30,55.36,4.0138573113094145,-0.0010832281254182627
2005-07-01,56.41,4.032646447751885,0.01878913644247063
2005-07-04,57.13,4.045329372736371,0.012682924984486447
2005-07-05,57.86,4.058026299547989,0.01269692681161783
2005-07-06,58.38,4.0669733654259685,0.008947065877979615
2005-07-07,57.55,4.0526541351678915,-0.014319230258077131
2005-07-08,59.0,4.07753744390572,0.024883308737827767
2005-07-11,56.1,4.027135812528651,-0.05040163137706882
2005-07-12,58.95,4.07668962698338,0.049553814454729284
2005-07-13,58.33,4.066116540765546,-0.010573086217833783
2005-07-14,56.79,4.039360253889341,-0.026756286876205067
2005-07-15,56.98,4.0427003290697625,0.0033400751804210666
2005-07-18,56.25,4.029806041084529,-0.012894287985232624
2005-07-19,56.75,4.038655656361512,0.0088496152769826
2005-07-20,56.39,4.03229183781909,-0.006363818542421283
2005-07-21,55.59,4.018003328965378,-0.014288508853712568
2005-07-22,56.98,4.0427003290697625,0.02469700010438411
2005-07-25,57.51,4.051958845725663,0.009258516655900696
2005-07-26,58.58,4.070393341399587,0.018434495673924526
2005-07-27,58.34,4.066287964439575,-0.004105376960011921
2005-07-28,58.28,4.065258981327004,-0.001028983112571327
2005-07-29,59.77,4.0905038628361625,0.02524488150915885
2005-08-01,60.56,4.103634609129194,0.013130746293030402
2005-08-02,60.13,4.0965088850514775,-0.007125724077715985
2005-08-03,60.04,4.095011006765261,-0.0014978782862162037
2005-08-04,60.62,4.104624871629657,0.009613864864395893
2005-08-05,60.73,4.106437809909484,0.0018129382798268963
2005-08-08,62.56,4.136126096237056,0.02968828632757174
2005-08-09,62.79,4.139795825126018,0.0036697288889624017
2005-08-10,63.77,4.155282860327181,0.015487035201162338
2005-08-11,65.9,4.188138441508461,0.03285558118128126
2005-08-12,67.26,4.208565706312124,0.020427264803661898
2005-08-15,66.68,4.199905057882593,-0.008660648429530293
2005-08-16,65.1,4.175924549214524,-0.023980508668069864
2005-08-17,63.41,4.14962157771194,-0.02630297150258326
2005-08-18,61.75,4.123093975508087,-0.026527602203853588
2005-08-19,64.21,4.162158961805957,0.03906498629787042
2005-08-22,65.87,4.187683102652602,0.02552414084664468
2005-08-23,65.16,4.176845783733844,-0.010837318918757277
2005-08-24,65.25,4.178226046202803,0.0013802624689584903
2005-08-25,65.88,4.1878349053094395,0.009608859106636669
2005-08-26,66.23,4.193133532496888,0.005298627187448547
2005-08-29,64.77,4.170842533194826,-0.02229099930206257
2005-08-30,66.15,4.191924890560965,0.021082357366139257
2005-08-31,66.8,4.2017030805426,0.009778189981635264
2005-09-01,66.79,4.201553368737545,-0.00014971180505530374
2005-09-02,65.95,4.188896879163323,-0.012656489574221016
2005-09-05,64.16,4.161379963558259,-0.02751691560506461
2005-09-06,64.16,4.161379963558259,0.0
2005-09-07,63.6,4.152613470346076,-0.008766493212182551
2005-09-08,61.66,4.121635422458004,-0.03097804788807221
2005-09-09,62.62,4.1370847158982595,0.015449293440255347
2005-09-12,60.69,4.105778939847764,-0.03130577605049585
2005-09-13,61.31,4.115942961774596,0.010164021926832752
2005-09-14,61.7,4.122283930911342,0.00634096913674549
2005-09-15,61.9,4.12552017969055,0.0032362487792083248
2005-09-16,60.48,4.102312731871278,-0.023207447819272833
2005-09-19,64.04,4.159507888128514,0.05719515625723646
2005-09-20,62.98,4.142817215672879,-0.016690672455635464
2005-09-21,64.31,4.163715140146772,0.020897924473893173
2005-09-22,64.64,4.16883341421284,0.0051182740660681405
2005-09-23,62.17,4.129872568281246,-0.03896084593159377
2005-09-26,61.73,4.122770036405805,-0.0071025318754417725
2005-09-27,62.56,4.136126096237056,0.013356059831251177
2005-09-28,62.81,4.140114296466289,0.003988200229233786
2005-09-29,62.02,4.127456913672303,-0.012657382793986469
2005-09-30,61.7,4.122283930911342,-0.005172982760960741
2005-10-03,61.64,4.121311010451915,-0.0009729204594271175
2005-10-04,59.17,4.080414656688602,-0.04089635376331224
2005-10-05,59.33,4.083115080270552,0.002700423581949123
2005-10-06,57.2,4.046553898385752,-0.03656118188479961
2005-10-07,57.29,4.048126088420487,0.001572190034734055
2005-10-10,57.01,4.043226691043491,-0.004899397376995958
2005-10-11,58.1,4.062165663857866,0.018938972814375142
2005-10-12,59.91,4.0928434360958335,0.03067777223796802
2005-10-13,59.48,4.085640121591954,-0.007203314503879162
2005-10-14,58.45,4.068171687918078,-0.01746843367387684
2005-10-17,59.81,4.091172871056465,0.023001183138388306
2005-10-18,58.85,4.074991833706286,-0.016181037350179964
2005-10-19,58.13,4.062681881713259,-0.01230995199302654
2005-10-20,57.04,4.04375277610604,-0.018929105607218798
2005-10-21,56.94,4.041998081849892,-0.0017546942561489781
2005-10-24,57.64,4.054216771131322,0.012218689281429912
2005-10-25,58.72,4.07278038430626,0.018563613174938664
2005-10-26,58.56,4.0700518696530565,-0.002728514653203951
2005-10-27,58.1,4.062165663857866,-0.007886205795190625
2005-10-28,59.47,4.085471983718502,0.023306319860636686
2005-10-31,58.47,4.068513802187579,-0.016958181530923152
2005-11-01,56.69,4.037597828336212,-0.030915973851366782
2005-11-02,58.53,4.069539443303129,0.03194161496691726
2005-11-03,59.55,4.0868162958013095,0.017276852498179528
2005-11-04,60.48,4.102312731871278,0.015496436069968448
2005-11-07,58.19,4.063713518668578,-0.03859921320269902
2005-11-08,57.89,4.058544658090914,-0.005168860577665204
2005-11-09,57.71,4.055430468722875,-0.003114189368038161
2005-11-10,55.85,4.02266952551521,-0.032760943207665275
2005-11-11,54.3,3.9945242269398897,-0.028145298575320037
2005-11-14,54.1,3.9908341858524357,-0.0036900410874537957
2005-11-15,54.45,3.9972828493789696,0.006448663526533611
2005-11-16,53.68,3.9830404926634264,-0.014242356715543216
2005-11-17,53.8,3.9852734671677386,0.0022329745043123913
2005-11-18,52.84,3.9672684796541247,-0.018004987513614085
2005-11-21,53.36,3.977061401607368,0.009792921953243548
2005-11-22,54.21,3.992865393272247,0.01580399166487856
2005-11-23,53.73,3.98397150474073,-0.00889388853151684
2005-11-24,53.41,3.977997994351679,-0.005973510389051131
2005-11-25,53.15,3.973118104787957,-0.004879889563721937
2005-11-28,52.91,3.9685923569160404,-0.004525747871916637
2005-11-29,53.24,3.974809993526911,0.006217636610870582
2005-11-30,53.25,3.9749978045895347,0.00018781106262348414
2005-12-01,53.65,3.9824814690767076,0.007483664487173048
2005-12-02,54.91,4.005695481290781,0.023214012214073695
2005-12-05,56.05,4.026244149518169,0.02054866822738776
2005-12-06,55.68,4.019621016026164,-0.006623133492004617
2005-12-07,55.17,4.01041932728434,-0.009201688741824766
2005-12-08,56.26,4.029983803061711,0.019564475777371353
2005-12-09,57.18,4.046204186894165,0.01622038383245489
2005-12-12,57.23,4.047078236421011,0.000874049526845136
2005-12-13,59.16,4.080245637842599,0.03316740142158807
2005-12-14,59.59,4.087487774758888,0.007242136916288694
2005-12-15,59.67,4.088829381533991,0.0013416067751030314
2005-12-16,58.11,4.062337766087015,-0.02649161544697634
2005-12-19,56.09,4.026957543520246,-0.035380222566768545
2005-12-20,56.08,4.0267792427263345,-0.0001783007939109415
2005-12-21,56.05,4.026244149518169,-0.0005350932081657026
2005-12-22,57.3,4.048300623720694,0.022056474202524927
2005-12-23,56.28,4.030339232246188,-0.017961391474505466
2005-12-26,56.54,4.034948352265444,0.0046091200192559635
2005-12-28,56.91,4.041471072615033,0.0065227203495881216
2005-12-29,57.72,4.05560373390567,0.01413266129063756
2005-12-30,58.34,4.066287964439575,0.010684230533905248
2006-01-03,61.51,4.119199763220277,0.05291179878070144
2006-01-04,61.25,4.114963849424837,-0.0042359137954404765
2006-01-05,61.68,4.1219597292550745,0.006995879830237591
2006-01-06,62.43,4.134045929073653,0.012086199818578655
2006-01-09,62.51,4.135326543943721,0.0012806148700683132
2006-01-10,62.32,4.132282401562493,-0.0030441423812281325
2006-01-11,61.54,4.119687369893896,-0.012595031668597115
2006-01-12,62.95,4.142340760490356,0.02265339059646056
2006-01-13,61.58,4.120337142496354,-0.022003617994001932
2006-01-16,62.34,4.132603274339191,0.012266131842836871
2006-01-17,63.22,4.146620706787472,0.014017432448280666
2006-01-18,63.6,4.152613470346076,0.005992763558604832
2006-01-19,63.64,4.153242203469586,0.0006287331235095472
2006-01-20,64.92,4.17315574264639,0.019913539176804426
2006-01-23,64.56,4.1675950239616935,-0.005560718684697065
2006-01-24,63.82,4.156066620850098,-0.011528403111595897
2006-01-25,62.61,4.136925009757219,-0.019141611092878364
2006-01-26,62.93,4.1420229975388425,0.005097987781623073
2006-01-27,64.95,4.173617743116608,0.031594745577766405
2006-01-30,65.14,4.176538799848087,0.002921056731478883
2006-01-31,63.19,4.146146060785364,-0.030392739062723585
2006-02-01,65.64,4.18418526622189,0.03803920543652621
2006-02-02,63.49,4.150882413182359,-0.03330285303953155
2006-02-03,62.54,4.135806352029695,-0.015076061152663387
2006-02-06,63.32,4.148201235012811,0.012394882983116107
2006-02-07,61.64,4.121311010451915,-0.026890224560896427
2006-02-08,60.82,4.107918682249219,-0.01339232820269637
2006-02-09,60.7,4.1059436980654525,-0.0019749841837659213
2006-02-10,59.66,4.088661779086602,-0.017281918978850206
2006-02-13,59.16,4.080245637842599,-0.008416141244003396
2006-02-14,58.27,4.065087381154983,-0.015158256687616108
2006-02-15,57.67,4.0547371076273215,-0.010350273527661647
2006-02-16,56.78,4.039184151044825,-0.01555295658249616
2006-02-17,58.34,4.066287964439575,0.027103813394750174
2006-02-20,60.05,4.095177548525992,0.028889584086417182
2006-02-21,59.35,4.083452121055677,-0.011725427470315476
2006-02-22,58.71,4.072610070076094,-0.010842050979582494
2006-02-23,58.71,4.072610070076094,0.0
2006-02-24,60.13,4.0965088850514775,0.023898814975382883
2006-02-27,59.44,4.084967400409504,-0.011541484641973685
2006-02-28,59.78,4.090671156855792,0.005703756446288143
2006-03-01,61.12,4.112839144858265,0.022167988002473275
2006-03-02,62.27,4.13147976888436,0.018640624026095697
2006-03-03,62.69,4.138201945285877,0.006722176401516427
2006-03-06,61.41,4.1175726883413075,-0.02062925694456927
2006-03-07,59.79,4.090838422892813,-0.026734265448494752
2006-03-08,58.42,4.067658296959595,-0.023180125933218148
2006-03-09,58.82,4.074481933125849,0.006823636166253984
2006-03-10,59.04,4.078215180292217,0.003733247166368057
2006-03-13,60.99,4.110709916308365,0.03249473601614805
2006-03-14,62.39,4.133405006122695,0.022695089814330088
2006-03-15,63.12,4.145037676537619,0.011632670414923841
2006-03-16,62.07,4.128262780425561,-0.016774896112057354
2006-03-17,63.54,4.15166962884137,0.023406848415808805
2006-03-20,62.3,4.131961425793407,-0.019708203047962655
2006-03-21,59.96,4.093677673234397,-0.038283752559010446
2006-03-22,61.23,4.114637265489863,0.02095959225546607
2006-03-23,61.76,4.123255905716521,0.008618640226657528
2006-03-24,62.78,4.139636551413807,0.01638064569728682
2006-03-27,62.59,4.13660552093661,-0.003031030477197318
2006-03-28,64.31,4.163715140146772,0.02710961921016159
2006-03-29,64.88,4.1725394098071575,0.008824269660385511
2006-03-30,65.95,4.188896879163323,0.016357469356166224
2006-03-31,66.06,4.190563419962643,0.0016665407993200839
2006-04-03,67.28,4.208863015664693,0.018299595702049032
2006-04-04,65.93,4.188593573125209,-0.020269442539484293
2006-04-05,66.74,4.2008044733232275,0.012210900198019566
2006-04-06,67.58,4.213312081286144,0.012507607962915996
2006-04-07,67.11,4.206333064170148,-0.006979017115995885
2006-04-10,68.2,4.222444564849416,0.016111500679268434
2006-04-11,68.52,4.2271256734559195,0.004681108606502695
2006-04-12,69.54,4.241902126579715,0.014776453123796282
2006-04-13,69.39,4.239742764911457,-0.002159361668257933
2006-04-18,70.97,4.262257252536892,0.022514487625434038
2006-04-19,72.69,4.286203823496544,0.02394657095965249
2006-04-20,72.57,4.284551613290046,-0.0016522102064985469
2006-04-21,73.94,4.303253953508486,0.018702340218440257
2006-04-24,73.96,4.303524406518924,0.00027045301043825555
2006-04-25,72.86,4.288539791580417,-0.014984614938506287
2006-04-26,73.46,4.296741040391521,0.008201248811103495
2006-04-27,71.79,4.273745190588392,-0.022995849803129378
2006-04-28,72.15,4.27874728521988,0.00500209463148832
2006-05-01,73.37,4.295515132725903,0.01676784750602298
2006-05-02,74.45,4.310127759130018,0.01461262640411506
2006-05-03,73.73,4.300409772001559,-0.009717987128458784
2006-05-04,71.84,4.274441423993944,-0.025968348007615025
2006-05-05,71.22,4.265773677849632,-0.008667746144312562
2006-05-08,68.26,4.223323943478561,-0.042449734371070545
2006-05-09,70.6,4.257030144499196,0.03370620102063523
2006-05-10,69.83,4.246063716857944,-0.010966427641252443
2006-05-11,72.2,4.279440045898781,0.0333763290408366
2006-05-12,71.3,4.26689632742025,-0.012543718478530396
2006-05-15,68.69,4.2296036282257905,-0.037292699194459954
2006-05-16,68.66,4.229166788029546,-0.0004368401962442441
2006-05-17,67.52,4.212423850287702,-0.016742937741844335
2006-05-18,67.39,4.2104966389581255,-0.0019272113295759443
2006-05-19,66.93,4.203647297112551,-0.006849341845574671
2006-05-22,66.52,4.197502654324727,-0.006144642787824107
2006-05-23,68.97,4.2336716274432,0.03616897311847303
2006-05-24,68.45,4.226103551734458,-0.007568075708741917
2006-05-25,68.51,4.226979720014808,0.000876168280349724
2006-05-26,69.88,4.246779485265856,0.01979976525104789
2006-05-29,69.16,4.23642266081509,-0.010356824450766074
2006-05-30,69.82,4.24592050167689,0.009497840861800132
2006-05-31,67.57,4.213164097564083,-0.0327564041128068
2006-06-01,68.77,4.230767603331745,0.017603505767661592
2006-06-02,68.42,4.225665179549459,-0.005102423782286059
2006-06-05,69.13,4.235988789957173,0.010323610407714864
2006-06-06,68.25,4.223177434065069,-0.012811355892104513
2006-06-07,67.17,4.207226719278773,-0.015950714786295974
2006-06-08,65.76,4.186011750747925,-0.021214968530848605
2006-06-09,69.13,4.235988789957173,0.049977039209249105
2006-06-12,68.62,4.228584037430304,-0.007404752526869853
2006-06-13,65.67,4.184642200202881,-0.043941837227422474
2006-06-14,65.52,4.182355439544814,-0.0022867606580673594
2006-06-15,66.04,4.190260619051927,0.007905179507113468
2006-06-16,65.01,4.174541104216377,-0.015719514835549883
2006-06-19,66.4,4.1956970564823886,0.021155952266010792
2006-06-20,67.57,4.213164097564083,0.017467041081694813
2006-06-21,68.17,4.222004585374694,0.008840487810610708
2006-06-22,69.6,4.242764567340374,0.020759981965679967
2006-06-23,69.91,4.247208700523894,0.0044441331835198055
2006-06-26,69.85,4.246350085702971,-0.0008586148209230338
2006-06-27,71.26,4.26633516017769,0.019985074474719373
2006-06-28,71.76,4.27332721775054,0.006992057572850793
2006-06-29,73.02,4.29073337622749,0.017406158476949953
2006-06-30,73.2,4.293195420967266,0.002462044739775125
2006-07-03,73.94,4.303253953508486,0.010058532541220001
2006-07-04,73.17,4.292785500895938,-0.010468452612547186
2006-07-05,72.88,4.288814252951703,-0.003971247944235782
2006-07-06,73.12,4.292101927145895,0.0032876741941917083
2006-07-07,74.14,4.305955197722586,0.013853270576691543
2006-07-10,72.39,4.28206816830505,-0.023887029417536135
2006-07-11,73.14,4.292375412721235,0.010307244416185048
2006-07-12,73.04,4.291007236286713,-0.0013681764345220668
2006-07-13,75.23,4.32055008757213,0.029542851285417178
2006-07-14,76.13,4.332442405318121,0.011892317745991015
2006-07-17,75.12,4.319086834900007,-0.013355570418113643
2006-07-18,75.32,4.3217457037889515,0.0026588688889439883
2006-07-19,71.62,4.271374364570287,-0.050371339218664914
2006-07-20,72.56,4.2844138058068815,0.013039441236594595
2006-07-21,72.96,4.289911345766076,0.005497539959194562
2006-07-24,72.09,4.277915338416487,-0.011996007349588608
2006-07-25,72.49,4.283448621312786,0.0055332828962990745
2006-07-26,73.76,4.300816579248338,0.017367957935552073
2006-07-27,75.36,4.3222766302681075,0.02146005101976907
2006-07-28,73.95,4.303389189156809,-0.01888744111129874
2006-07-31,74.75,4.314149212270796,0.010760023113987003
2006-08-01,76.39,4.335851797553269,0.021702585282472528
2006-08-02,77.63,4.351953950417589,0.016102152864320547
2006-08-03,76.28,4.3344107807322185,-0.017543169685370577
2006-08-04,76.53,4.33768282082183,0.00327204008961135
2006-08-07,77.82,4.354398467556408,0.016715646734577778
2006-08-08,77.93,4.355810987855469,0.0014125202990622767
2006-08-09,78.26,4.360036616782266,0.004225628926796738
2006-08-10,75.69,4.326646051321076,-0.03339056546119039
2006-08-11,75.19,4.320018243389936,-0.006627807931140517
2006-08-14,73.78,4.3010876921685295,-0.018930551221405904
2006-08-15,73.57,4.298237333944173,-0.002850358224356586
2006-08-16,72.67,4.2859286446285445,-0.01230868931562845
2006-08-17,70.42,4.254477313726906,-0.03145133090163805
2006-08-18,71.3,4.26689632742025,0.012419013693343738
2006-08-21,72.42,4.282482504337495,0.01558617691724497
2006-08-22,72.06,4.277499105319947,-0.004983399017547915
2006-08-23,71.12,4.264368591205649,-0.01313051411429797
2006-08-24,71.4,4.268297869345539,0.003929278139889557
2006-08-25,72.58,4.284689401784925,0.016391532439385514
2006-08-28,69.44,4.240463070352095,-0.04422633143282958
2006-08-29,67.01,4.20484186198508,-0.03562120836701527
2006-08-30,67.15,4.206928922969246,0.002087060984167262
2006-08-31,67.66,4.214495163352562,0.007566240383315656
2006-09-01,70.49,4.255470855785784,0.04097569243322175
2006-09-04,68.62,4.228584037430304,-0.02688681835548045
2006-09-05,65.94,4.188745237643585,-0.039838799786718726
2006-09-06,65.41,4.180675151973121,-0.008070085670463589
2006-09-07,64.52,4.166975253257008,-0.01369989871611331
2006-09-08,64.3,4.163559631243574,-0.003415622013434408
2006-09-11,62.41,4.133725518945951,-0.029834112297622114
2006-09-12,62.23,4.130837198581126,-0.0028883203648250653
2006-09-13,61.28,4.1154535254323354,-0.015383673148790626
2006-09-14,60.75,4.1067670822206574,-0.008686443211678073
2006-09-15,60.23,4.09817056705563,-0.008596515165028141
2006-09-18,61.47,4.118549250918918,0.020378683863288314
2006-09-19,62.52,4.135486505553276,0.01693725463435792
2006-09-20,59.09,4.079061705357583,-0.05642480019569266
2006-09-21,59.27,4.082103275799747,0.0030415704421635024
2006-09-22,58.81,4.074311908471865,-0.007791367327882197
2006-09-25,57.89,4.058544658090914,-0.015767250380951354
2006-09-26,58.53,4.069539443303129,0.010994785212216229
2006-09-27,57.6,4.053522567701846,-0.016016875601283936
2006-09-28,60.68,4.105614154480332,0.05209158677848587
2006-09-29,59.09,4.079061705357583,-0.02655244912274817
2006-10-02,58.8,4.074141854904581,-0.00491985045300207
2006-10-03,56.28,4.030339232246188,-0.04380262265839289
2006-10-04,55.82,4.022132228108176,-0.008207004138012198
2006-10-05,57.93,4.059235385108533,0.037103157000356574
2006-10-06,56.9,4.041295341132285,-0.017940043976247527
2006-10-09,59.25,4.081765780015241,0.040470438882955415
2006-10-10,57.8,4.056988775678332,-0.02477700433690884
2006-10-11,57.75,4.056123349401903,-0.0008654262764288219
2006-10-12,57.87,4.058199115585747,0.0020757661838445253
2006-10-13,58.97,4.077028840012413,0.018829724426665417
2006-10-16,58.22,4.064228938317477,-0.012799901694935648
2006-10-17,60.13,4.0965088850514775,0.03227994673400023
2006-10-18,58.51,4.069197679800145,-0.027311205251332602
2006-10-19,57.74,4.055950174234789,-0.013247505565355621
2006-10-20,57.94,4.059407992341204,0.0034578181064153063
2006-10-23,56.56,4.0353020215883175,-0.024105970752886906
2006-10-24,56.56,4.0353020215883175,0.0
2006-10-25,58.79,4.073971772414164,0.03866975082584624
2006-10-26,58.76,4.073461351305676,-0.0005104211084870844
2006-10-27,57.99,4.060270581888349,-0.013190769417327317
2006-10-30,57.08,4.0444537926086355,-0.01581678927971366
2006-10-31,56.13,4.027670428954108,-0.016783363654527646
2006-11-01,56.37,4.031937102093484,0.004266673139375699
2006-11-02,56.26,4.029983803061711,-0.0019532990317728924
2006-11-03,56.55,4.03512520256213,0.005141399500418652
2006-11-06,57.02,4.043402083484526,0.008276880922396512
2006-11-07,56.99,4.0428758138469085,-0.0005262696376177193
2006-11-08,57.18,4.046204186894165,0.003328373047257515
2006-11-09,59.72,4.089666972670989,0.04346278577682398
2006-11-10,59.18,4.080583646972063,-0.009083325698926057
2006-11-13,56.88,4.040943785494986,-0.039639861477078125
2006-11-14,57.9,4.05871738457895,0.01777359908396407
2006-11-15,57.97,4.059925635351641,0.001208250772691888
2006-11-16,59.5,4.085976312551584,0.02605067719994255
2006-11-17,57.01,4.043226691043491,-0.04274962150809363
2006-11-20,57.38,4.049695810553219,0.006469119509728417
2006-11-21,59.53,4.086480387165299,0.03678457661207996
2006-11-22,58.66,4.071758063549305,-0.014722323615993837
2006-11-23,59.7,4.089332020398556,0.017573956849251445
2006-11-24,60.72,4.106273133087375,0.01694111268881809
2006-11-27,60.52,4.102973888920155,-0.003299244167219261
2006-11-28,61.22,4.114473933517266,0.011500044597111235
2006-11-29,62.13,4.129228964075603,0.014755030558336013
2006-11-30,64.36,4.1644923221241825,0.03526335804857992
2006-12-01,64.74,4.170379248498098,0.005886926373915755
2006-12-04,63.97,4.158414223462046,-0.011965025036051935
2006-12-05,63.65,4.153399325003416,-0.00501489845863077
2006-12-06,63.7,4.154184562578117,0.0007852375747021617
2006-12-07,63.17,4.145829504910609,-0.008355057667508707
2006-12-08,63.67,4.153713494028934,0.007883989118325012
2006-12-11,62.59,4.13660552093661,-0.017107973092323866
2006-12-12,62.58,4.136445738240736,-0.00015978269587404726
2006-12-13,61.89,4.12535861575127,-0.011087122489465875
2006-12-14,62.85,4.140750935036256,0.015392319284986364
2006-12-15,62.91,4.141705133581938,0.0009541985456818179
2006-12-18,62.81,4.140114296466289,-0.0015908371156488285
2006-12-19,62.19,4.1301942151157975,-0.009920081350491588
2006-12-20,63.13,4.145196092379535,0.015001877263736411
2006-12-21,62.13,4.129228964075603,-0.015967128303931776
2006-12-22,61.92,4.125843229281472,-0.003385734794130805
2006-12-27,60.7,4.1059436980654525,-0.01989953121601906
2006-12-28,59.41,4.08446256236765,-0.02148113569780264
2006-12-29,58.96,4.076859247881081,-0.007603314486568788
2007-01-02,58.49,4.068855799454934,-0.008003448426146698
2007-01-03,56.63,4.036538880125714,-0.032316919329220734
2007-01-04,54.58,3.9996675152801924,-0.03687136484552126
2007-01-05,52.82,3.9668899068689862,-0.03277760841120622
2007-01-08,52.82,3.9668899068689862,0.0
2007-01-09,52.38,3.958524839079566,-0.008365067789420292
2007-01-10,52.11,3.9533568689211234,-0.005167970158442673
2007-01-11,51.68,3.945070859474346,-0.008286009446776899
2007-01-12,49.95,3.9110225050945626,-0.03404835437978377
2007-01-16,51.28,3.9373008126124147,0.026278307517852074
2007-01-17,51.19,3.935544200469492,-0.0017566121429227904
2007-01-18,50.83,3.928486731458811,-0.007057469010680727
2007-01-19,52.29,3.956805148200039,0.028318416741228137
2007-01-22,54.34,3.9952606039982017,0.03845545579816254
2007-01-23,53.93,3.9876869093491356,-0.007573694649066123
2007-01-24,55.11,4.009331187895144,0.021644278546008335
2007-01-25,55.67,4.019441402195416,0.01011021430027239
2007-01-26,55.29,4.012592060349841,-0.006849341845574783
2007-01-29,54.71,4.002046508075734,-0.010545552274107072
2007-01-30,54.69,4.001680877358681,-0.00036563071705324163
2007-01-31,56.52,4.034594557816327,0.03291368045764553
2007-02-01,56.74,4.038479429380705,0.003884871564378561
2007-02-02,56.93,4.0418224429629905,0.0033430135822851343
2007-02-05,58.67,4.071928522937768,0.030106079974777943
2007-02-06,58.04,4.061132428015987,-0.010796094921781428
2007-02-07,58.35,4.066459358732565,0.005326930716578023
2007-02-08,57.24,4.0472529546882505,-0.019206404044314843
2007-02-09,57.21,4.046728708280438,-0.0005242464078127509
2007-02-12,55.52,4.016743316198549,-0.029985392081888232
2007-02-13,56.12,4.02749225523426,0.010748939035710931
2007-02-14,55.05,4.008241863168689,-0.01925039206557128
2007-02-15,54.25,3.993602992420569,-0.01463887074812003
2007-02-16,56.78,4.039184151044825,0.04558115862425632
2007-02-20,55.91,4.0237432550385535,-0.015440896006271293
2007-02-21,57.74,4.055950174234789,0.032206919196235084
2007-02-22,58.62,4.071075935282746,0.015125761047957213
2007-02-23,60.38,4.100657924278693,0.02958198899594645
2007-02-26,60.34,4.099995233730915,-0.0006626905477776831
2007-02-27,60.28,4.099000373758295,-0.0009948599726203537
2007-02-28,59.39,4.0841258620277685,-0.014874511730525926
2007-03-01,61.18,4.113820338722757,0.029694476694988568
2007-03-02,61.92,4.125843229281472,0.01202289055871432
2007-03-05,59.78,4.090671156855792,-0.0351720724256799
2007-03-06,59.68,4.088996955895506,-0.0016742009602863912
2007-03-07,61.13,4.113002744040634,0.02400578814512876
2007-03-08,60.9,4.109233174715851,-0.003769569324782714
2007-03-09,60.25,4.098502572370764,-0.010730602345086894
2007-03-12,60.59,4.104129862956897,0.005627290586133332
2007-03-13,61.52,4.119362325197389,0.01523246224049081
2007-03-14,60.89,4.109068957620483,-0.01029336757690586
2007-03-15,60.4,4.100989104940769,-0.008079852679713458
2007-03-16,60.93,4.109725664260403,0.008736559319633805
2007-03-19,60.49,4.102478062118823,-0.007247602141580059
2007-03-20,60.11,4.09617621705107,-0.006301845067752261
2007-03-21,60.18,4.0973400712018995,0.0011638541508285293
2007-03-22,61.57,4.120174738923119,0.022834667721219663
2007-03-23,63.1,4.144720769547168,0.024546030624048736
2007-03-26,64.43,4.1655793631505516,0.020858593603383567
2007-03-27,64.25,4.162781723775329,-0.002797639375221979
2007-03-28,66.15,4.191924890560965,0.029143166785635624
2007-03-29,67.19,4.207524426932059,0.01559953637109377
2007-03-30,68.47,4.226395693132972,0.01887126620091289
2007-04-02,68.94,4.233236561088719,0.0068408679557478164
2007-04-03,68.0,4.219507705176107,-0.013728855912612546
2007-04-04,68.09,4.220830359494875,0.0013226543187687075
2007-04-05,69.15,4.236278058110767,0.015447698615892047
2007-04-10,67.64,4.21419952403038,-0.02207853408038771
2007-04-11,68.6,4.22829253473184,0.014093010701459888
2007-04-12,67.79,4.216414691442874,-0.01187784328896507
2007-04-13,68.78,4.23091300500412,0.014498313561245936
2007-04-16,67.1,4.206184043977636,-0.024728961026484197
2007-04-17,66.34,4.1947930335189065,-0.011391010458729596
2007-04-18,65.09,4.175770927584296,-0.01902210593461037
2007-04-19,66.17,4.192227188023968,0.016456260439672174
2007-04-20,66.34,4.1947930335189065,0.0025658454949382186
2007-04-23,66.8,4.2017030805426,0.006910047023693622
2007-04-24,67.94,4.218624962732438,0.01692188218983777
2007-04-25,67.44,4.2112383136936,-0.007386649038837812
2007-04-26,67.51,4.21227573505378,0.0010374213601791068
2007-04-27,67.28,4.208863015664693,-0.0034127193890865597
2007-04-30,67.23,4.208119576480946,-0.0007434391837472634
2007-05-01,67.4,4.210645017918261,0.0025254414373161093
2007-05-02,65.57,4.183118274275528,-0.027526743642733484
2007-05-03,64.85,4.172076910762453,-0.01104136351307512
2007-05-04,65.14,4.176538799848087,0.004461889085634647
2007-05-07,62.7,4.138361447638875,-0.038177352209212395
2007-05-08,63.55,4.151826997635463,0.013465549996587988
2007-05-09,63.5,4.151039905898646,-0.0007870917368170432
2007-05-10,64.63,4.168678699274804,0.017638793376157997
2007-05-11,65.18,4.177152673409416,0.008473974134611479
2007-05-14,65.86,4.187531276948218,0.010378603538802716
2007-05-15,66.74,4.2008044733232275,0.013273196375009556
2007-05-16,66.83,4.2021520815229785,0.001347608199750795
2007-05-17,69.08,4.235265253278478,0.03311317175549919
2007-05-18,69.26,4.237867538974276,0.002602285695798181
2007-05-21,69.51,4.2414706271123945,0.003603088138118655
2007-05-22,70.05,4.249209272783016,0.007738645670621448
2007-05-23,71.01,4.262820712194002,0.01361143941098635
2007-05-24,71.96,4.2761104090823325,0.013289696888329962
2007-05-25,70.72,4.258728418329388,-0.017381990752944297
2007-05-29,69.31,4.238589195929893,-0.020139222399494595
2007-05-30,67.64,4.21419952403038,-0.02438967189951375
2007-05-31,68.18,4.222151266709757,0.007951742679377594
2007-06-01,68.65,4.229021132213981,0.006869865504223014
2007-06-04,70.9,4.2612704335380815,0.03224930132410168
2007-06-05,71.36,4.267737488271754,0.00646705473367198
2007-06-06,71.5,4.269697449699962,0.0019599614282079696
2007-06-07,72.36,4.281653660527095,0.011956210827132507
2007-06-08,70.04,4.249066507417651,-0.03258715310944313
2007-06-11,68.85,4.231930225174664,-0.017136282242987466
2007-06-12,68.56,4.227709274289524,-0.0042209508851394255
2007-06-13,69.24,4.237578730308009,0.009869456018484102
2007-06-14,71.18,4.265211880082047,0.027633149774038242
2007-06-15,71.63,4.27151398062636,0.0063021005443131654
2007-06-18,72.33,4.28123898086119,0.00972500023482945
2007-06-19,72.17,4.279024447084182,-0.0022145337770074713
2007-06-20,70.55,4.256321678298823,-0.02270276878535895
2007-06-21,71.81,4.2740237421222265,0.01770206382340323
2007-06-22,72.04,4.277221520307755,0.003197778185529179
2007-06-25,71.36,4.267737488271754,-0.009484032036001495
2007-06-26,71.41,4.268437915561019,0.0007004272892646994
2007-06-27,71.84,4.274441423993944,0.00600350843292561
2007-06-28,71.96,4.2761104090823325,0.0016689850883881618
2007-06-29,72.22,4.279717015849312,0.0036066067669793225
2007-07-02,72.9,4.289088639014612,0.009371623165300935
2007-07-03,74.26,4.307572448748934,0.018483809734321503
2007-07-05,75.4,4.32280727501391,0.015234826264976428
2007-07-06,76.58,4.338335946049148,0.015528671035238069
2007-07-09,77.1,4.345103280569283,0.00676733452013521
2007-07-10,77.88,4.3551691805039985,0.010065899934715095
2007-07-11,77.44,4.349503442968322,-0.005665737535677308
2007-07-12,78.24,4.359781025726562,0.01027758275824023
2007-07-13,78.12,4.358246106008478,-0.0015349197180835905
2007-07-16,78.17,4.358885942232239,0.0006398362237607546
2007-07-17,77.59,4.351438552905858,-0.007447389326381118
2007-07-18,78.0,4.356708826689592,0.0052702737837338
2007-07-19,78.37,4.361441201064773,0.004732374375181654
2007-07-20,79.09,4.370586444531326,0.009145243466552589
2007-07-23,78.36,4.36131359307634,-0.009272851454985964
2007-07-24,75.88,4.3291531450668135,-0.03216044800952664
2007-07-25,75.21,4.320284200838311,-0.00886894422850174
2007-07-26,77.28,4.347435189904263,0.027150989065950898
2007-07-27,76.58,4.338335946049148,-0.009099243855114146
2007-07-30,76.07,4.33165396900921,-0.006681977039938681
2007-07-31,77.01,4.343935283551159,0.012281314541949128
2007-08-01,77.11,4.345232973844869,0.0012976902937105017
2007-08-02,76.14,4.332573750954351,-0.012659222890517952
2007-08-03,75.36,4.3222766302681075,-0.01029712068624369
2007-08-06,72.69,4.286203823496544,-0.036072806771563624
2007-08-07,70.42,4.254477313726906,-0.031726509769637506
2007-08-08,70.73,4.258869811047899,0.004392497320992111
2007-08-09,70.08,4.249637446628136,-0.0092323644197626
2007-08-10,69.57,4.24233343993555,-0.00730400669258615
2007-08-13,71.3,4.26689632742025,0.024562887484700358
2007-08-14,69.29,4.23830059563929,-0.028595731780960233
2007-08-15,71.3,4.26689632742025,0.02859573178096031
2007-08-16,68.77,4.230767603331745,-0.03612872408850554
2007-08-17,69.8,4.2456340097683265,0.014866406436582096
2007-08-20,68.37,4.2249341319257026,-0.020699877842624063
2007-08-21,67.88,4.217741440366026,-0.007192691559677112
2007-08-22,67.73,4.215529213226812,-0.0022122271392131434
2007-08-23,68.73,4.230185785133514,0.01465657190670161
2007-08-24,69.49,4.241182857326236,0.010997072192722078
2007-08-27,68.85,4.231930225174664,-0.009252632151572111
2007-08-28,69.66,4.243626264937855,0.011696039763191236
2007-08-29,70.48,4.255328981627924,0.011702716690069098
2007-08-30,71.46,4.2691378525952635,0.013808870967339456
2007-08-31,72.29,4.280685807012206,0.011547954416942185
2007-09-04,74.22,4.307033655632451,0.026347848620245768
2007-09-05,74.72,4.313747793920587,0.006714138288135542
2007-09-06,76.21,4.333492687678026,0.01974489375743886
2007-09-07,75.08,4.3185542117183084,-0.01493847595971801
2007-09-10,74.97,4.31708803351497,-0.0014661782033373548
2007-09-11,76.23,4.333755086000182,0.016667052485211862
2007-09-12,77.15,4.34575157880917,0.011996492808987506
2007-09-13,77.84,4.354655437877749,0.008903859068579708
2007-09-14,78.27,4.360164387816747,0.005508949938997051
2007-09-17,77.99,4.356580613342406,-0.0035837744743400625
2007-09-18,77.0,4.343805421853684,-0.012775191488722805
2007-09-19,78.47,4.362716386139382,0.018910964285697957
2007-09-20,78.48,4.362843815257108,0.00012742911772578534
2007-09-21,78.91,4.368307962532944,0.0054641472758359694
2007-09-24,77.87,4.355040769588895,-0.013267192944048798
2007-09-25,76.82,4.341465022917759,-0.01357574667113607
2007-09-26,76.21,4.333492687678026,-0.007972335239732611
2007-09-27,78.88,4.36792771029438,0.03443502261635398
2007-09-28,80.97,4.394078715698023,0.026151005403642992
2007-10-01,78.33,4.360930671379148,-0.03314804431887578
2007-10-02,76.87,4.34211568336104,-0.01881498801810648
2007-10-03,77.8,4.354141431184346,0.012025747823305281
2007-10-04,77.84,4.354655437877749,0.0005140066934037316
2007-10-05,79.05,4.370080563655481,0.015425125777731322
2007-10-08,76.94,4.343025897324149,-0.027054666331331998
2007-10-09,77.82,4.354398467556408,0.011372570232258466
2007-10-10,77.85,4.354783898280007,0.00038543072359976157
2007-10-11,80.83,4.392348183745753,0.0375642854657458
2007-10-12,80.82,4.392224459650327,-0.00012372409542547253
2007-10-15,82.5,4.412798293340635,0.020573833690307686
2007-10-16,84.43,4.435922788681409,0.023124495340773384
2007-10-17,85.24,4.445470807230416,0.009548018549007638
2007-10-18,85.03,4.443004135397701,-0.002466671832715188
2007-10-19,84.25,4.433788569232471,-0.009215566165230095
2007-10-22,82.72,4.415461410760119,-0.018327158472352147
2007-10-23,82.31,4.410492606984553,-0.0049688037755662995
2007-10-24,83.47,4.424487285862646,0.013994678878092578
2007-10-25,85.4,4.447346100794524,0.02285881493187891
2007-10-26,84.71,4.4392336584434595,-0.008112442351064772
2007-10-29,89.87,4.498364181670282,0.05913052322682267
2007-10-30,89.87,4.498364181670282,0.0
2007-10-31,89.87,4.498364181670282,0.0
2007-11-01,90.36,4.5038016915998025,0.005437509929520347
2007-11-02,92.11,4.522983515000144,0.019181823400341746
2007-11-05,92.16,4.523526196947581,0.0005426819474368985
2007-11-06,93.99,4.54318839363221,0.019662196684628874
2007-11-07,94.85,4.552296696381023,0.009108302748813125
2007-11-08,94.4,4.547541073151455,-0.004755623229568047
2007-11-09,92.32,4.52526080275979,-0.022280270391665673
2007-11-12,91.56,4.516994495084366,-0.008266307675423414
2007-11-13,89.09,4.489647094732552,-0.027347400351813548
2007-11-14,90.73,4.507888063181538,0.018240968448985057
2007-11-15,90.32,4.503358919841406,-0.004529143340131088
2007-11-16,91.99,4.521679875489066,0.01832095564765938
2007-11-19,91.59,4.5173220954148965,-0.004357780074169579
2007-11-20,94.13,4.544676805559129,0.027354710144232512
2007-11-21,94.97,4.553561052254861,0.008884246695732258
2007-11-23,95.33,4.557344556505487,0.0037835042506257016
2007-11-26,94.88,4.552612935249416,-0.004731621256071526
2007-11-27,93.23,4.535069558308602,-0.017543376940813007
2007-11-28,91.64,4.517867857585295,-0.01720170072330753
2007-11-29,92.34,4.525477417078843,0.007609559493548142
2007-11-30,88.71,4.485372622532496,-0.040104794546347404
2007-12-03,87.85,4.4756308146331065,-0.009741807899389283
2007-12-04,89.97,4.499476281429027,0.02384546679592117
2007-12-05,90.7,4.507557357121091,0.00808107569206345
2007-12-06,88.46,4.482550472440181,-0.025006884680910314
2007-12-07,88.46,4.482550472440181,0.0
2007-12-10,87.33,4.469694046425642,-0.012856426014539072
2007-12-11,87.77,4.474719756604026,0.005025710178384608
2007-12-12,91.69,4.518413322061809,0.04369356545778324
2007-12-13,92.57,4.52796511507912,0.009551793017310354
2007-12-14,91.86,4.520265678897648,-0.007699436181472444
2007-12-17,90.32,4.503358919841406,-0.01690675905624088
2007-12-18,90.71,4.507667604626853,0.0043086847854462325
2007-12-19,90.98,4.510639702141858,0.002972097515005447
2007-12-20,91.06,4.511518629906636,0.0008789277647780517
2007-12-21,91.03,4.511189122517197,-0.0003295073894386701
2007-12-24,91.59,4.5173220954148965,0.00613297289769883
2007-12-27,95.66,4.560800238252151,0.043478142837254694
2007-12-28,95.92,4.5635145107192585,0.002714272467107991
2007-12-31,93.68,4.539884719289462,-0.023629791429796862
2008-01-02,97.01,4.574814065973192,0.0349293466837302
2008-01-03,98.45,4.589548805085134,0.014734739111942436
2008-01-04,96.87,4.573369873438294,-0.01617893164684095
2008-01-07,94.19,4.545314018834726,-0.02805585460356782
2008-01-08,96.37,4.568194949863196,0.022880931028470258
2008-01-09,96.76,4.572233685741827,0.004038735878630463
2008-01-10,92.8,4.530446639792155,-0.04178704594967165
2008-01-11,91.86,4.520265678897648,-0.010180960894507474
2008-01-14,92.58,4.528073135603124,0.007807456705477077
2008-01-15,90.87,4.5094299137072555,-0.018643221895868825
2008-01-16,88.1,4.478472532942134,-0.030957380765121972
2008-01-17,88.96,4.488186830502272,0.009714297560138306
2008-01-18,89.66,4.496024738727294,0.007837908225021116
2008-01-22,88.11,4.4785860338786385,-0.017438704848654955
2008-01-23,87.06,4.4665975361241514,-0.011988497754486856
2008-01-24,87.69,4.4738078677912645,0.0072103316671127725
2008-01-25,90.96,4.510419849442281,0.036611981651016264
2008-01-28,90.91,4.509870006133767,-0.0005498433085137242
2008-01-29,92.49,4.527100530566169,0.017230524432401806
2008-01-30,92.46,4.526776118560079,-0.00032441200608931714
2008-01-31,91.58,4.5172129072289495,-0.009563211331129962
2008-02-01,91.41,4.515354881665727,-0.0018580255632220815
2008-02-04,91.09,4.511848028756718,-0.0035068529090087636
2008-02-05,89.6,4.4953553199808844,-0.01649270877583381
2008-02-06,88.73,4.485598050847247,-0.009757269133638306
2008-02-07,88.55,4.4835673642288425,-0.002030686618403954
2008-02-08,91.45,4.515792374836875,0.03222501060803216
2008-02-11,93.93,4.542549824006424,0.026757449169549332
2008-02-12,94.28,4.5462690780679305,0.0037192540615062645
2008-02-13,93.82,4.541378052900312,-0.004891025167618432
2008-02-14,95.92,4.5635145107192585,0.022136457818946888
2008-02-15,96.96,4.574298522321004,0.010784011601745412
2008-02-19,97.03,4.575020209037208,0.0007216867162038201
2008-02-20,97.88,4.583742238574471,0.008722029537262758
2008-02-21,97.52,4.5800574851730165,-0.003684753401454869
2008-02-22,96.07,4.565077092421647,-0.014980392751368966
2008-02-25,97.43,4.57913417143725,0.014057079015602872
2008-02-26,99.05,4.59562477314456,0.016490601707309985
2008-02-27,98.28,4.587820547652979,-0.007804225491581581
2008-02-28,99.83,4.603468739348334,0.015648191695355338
2008-02-29,100.9,4.6141299273595635,0.010661188011229485
2008-03-03,101.83,4.623304756183574,0.009174828824010793
2008-03-04,98.6,4.591071261608589,-0.03223349457498431
2008-03-05,100.95,4.614625344758847,0.023554083150256807
2008-03-06,103.47,4.6392817156168595,0.02465637085801264
2008-03-07,104.66,4.650717000944062,0.011435285327202598
2008-03-10,105.33,4.6570982788484505,0.006381277904388869
2008-03-11,106.78,4.67077064307204,0.013672364223589561
2008-03-12,107.99,4.682038630244668,0.011267987172628112
2008-03-13,109.18,4.692997896353612,0.010959266108943272
2008-03-14,109.16,4.692814695840138,-0.0001832005134739707
2008-03-17,104.41,4.648325456302019,-0.044489239538118765
2008-03-18,105.35,4.6572881402501976,0.00896268394817909
2008-03-19,102.65,4.6313251434649425,-0.025962996785255408
2008-03-20,99.78,4.6029677624328915,-0.028357381032051324
2008-03-24,100.93,4.614427207250769,0.011459444817876793
2008-03-25,99.91,4.604269780744927,-0.010157426505840965
2008-03-26,102.83,4.6330771392411,0.02880735849617207
2008-03-27,103.89,4.64333264708244,0.010255507841341072
2008-03-28,102.68,4.6316173560029394,-0.011715291079500612
2008-03-31,102.33,4.628202885098664,-0.0034144709042756593
2008-04-01,98.69,4.591983624183916,-0.036219260914748204
2008-04-02,98.85,4.593603549616626,0.0016199254327100997
2008-04-03,102.31,4.6280074198908485,0.0344038702742228
2008-04-04,102.21,4.627029520340985,-0.000977899549863762
2008-04-07,105.98,4.663250397064616,0.03622087672363115
2008-04-08,105.05,4.654436427291009,-0.008813969773606677
2008-04-09,107.46,4.677118685300675,0.022682258009665918
2008-04-10,107.37,4.676280813446044,-0.0008378718546311942
2008-04-11,107.15,4.674229721919586,-0.002051091526458051
2008-04-14,108.32,4.685089809163965,0.010860087244378789
2008-04-15,110.84,4.7080877199947775,0.022997910830812818
2008-04-16,110.95,4.709079649378603,0.0009919293838252354
2008-04-17,111.34,4.7125885827553615,0.0035089333767586903
2008-04-18,110.67,4.706552800276694,-0.006035782478667761
2008-04-21,111.35,4.712678393703377,0.006125593426682576
2008-04-22,113.54,4.73215519774258,0.019476804039203707
2008-04-23,115.34,4.747884288187267,0.015729090444686466
2008-04-24,114.85,4.743626929135107,-0.004257359052159367
2008-04-25,116.62,4.75892078579401,0.015293856658902748
2008-04-28,115.7,4.751000634199631,-0.007920151594379084
2008-04-29,113.86,4.734969623522936,-0.016031010676695087
2008-04-30,111.12,4.7106106984460885,-0.024358925076847445
2008-05-01,107.3,4.675628649636653,-0.03498204880943558
2008-05-02,111.92,4.717784330357226,0.042155680720572915
2008-05-05,115.68,4.750827758410455,0.03304342805322885
2008-05-06,119.88,4.786491242448462,0.03566348403800778
2008-05-07,120.27,4.789739215322525,0.003247972874062773
2008-05-08,119.85,4.786240960880393,-0.003498254442131956
2008-05-09,123.54,4.816564990267753,0.030324029387359817
2008-05-12,122.89,4.811289646296506,-0.005275343971247238
2008-05-13,123.11,4.813078264659524,0.0017886183630178472
2008-05-14,121.18,4.797277043516843,-0.015801221142680538
2008-05-15,122.76,4.810231229751535,0.012954186234692433
2008-05-16,122.98,4.812021740525323,0.0017905107737882938
2008-05-19,122.19,4.805577210328431,-0.006444530196892789
2008-05-20,124.12,4.821248839580179,0.015671629251748604
2008-05-21,127.28,4.846389384029531,0.025140544449351977
2008-05-22,129.04,4.8601224338169535,0.01373304978742194
2008-05-23,129.72,4.865378281439117,0.005255847622163907
2008-05-27,128.92,4.859192056947237,-0.00618622449188022
2008-05-28,128.93,4.859269621422746,7.756447550930975e-05
2008-05-29,129.33,4.862367277427153,0.003097656004406804
2008-05-30,127.85,4.850857701737196,-0.011509575689957481
2008-06-02,128.5,4.855928904335275,0.005071202598078997
2008-06-03,126.28,4.838501663689791,-0.017427240645483615
2008-06-04,121.72,4.80172332502877,-0.036778338661020614
2008-06-05,122.36,4.806967519282702,0.005244194253932335
2008-06-06,132.81,4.8889195354121595,0.08195201612945661
2008-06-09,134.43,4.901043617466161,0.012124082054001945
2008-06-10,135.24,4.907050977839686,0.006007360373523845
2008-06-11,134.52,4.901712886872069,-0.005338090967616353
2008-06-12,132.11,4.883634908890262,-0.018077977981806086
2008-06-13,134.29,4.900001640593084,0.016366731702820988
2008-06-16,133.9,4.897093252697127,-0.0029083878959569698
2008-06-17,131.27,4.877256270815316,-0.019836981881810795
2008-06-18,129.12,4.860742204521639,-0.01651406629367738
2008-06-19,131.84,4.881589066161162,0.020846861639522932
2008-06-20,134.28,4.899927172111834,0.01833810595067253
2008-06-23,134.54,4.90186155259746,0.0019343804856255524
2008-06-24,135.37,4.908011770197695,0.006150217600235199
2008-06-25,131.59,4.879691028162049,-0.028320742035645677
2008-06-26,136.82,4.918666193332852,0.03897516517080265
2008-06-27,139.38,4.937204016010373,0.018537822677520938
2008-06-30,138.4,4.93014804318357,-0.007055972826803557
2008-07-01,140.67,4.946416721769604,0.0162686785860353
2008-07-02,141.24,4.950460571060185,0.004043849290581295
2008-07-03,143.95,4.969466017058185,0.019005445997999183
2008-07-07,139.62,4.938924446542256,-0.03054157051592938
2008-07-08,134.15,4.8989585768716335,-0.03996586967062219
2008-07-09,133.91,4.897167932507474,-0.001790644364158396
2008-07-10,135.81,4.911256850115977,0.014088917608502187
2008-07-11,143.68,4.96758860455389,0.05633175443791264
2008-07-14,142.43,4.958850650946495,-0.00873795360739461
2008-07-15,136.02,4.912801933747493,-0.04604871719900211
2008-07-16,133.31,4.892677243125585,-0.020124690621907054
2008-07-17,134.16,4.8990331175149535,0.006355874389367687
2008-07-18,129.34,4.862444596018447,-0.03658852149650669
2008-07-21,129.34,4.862444596018447,0.0
2008-07-22,127.18,4.845603405839261,-0.01684119017918497
2008-07-23,126.86,4.843084116205751,-0.002519289633510656
2008-07-24,125.43,4.831747834036584,-0.01133628216916772
2008-07-25,124.7,4.825910852685991,-0.005836981350592595
2008-07-28,125.67,4.833659423627053,0.007748570941062339
2008-07-29,125.77,4.834454842059064,0.0007954184320109744
2008-07-30,122.46,4.8077844460498085,-0.026670396009255776
2008-07-31,124.1,4.821087692210561,0.013303246160753197
2008-08-01,124.16,4.821571056434909,0.00048336422434700784
2008-08-04,121.87,4.802954902835411,-0.0186161535994976
2008-08-05,116.5,4.757891273005756,-0.04506362982965582
2008-08-06,114.47,4.740312779930385,-0.01757849307537036
2008-08-07,116.94,4.761660982747524,0.02134820281713938
2008-08-08,113.03,4.72765327020264,-0.03400771254488472
2008-08-11,110.54,4.705377446405117,-0.022275823797522788
2008-08-12,108.98,4.691164379154952,-0.014213067250164675
2008-08-13,110.68,4.7066431549187255,0.015478775763773002
2008-08-14,111.82,4.716890435598499,0.010247280679773993
2008-08-15,108.8,4.689511334421843,-0.027379101176656963
2008-08-18,109.33,4.694370831446394,0.00485949702455118
2008-08-19,109.02,4.691531351636135,-0.0028394798102586677
2008-08-20,108.72,4.688775769842889,-0.0027555817932465414
2008-08-21,117.24,4.764223115842691,0.07544734599980348
2008-08-22,113.99,4.736110725248687,-0.02811239059400448
2008-08-25,109.74,4.69811393163083,-0.03799679361785792
2008-08-26,112.2,4.720282993088596,0.022169061457766728
2008-08-27,113.05,4.727830198723979,0.007547205635382904
2008-08-28,113.54,4.73215519774258,0.004324999018601498
2008-08-29,113.49,4.731714727313047,-0.0004404704295326522
2008-09-02,104.94,4.653388758258566,-0.07832596905448182
2008-09-03,103.88,4.643236386794547,-0.010152371464018073
2008-09-04,103.41,4.638701669196884,-0.004534717597663994
2008-09-05,102.51,4.62996035479531,-0.008741314401573436
2008-09-08,101.08,4.615912282519994,-0.014048072275316794
2008-09-09,98.94,4.594513605799563,-0.021398676720430897
2008-09-10,96.0,4.564348191467836,-0.0301654143317263
2008-09-11,96.01,4.564452352709533,0.00010416124169630253
2008-09-12,94.37,4.547223226033242,-0.017229126676290757
2008-09-15,90.45,4.504797211841304,-0.04242601419193758
2008-09-16,85.85,4.4526015873434845,-0.05219562449781971
2008-09-17,86.09,4.455393260669863,0.0027916733263788707
2008-09-18,90.89,4.509649984130679,0.05425672346081569
2008-09-19,93.46,4.53753353727228,0.02788355314160104
2008-09-22,100.43,4.609460967405248,0.07192743013296769
2008-09-23,100.72,4.612344389736092,0.0028834223308439907
2008-09-24,102.09,4.625854777180924,0.01351038744483237
2008-09-25,100.45,4.609660091260944,-0.016194685919980606
2008-09-26,100.88,4.613931691656664,0.004271600395720625
2008-09-29,95.96,4.563931437971494,-0.050000253685170346
2008-09-30,93.52,4.538175317163813,-0.025756120807680808
2008-10-01,92.19,4.523851664810503,-0.014323652353309953
2008-10-02,88.88,4.487287145331375,-0.03656451947912848
2008-10-03,88.95,4.4880744141118445,0.0007872687804697474
2008-10-06,84.71,4.4392336584434595,-0.04884075566838467
2008-10-07,83.17,4.420886705880596,-0.018346952562863336
2008-10-08,80.77,4.391605609454205,-0.02928109642639124
2008-10-09,81.65,4.402441819416474,0.010836209962269219
2008-10-10,74.58,4.311872374750675,-0.0905694446657995
2008-10-13,74.37,4.309052634715209,-0.002819740035465811
2008-10-14,74.98,4.317221411307766,0.008168776592557039
2008-10-15,66.86,4.202600880991953,-0.11462053031581346
2008-10-16,64.14,4.161068194265009,-0.04153268672694371
2008-10-17,66.05,4.190412030968334,0.02934383670332534
2008-10-20,67.45,4.211386582653765,0.020974551685430724
2008-10-21,65.99,4.18950321539533,-0.02188336725843473
2008-10-22,62.95,4.142340760490356,-0.04716245490497391
2008-10-23,65.06,4.175309921045206,0.032969160554849296
2008-10-24,60.57,4.103799720992856,-0.07151020005234962
2008-10-27,59.34,4.083283614862676,-0.020516106130179998
2008-10-28,58.87,4.07533162304017,-0.007951991822505838
2008-10-29,64.0,4.1588830833596715,0.08355146031950184
2008-10-30,60.86,4.108576144468825,-0.05030693889084685
2008-10-31,60.0,4.0943445622221,-0.014231582246724281
2008-11-03,60.32,4.099663723699701,0.005319161477600027
2008-11-04,62.78,4.139636551413807,0.03997282771410681
2008-11-05,61.09,4.112348186661675,-0.027288364752131915
2008-11-06,56.14,4.027848570933736,-0.08449961572793915
2008-11-07,56.84,4.0402403032289,0.012391732295163457
2008-11-10,57.08,4.0444537926086355,0.004213489379735616
2008-11-11,54.76,4.002960000420248,-0.04149379218838752
2008-11-12,52.47,3.9602415776986204,-0.04271842272162779
2008-11-13,51.32,3.938080539747436,-0.02216103795118465
2008-11-14,50.7,3.9259259105971376,-0.01215462915029813
2008-11-17,50.82,3.928289977892018,0.00236406729488047
2008-11-18,49.1,3.893859034800475,-0.034430943091543154
2008-11-19,48.35,3.8784662218993033,-0.015392812901171527
2008-11-20,45.79,3.824065726669004,-0.05440049523029927
2008-11-21,44.91,3.8046604870996465,-0.019405239569357417
2008-11-24,49.51,3.9021746693733315,0.09751418227368501
2008-11-25,47.51,3.86094021519883,-0.04123445417450168
2008-11-26,49.39,3.8997479745525334,0.03880775935370354
2008-11-28,47.72,3.8653505972297153,-0.034397377322818196
2008-12-01,47.58,3.8624125048748117,-0.002938092354903744
2008-12-02,45.64,3.8207845249938748,-0.04162797988093673
2008-12-03,44.39,3.793014218845944,-0.02777030614793098
2008-12-04,43.83,3.780318514430718,-0.012695704415226071
2008-12-05,37.04,3.6119984097779785,-0.1683201046527391
2008-12-08,40.02,3.6893793291555874,0.07738091937760877
2008-12-09,39.77,3.6831128592195994,-0.006266469935988136
2008-12-10,39.34,3.672241812960913,-0.010871046258686259
2008-12-11,43.54,3.7736800558064014,0.10143824284548826
2008-12-12,42.38,3.746676552840153,-0.02700350296624831
2008-12-15,45.02,3.8071068354785864,0.060430282638433266
2008-12-16,42.0,3.7376696182833684,-0.069437217195218
2008-12-17,41.84,3.7338528197566676,-0.003816798526700742
2008-12-18,40.19,3.6936182084611096,-0.04023461129555782
2008-12-19,39.52,3.6768068728796672,-0.016811335581442512
2008-12-22,38.08,3.6396892099231644,-0.03711766295650263
2008-12-23,35.27,3.563032744247961,-0.07665646567520377
2008-12-24,34.45,3.539508997459668,-0.023523746788293012
2008-12-26,33.73,3.5183876490735586,-0.021121348386108896
2008-12-29,34.16,3.531055368920369,0.01266771984681033
2008-12-30,35.22,3.56161410306806,0.030558734147691054
2008-12-31,35.82,3.578506396632566,0.016892293564505653
2009-01-02,42.94,3.759803792450635,0.1812973958180692
2009-01-05,45.84,3.8251570724064843,0.06535327995584937
2009-01-06,48.89,3.889572876590554,0.06441580418407007
2009-01-07,46.23,3.833628938000134,-0.0559439385904202
2009-01-08,42.94,3.759803792450635,-0.07382514554949904
2009-01-09,42.34,3.745732265706719,-0.01407152674391577
2009-01-12,40.86,3.710151589389476,-0.03558067631724315
2009-01-13,43.05,3.7623622308737397,0.05221064148426367
2009-01-14,42.27,3.7440776145786985,-0.018284616295041137
2009-01-15,42.32,3.7452597875500437,0.0011821729713453058
2009-01-16,43.42,3.7709201644501458,0.025660376900101815
2009-01-20,41.22,3.718923575462313,-0.051996588987832854
2009-01-21,39.9,3.686376323895818,-0.032547251566495204
2009-01-22,42.42,3.7476199491365363,0.061243625240718594
2009-01-23,43.13,3.764218810659752,0.016598861523215384
2009-01-26,48.0,3.871201010907891,0.10698220024813901
2009-01-27,42.86,3.7579389900454307,-0.11326202086245994
2009-01-28,42.86,3.7579389900454307,0.0
2009-01-29,43.13,3.764218810659752,0.006279820614320805
2009-01-30,44.17,3.7880458256084353,0.023827014948683282
2009-02-02,42.96,3.7602694502006093,-0.027776375407825845
2009-02-03,43.15,3.764682417529437,0.004412967328827596
2009-02-04,43.68,3.7768903314366495,0.012207913907212653
2009-02-05,43.92,3.7823697972012753,0.0054794657646255705
2009-02-06,44.49,3.7952644448179504,0.012894647616675213
2009-02-09,47.23,3.8550292839080256,0.059764839090075114
2009-02-10,45.88,3.82602929226117,-0.028999991646855728
2009-02-11,44.24,3.7896293572140793,-0.03639993504709061
2009-02-12,47.23,3.8550292839080256,0.06539992669394624
2009-02-13,43.36,3.769537357131391,-0.08549192677663486
2009-02-17,39.69,3.681099266794974,-0.0884380903364168
2009-02-18,39.41,3.6740195912069122,-0.0070796755880616884
2009-02-19,42.36,3.7462045207332055,0.07218492952629342
2009-02-20,42.19,3.7421832261362473,-0.004021294596958486
2009-02-23,41.27,3.7201358437644907,-0.022047382371756775
2009-02-24,40.18,3.6933693593867885,-0.026766484377702147
2009-02-25,42.37,3.7464405646384678,0.05307120525167942
2009-02-26,45.15,3.8099902798629945,0.06354971522452664
2009-02-27,44.41,3.7934646693040106,-0.01652561055898353
2009-03-02,42.6,3.751854253275325,-0.041610416028686065
2009-03-03,42.72,3.7546671946519394,0.0028129413766146577
2009-03-04,46.07,3.830161978947826,0.0754947842958862
2009-03-05,44.45,3.794364961959914,-0.03579701698791192
2009-03-06,43.48,3.7723010622530087,-0.022063899706904994
2009-03-09,44.55,3.796612153916818,0.024311091663809542
2009-03-10,44.99,3.806440242853081,0.009828088936262693
2009-03-11,43.2,3.765840495250065,-0.04059974760301631
2009-03-12,42.19,3.7421832261362473,-0.02365726911381739
2009-03-13,44.97,3.805995600782616,0.06381237464636877
2009-03-16,44.12,3.786913194385302,-0.01908240639731434
2009-03-17,45.53,3.818371449346691,0.03145825496138908
2009-03-18,45.22,3.811539466849824,-0.0068319824968669784
2009-03-19,48.03,3.871825815676733,0.0602863488269093
2009-03-20,49.27,3.8973153765558717,0.02548956087913881
2009-03-23,51.84,3.9481620520440193,0.05084667548814748
2009-03-24,51.32,3.938080539747436,-0.010081512296583677
2009-03-25,51.46,3.940804806853598,0.0027242671061624276
2009-03-26,51.89,3.949126093379648,0.008321286526050072
2009-03-27,50.81,3.9280931856056407,-0.021032907774007733
2009-03-30,49.05,3.892840186011372,-0.03525299959426849
2009-03-31,46.13,3.8314634975697293,-0.06137668844164283
2009-04-01,45.92,3.826900752011311,-0.004562745558418173
2009-04-02,50.89,3.9296664406007413,0.10276568858943026
2009-04-03,50.48,3.9215772182329576,-0.0080892223677837
2009-04-06,50.91,3.9300593679142444,0.008482149681286901
2009-04-07,50.62,3.9243467551169777,-0.005712612797266583
2009-04-08,52.06,3.9523968995664194,0.0280501444494415
2009-04-09,52.33,3.9575698203841165,0.005172920817696963
2009-04-13,50.73,3.9265174515785985,-0.03105236880551785
2009-04-14,52.06,3.9523968995664194,0.02587944798782076
2009-04-15,51.31,3.9378856649538734,-0.014511234612545854
2009-04-16,51.83,3.947969132201615,0.010083467247741772
2009-04-17,52.02,3.9516282600205055,0.0036591278188904913
2009-04-20,49.06,3.893044038830343,-0.058584221190162274
2009-04-21,48.69,3.8854736701946093,-0.00757036863573376
2009-04-22,48.5,3.8815637979434374,-0.003909872251171937
2009-04-23,48.29,3.8772244998854504,-0.0043392980579870155
2009-04-24,50.29,3.9178062501838733,0.04058175029842281
2009-04-27,48.67,3.885062823845363,-0.0327434263385104
2009-04-28,48.64,3.8844462376579116,-0.0006165861874514467
2009-04-29,50.22,3.916413353729439,0.03196711607152742
2009-04-30,50.3,3.9180050771056933,0.0015917233762546338
2009-05-01,51.75,3.9464244321454784,0.02841935503978502
2009-05-04,53.26,3.9751855803857863,0.028761148240307732
2009-05-05,53.16,3.9733062338450447,-0.0018793465407416353
2009-05-06,55.07,4.00860510327439,0.035298869429345514
2009-05-07,56.63,4.036538880125714,0.02793377685132348
2009-05-08,56.02,4.0257087698319625,-0.010830110293751168
2009-05-11,55.99,4.025173103360802,-0.0005356664711605236
2009-05-12,56.52,4.034594557816327,0.009421454455524858
2009-05-13,56.84,4.0402403032289,0.005645745412573122
2009-05-14,56.25,4.029806041084529,-0.010434262144370455
2009-05-15,56.33,4.031227252906622,0.0014212118220930778
2009-05-18,56.51,4.034417613641752,0.003190360735129276
2009-05-19,57.12,4.0451543180313285,0.010736704389577004
2009-05-20,59.1,4.079230924412053,0.03407660638072366
2009-05-21,58.02,4.060787778693258,-0.018443145718794476
2009-05-22,58.7,4.072439726834051,0.011651948140792748
2009-05-26,59.05,4.078384542643371,0.005944815809320387
2009-05-27,61.28,4.1154535254323354,0.037068982788964686
2009-05-28,63.47,4.150567353318379,0.03511382788604283
2009-05-29,64.98,4.174079530240954,0.023512176922575647
2009-06-01,66.6,4.198704577546343,0.024625047305388975
2009-06-02,67.67,4.2146429502441345,0.01593837269779071
2009-06-03,66.15,4.191924890560965,-0.022718059683169433
2009-06-04,67.68,4.214790715297968,0.02286582473700313
2009-06-05,67.77,4.216119619148022,0.0013289038500535126
2009-06-08,67.61,4.213755901102586,-0.002363718045435016
2009-06-09,68.94,4.233236561088719,0.01948065998613283
2009-06-10,70.52,4.25589635752967,0.022659796440950192
2009-06-11,71.71,4.272630207894483,0.016733850364814066
2009-06-12,70.62,4.25731339050024,-0.015316817394242977
2009-06-15,68.49,4.226687749209813,-0.030625641290426695
2009-06-16,70.52,4.25589635752967,0.02920860831985556
2009-06-17,68.95,4.233381604239311,-0.022514753290358607
2009-06-18,69.96,4.247923650150401,0.014542045911090429
2009-06-19,70.48,4.255328981627924,0.007405331477522987
2009-06-22,66.13,4.191622501686571,-0.06370647994135319
2009-06-23,66.36,4.195094465322244,0.003471963635672699
2009-06-24,68.47,4.226395693132972,0.03130122781072777
2009-06-25,68.82,4.231494400369335,0.0050987072363626075
2009-06-26,68.1,4.220977213155467,-0.010517187213867579
2009-06-29,69.75,4.244917420701475,0.023940207546008403
2009-06-30,68.11,4.221124045253227,-0.02379337544824798
2009-07-01,68.52,4.2271256734559195,0.00600162820269205
2009-07-02,65.74,4.185707568236073,-0.041418105219845826
2009-07-06,63.12,4.145037676537619,-0.04066989169845456
2009-07-07,61.54,4.119687369893896,-0.025350306643722977
2009-07-08,59.71,4.089499510558901,-0.030187859334994672
2009-07-09,59.17,4.080414656688602,-0.009084853870298386
2009-07-10,58.43,4.067829456566345,-0.012585200122257117
2009-07-13,58.25,4.06474409244581,-0.0030853641205356966
2009-07-14,60.48,4.102312731871278,0.03756863942546753
2009-07-15,61.25,4.114963849424837,0.012651117553558945
2009-07-16,62.02,4.127456913672303,0.012493064247466623
2009-07-17,63.54,4.15166962884137,0.024212715169067037
2009-07-20,64.64,4.16883341421284,0.017163785371469918
2009-07-21,65.93,4.188593573125209,0.019760158912368403
2009-07-22,65.36,4.1799104505517475,-0.008683122573460994
2009-07-23,68.06,4.22038966907276,0.04047921852101222
2009-07-24,68.82,4.231494400369335,0.011104731296574528
2009-07-27,69.78,4.245347435758628,0.013853035389293947
2009-07-28,68.53,4.227271605597732,-0.018075830160895694
2009-07-29,65.79,4.186467851097906,-0.040803754499825734
2009-07-30,68.82,4.231494400369335,0.04502654927142766
2009-07-31,70.08,4.249637446628136,0.018143046258801653
2009-08-03,72.9,4.289088639014612,0.039451192386476645
2009-08-04,73.82,4.301629697601852,0.01254105858723983
2009-08-05,74.39,4.30932152420325,0.00769182660139757
2009-08-06,74.61,4.312274546483423,0.0029530222801730397
2009-08-07,74.21,4.306898911982042,-0.005375634501380861
2009-08-10,73.79,4.301223221070275,-0.005675690911766772
2009-08-11,71.58,4.2708157053378795,-0.03040751573239559
2009-08-12,74.03,4.304470416455007,0.03365471111712725
2009-08-13,73.76,4.300816579248338,-0.0036538372066685187
2009-08-14,71.33,4.267316996289947,-0.03349958295839172
2009-08-17,68.65,4.229021132213981,-0.03829586407596659
2009-08-18,68.66,4.229166788029546,0.0001456558155658933
2009-08-19,72.81,4.2878533084066195,0.05868652037707372
2009-08-20,73.75,4.300680995219929,0.012827686813309534
2009-08-21,73.71,4.300138475201197,-0.0005425200187318925
2009-08-24,74.34,4.308649164869106,0.00851068966790883
2009-08-25,73.1,4.291828366755733,-0.016820798113373437
2009-08-26,70.74,4.259011183777335,-0.032817182978398286
2009-08-27,70.68,4.2581626474514955,-0.0008485363258387525
2009-08-28,72.8,4.28771595520264,0.02955330775114459
2009-08-31,69.02,4.234396317669857,-0.053319637532782974
2009-09-01,68.78,4.23091300500412,-0.0034833126657371817
2009-09-02,67.6,4.213607983048918,-0.017305021955201894
2009-09-03,66.78,4.201403634515509,-0.012204348533409883
2009-09-04,65.84,4.187227556368814,-0.014176078146694002
2009-09-08,69.2,4.237000862623624,0.049773306254809434
2009-09-09,69.76,4.245060779600724,0.008059916977100248
2009-09-10,68.96,4.233526626355437,-0.011534153245286742
2009-09-11,68.76,4.230622180514649,-0.002904445840788932
2009-09-14,66.91,4.2033484327947255,-0.027273747719923067
2009-09-15,66.53,4.197652973753796,-0.005695459040929322
2009-09-16,68.51,4.226979720014808,0.029326746261011633
2009-09-17,71.56,4.270536258640519,0.043556538625710677
2009-09-18,70.72,4.258728418329388,-0.011807840311130424
2009-09-21,68.11,4.221124045253227,-0.03760437307616098
2009-09-22,69.65,4.243482700225814,0.02235865497258785
2009-09-23,67.43,4.2110900227464905,-0.0323926774793241
2009-09-24,64.99,4.174233411906258,-0.036856610840233214
2009-09-25,64.6,4.168214410788556,-0.006019001117701319
2009-09-28,65.43,4.180980868881647,0.012766458093091492
2009-09-29,64.63,4.168678699274804,-0.01230216960684348
2009-09-30,65.82,4.186923743515194,0.018245044240389842
2009-10-01,67.12,4.206482062158951,0.019558318643756928
2009-10-02,66.5,4.197201947661808,-0.00928011449714236
2009-10-05,65.26,4.178379291165174,-0.018822656496633863
2009-10-06,68.51,4.226979720014808,0.04860042884963309
2009-10-07,67.65,4.214347354616797,-0.012632365398010676
2009-10-08,68.47,4.226395693132972,0.012048338516174355
2009-10-09,69.45,4.240607069200353,0.014211376067381319
2009-10-12,70.75,4.259152536523347,0.01854546732299427
2009-10-13,70.81,4.260000233663683,0.0008476971403356189
2009-10-14,72.16,4.278885875754368,0.018885642090685648
2009-10-15,73.14,4.292375412721235,0.013489536966867022
2009-10-16,74.58,4.311872374750675,0.01949696202943961
2009-10-19,75.86,4.3288895362607525,0.017017161510078233
2009-10-20,76.51,4.3374214512437606,0.008531914983007616
2009-10-21,77.74,4.353369925424077,0.015948474180316575
2009-10-22,78.36,4.36131359307634,0.007943667652262912
2009-10-23,77.72,4.353112624509239,-0.00820096856710067
2009-10-26,76.45,4.336636932375072,-0.016475692134167923
2009-10-27,76.69,4.339771321776768,0.0031343894016964565
2009-10-28,75.11,4.31895370569792,-0.020817616078847433
2009-10-29,77.18,4.346140356109473,0.0271866504115524
2009-10-30,74.91,4.316287392959792,-0.029852963149681274
2009-11-02,75.56,4.324927042633309,0.008639649673517427
2009-11-03,75.68,4.326513924743623,0.0015868821103141985
2009-11-04,78.21,4.35939751661352,0.03288359186989695
2009-11-05,78.02,4.35696520407851,-0.002432312535009548
2009-11-06,75.51,4.324265097815334,-0.03270010626317616
2009-11-09,77.18,4.346140356109473,0.02187525829413855
2009-11-10,77.07,4.344714099789901,-0.0014262563195709189
2009-11-11,76.99,4.343675543289958,-0.0010385564999436925
2009-11-12,75.18,4.319885238136032,-0.023790305153926133
2009-11-13,74.81,4.314951565884313,-0.004933672251718393
2009-11-16,77.14,4.345621952780082,0.03067038689576806
2009-11-17,77.36,4.348469851145039,0.00284789836495712
2009-11-18,78.64,4.364880475838911,0.016410624693872247
2009-11-19,76.45,4.336636932375072,-0.02824354346383979
2009-11-20,75.61,4.3255885495701785,-0.011048382804892839
2009-11-23,78.14,4.358502089626924,0.03291354005674603
2009-11-24,75.35,4.3221439250725044,-0.03635816455442012
2009-11-25,76.57,4.338205355125032,0.016061430052527578
2009-11-27,76.0,4.330733340286331,-0.007472014838700954
2009-11-30,77.77,4.353755752706852,0.023022412420520746
2009-12-01,78.68,4.365388993520859,0.011633240814006459
2009-12-02,76.96,4.343285806357451,-0.022103187163407492
2009-12-03,77.76,4.353627160152183,0.010341353794732751
2009-12-04,77.74,4.353369925424077,-0.00025723472810666243
2009-12-07,76.18,4.333098961050458,-0.020270964373618992
2009-12-08,74.93,4.316554344376219,-0.016544616674238632
2009-12-09,73.63,4.299052551380625,-0.017501792995593984
2009-12-10,70.91,4.261411467315905,-0.03764108406472018
2009-12-11,70.07,4.249494742382442,-0.011916724933462854
2009-12-14,71.19,4.265352359115782,0.015857616733339488
2009-12-15,71.33,4.267316996289947,0.001964637174164816
2009-12-16,73.34,4.29510616264318,0.027789166353233214
2009-12-17,71.28,4.266615783162554,-0.028490379480626084
2009-12-18,71.87,4.274858931480352,0.008243148317797466
2009-12-21,72.74,4.286891439558843,0.012032508078491632
2009-12-22,71.64,4.271653577192511,-0.01523786236633184
2009-12-23,73.87,4.302306791540646,0.030653214348135355
2009-12-24,75.15,4.319486116198983,0.01717932465833705
2009-12-28,76.59,4.338466519921502,0.018980403722518715
2009-12-29,76.65,4.339249605317823,0.0007830853963210996
2009-12-30,77.62,4.35182512594076,0.012575520622937037
2009-12-31,77.91,4.355554314342767,0.003729188402006331
2010-01-04,79.05,4.370080563655481,0.014526249312714288
2010-01-05,79.27,4.372859746849064,0.002779183193583382
2010-01-06,80.14,4.383775105207999,0.01091535835893398
2010-01-07,80.57,4.3891263717891045,0.00535126658110597
2010-01-08,80.06,4.382776353564427,-0.006350018224676897
2010-01-11,80.14,4.383775105207999,0.0009987516435708886
2010-01-12,79.38,4.37424644735492,-0.009528657853079213
2010-01-13,77.57,4.3511807545027805,-0.023065692852139164
2010-01-14,77.61,4.351696284866048,0.00051553036326724
2010-01-15,76.85,4.341855469984605,-0.009840814881442676
2010-01-19,75.18,4.319885238136032,-0.02197023184857279
2010-01-20,75.09,4.318687394111793,-0.001197844024239407
2010-01-21,74.13,4.305820308668628,-0.0128670854431642
2010-01-22,72.73,4.286753954166449,-0.01906635450217899
2010-01-25,72.18,4.279162999214643,-0.007590954951806824
2010-01-26,72.63,4.285378059618076,0.006215060403434192
2010-01-27,72.75,4.287028906051602,0.0016508464335252108
2010-01-28,70.65,4.257738109130536,-0.029290796921065343
2010-01-29,71.2,4.26549281841793,0.007754709287393561
2010-02-01,71.58,4.2708157053378795,0.005322886919949582
2010-02-02,73.94,4.303253953508486,0.0324382481706062
2010-02-03,75.77,4.327702435943282,0.02444848243479611
2010-02-04,71.3,4.26689632742025,-0.06080610852303173
2010-02-05,70.11,4.250065437218876,-0.01683089020137397
2010-02-08,69.62,4.243051882383293,-0.007013554835583374
2010-02-09,70.4,4.254193263163997,0.01114138078070399
2010-02-10,70.4,4.254193263163997,0.0
2010-02-11,72.35,4.281515453077493,0.027322189913496053
2010-02-12,71.49,4.26955757977876,-0.011957873298732451
2010-02-16,74.82,4.31508522892,0.04552764914123965
2010-02-17,74.89,4.316020370261276,0.0009351413412757669
2010-02-18,76.61,4.33872761652873,0.022707246267453827
2010-02-19,76.88,4.342245764662037,0.00351814813330738
2010-02-22,76.95,4.343155860284888,0.0009100956228512615
2010-02-23,76.44,4.336506119372072,-0.006649740912815977
2010-02-24,77.0,4.343805421853684,0.007299302481611535
2010-02-25,74.38,4.309187088496924,-0.03461833335675991
2010-02-26,76.36,4.335458998857547,0.026271910360622968
2010-03-01,76.07,4.33165396900921,-0.0038050298483371667
2010-03-02,77.5,4.350277936359301,0.018623967350091666
2010-03-03,78.66,4.3651347670036635,0.014856830644362185
2010-03-04,77.88,4.3551691805039985,-0.009965586499664506
2010-03-05,79.2,4.37197629882038,0.016807118316381407
2010-03-08,78.94,4.368688070234701,-0.0032882285856791664
2010-03-09,78.77,4.3665322137152325,-0.0021558565194680674
2010-03-10,80.29,4.385645080196593,0.019112866481359847
2010-03-11,79.44,4.375002019736917,-0.01064306045967558
2010-03-12,79.38,4.37424644735492,-0.0007555723819978567
2010-03-15,77.08,4.344843843546165,-0.02940260380875365
2010-03-16,79.45,4.375127892982725,0.030284049436559327
2010-03-17,80.28,4.385520523928138,0.01039263094541246
2010-03-18,80.09,4.383151002335591,-0.0023695215925465096
2010-03-19,78.37,4.361441201064773,-0.021709801270817668
2010-03-22,78.09,4.3578620076745835,-0.003579193390189514
2010-03-23,79.17,4.3715974391833425,0.013735431508758618
2010-03-24,78.03,4.35709336812867,-0.014504071054672515
2010-03-25,78.64,4.364880475838911,0.007787107710241136
2010-03-26,77.98,4.356452383554451,-0.008428092284459846
2010-03-29,79.89,4.380650688493951,0.024198304939499312
2010-03-30,79.46,4.375253750386452,-0.005396938107497795
2010-03-31,80.37,4.386640972224627,0.011387221838174219
2010-04-01,82.63,4.414372810713093,0.02773183848846572
2010-04-05,84.48,4.436514819957951,0.02214200924485853
2010-04-06,85.05,4.44323931884187,0.006724498883919286
2010-04-07,84.49,4.436633184164753,-0.0066061346771173896
2010-04-08,82.63,4.414372810713093,-0.022260373451660435
2010-04-09,82.77,4.416065676897304,0.0016928661842114143
2010-04-12,85.21,4.445118797839864,0.029053120942560226
2010-04-13,83.44,4.424127810692517,-0.02099098714734756
2010-04-14,85.81,4.45213554981903,0.028007739126512655
2010-04-15,86.9,4.464758032271346,0.012622482452316742
2010-04-16,84.81,4.440413460373609,-0.024344571897737706
2010-04-19,83.09,4.41992435767689,-0.02048910269671865
2010-04-20,84.73,4.439469730210373,0.019545372533482756
2010-04-21,84.55,4.4373430753445895,-0.002126654865783473
2010-04-22,84.58,4.437697832044343,0.0003547566997533253
2010-04-23,86.09,4.455393260669863,0.017695428625520697
2010-04-26,86.72,4.462684537691336,0.007291277021472746
2010-04-27,85.59,4.4495684538935185,-0.013116083797817714
2010-04-28,84.59,4.437816056315923,-0.011752397577595183
2010-04-29,86.82,4.4638370098714475,0.02602095355552417
2010-04-30,86.19,4.456554161659308,-0.007282848212139619
2010-05-03,88.09,4.478359019121704,0.021804857462396392
2010-05-04,85.39,4.447228997919515,-0.031130021202189585
2010-05-05,82.31,4.410492606984553,-0.03673639093496213
2010-05-06,80.21,4.384648195378833,-0.025844411605719538
2010-05-07,76.48,4.337029268743146,-0.04761892663568725
2010-05-10,78.08,4.357733942104837,0.0207046733616912
2010-05-11,79.0,4.3694478524670215,0.011713910362184577
2010-05-12,78.7,4.365643155423357,-0.00380469704366386
2010-05-13,79.41,4.37462430490712,0.008981149483761903
2010-05-14,76.43,4.336375289254793,-0.0382490156523267
2010-05-17,73.87,4.302306791540646,-0.034068497714146405
2010-05-18,75.12,4.319086834900007,0.01678004335936107
2010-05-19,71.86,4.274719781685373,-0.04436705321463481
2010-05-20,69.56,4.242189689486082,-0.03253009219929035
2010-05-21,70.45,4.254903238344689,0.012713548858606857
2010-05-24,69.62,4.243051882383293,-0.011851355961396345
2010-05-25,67.18,4.207375584184147,-0.03567629819914608
2010-05-26,70.59,4.256888491407381,0.04951290722323401
2010-05-27,73.56,4.298101399736121,0.041212908328739487
2010-05-28,73.0,4.290459441148391,-0.0076419585877292185
2010-06-01,73.08,4.291554731509806,0.0010952903614147435
2010-06-02,72.78,4.287441192184014,-0.004113539325792142
2010-06-03,73.12,4.292101927145895,0.004660734961880847
2010-06-04,71.84,4.274441423993944,-0.017660503151950478
2010-06-07,71.09,4.263946679941392,-0.010494744052552466
2010-06-08,71.43,4.268717949166882,0.004771269225489354
2010-06-09,73.68,4.299731391947051,0.031013442780170385
2010-06-10,74.33,4.308514638737202,0.008783246790150662
2010-06-11,73.28,4.294287720365875,-0.014226918371327278
2010-06-14,75.11,4.31895370569792,0.024665985332045615
2010-06-15,75.29,4.321347323862031,0.0023936181641105994
2010-06-16,76.12,4.332311042427949,0.010963718565917858
2010-06-17,77.52,4.350535967582511,0.018224925154561936
2010-06-18,77.05,4.344454561766125,-0.006081405816386031
2010-06-21,78.53,4.363480717386783,0.019026155620658628
2010-06-22,78.08,4.357733942104837,-0.005746775281946214
2010-06-23,75.22,4.32041715304219,-0.03731678906264673
2010-06-24,75.17,4.319752215189378,-0.0006649378528127397
2010-06-25,76.21,4.333492687678026,0.013740472488648384
2010-06-28,76.66,4.339380059952409,0.0058873722743828715
2010-06-29,74.21,4.306898911982042,-0.03248114797036684
2010-06-30,74.94,4.316687793365541,0.009788881383499173
2010-07-01,71.73,4.272909070138343,-0.04377872322719814
2010-07-02,71.75,4.273187854639731,0.000278784501387278
2010-07-06,73.08,4.291554731509806,0.01836687687007549
2010-07-07,72.97,4.290048397777529,-0.0015063337322772726
2010-07-08,74.56,4.311604170377335,0.021555772599807076
2010-07-09,75.2,4.320151230955794,0.008547060578458348
2010-07-12,74.35,4.308783672906164,-0.011367558049630123
2010-07-13,76.45,4.336636932375072,0.027853259468907276
2010-07-14,76.63,4.3389886449823125,0.002351712607241501
2010-07-15,75.52,4.324397521837245,-0.014591123145067638
2010-07-16,75.55,4.3247946887187485,0.00039716688150340257
2010-07-19,76.29,4.334541868102138,0.009747179383389577
2010-07-20,76.31,4.334803991301542,0.00026212319940374114
2010-07-21,75.75,4.327438444389479,-0.007365546912063299
2010-07-22,77.59,4.351438552905858,0.024000108516379324
2010-07-23,77.27,4.347305781945493,-0.004132770960365509
2010-07-26,77.9,4.355425952876702,0.008120170931210088
2010-07-27,75.52,4.324397521837245,-0.03102843103945744
2010-07-28,76.66,4.339380059952409,0.014982538115163755
2010-07-29,78.6,4.364371699435161,0.024991639482751786
2010-07-30,77.5,4.350277936359301,-0.014093763075859479
2010-08-02,81.93,4.4058652241537235,0.055587287794422034
2010-08-03,83.6,4.426043520090656,0.020178295936932385
2010-08-04,83.76,4.427955566562281,0.0019120464716256631
2010-08-05,82.9,4.417635062141249,-0.010320504421032085
2010-08-06,81.28,4.397899983830172,-0.019735078311077535
2010-08-09,81.54,4.401093697391107,0.003193713560935743
2010-08-10,79.89,4.380650688493951,-0.020443008897156858
2010-08-11,77.83,4.354526960971297,-0.026123727522653795
2010-08-12,76.63,4.3389886449823125,-0.015538315988983937
2010-08-13,75.14,4.319353040145823,-0.019635604836490097
2010-08-16,74.56,4.311604170377335,-0.007748869768487092
2010-08-17,76.74,4.340423084818807,0.02881891444147041
2010-08-18,75.1,4.318820558770089,-0.021602526048717235
2010-08-19,74.84,4.315352501405889,-0.0034680573642000335
2010-08-20,73.48,4.297013260346925,-0.018339241058963906
2010-08-23,73.08,4.291554731509806,-0.005458528837118989
2010-08-24,70.61,4.257171777528256,-0.03438295398155046
2010-08-25,70.74,4.259011183777335,0.0018394062490789782
2010-08-26,74.5,4.310799125385514,0.0517879416081793
2010-08-27,75.16,4.319619174545265,0.008820049159750753
2010-08-30,76.05,4.331391018705302,0.01177184416003726
2010-08-31,75.51,4.324265097815334,-0.007125920889967549
2010-09-01,75.53,4.324529928325356,0.0002648305100224291
2010-09-02,74.93,4.316554344376219,-0.007975583949137215
2010-09-03,75.03,4.3178880335576375,0.0013336891814179767
2010-09-07,75.78,4.327834405590455,0.009946372032817424
2010-09-08,77.48,4.350019838538795,0.022185432948340435
2010-09-09,77.87,4.355040769588895,0.005020931050099664
2010-09-10,77.54,4.350793932242783,-0.004246837346111649
2010-09-13,78.52,4.3633533694082605,0.012559437165477173
2010-09-14,78.89,4.368054477106998,0.004701107698737891
2010-09-15,78.46,4.362588940781406,-0.005465536325591782
2010-09-16,78.89,4.368054477106998,0.005465536325591804
2010-09-17,77.43,4.349374302398632,-0.018680174708366
2010-09-20,79.42,4.374750225703106,0.025375923304473143
2010-09-21,78.76,4.366405253770925,-0.008344971932180534
2010-09-22,77.29,4.34756458111878,-0.018840672652145108
2010-09-23,77.69,4.3527265489623295,0.005161967843549569
2010-09-24,78.73,4.3660242771963755,0.013297728234046426
2010-09-27,77.71,4.352983949221151,-0.013040327975225141
2010-09-28,79.14,4.371218435957278,0.018234486736127507
2010-09-29,78.79,4.366786085257597,-0.004432350699681398
2010-09-30,80.77,4.391605609454205,0.024819524196608104
2010-10-01,82.69,4.415098675734075,0.023493066279870363
2010-10-04,83.42,4.423888088768799,0.00878941303472398
2010-10-05,83.35,4.423048609196803,-0.0008394795719962453
2010-10-06,85.01,4.442768896629268,0.019720287432464595
2010-10-07,83.67,4.426880490307507,-0.015888406321760203
2010-10-08,83.88,4.429387206033719,0.0025067157262118516
2010-10-11,83.08,4.419803999007912,-0.009583207025807563
2010-10-12,82.99,4.418720118610357,-0.0010838803975549863
2010-10-13,84.01,4.4309358393767555,0.012215720766399204
2010-10-14,83.55,4.425445255041403,-0.005490584335353135
2010-10-15,81.94,4.405987272118725,-0.019457982922677745
2010-10-18,82.3,4.410371107683024,0.004383835564299095
2010-10-19,81.12,4.395929539842873,-0.014441567840151041
2010-10-20,81.68,4.402809173856411,0.006879634013537007
2010-10-21,81.28,4.397899983830172,-0.004909190026238408
2010-10-22,80.75,4.391357962102766,-0.006542021727405801
2010-10-25,81.91,4.40562108352751,0.014263121424744774
2010-10-26,82.62,4.414251781968619,0.008630698441107804
2010-10-27,81.27,4.397776944765114,-0.016474837203505097
2010-10-28,82.97,4.418479096676194,0.020702151911080473
2010-10-29,82.47,4.4124345908452645,-0.006044505830929903
2010-11-01,84.06,4.431530829576971,0.019096238731706676
2010-11-02,84.71,4.4392336584434595,0.007702828866488887
2010-11-03,85.33,4.446526092548494,0.007292434105033958
2010-11-04,86.83,4.463952184072554,0.017426091524060373
2010-11-05,87.05,4.466482666214198,0.0025304821416442078
2010-11-08,87.15,4.46763077196603,0.0011481057518319265
2010-11-09,87.93,4.4765410433909105,0.008910271424880914
2010-11-10,87.92,4.4764273100953655,-0.0001137332955448697
2010-11-11,88.08,4.478245492414424,0.001818182319058505
2010-11-12,86.07,4.455160918661383,-0.023084573753041515
2010-11-15,85.49,4.448399410038142,-0.006761508623240744
2010-11-16,83.98,4.430578675256047,-0.017820734782094984
2010-11-17,83.36,4.423168578005057,-0.007410097250990533
2010-11-18,83.7,4.4272389774954295,0.004070399490372823
2010-11-19,83.17,4.420886705880596,-0.006352271614833484
2010-11-22,82.34,4.410857016341759,-0.010029689538837512
2010-11-23,82.37,4.411221292953157,0.0003642766113988059
2010-11-24,84.53,4.437106500940836,0.02588520798767887
2010-11-26,84.78,4.440059665924491,0.002953164983654876
2010-11-29,85.9,4.45318382899021,0.013124163065718586
2010-11-30,86.02,4.45457982735559,0.0013959983653803964
2010-12-01,88.56,4.4836802884003815,0.029100461044791155
2010-12-02,89.37,4.492785055393301,0.009104766992919287
2010-12-03,90.65,4.50700593720086,0.014220881807559418
2010-12-06,91.25,4.513602992462601,0.006597055261740747
2010-12-07,90.78,4.508438997028319,-0.005163995434281317
2010-12-08,89.74,4.496916600547837,-0.01152239648048232
2010-12-09,89.93,4.499031589926425,0.0021149893785869824
2010-12-10,89.54,4.49468545281282,-0.004346137113604622
2010-12-13,90.4,4.504244267398131,0.009558814585311373
2010-12-14,90.63,4.50678528406669,0.0025410166685594085
2010-12-15,91.33,4.514479320703588,0.007694036636897325
2010-12-16,91.09,4.511848028756718,-0.0026312919468690845
2010-12-17,91.11,4.512067567725767,0.00021953896904857305
2010-12-20,91.31,4.514260310628249,0.0021927429024816434
2010-12-21,93.11,4.533781589900438,0.01952127927218968
2010-12-22,93.55,4.538496052720099,0.004714462819660161
2010-12-23,93.63,4.539350844950798,0.0008547922306991307
2010-12-27,93.08,4.533459338434091,-0.005891506516706714
2010-12-28,93.52,4.538175317163813,0.004715978729721912
2010-12-29,93.52,4.538175317163813,0.0
2010-12-30,92.5,4.52720864451838,-0.010966672645433394
2010-12-31,93.23,4.535069558308602,0.007860913790222858
2011-01-03,95.82,4.562471431454976,0.027401873146373584
2011-01-04,93.52,4.538175317163813,-0.024296114291163053
2011-01-05,95.07,4.554613462370939,0.016438145207126015
2011-01-06,94.95,4.553350437258295,-0.0012630251126440825
2011-01-07,94.25,4.54595082632812,-0.007399610930174805
2011-01-10,95.05,4.554403068934438,0.008452242606317956
2011-01-11,96.8,4.572646994282532,0.018243925348093187
2011-01-12,97.86,4.583537885860977,0.010890891578446284
2011-01-13,97.86,4.583537885860977,0.0
2011-01-14,97.86,4.583537885860977,0.0
2011-01-18,97.83,4.583231278469338,-0.00030660739164003564
2011-01-19,98.42,4.589244035437832,0.006012756968494704
2011-01-20,96.27,4.567156743789875,-0.022087291647957037
2011-01-21,96.84,4.573060132069858,0.005903388279982686
2011-01-24,96.76,4.572233685741827,-0.0008264463280311878
2011-01-25,96.76,4.572233685741827,0.0
2011-01-26,96.04,4.564764771353053,-0.00746891438877399
2011-01-27,96.48,4.5693357329788755,0.004570961625822774
2011-01-28,97.06,4.57532934397707,0.005993610998194775
2011-01-31,98.97,4.5948167739086,0.019487429931529503
2011-02-01,100.4,4.609162207257629,0.014345433349029192
2011-02-02,101.3,4.618086411254637,0.008924203997008868
2011-02-03,101.69,4.621928969803046,0.0038425585484084326
2011-02-04,99.43,4.599453878991982,-0.022475090811063737
2011-02-07,99.44,4.599554447202456,0.00010056821047335195
2011-02-08,99.25,4.5976419195673,-0.0019125276351559094
2011-02-09,100.16,4.606768907351788,0.00912698778448857
2011-02-10,100.74,4.612542940317504,0.00577403296571607
2011-02-11,99.93,4.604469940873698,-0.008072999443806407
2011-02-14,103.12,4.635893358630932,0.0314234177572339
2011-02-15,102.48,4.629667657588479,-0.006225701042453104
2011-02-16,102.78,4.632590781564083,0.002923123975604794
2011-02-17,103.45,4.639088404191552,0.006497622627468438
2011-02-18,102.2,4.626931677769604,-0.01215672642194797
2011-02-22,106.82,4.671145174911624,0.04421349714202007
2011-02-23,109.77,4.698387267699225,0.027242092787600817
2011-02-24,113.91,4.735408662911821,0.037021395212595565
2011-02-25,111.47,4.713755496401532,-0.02165316651028857
2011-02-28,112.27,4.720906684470688,0.0071511880691559815
2011-03-01,113.34,4.730392150741473,0.009485466270785134
2011-03-02,116.89,4.761233321619679,0.030841170878205613
2011-03-03,114.42,4.739875888840383,-0.021357432779296193
2011-03-04,115.71,4.7510870608882465,0.011211172047863401
2011-03-07,116.58,4.758577732617404,0.007490671729157659
2011-03-08,112.32,4.721351940277501,-0.037225792339902766
2011-03-09,115.19,4.746582938938415,0.025230998660914127
2011-03-10,114.07,4.736812295039806,-0.009770643898608582
2011-03-11,114.07,4.736812295039806,0.0
2011-03-14,112.95,4.726945242914012,-0.009867052125794164
2011-03-15,111.11,4.710520701595917,-0.016424541318094985
2011-03-16,110.96,4.7091697760065765,-0.0013509255893412687
2011-03-17,114.18,4.737776150536114,0.028606374529537012
2011-03-18,114.13,4.737338149565509,-0.0004380009706046177
2011-03-21,114.92,4.744236234111089,0.006898084545580285
2011-03-22,115.63,4.75039543814087,0.006159204029781476
2011-03-23,115.65,4.750568388677448,0.00017295053657789033
2011-03-24,115.41,4.748491005432314,-0.002077383245134846
2011-03-25,115.45,4.748837535800504,0.00034653036819092507
2011-03-28,115.95,4.753159063701541,0.004321527901036398
2011-03-29,115.58,4.749962930889632,-0.003196132811908801
2011-03-30,115.35,4.747970984619762,-0.001991946269869251
2011-03-31,116.94,4.761660982747524,0.013689998127761694
2011-04-01,118.63,4.776009405673012,0.014348422925487436
2011-04-04,120.07,4.788074906042627,0.012065500369614757
2011-04-05,122.87,4.81112688587948,0.023051979836853257
2011-04-06,123.01,4.8122656528806935,0.0011387670012137708
2011-04-07,122.9,4.811371016571989,-0.0008946363087044577
2011-04-08,126.3,4.838660029356445,0.02728901278445632
2011-04-11,126.46,4.839926052630467,0.0012660232740216075
2011-04-12,121.33,4.798514106063782,-0.04141194656668541
2011-04-13,122.7,4.809742351716865,0.011228245653084138
2011-04-14,122.74,4.810068296960951,0.0003259452440851679
2011-04-15,124.63,4.825349347838285,0.015281050877334655
2011-04-18,121.69,4.801476827348709,-0.023872520489576783
2011-04-19,121.35,4.79867893217261,-0.002797895176098362
2011-04-20,124.26,4.822376144635548,0.023697212462937534
2011-04-21,123.64,4.817374117263916,-0.005002027371632235
2011-04-26,124.55,4.8247072417081895,0.007333124444273802
2011-04-27,124.94,4.827833622065424,0.00312638035723441
2011-04-28,126.59,4.840953517648737,0.013119895583313135
2011-05-02,126.64,4.841348415572757,0.0003948979240197456
2011-05-03,124.01,4.820362207514681,-0.020986208058075637
2011-05-04,121.55,4.800325700762133,-0.02003650675254868
2011-05-05,111.93,4.717873675901176,-0.08245202486095615
2011-05-06,113.69,4.733475446141015,0.015601770239838863
2011-05-09,113.21,4.729244501090018,-0.004230945050997192
2011-05-10,117.82,4.7691580360935415,0.03991353500352327
2011-05-11,115.66,4.750654852730072,-0.018503183363469056
2011-05-12,112.87,4.726236713967535,-0.02441813876253715
2011-05-13,113.08,4.72809553282539,0.0018588188578545506
2011-05-16,113.72,4.733739286782799,0.005643753957409501
2011-05-17,109.39,4.694919478131699,-0.038819808651099616
2011-05-18,112.54,4.723308714005133,0.028389235873433442
2011-05-19,113.2,4.729156165769083,0.005847451763949595
2011-05-20,111.25,4.711779921046349,-0.017376244722732977
2011-05-23,110.13,4.701661486176852,-0.010118434869496993
2011-05-24,112.52,4.723130983621656,0.02146949744480352
2011-05-25,114.47,4.740312779930385,0.01718179630872897
2011-05-26,115.06,4.7454537314351475,0.005140951504762527
2011-05-27,114.85,4.743626929135107,-0.0018268023000401633
2011-05-31,117.18,4.7637112141166424,0.020084284981535458
2011-06-01,116.15,4.754882459216418,-0.008828754900224457
2011-06-02,114.3,4.738826570800765,-0.01605588841565326
2011-06-03,115.09,4.745714430980399,0.006887860179634804
2011-06-06,115.4,4.748404354073999,0.002689923093599565
2011-06-07,116.14,4.754796359943904,0.0063920058699046154
2011-06-08,118.43,4.774322068733404,0.019525708789499854
2011-06-09,119.95,4.787074989285704,0.012752920552299965
2011-06-10,118.71,4.776683544065443,-0.010391445220260991
2011-06-13,120.49,4.791566761935185,0.014883217869742482
2011-06-14,120.35,4.790404164229081,-0.0011625977061041467
2011-06-15,114.67,4.742058438050213,-0.048345726178867905
2011-06-16,114.69,4.742232836376431,0.0001743983262181452
2011-06-17,113.74,4.733915141878653,-0.008317694497777486
2011-06-20,112.21,4.720372115676775,-0.013543026201878729
2011-06-21,112.02,4.718677426781686,-0.0016946888950886705
2011-06-22,113.59,4.73259547424333,0.01391804746164415
2011-06-23,108.27,4.684628107322807,-0.04796736692052339
2011-06-24,104.79,4.65195834748685,-0.03266975983595653
2011-06-27,104.57,4.649856703610498,-0.002101643876353039
2011-06-28,107.57,4.678141798443914,0.028285094833416593
2011-06-29,111.49,4.71393490077948,0.035793102335565964
2011-06-30,111.71,4.715906227582757,0.00197132680327682
2011-07-01,109.82,4.698842661850726,-0.017063565732030397
2011-07-05,113.21,4.729244501090018,0.030401839239291458
2011-07-06,113.55,4.732243268551567,0.002998767461549395
2011-07-07,117.4,4.765586907393996,0.033343638842428636
2011-07-08,117.4,4.765586907393996,0.0
2011-07-11,117.35,4.765160922297032,-0.00042598509696363713
2011-07-12,117.36,4.765246133834726,8.521153769375639e-05
2011-07-13,118.46,4.774575350848819,0.00932921701409284
2011-07-14,117.38,4.765416535130188,-0.009158815718630649
2011-07-15,118.06,4.771192969812543,0.005776434682354857
2011-07-18,117.05,4.76260119393692,-0.008591775875623582
2011-07-19,118.18,4.772208885917529,0.009607691980608877
2011-07-20,118.52,4.775081722705364,0.002872836787835858
2011-07-21,118.25,4.772801027372043,-0.0022806953333220953
2011-07-22,118.99,4.779039455967062,0.00623842859501972
2011-07-25,118.27,4.772970146263026,-0.006069309704036568
2011-07-26,118.14,4.771870361879089,-0.001099784383936274
2011-07-27,117.99,4.770599875111828,-0.0012704867672613273
2011-07-28,118.16,4.7720396382231245,0.0014397631112964872
2011-07-29,115.93,4.75298656068231,-0.019053077540814155
2011-08-01,116.37,4.756774770119986,0.003788209437675382
2011-08-02,116.02,4.753762590037918,-0.0030121800820672997
2011-08-03,113.74,4.733915141878653,-0.019847448159264675
2011-08-04,110.22,4.70247836845509,-0.03143677342356424
2011-08-05,106.92,4.672080891270718,-0.030397477184371045
2011-08-08,103.06,4.635311342900078,-0.03676954837064004
2011-08-09,103.63,4.640826863196126,0.005515520296047666
2011-08-10,103.84,4.64285125295578,0.00202438975965394
2011-08-11,107.82,4.680463170023523,0.03761191706774266
2011-08-12,108.17,4.683704063642198,0.0032408936186756865
2011-08-15,108.89,4.69033819835797,0.0066341347157714515
2011-08-16,109.69,4.6976582054232425,0.007320007065273049
2011-08-17,111.37,4.712857991405009,0.015199785981766186
2011-08-18,108.36,4.685459017216894,-0.027398974188114503
2011-08-19,109.37,4.694736629347134,0.009277612130240148
2011-08-22,108.83,4.68978703170797,-0.004949597639164138
2011-08-23,110.35,4.703657132702745,0.013870100994775092
2011-08-24,111.91,4.717694976829936,0.0140378441271905
2011-08-25,111.91,4.717694976829936,0.0
2011-08-26,112.29,4.721084810584447,0.003389833754511524
2011-08-30,115.59,4.750049447306176,0.028964636721728672
2011-08-31,116.48,4.757719584448376,0.007670137142199868
2011-09-01,116.43,4.7572902340489245,-0.00042935039945118095
2011-09-02,115.92,4.752900298012427,-0.0043899360364977194
2011-09-06,113.29,4.729950902885397,-0.022949395127029683
2011-09-07,117.5,4.7664383335842135,0.03648743069881642
2011-09-08,117.99,4.770599875111828,0.004161541527614063
2011-09-09,115.1,4.745801315727837,-0.02479855938399094
2011-09-12,114.75,4.7427558489406545,-0.0030454667871823277
2011-09-13,114.08,4.736899956665986,-0.005855892274668723
2011-09-14,113.1,4.728272383122075,-0.008627573543911067
2011-09-15,116.71,4.759692225424263,0.03141984230218762
2011-09-16,116.26,4.755829062273205,-0.0038631631510576726
2011-09-19,112.89,4.726413893273455,-0.029415168999748918
2011-09-20,114.39,4.739613662537582,0.013199769264126502
2011-09-21,114.26,4.738476553296317,-0.0011371092412655918
2011-09-22,109.21,4.693272634209637,-0.04520391908667957
2011-09-23,109.17,4.6929063002921785,-0.00036633391745880017
2011-09-26,107.9,4.681204872264089,-0.011701428028089121
2011-09-27,109.54,4.696289779355575,0.015084907091486247
2011-09-28,108.52,4.686934487790731,-0.009355291564844397
2011-09-29,107.08,4.673576218652152,-0.013358269138579171
2011-09-30,105.42,4.6579523714270605,-0.015623847225090897
2011-10-03,103.61,4.640633850263661,-0.01731852116340045
2011-10-04,101.84,4.623402954249151,-0.01723089601450929
2011-10-05,103.77,4.642176911617187,0.018773957368035832
2011-10-06,104.38,4.6480380862152675,0.00586117459808006
2011-10-07,106.56,4.668708206792079,0.020670120576811966
2011-10-10,109.49,4.6958332208853335,0.027125014093254525
2011-10-11,109.22,4.693364196724008,-0.0024690241613258765
2011-10-12,112.44,4.722419746038331,0.029055549314323453
2011-10-13,112.45,4.722508678405324,8.893236699350072e-05
2011-10-14,114.33,4.739089003553879,0.01658032514855391
2011-10-17,112.92,4.726679603385288,-0.012409400168589954
2011-10-18,112.08,4.719212902028752,-0.007466701356537079
2011-10-19,111.76,4.716353714948706,-0.0028591870800451333
2011-10-20,109.0,4.6913478822291435,-0.025005832719562766
2011-10-21,111.6,4.71492104994721,0.02357316771806681
2011-10-24,111.67,4.7155480934577,0.0006270435104903454
2011-10-25,112.11,4.719480532165502,0.003932438707801509
2011-10-26,110.43,4.7043818360590395,-0.015098696106462682
2011-10-27,112.45,4.722508678405324,0.01812684234628526
2011-10-28,110.01,4.700571270751344,-0.02193740765398031
2011-10-31,108.43,4.68610480348409,-0.014466467267253803
2011-11-01,106.97,4.672548421318039,-0.013556382166051189
2011-11-02,110.82,4.707907263439203,0.03535884212116406
2011-11-03,110.76,4.707365698302761,-0.0005415651364423556
2011-11-04,112.22,4.720461230322826,0.013095532020064828
2011-11-07,114.75,4.7427558489406545,0.022294618617828627
2011-11-08,115.61,4.75022245768723,0.007466608746575857
2011-11-09,115.29,4.747450693244862,-0.0027717644423680067
2011-11-10,113.32,4.730215674962316,-0.017235018282546616
2011-11-11,114.43,4.739963282329623,0.00974760736730763
2011-11-14,112.57,4.7235752503667126,-0.016388031962910887
2011-11-15,111.9,4.71760561531788,-0.005969635048832978
2011-11-16,111.91,4.717694976829936,8.936151205615304e-05
2011-11-17,109.25,4.693638833975699,-0.024056142854236268
2011-11-18,107.82,4.680463170023523,-0.013175663952176897
2011-11-21,105.98,4.663250397064616,-0.017212772958906556
2011-11-22,107.77,4.6799993266087405,0.016748929544124175
2011-11-23,106.83,4.671238785957796,-0.008760540650944247
2011-11-25,106.08,4.664193526437552,-0.00704525952024364
2011-11-28,109.38,4.694828057918627,0.030634531481074187
2011-11-29,111.25,4.711779921046349,0.016951863127722858
2011-11-30,111.22,4.711510221759418,-0.00026969928693168976
2011-12-01,108.83,4.68978703170797,-0.021723190051447662
2011-12-02,109.59,4.696746129475301,0.006959097767330521
2011-12-05,110.18,4.70211539204457,0.005369262569269776
2011-12-06,110.16,4.7019338544204,-0.0001815376241711207
2011-12-07,110.07,4.701116527035301,-0.0008173273850990331
2011-12-08,108.23,4.684258592307055,-0.01685793472824519
2011-12-09,107.91,4.681297546375642,-0.002961045931412832
2011-12-12,107.82,4.680463170023523,-0.0008343763521196721
2011-12-13,109.25,4.693638833975699,0.013175663952176977
2011-12-14,105.72,4.660794089736088,-0.032844744239611104
2011-12-15,104.52,4.649378440652412,-0.011415649083676769
2011-12-16,104.0,4.6443908991413725,-0.004987541511039051
2011-12-19,104.55,4.649665425874643,0.0052745267332697885
2011-12-20,107.8,4.680277658474897,0.030612232600254127
2011-12-21,108.0,4.68213122712422,0.0018535686493228347
2011-12-22,108.98,4.691164379154952,0.009033152030732532
2011-12-23,109.28,4.69391339582248,0.0027490166675276447
2011-12-28,107.54,4.6778628713815325,-0.01605052444094789
2011-12-29,106.89,4.671800268285854,-0.006062603095677675
2011-12-30,108.09,4.682964213428112,0.011163945142257175
2012-01-03,111.12,4.7106106984460885,0.027646485017976764
2012-01-04,113.37,4.730656806029507,0.02004610758341896
2012-01-05,113.59,4.73259547424333,0.0019386682138228725
2012-01-06,111.96,4.718141664647253,-0.014453809596077602
2012-01-09,111.07,4.7101606331790284,-0.00798103146822407
2012-01-10,113.3,4.730039168033961,0.01987853485493207
2012-01-11,111.66,4.715458539882214,-0.014580628151746291
2012-01-12,112.97,4.7271222967388375,0.011663756856623025
2012-01-13,109.88,4.699388861227073,-0.02773343551176427
2012-01-17,110.55,4.705467907303455,0.0060790460763821925
2012-01-18,109.81,4.698751599609622,-0.00671630769383341
2012-01-19,109.54,4.696289779355575,-0.0024618202540465355
2012-01-20,108.5,4.686750172980514,-0.009539606375061066
2012-01-23,109.46,4.695559185715772,0.008809012735257894
2012-01-24,108.38,4.685643570137968,-0.009915615577803944
2012-01-25,108.48,4.686565824192085,0.0009222540541173021
2012-01-26,109.08,4.692081557977388,0.0055157337853022625
2012-01-27,110.5,4.705015520957808,0.01293396298041971
2012-01-30,110.24,4.7026598072653485,-0.002355713692459148
2012-01-31,110.26,4.702841213161538,0.00018140589618916586
2012-02-01,111.96,4.718141664647253,0.015300451485715056
2012-02-02,110.96,4.7091697760065765,-0.008971888640676665
2012-02-03,112.56,4.723486412806134,0.014316636799557466
2012-02-06,115.47,4.749010755963765,0.02552434315763072
2012-02-07,116.86,4.760976637126291,0.011965881162526585
2012-02-08,117.18,4.7637112141166424,0.002734576990351577
2012-02-09,118.4,4.774068722449905,0.010357508333262749
2012-02-10,118.13,4.771785712960429,-0.0022830094894768674
2012-02-13,118.73,4.776852007677701,0.0050662947172723325
2012-02-14,118.3,4.773223770984341,-0.003628236693359818
2012-02-15,120.25,4.78957290898587,0.01634913800152941
2012-02-16,121.0,4.795790545596741,0.006217636610870582
2012-02-17,120.69,4.7932252746298065,-0.002565270966934561
2012-02-21,120.85,4.794550107149492,0.001324832519685508
2012-02-22,123.07,4.812753299184245,0.018203192034753318
2012-02-23,124.53,4.824546650733057,0.011793351548811825
2012-02-24,124.89,4.827433349874994,0.0028866991419366295
2012-02-27,126.46,4.839926052630467,0.012492702755473378
2012-02-28,124.02,4.820442842921731,-0.0194832097087352
2012-02-29,122.23,4.805904515789171,-0.01453832713256046
2012-03-01,125.76,4.834375328680896,0.02847081289172496
2012-03-02,125.93,4.835726197017755,0.0013508683368586777
2012-03-05,126.68,4.841664221670439,0.00593802465268408
2012-03-06,125.03,4.828553708506909,-0.01311051316353078
2012-03-07,125.37,4.831269365127934,0.0027156566210254957
2012-03-08,127.96,4.8517177150813176,0.020448349953383422
2012-03-09,128.08,4.85265506868846,0.0009373536071422306
2012-03-12,127.27,4.846310814003956,-0.006344254684503679
2012-03-13,128.14,4.853123416210876,0.006812602206919608
2012-03-14,126.98,4.844029593742304,-0.00909382246857156
2012-03-15,123.63,4.817293234018836,-0.026736359723468193
2012-03-16,125.09,4.82903347822665,0.011740244207814316
2012-03-19,125.76,4.834375328680896,0.005341850454246556
2012-03-20,124.38,4.823341395675743,-0.011033933005153304
2012-03-21,123.89,4.819394075127647,-0.003947320548095663
2012-03-22,122.49,4.808029393999594,-0.011364681128053491
2012-03-23,125.21,4.8299923276808565,0.021962933681262176
2012-03-26,125.85,4.835090721581325,0.005098393900468559
2012-03-27,125.25,4.830311739964974,-0.004778981616350692
2012-03-28,124.41,4.8235825629264,-0.006729177038574527
2012-03-29,123.23,4.8140525279500315,-0.009530034976367834
2012-03-30,123.41,4.815512145465092,0.0014596175150603536
2012-04-02,124.44,4.8238236720294365,0.008311526564344121
2012-04-04,123.04,4.812509505757334,-0.011314166272102341
2012-04-05,123.58,4.816888719632834,0.004379213875499616
2012-04-10,121.89,4.803118998667745,-0.013769720965088418
2012-04-11,120.41,4.790902585904128,-0.012216412763617446
2012-04-12,120.57,4.79223049712922,0.0013279112250916838
2012-04-13,120.62,4.792645108022841,0.00041461089362135616
2012-04-16,118.23,4.772631879875022,-0.020013228147818713
2012-04-17,117.41,4.76567208264212,-0.006959797232901564
2012-04-18,115.18,4.7464961220785264,-0.01917596056359413
2012-04-19,117.0,4.762173934797756,0.01567781271922979
2012-04-20,118.08,4.771362360852162,0.00918842605440617
2012-04-23,116.66,4.759263721325492,-0.012098639526670828
2012-04-24,117.74,4.768478803600115,0.009215082274623832
2012-04-25,117.45,4.7660127111049215,-0.0024660924951934427
2012-04-26,119.33,4.781892764381564,0.015880053276642592
2012-04-27,119.3,4.78164132910387,-0.0002514352776939124
2012-04-30,118.66,4.776262260830497,-0.00537906827337325
2012-05-01,119.57,4.7839019739314885,0.0076397131009914255
2012-05-02,117.57,4.76703390087965,-0.016868073051838805
2012-05-03,115.91,4.752814027900653,-0.014219872978996143
2012-05-04,111.66,4.715458539882214,-0.037355488018439215
2012-05-08,110.48,4.704834509101037,-0.010624030781177657
2012-05-09,111.89,4.717516245819629,0.012681736718593087
2012-05-10,112.24,4.720639435794205,0.003123189974575727
2012-05-11,112.5,4.722953221644475,0.0023137858502694673
2012-05-14,110.79,4.707636517532581,-0.015316704111893288
2012-05-15,111.4,4.713127327493184,0.005490809960602221
2012-05-16,109.8,4.69866052907543,-0.01446679841775349
2012-05-17,109.31,4.694187882305744,-0.004472646769686114
2012-05-18,108.03,4.682408966328894,-0.01177891597685057
2012-05-21,109.02,4.691531351636135,0.009122385307241219
2012-05-22,109.76,4.6982961639775755,0.0067648123414403094
2012-05-23,106.88,4.671706709788335,-0.02658945418923961
2012-05-24,107.2,4.674696248636701,0.002989538848365986
2012-05-25,107.86,4.680834089909081,0.006137841272379274
2012-05-29,107.55,4.677955855713739,-0.002878234195341909
2012-05-30,103.85,4.642947550322122,-0.03500830539161776
2012-05-31,103.86,4.6430438384161725,9.628809405154225e-05
2012-06-01,98.63,4.591375474965902,-0.0516683634502708
2012-06-04,97.74,4.582310891842009,-0.009064583123893393
2012-06-05,98.65,4.591578232468624,0.009267340626615805
2012-06-06,101.14,4.616505695651837,0.02492746318321248
2012-06-07,100.05,4.605670061029742,-0.01083563462209458
2012-06-08,97.57,4.580570069119859,-0.025099991909883768
2012-06-11,98.6,4.591071261608589,0.010501192488731135
2012-06-12,96.59,4.570475216191205,-0.02059604541738512
2012-06-13,97.29,4.577696208987336,0.007220992796131693
2012-06-14,96.46,4.569128414640826,-0.00856779434651058
2012-06-15,97.13,4.5760502874142395,0.006921872773413319
2012-06-18,95.21,4.5560849782976,-0.019965309116639168
2012-06-19,95.14,4.555349491004136,-0.0007354872934644893
2012-06-20,93.5,4.537961436294641,-0.017388054709494154
2012-06-21,89.22,4.491105229700119,-0.04685620659452261
2012-06-22,89.22,4.491105229700119,0.0
2012-06-25,88.69,4.485147143388361,-0.005958086311757785
2012-06-26,90.19,4.501918556177617,0.0167714127892559
2012-06-27,92.06,4.5224405383890955,0.02052198221147854
2012-06-28,91.02,4.5110792625884955,-0.011361275800599592
2012-06-29,94.17,4.545101659521972,0.03402239693347613
2012-07-02,95.28,4.556819925047044,0.011718265525072845
2012-07-03,99.89,4.604069580544058,0.047249655497013605
2012-07-05,101.54,4.620452809519248,0.016383228975189866
2012-07-06,98.5,4.590056548178043,-0.030396261341205173
2012-07-09,99.94,4.604570005916059,0.014513457738015824
2012-07-10,99.15,4.5966338549658055,-0.007936150950253846
2012-07-11,99.23,4.5974403879261505,0.0008065329603451643
2012-07-12,99.18,4.596936381060988,-0.0005040068651622872
2012-07-13,101.91,4.6240900708406025,0.02715368977961437
2012-07-16,102.1,4.625952725170619,0.0018626543300175357
2012-07-17,104.21,4.646408094004336,0.020455368833716132
2012-07-18,105.92,4.662684092188698,0.016275998184361977
2012-07-19,107.79,4.680184889793537,0.01750079760483903
2012-07-20,106.98,4.672641901103104,-0.0075429886904330255
2012-07-23,103.91,4.643525139864555,-0.029116761238548738
2012-07-24,103.57,4.640247712600788,-0.0032774272637678694
2012-07-25,102.35,4.628398312107299,-0.011849400493488944
2012-07-26,104.77,4.651767471364874,0.023369159257575007
2012-07-27,106.3,4.666265285347902,0.014497813983028724
2012-07-30,106.54,4.668520501488853,0.0022552161409508673
2012-07-31,105.93,4.662778498608405,-0.005742002880448331
2012-08-01,106.78,4.67077064307204,0.007992144463635352
2012-08-02,107.55,4.677955855713739,0.007185212641698812
2012-08-03,109.57,4.696563614417302,0.01860775870356282
2012-08-06,110.01,4.700571270751344,0.0040076563340426
2012-08-07,112.39,4.721974965530176,0.021403694778831337
2012-08-08,113.42,4.731097742585882,0.009122777055706185
2012-08-09,113.52,4.731979032851787,0.000881290265905239
2012-08-10,113.13,4.728537599938376,-0.0034414329134117377
2012-08-13,114.48,4.740400135248196,0.011862535309820166
2012-08-14,113.9,4.735320870453137,-0.0050792647950589805
2012-08-15,115.51,4.749357106300589,0.014036235847452457
2012-08-16,116.12,4.754624139156429,0.005267032855840121
2012-08-17,115.2,4.746669748261791,-0.00795439089463829
2012-08-20,115.5,4.749270529961848,0.0026007817000574403
2012-08-21,116.03,4.753848778359454,0.004578248397605938
2012-08-22,115.77,4.751605464217637,-0.002243314141816984
2012-08-23,117.45,4.7660127111049215,0.014407246887284833
2012-08-24,115.76,4.751519082323228,-0.014493628781693309
2012-08-27,113.74,4.733915141878653,-0.017603940444574907
2012-08-28,112.62,4.724019319826472,-0.009895822052181091
2012-08-29,112.53,4.723219852761906,-0.0007994670645668093
2012-08-30,112.28,4.720995751493682,-0.002224101268223924
2012-08-31,113.93,4.735584224710024,0.014588473216342731
2012-09-04,114.98,4.744758200195145,0.009173975485120472
2012-09-05,113.32,4.730215674962316,-0.014542525232829161
2012-09-06,114.5,4.740574822994295,0.010359148031978637
2012-09-07,113.64,4.733035556985987,-0.0075392660083071885
2012-09-10,113.84,4.734793953781597,0.0017583967956096619
2012-09-11,114.86,4.74371399543615,0.008920041654553455
2012-09-12,114.86,4.74371399543615,0.0
2012-09-13,116.0,4.7535901911063645,0.009876195670214196
2012-09-14,117.48,4.766268106330419,0.01267791522405478
2012-09-17,116.7,4.75960653929251,-0.006661567037909071
2012-09-18,113.29,4.729950902885397,-0.029655636407113082
2012-09-19,108.49,4.686658002834359,-0.043292900051038065
2012-09-20,109.41,4.695102293488699,0.008444290654339324
2012-09-21,111.27,4.711959680169609,0.016857386680910545
2012-09-24,109.2,4.693181063310805,-0.018778616858804453
2012-09-25,110.77,4.7074559795288415,0.014274916218036752
2012-09-26,108.99,4.69125613490122,-0.016199844627621196
2012-09-27,111.45,4.713576059831878,0.022319924930657643
2012-09-28,111.36,4.71276819658611,-0.0008078632457684044
2012-10-01,112.58,4.7236640800358805,0.010895883449770983
2012-10-02,112.49,4.722864328804734,-0.0007997512311460279
2012-10-03,109.32,4.694279361059867,-0.02858496774486728
2012-10-04,110.48,4.704834509101037,0.01055514804116953
2012-10-05,112.17,4.720015577657132,0.015181068556095405
2012-10-08,112.6,4.72384171570559,0.0038261380484579505
2012-10-09,114.32,4.739001533621612,0.015159817916022052
2012-10-10,116.11,4.7545380176389145,0.015536484017302817
2012-10-11,116.18,4.755140712564386,0.0006026949254716203
2012-10-12,115.17,4.746409297680816,-0.00873141488357045
2012-10-15,115.0,4.74493212836325,-0.001477169317565969
2012-10-16,115.0,4.74493212836325,0.0
2012-10-17,113.49,4.731714727313047,-0.013217401050202578
2012-10-18,112.58,4.7236640800358805,-0.00805064727716702
2012-10-19,111.89,4.717516245819629,-0.006147834216250711
2012-10-22,109.62,4.697019839617971,-0.02049640620165938
2012-10-23,107.53,4.677769878402435,-0.019249961215535426
2012-10-24,107.66,4.678978113132811,0.001208234730376208
2012-10-25,107.64,4.678792325858705,-0.00018578727410612568
2012-10-26,108.9,4.690430029938915,0.011637704080209829
2012-10-29,109.33,4.694370831446394,0.00394080150747859
2012-10-30,109.4,4.695010889987881,0.0006400585414875158
2012-10-31,109.89,4.699479865458833,0.004468975470951825
2012-11-01,108.84,4.689878913915045,-0.009600951543787135
2012-11-02,106.79,4.670864289183454,-0.019014624731591743
2012-11-05,105.59,4.659563669818423,-0.011300619365030847
2012-11-06,109.27,4.693821883582654,0.034258213764230855
2012-11-07,108.21,4.684073783583557,-0.009748099999096685
2012-11-08,107.23,4.674976060232054,-0.009097723351502898
2012-11-09,108.61,4.687763484291945,0.012787424059890272
2012-11-12,110.23,4.702569091975224,0.014805607683279477
2012-11-13,108.82,4.689695141057779,-0.01287395091744489
2012-11-14,109.66,4.697384669975903,0.007689528918123062
2012-11-15,110.07,4.701116527035301,0.00373185705939787
2012-11-16,106.81,4.671051555101604,-0.030064971933696238
2012-11-19,110.06,4.701025671631613,0.029974116530008667
2012-11-20,110.01,4.700571270751344,-0.0004544008802683636
2012-11-21,110.81,4.707817022948234,0.007245752196889667
2012-11-23,110.14,4.7017522838343355,-0.006064739113898674
2012-11-26,110.18,4.70211539204457,0.0003631082102351043
2012-11-27,109.33,4.694370831446394,-0.007744560598177144
2012-11-28,108.26,4.6845357413688316,-0.009835090077561545
2012-11-29,110.47,4.704743990884184,0.02020824951535179
2012-11-30,110.84,4.7080877199947775,0.0033437291105940263
2012-12-03,111.27,4.711959680169609,0.0038719601748313025
2012-12-04,109.99,4.700389452569025,-0.011570227600583858
2012-12-05,108.96,4.690980842401202,-0.009408610167823104
2012-12-06,108.01,4.682223815430383,-0.008757026970819346
2012-12-07,107.16,4.674323044676408,-0.007900770753974903
2012-12-10,108.25,4.684443366882599,0.010120322206191188
2012-12-11,107.6,4.678420647727684,-0.006022719154915214
2012-12-12,110.17,4.702024627351974,0.023603979624289503
2012-12-13,110.18,4.70211539204457,9.076469259700189e-05
2012-12-14,109.28,4.69391339582248,-0.008201996222090599
2012-12-17,109.35,4.694553747122777,0.0006403513002968769
2012-12-18,109.96,4.700116663297045,0.005562916174268149
2012-12-19,109.95,4.70002571700077,-9.094629627467827e-05
2012-12-20,110.57,4.70564880455431,0.005623087553540169
2012-12-21,109.13,4.692539832124998,-0.013108972429311975
2012-12-24,108.44,4.686197024630465,-0.006342807494533621
2012-12-26,110.72,4.707004491869359,0.02080746723889466
2012-12-27,110.04,4.700843936056374,-0.00616055581298563
2012-12-28,110.05,4.70093480797247,9.08719160967702e-05
2012-12-31,110.8,4.707726774313183,0.006791966340712702
2013-01-02,112.98,4.727210811897116,0.019484037583932665
2013-01-03,113.03,4.72765327020264,0.00044245830552366633
2013-01-04,112.58,4.7236640800358805,-0.003989190166759269
2013-01-07,112.49,4.722864328804734,-0.0007997512311460279
2013-01-08,113.03,4.72765327020264,0.004788941397905273
2013-01-09,113.07,4.728007095947154,0.0003538257445140146
2013-01-10,112.97,4.7271222967388375,-0.0008847992083162819
2013-01-11,110.3,4.703203926259457,-0.023918370479380602
2013-01-14,111.32,4.71240893665769,0.009205010398233264
2013-01-15,111.72,4.715995741076976,0.0035868044192859418
2013-01-16,110.97,4.709259894512472,-0.006735846564503645
2013-01-17,111.01,4.709620287344555,0.00036039283208360006
2013-01-18,111.71,4.715906227582757,0.006285940238201113
2013-01-22,112.72,4.724906867590425,0.009000640007667813
2013-01-23,113.68,4.733387483788845,0.008480616198420573
2013-01-24,114.59,4.7413605404383565,0.007973056649511591
2013-01-25,113.88,4.735145262409837,-0.006215278028520124
2013-01-28,113.92,4.735496447663666,0.00035118525382882456
2013-01-29,115.22,4.746843344304237,0.01134689664057144
2013-01-30,115.42,4.7485776492828204,0.0017343049785833755
2013-01-31,115.55,4.74970333672039,0.00112568743756938
2013-02-01,115.55,4.74970333672039,0.0
2013-02-04,116.06,4.754107298762462,0.004403962042072455
2013-02-05,117.03,4.762430312186675,0.008323013424212575
2013-02-06,116.61,4.758835033532241,-0.0035952786544333564
2013-02-07,117.17,4.763625871680064,0.004790838147822676
2013-02-08,118.9,4.778282803696737,0.014656932016672035
2013-02-11,118.29,4.773139236557646,-0.0051435671390906235
2013-02-12,117.89,4.769751986304036,-0.003387250253609451
2013-02-13,118.43,4.774322068733404,0.0045700824293675914
2013-02-14,118.48,4.774744169959543,0.000422101226139719
2013-02-15,117.4,4.765586907393996,-0.009157262565547233
2013-02-19,117.04,4.762515756711869,-0.0030711506821272513
2013-02-20,116.23,4.755570986655616,-0.006944770056252318
2013-02-21,114.19,4.737863727713557,-0.017707258942059968
2013-02-22,113.74,4.733915141878653,-0.0039485858349030635
2013-02-25,114.55,4.741011408899505,0.007096267020850984
2013-02-26,112.96,4.727033773744932,-0.013977635154572642
2013-02-27,112.24,4.720639435794205,-0.006394337950726476
2013-02-28,112.2,4.720282993088596,-0.0003564427056094528
2013-03-01,110.14,4.7017522838343355,-0.018530709254260574
2013-03-04,109.9,4.699570861409576,-0.002181422424759703
2013-03-05,110.42,4.704291276855899,0.004720415446322933
2013-03-06,110.27,4.702931903770587,-0.0013593730853114839
2013-03-07,110.42,4.704291276855899,0.001359373085311497
2013-03-08,108.91,4.690521853087595,-0.013769423768303549
2013-03-11,108.64,4.688039663810386,-0.0024821892772090557
2013-03-12,108.48,4.686565824192085,-0.0014738396183005527
2013-03-13,107.51,4.6775838664971365,-0.008981957694948754
2013-03-14,108.1,4.683056724645162,0.005472858148025783
2013-03-15,109.32,4.694279361059867,0.011222636414704633
2013-03-18,108.54,4.6871187686352584,-0.007160592424608356
2013-03-19,106.91,4.671987359025408,-0.01513140960985035
2013-03-20,108.27,4.684628107322807,0.012640748297398436
2013-03-21,106.41,4.6672995574536404,-0.017328549869166716
2013-03-22,106.51,4.6682388774550745,0.0009393200014342201
2013-03-25,106.66,4.669646205172456,0.0014073277173816644
2013-03-26,107.1,4.673762977453703,0.004116772281246811
2013-03-27,108.51,4.686842334632116,0.013079357178413359
2013-03-28,108.46,4.686381441412914,-0.0004608932192017436
2013-04-01,108.76,4.68914361976427,0.002762178351355405
2013-04-02,109.66,4.697384669975903,0.00824105021163237
2013-04-03,107.82,4.680463170023523,-0.016921499952379813
2013-04-04,105.09,4.654817125877505,-0.02564604414601747
2013-04-05,103.98,4.6441985729555695,-0.010618552921935373
2013-04-08,103.16,4.636281181013144,-0.007917391942425729
2013-04-09,104.08,4.64515983420425,0.008878653191105904
2013-04-10,104.8,4.6520537718869415,0.0068939376826920385
2013-04-11,103.62,4.640730361386642,-0.01132341050029951
2013-04-12,100.58,4.610953430743819,-0.02977693064282358
2013-04-15,99.32,4.598346960639966,-0.012606470103852897
2013-04-16,97.88,4.583742238574471,-0.014604722065494876
2013-04-17,96.84,4.573060132069858,-0.01068210650461308
2013-04-18,97.48,4.579647228757006,0.006587096687147806
2013-04-19,98.94,4.594513605799563,0.014866377042556918
2013-04-22,99.07,4.5958266709849385,0.0013130651853763375
2013-04-23,99.25,4.5976419195673,0.0018152485823610075
2013-04-24,100.71,4.612245099660053,0.01460318009275333
2013-04-25,101.62,4.621240366165586,0.008995266505532756
2013-04-26,102.39,4.628789051586725,0.007548685421139591
2013-04-29,102.88,4.633563260489309,0.004774208902583758
2013-04-30,101.53,4.6203543213131315,-0.01320893917617785
2013-05-01,98.34,4.5884308619837935,-0.031923459329337996
2013-05-02,100.32,4.608365076884611,0.01993421490081711
2013-05-03,104.6,4.650143551630823,0.04177847474621206
2013-05-06,105.0,4.653960350157523,0.003816798526700811
2013-05-07,105.18,4.655673168161198,0.001712818003674825
2013-05-08,103.79,4.642369626977198,-0.0133035411840005
2013-05-09,103.59,4.640440800070011,-0.0019288269071870046
2013-05-10,101.31,4.618185123065586,-0.02225567700442465
2013-05-13,102.17,4.626638092603332,0.008452969537746194
2013-05-14,102.7,4.631812116934513,0.005174024331180198
2013-05-15,101.57,4.6207482159514095,-0.011063900983102873
2013-05-16,104.27,4.646983688801502,0.026235472850091996
2013-05-17,103.83,4.642754946315362,-0.004228742486139132
2013-05-20,104.55,4.649665425874643,0.006910479559280012
2013-05-21,103.1,4.635699391022914,-0.013966034851728384
2013-05-22,102.14,4.626344421219498,-0.009354969803416296
2013-05-23,100.46,4.609759638321899,-0.016584782897599282
2013-05-24,101.24,4.617493935676923,0.0077342973550246445
2013-05-28,103.77,4.642176911617187,0.0246829759402638
2013-05-29,102.14,4.626344421219498,-0.015832490397689178
2013-05-30,101.79,4.622911867464248,-0.003432553755249344
2013-05-31,100.43,4.609460967405248,-0.013450900059000796
2013-06-03,101.63,4.621338767149675,0.011877799744427257
2013-06-04,102.04,4.625364893273611,0.004026126123935671
2013-06-05,103.51,4.639668226395659,0.014303333122048055
2013-06-06,103.37,4.638314784580394,-0.0013534418152654085
2013-06-07,104.07,4.6450637496497675,0.006748965069374466
2013-06-10,103.87,4.64314011723972,-0.0019236324100479066
2013-06-11,101.5,4.620058798481842,-0.02308131875787806
2013-06-12,103.11,4.635796379529852,0.01573758104801028
2013-06-13,103.38,4.638411519767893,0.0026151402380409777
2013-06-14,105.1,4.6549122778829055,0.01650075811501223
2013-06-17,105.8,4.661550519424199,0.006638241541293665
2013-06-18,105.21,4.655958352820196,-0.005592166604002645
2013-06-19,105.56,4.659279511635123,0.0033211588149269795
2013-06-20,102.72,4.632006839941651,-0.027272671693472302
2013-06-21,100.36,4.608763721498222,-0.023243118443429463
2013-06-24,99.8,4.603168183317418,-0.005595538180803319
2013-06-25,101.51,4.62015731579634,0.016989132478921608
2013-06-26,100.62,4.611351045063173,-0.008806270733167233
2013-06-27,102.74,4.632201525039122,0.020850479975949254
2013-06-28,102.49,4.6297652328434715,-0.0024362921956502088
2013-07-01,103.19,4.636571949127623,0.006806716284151321
2013-07-02,103.96,4.6440062097732895,0.007434260645666396
2013-07-03,106.12,4.664570529269539,0.020564319496249588
2013-07-05,107.46,4.677118685300675,0.012548156031136471
2013-07-08,107.75,4.6798137289838575,0.0026950436831817922
2013-07-09,107.9,4.681204872264089,0.0013911432802317816
2013-07-10,108.43,4.68610480348409,0.004899931220001514
2013-07-11,108.18,4.683796506443281,-0.002308297040809718
2013-07-12,109.03,4.69162307371829,0.007826567275009329
2013-07-15,109.05,4.691806492647638,0.00018341892934762213
2013-07-16,109.29,4.694004899688582,0.0021984070409441685
2013-07-17,109.67,4.697475856772117,0.0034709570835353043
2013-07-18,109.71,4.697840520829399,0.0003646640572820469
2013-07-19,109.34,4.694462293466853,-0.003378227362546261
2013-07-22,108.82,4.689695141057779,-0.004767152409074053
2013-07-23,109.27,4.693821883582654,0.004126742524874805
2013-07-24,108.23,4.684258592307055,-0.009563291275598854
2013-07-25,108.1,4.683056724645162,-0.0012018676618925168
2013-07-26,107.57,4.678141798443914,-0.004914926201248533
2013-07-29,108.1,4.683056724645162,0.004914926201248502
2013-07-30,107.47,4.677211738853062,-0.005844985792100596
2013-07-31,107.89,4.681112189563248,0.003900450710186823
2013-08-01,109.94,4.699934762432514,0.018822572869265607
2013-08-02,109.63,4.697111059686448,-0.002823702746065698
2013-08-05,109.81,4.698751599609622,0.0016405399231731927
2013-08-06,108.77,4.689235561105759,-0.009516038503863058
2013-08-07,108.39,4.685735833827659,-0.003499727278100331
2013-08-08,107.32,4.675815025557423,-0.00992080827023528
2013-08-09,108.49,4.686658002834359,0.010842977276935976
2013-08-12,109.28,4.69391339582248,0.007255392988120684
2013-08-13,110.69,4.706733501397532,0.012820105575052603
2013-08-14,110.26,4.702841213161538,-0.003892288235994977
2013-08-15,111.58,4.714741822417382,0.011900609255844642
2013-08-16,111.82,4.716890435598499,0.002148613181116887
2013-08-19,111.41,4.713217090071225,-0.003673345527274012
2013-08-20,110.74,4.707185111394821,-0.006031978676404081
2013-08-21,110.82,4.707907263439203,0.0007221520443825023
2013-08-22,110.51,4.705106014600691,-0.002801248838512577
2013-08-23,112.12,4.719569726296587,0.014463711695896655
2013-08-26,112.23,4.720550337028165,0.000980610731576964
2013-08-27,115.21,4.746756550049962,0.026206213021797674
2013-08-28,116.27,4.755915072680517,0.009158522630554623
2013-08-29,116.91,4.761404408018728,0.0054893353382106875
2013-08-30,115.97,4.753331536968612,-0.008072871050115607
2013-09-03,115.49,4.749183946126996,-0.0041475908416158365
2013-09-04,115.65,4.750568388677448,0.0013844425504521956
2013-09-05,115.81,4.751950917196286,0.0013825285188381004
2013-09-06,117.15,4.763455164953805,0.011504247757518293
2013-09-09,115.2,4.746669748261791,-0.016785416692013836
2013-09-10,112.1,4.719391330078114,-0.02727841818367674
2013-09-11,112.37,4.721796997919811,0.0024056678416967976
2013-09-12,113.11,4.7283607965432894,0.006563798623478671
2013-09-13,113.31,4.730127425392475,0.0017666288491855098
2013-09-16,110.86,4.708268143991659,-0.021859281400816607
2013-09-17,109.05,4.691806492647638,-0.01646165134402055
2013-09-18,109.09,4.692173229609665,0.0003667369620273407
2013-09-19,110.66,4.7064624374699635,0.014289207860298147
2013-09-20,110.22,4.70247836845509,-0.003984069014874347
2013-09-23,108.56,4.687303015526614,-0.015175352928475607
2013-09-24,107.68,4.679163865896418,-0.008139149630195977
2013-09-25,109.46,4.695559185715772,0.016395319819354364
2013-09-26,108.86,4.690062653006054,-0.005496532709718077
2013-09-27,109.45,4.695467823968872,0.005405170962818115
2013-09-30,107.85,4.680741372835166,-0.014726451133706655
2013-10-01,107.32,4.675815025557423,-0.00492634727774198
2013-10-02,109.09,4.692173229609665,0.01635820405224211
2013-10-03,109.49,4.6958332208853335,0.0036599912756681025
2013-10-04,109.42,4.69519368863568,-0.0006395322496536292
2013-10-07,109.66,4.697384669975903,0.0021909813402223826
2013-10-08,110.56,4.70555836001936,0.008173690043457357
2013-10-09,109.02,4.691531351636135,-0.014027008383224987
2013-10-10,111.63,4.715189831026641,0.02365847939050592
2013-10-11,110.65,4.7063720664970585,-0.008817764529582082
2013-10-14,110.13,4.701661486176852,-0.004710580320206173
2013-10-15,110.67,4.706552800276694,0.004891314099841293
2013-10-16,110.79,4.707636517532581,0.001083717255887631
2013-10-17,109.55,4.696381066041475,-0.011255451491106034
2013-10-18,109.4,4.695010889987881,-0.0013701760535946516
2013-10-21,109.47,4.695650539116466,0.000639649128585129
2013-10-22,109.57,4.696563614417302,0.0009130753008358682
2013-10-23,107.74,4.6797209172523875,-0.01684269716491418
2013-10-24,106.63,4.669364898030088,-0.010356019222299517
2013-10-25,105.7,4.660604892876192,-0.008760005153896171
2013-10-28,108.29,4.6848128136402885,0.024207920764096166
2013-10-29,108.04,4.682501528924415,-0.00231128471587321
2013-10-30,108.41,4.685920335673201,0.003418806748785461
2013-10-31,107.53,4.677769878402435,-0.008150457270765446
2013-11-01,105.78,4.6613614656378335,-0.016408412764601088
2013-11-04,104.85,4.652530757347929,-0.008830708289904976
2013-11-05,105.01,4.654055583717902,0.0015248263699731298
2013-11-06,105.46,4.658331734102323,0.004276150384421702
2013-11-07,103.08,4.635505385784164,-0.02282634831815939
2013-11-08,104.29,4.6471754801331215,0.011670094348957204
2013-11-11,105.76,4.6611723761033765,0.013996895970254606
2013-11-12,106.29,4.66617120754549,0.004998831442114268
2013-11-13,106.9,4.671893818030999,0.005722610485509162
2013-11-14,108.29,4.6848128136402885,0.012918995609288586
2013-11-15,108.25,4.684443366882599,-0.00036944675768892446
2013-11-18,108.8,4.689511334421843,0.005067967539243064
2013-11-19,108.29,4.6848128136402885,-0.00469852078155415
2013-11-20,108.27,4.684628107322807,-0.00018470631748121341
2013-11-21,109.9,4.699570861409576,0.014942754086768976
2013-11-22,111.36,4.71276819658611,0.013197335176533742
2013-11-25,110.83,4.707997495787562,-0.004770700798547845
2013-11-26,112.04,4.718855950391908,0.010858454604346226
2013-11-27,111.32,4.71240893665769,-0.006447013734217914
2013-11-29,111.07,4.7101606331790284,-0.0022483034786613273
2013-12-02,111.49,4.71393490077948,0.0037742676004515353
2013-12-03,113.06,4.727918651247145,0.013983750467664764
2013-12-04,113.27,4.729774349212622,0.0018556979654773536
2013-12-05,112.07,4.719123676063936,-0.01065067314868557
2013-12-06,111.5,4.7140245909001735,-0.005099085163763065
2013-12-09,110.07,4.701116527035301,-0.012908063864873144
2013-12-10,108.91,4.690521853087595,-0.010594673947705278
2013-12-11,109.47,4.695650539116466,0.005128686028870826
2013-12-12,108.99,4.69125613490122,-0.004394404215245734
2013-12-13,108.08,4.6828716936519434,-0.008384441249276777
2013-12-16,110.3,4.703203926259457,0.020332232607513285
2013-12-17,108.91,4.690521853087595,-0.012682073171861695
2013-12-18,109.56,4.696472344394877,0.005950491307282449
2013-12-19,110.78,4.707546252604958,0.011073908210080368
2013-12-20,112.15,4.719837260966218,0.01229100836125946
2013-12-23,111.58,4.714741822417382,-0.005095438548835078
2013-12-24,111.57,4.714652196605089,-8.962581229391554e-05
2013-12-26,111.65,4.7153689782861665,0.000716781681078546
2013-12-27,112.06,4.719034442137138,0.003665463850971503
2013-12-30,110.47,4.704743990884184,-0.0142904512529548
2013-12-31,109.95,4.70002571700077,-0.004718273883413513
2014-01-02,107.94,4.681575517190497,-0.01845019981027348
2014-01-03,106.57,4.668802046232865,-0.012773470957632002
2014-01-06,106.71,4.6701148746284735,0.0013128283956088313
2014-01-07,107.01,4.67292228803891,0.00280741341043652
2014-01-08,107.42,4.676746384477314,0.0038240964384034758
2014-01-09,107.49,4.677397819984972,0.0006514355076587345
2014-01-10,106.44,4.667581446109488,-0.009816373875483666
2014-01-13,108.02,4.682316395164745,0.014734949055256533
2014-01-14,107.12,4.673949701382917,-0.008366693781827927
2014-01-15,108.09,4.682964213428112,0.009014512045194498
2014-01-16,107.46,4.677118685300675,-0.005845528127436187
2014-01-17,108.45,4.6862892372728835,0.009170551972208105
2014-01-20,108.01,4.682223815430383,-0.004065421842500594
2014-01-21,109.17,4.6929063002921785,0.010682484861795303
2014-01-22,109.69,4.6976582054232425,0.004751905131064528
2014-01-23,109.69,4.6976582054232425,0.0
2014-01-24,109.14,4.6926314617580855,-0.005026743665156819
2014-01-27,108.72,4.688775769842889,-0.003855691915197602
2014-01-28,109.1,4.692264892839025,0.003489122996136862
2014-01-29,108.83,4.68978703170797,-0.0024778611310548432
2014-01-30,109.36,4.6946451924156944,0.004858160707723928
2014-01-31,108.16,4.683611612294654,-0.01103358012104022
2014-02-03,106.55,4.668614358544626,-0.014997253750027783
2014-02-04,107.04,4.673202596379919,0.004588237835292263
2014-02-05,106.81,4.671051555101604,-0.0021510412783142894
2014-02-06,108.15,4.683519152399068,0.012467597297463814
2014-02-07,110.12,4.701570680274407,0.018051527875338813
2014-02-10,110.18,4.70211539204457,0.0005447117701638993
2014-02-11,109.21,4.693272634209637,-0.008842757834933527
2014-02-12,108.62,4.687855552606699,-0.005417081602937711
2014-02-13,108.98,4.691164379154952,0.0033088265482530623
2014-02-14,108.63,4.68794761244566,-0.0032167667092928036
2014-02-18,110.14,4.7017522838343355,0.013804671388675974
2014-02-19,110.37,4.703838357784793,0.002086073950457347
2014-02-20,109.42,4.69519368863568,-0.008644669149112839
2014-02-21,109.03,4.69162307371829,-0.0035706149173895287
2014-02-24,109.76,4.6982961639775755,0.0066730902592846576
2014-02-25,109.19,4.6930894840259745,-0.005206679951600338
2014-02-26,109.39,4.694919478131699,0.0018299941057245488
2014-02-27,108.54,4.6871187686352584,-0.0078007094964406614
2014-02-28,108.98,4.691164379154952,0.004045610519693501
2014-03-03,111.26,4.711869804647147,0.02070542549219498
2014-03-04,109.17,4.6929063002921785,-0.018963504354969067
2014-03-05,108.15,4.683519152399068,-0.009387147893110345
2014-03-06,107.99,4.682038630244668,-0.0014805221543995294
2014-03-07,109.14,4.6926314617580855,0.010592831513417496
2014-03-10,108.27,4.684628107322807,-0.008003354435278992
2014-03-11,108.35,4.685366727982368,0.0007386206595610619
2014-03-12,107.88,4.681019498271529,-0.004347229710838867
2014-03-13,107.48,4.6773047837472905,-0.0037147145242386053
2014-03-14,108.08,4.6828716936519434,0.005566909904652863
2014-03-17,106.99,4.672735372150515,-0.010136321501428257
2014-03-18,106.79,4.670864289183454,-0.0018710829670612206
2014-03-19,105.95,4.662967284714308,-0.007897004469145805
2014-03-20,105.73,4.660888674744435,-0.002078609969872859
2014-03-21,107.2,4.674696248636701,0.013807573892266516
2014-03-24,106.59,4.668989698701045,-0.00570654993565624
2014-03-25,107.01,4.67292228803891,0.003932589337864524
2014-03-26,105.9,4.662495252607361,-0.010427035431549039
2014-03-27,106.58,4.668895876868636,0.006400624261275332
2014-03-28,106.64,4.6694586758704535,0.0005627990018169897
2014-03-31,105.95,4.662967284714308,-0.006491391156145186
2014-04-01,105.7,4.660604892876192,-0.002362391838116156
2014-04-02,103.37,4.638314784580394,-0.022290108295798552
2014-04-03,104.88,4.652816839455444,0.014502054875050957
2014-04-04,106.41,4.6672995574536404,0.014482717998195857
2014-04-07,104.89,4.652912181973512,-0.014387375480127635
2014-04-08,105.83,4.661834033105633,0.008921851132120623
2014-04-09,107.39,4.676467067870125,0.014633034764492004
2014-04-10,107.1,4.673762977453703,-0.002704090416422075
2014-04-11,107.34,4.676001366748682,0.0022383892949797007
2014-04-14,107.68,4.679163865896418,0.003162499147734824
2014-04-15,109.1,4.692264892839025,0.013101026942607414
2014-04-16,109.71,4.697840520829399,0.0055756279903743065
2014-04-17,109.79,4.698569450246641,0.0007289294172415933
2014-04-21,109.69,4.6976582054232425,-0.0009112448233983501
2014-04-22,108.54,4.6871187686352584,-0.010539436787983943
2014-04-23,108.48,4.686565824192085,-0.0005529444431733251
2014-04-24,109.79,4.698569450246641,0.012003626054555601
2014-04-25,109.53,4.696198484335655,-0.002370965910985925
2014-04-28,109.12,4.692448194095152,-0.0037502902405032418
2014-04-29,109.89,4.699479865458833,0.007031671363680747
2014-04-30,108.63,4.68794761244566,-0.011532253013173274
2014-05-01,108.63,4.68794761244566,0.0
2014-05-02,109.48,4.695741884172478,0.007794271726818923
2014-05-05,109.48,4.695741884172478,0.0
2014-05-06,108.3,4.684905154006945,-0.010836730165533482
2014-05-07,108.17,4.683704063642198,-0.0012010903647466488
2014-05-08,108.19,4.683888940699482,0.00018487705728381776
2014-05-09,108.26,4.6845357413688316,0.000646800669349907
2014-05-12,108.37,4.685551297934904,0.0010155565660720555
2014-05-13,108.78,4.689327493994814,0.0037761960599108726
2014-05-14,109.87,4.699297848712789,0.009970354717974935
2014-05-15,109.74,4.69811393163083,-0.001183917081960371
2014-05-16,110.9,4.7086288943563215,0.010514962725492117
2014-05-19,110.84,4.7080877199947775,-0.0005411743615437258
2014-05-20,110.35,4.703657132702745,-0.004430587292032338
2014-05-21,111.32,4.71240893665769,0.00875180395494465
2014-05-22,110.89,4.708538718965125,-0.0038702176925654607
2014-05-23,110.19,4.702206148499686,-0.006332570465438903
2014-05-26,110.01,4.700571270751344,-0.0016348777483411849
2014-05-27,109.81,4.698751599609622,-0.001819671141722431
2014-05-28,109.09,4.692173229609665,-0.006578369999956499
2014-05-29,109.98,4.700298531079668,0.008125301470003371
2014-05-30,109.21,4.693272634209637,-0.007025896870031739
2014-06-02,109.34,4.694462293466853,0.001189659257216176
2014-06-03,108.87,4.690154509893088,-0.004307783573764549
2014-06-04,109.07,4.691989877940651,0.0018353680475628716
2014-06-05,108.43,4.68610480348409,-0.0058850744565608435
2014-06-06,109.21,4.693272634209637,0.00716783072554626
2014-06-09,110.55,4.705467907303455,0.012195273093818206
2014-06-10,109.18,4.692997896353612,-0.012470010949843654
2014-06-11,109.83,4.698933715800255,0.005935819446642972
2014-06-12,112.18,4.7201047240801906,0.021171008279936298
2014-06-13,113.15,4.728714372079547,0.008609647999355475
2014-06-16,113.42,4.731097742585882,0.0023833705063356324
2014-06-17,114.02,4.736373871603436,0.0052761290175538916
2014-06-18,114.25,4.738389029774314,0.00201515817087831
2014-06-19,115.19,4.746582938938415,0.008193909164101032
2014-06-20,114.55,4.741011408899505,-0.005571530038910485
2014-06-23,113.62,4.732859547128981,-0.008151861770523593
2014-06-24,113.74,4.733915141878653,0.0010555947496726822
2014-06-25,112.84,4.725970886133796,-0.00794425574485796
2014-06-26,112.61,4.723930521708934,-0.002040364424861423
2014-06-27,112.62,4.724019319826472,8.87981175383543e-05
2014-06-30,111.03,4.709800435066175,-0.014218884760298233
2014-07-01,110.84,4.7080877199947775,-0.001712715071396599
2014-07-02,110.18,4.70211539204457,-0.00597232795020715
2014-07-03,108.98,4.691164379154952,-0.010951012889618266
2014-07-07,108.7,4.688591794127164,-0.0025725850277885094
2014-07-08,107.65,4.678885223810372,-0.00970657031679165
2014-07-09,106.84,4.67133238824176,-0.007552835568611942
2014-07-10,106.2,4.665324108807838,-0.0060082794339216105
2014-07-11,105.77,4.6612669253399615,-0.004057183467877006
2014-07-14,104.73,4.651385609785055,-0.009881315554907077
2014-07-15,104.73,4.651385609785055,0.0
2014-07-16,105.41,4.657857508267098,0.0064718984820433334
2014-07-17,106.04,4.663816381420824,0.005958873153727135
2014-07-18,106.03,4.6637220729377065,-9.430848311799932e-05
2014-07-21,105.71,4.660699495780571,-0.00302257715713526
2014-07-22,106.48,4.667957174086856,0.007257678306284511
2014-07-23,106.85,4.671425981765156,0.003468807678300309
2014-07-24,105.78,4.6613614656378335,-0.01006451612732266
2014-07-25,106.89,4.671800268285854,0.010438802648020551
2014-07-28,106.7,4.670021158307708,-0.0017791099781466356
2014-07-29,106.98,4.672641901103104,0.00262074279539641
2014-07-30,106.47,4.667863255326515,-0.004778645776589331
2014-07-31,104.94,4.653388758258566,-0.014474497067949116
2014-08-01,103.45,4.639088404191552,-0.014300354067013635
2014-08-04,103.63,4.640826863196126,0.0017384590045739755
2014-08-05,102.82,4.632979886627359,-0.007846976568767436
2014-08-06,104.17,4.646024179996357,0.01304429336899886
2014-08-07,104.02,4.644583188344926,-0.001440991651431053
2014-08-08,103.36,4.638218040034292,-0.006365148310634608
2014-08-11,103.47,4.6392817156168595,0.0010636755825676064
2014-08-12,101.68,4.621830626881199,-0.01745108873566056
2014-08-13,102.27,4.627616374817921,0.0057857479367226395
2014-08-14,101.15,4.6166045636137545,-0.011011811204166812
2014-08-15,101.13,4.616406817914079,-0.0001977456996755528
2014-08-18,99.37,4.598850257243272,-0.017556560670806978
2014-08-19,99.74,4.602566800117977,0.00371654287470431
2014-08-20,99.92,4.604369865817322,0.0018030656993457165
2014-08-21,100.28,4.607966273290093,0.003596407472770443
2014-08-22,100.09,4.606069781230928,-0.0018964920591651527
2014-08-25,100.49,4.610058220060867,0.003988438829939746
2014-08-26,100.5,4.61015772749913,9.950743826326705e-05
2014-08-27,100.4,4.609162207257629,-0.0009955202415015939
2014-08-28,100.71,4.612245099660053,0.003082892402424357
2014-08-29,101.12,4.6163079303985475,0.004062830738494056
2014-09-02,100.21,4.607267984070237,-0.009039946328309857
2014-09-03,100.88,4.613931691656664,0.00666370758642673
2014-09-04,101.21,4.61719756620081,0.0032658745441456923
2014-09-05,99.51,4.600258141627071,-0.016939424573738936
2014-09-08,99.53,4.600459106257972,0.0002009646309014543
2014-09-09,98.08,4.585783472187901,-0.01467563407007097
2014-09-10,96.26,4.567052863874963,-0.018730608312937918
2014-09-11,96.42,4.568713648977476,0.0016607851025127979
2014-09-12,96.31,4.567572155572773,-0.0011414934047032622
2014-09-15,96.43,4.568817356522293,0.0012452009495201373
2014-09-16,97.39,4.578723535973108,0.009906179450814843
2014-09-17,97.7,4.581901559048737,0.00317802307562917
2014-09-18,96.82,4.572853584511548,-0.009047974537188804
2014-09-19,96.75,4.572130331909891,-0.0007232526016570096
2014-09-22,95.37,4.557764063590821,-0.014366268319070109
2014-09-23,94.87,4.5525075334047855,-0.005256530186035551
2014-09-24,94.53,4.548917244437293,-0.0035902889674925835
2014-09-25,95.2,4.55597994179732,0.007062697360026744
2014-09-26,95.08,4.554718642491993,-0.0012612993053264508
2014-09-29,95.7,4.5612182984589085,0.006499655966915444
2014-09-30,94.67,4.5503971601407995,-0.010821138318108737
2014-10-01,94.57,4.549340301027421,-0.001056859113379117
2014-10-02,91.29,4.514041252576989,-0.03529904845043126
2014-10-03,90.8,4.508659285607248,-0.005381966969741926
2014-10-06,90.65,4.50700593720086,-0.0016533484063874782
2014-10-07,90.9,4.509760001183433,0.0027540639825730196
2014-10-08,90.25,4.502583597212991,-0.007176403970442917
2014-10-09,90.47,4.50501830403765,0.002434706824659878
2014-10-10,88.66,4.484808829316908,-0.02020947472074278
2014-10-13,87.82,4.475289265133571,-0.009519564183336089
2014-10-14,86.36,4.458524605646606,-0.016764659486964716
2014-10-15,84.02,4.431054865741236,-0.02746973990537068
2014-10-16,84.02,4.431054865741236,0.0
2014-10-17,85.27,4.445822692753958,0.014767827012722211
2014-10-20,84.42,4.435804340354353,-0.010018352399605421
2014-10-21,85.17,4.44464925915299,0.008844918798636916
2014-10-22,86.38,4.458756167532555,0.01410690837956543
2014-10-23,85.94,4.453649378346849,-0.0051067891857059415
2014-10-24,86.0,4.454347296253507,0.0006979179066586421
2014-10-27,85.64,4.450152463721482,-0.004194832532025684
2014-10-28,85.57,4.449334754429963,-0.0008177092915186372
2014-10-29,86.91,4.464873100449369,0.015538346019405404
2014-10-30,85.5,4.448516375942715,-0.01635672450665418
2014-10-31,84.17,4.432838563223485,-0.015677812719229793
2014-11-03,84.9,4.441474093317302,0.008635530093816856
2014-11-04,82.12,4.408181592150733,-0.033292501166568796
2014-11-05,82.88,4.4173937785111725,0.009212186360439939
2014-11-06,82.08,4.407694381422459,-0.009699397088713506
2014-11-07,83.2,4.421247347827163,0.013552966404703668
2014-11-10,82.9,4.417635062141249,-0.0036122856859135493
2014-11-11,80.94,4.393708139447719,-0.02392692269352982
2014-11-12,80.42,4.387262901469128,-0.006445237978591545
2014-11-13,77.74,4.353369925424077,-0.033892976045050906
2014-11-14,77.51,4.35040696029342,-0.0029629651306569606
2014-11-17,76.86,4.3419855851366975,-0.008421375156722194
2014-11-18,77.23,4.346787982581173,0.004802397444474593
2014-11-19,77.21,4.3465289823207245,-0.0002590002604482266
2014-11-20,77.61,4.351696284866048,0.005167302545323091
2014-11-21,79.2,4.37197629882038,0.020280013954332845
2014-11-24,79.62,4.377265317572172,0.005289018751791033
2014-11-25,77.62,4.35182512594076,-0.02544019163141085
2014-11-26,77.39,4.348857573282368,-0.002967552658392572
2014-11-28,71.89,4.27513717299578,-0.07372040028658762
2014-12-01,70.87,4.260847212822164,-0.014289960173615439
2014-12-02,71.13,4.264509188745424,0.0036619759232590443
2014-12-03,70.13,4.250350662548819,-0.01415852619660473
2014-12-04,68.48,4.226541731833486,-0.02380893071533224
2014-12-05,68.0,4.219507705176107,-0.007034026657380048
2014-12-08,65.64,4.18418526622189,-0.035322438954216516
2014-12-09,66.11,4.191320021345486,0.007134755123596662
2014-12-10,63.32,4.148201235012811,-0.04311878633267532
2014-12-11,63.65,4.153399325003416,0.005198089990604164
2014-12-12,61.67,4.1217975890034015,-0.03160173600001408
2014-12-15,61.09,4.112348186661675,-0.009449402341725876
2014-12-16,60.26,4.098668533702155,-0.013679652959520535
2014-12-17,59.84,4.091674333666222,-0.006994200035933244
2014-12-18,58.81,4.074311908471865,-0.017362425194357198
2014-12-19,58.87,4.07533162304017,0.0010197145683052485
2014-12-22,58.31,4.065773605234065,-0.009558017806105244
2014-12-23,59.07,4.078723181319144,0.012949576085079155
2014-12-24,58.67,4.071928522937768,-0.006794658381375367
2014-12-26,58.72,4.07278038430626,0.0008518613684916191
2014-12-29,57.86,4.058026299547989,-0.014754084758271085
2014-12-30,55.6,4.018183201256536,-0.03984309829145237
2014-12-31,55.27,4.012230265845171,-0.0059529354113650925
2015-01-02,55.38,4.014218517742816,0.0019882518976442522
2015-01-05,51.08,3.9333930311643384,-0.08082548657847728
2015-01-06,50.12,3.9144201300278674,-0.018972901136470974
2015-01-07,49.06,3.893044038830343,-0.02137609119752416
2015-01-08,49.43,3.9005575273188677,0.007513488488524735
2015-01-09,47.64,3.8636727444870993,-0.036884782831768596
2015-01-12,46.9,3.8480176754522337,-0.01565506903486568
2015-01-13,45.13,3.80954721383891,-0.03847046161332373
2015-01-14,45.82,3.8247206770253497,0.015173463186439536
2015-01-15,47.66,3.8640924716705958,0.039371794645246476
2015-01-16,47.38,3.8582001987306396,-0.005892272939956543
2015-01-20,46.49,3.8392372357024933,-0.018962963028145995
2015-01-21,46.5,3.8394523125933104,0.000215076890817295
2015-01-22,46.09,3.830596006732417,-0.008856305860893695
2015-01-23,46.69,3.8435300089828455,0.012934002250428617
2015-01-26,46.07,3.830161978947826,-0.01336803003502004
2015-01-27,46.55,3.840527003723076,0.010365024775250312
2015-01-28,47.07,3.851635855413051,0.011108851689974913
2015-01-29,46.61,3.8418151103846494,-0.0098207450284014
2015-01-30,47.52,3.8611506750543896,0.019335564669739888
2015-02-02,51.74,3.946231176757883,0.08508050170349346
2015-02-03,54.41,3.996547960497834,0.05031678373995073
2015-02-04,55.07,4.00860510327439,0.012057142776556184
2015-02-05,55.98,4.0249944840873075,0.0163893808129173
2015-02-06,55.88,4.023206534388761,-0.0017879496985463107
2015-02-09,57.0,4.04305126783455,0.019844733445789128
2015-02-10,55.79,4.021594641857437,-0.021456625977113175
2015-02-11,53.48,3.9793077522337423,-0.042286889623694604
2015-02-12,56.23,4.0294504223041105,0.05014267007036786
2015-02-13,60.33,4.09982949245267,0.07037907014856006
2015-02-16,61.57,4.120174738923119,0.020345246470448424
2015-02-17,60.78,4.107260787488647,-0.012913951434471764
2015-02-18,60.72,4.106273133087375,-0.000987654401272541
2015-02-19,58.78,4.073801660990771,-0.03247147209660319
2015-02-20,60.99,4.110709916308365,0.03690825531759369
2015-02-23,59.78,4.090671156855792,-0.020038759452573218
2015-02-24,60.33,4.09982949245267,0.00915833559687847
2015-02-25,59.77,4.0905038628361625,-0.009325629616507425
2015-02-26,61.39,4.117246955439405,0.026743092603242036
2015-02-27,61.89,4.12535861575127,0.008111660311865197
2015-03-02,60.75,4.1067670822206574,-0.01859153353061235
2015-03-03,61.18,4.113820338722757,0.0070532565020995225
2015-03-04,59.18,4.080583646972063,-0.03323669175069378
2015-03-05,60.33,4.09982949245267,0.019245845480606767
2015-03-06,59.15,4.080076590424396,-0.019752902028274583
2015-03-09,58.67,4.071928522937768,-0.008148067486627174
2015-03-10,55.95,4.024458434757935,-0.047470088179834294
2015-03-11,56.46,4.033532422825343,0.00907398806740899
2015-03-12,56.66,4.03706849440237,0.0035360715770271925
2015-03-13,54.8,4.00369019395397,-0.03337830044840062
2015-03-16,52.0,3.9512437185814275,-0.05244647537254243
2015-03-17,52.17,3.9545076170343014,0.0032638984528740324
2015-03-18,52.59,3.962525987601253,0.008018370566951592
2015-03-19,52.96,3.9695369116287527,0.007010924027499991
2015-03-20,53.88,3.986759351542163,0.017222439913410513
2015-03-23,53.82,3.9856451452987596,-0.0011142062434035757
2015-03-24,53.61,3.9817356178394463,-0.003909527459313422
2015-03-25,54.18,3.992311836656949,0.010576218817502708
2015-03-26,57.02,4.043402083484526,0.05109024682757695
2015-03-27,56.44,4.033178126984613,-0.01022395649991274
2015-03-30,53.99,3.9887988442301956,-0.044379282754417555
2015-03-31,53.69,3.983226764434478,-0.0055720797957175775
2015-04-01,55.73,4.020518601581445,0.03729183714696693
2015-04-02,55.73,4.020518601581445,0.0
2015-04-06,55.73,4.020518601581445,0.0
2015-04-07,57.55,4.0526541351678915,0.032135533586446746
2015-04-08,56.42,4.0328237055738505,-0.01983042959404135
2015-04-09,56.04,4.0260657214688065,-0.006757984105044023
2015-04-10,56.82,4.039888376426042,0.013822654957235727
2015-04-13,57.14,4.045504396802627,0.005616020376585231
2015-04-14,57.69,4.055083848268798,0.009579451466171045
2015-04-15,59.32,4.082946517269732,0.027862669000933257
2015-04-16,60.13,4.0965088850514775,0.013562367781745941
2015-04-17,61.31,4.115942961774596,0.019434076723119163
2015-04-20,61.2,4.11414718951828,-0.001795772256316158
2015-04-21,60.12,4.0963425648847736,-0.017804624633506707
2015-04-22,60.12,4.0963425648847736,0.0
2015-04-23,62.66,4.137723285524046,0.04138072063927183
2015-04-24,62.96,4.1424996041091475,0.004776318585102098
2015-04-27,62.86,4.140910031369422,-0.0015895727397262404
2015-04-28,62.61,4.136925009757219,-0.003985021612202461
2015-04-29,63.97,4.158414223462046,0.021489213704827183
2015-04-30,63.9,4.157319361383489,-0.0010948620785571034
2015-05-01,64.13,4.160912273160771,0.0035929117772823312
2015-05-04,64.62,4.168523960396352,0.007611687235580705
2015-05-05,65.44,4.181133692294492,0.012609731898139253
2015-05-06,66.22,4.1929825321191005,0.011848839824608564
2015-05-07,64.93,4.173309766520395,-0.019672765598704667
2015-05-08,63.82,4.156066620850098,-0.017243145670298037
2015-05-11,62.82,4.140273494110501,-0.01579312673959702
2015-05-12,65.09,4.175770927584296,0.03549743347379548
2015-05-13,66.33,4.194642283537465,0.018871355953168596
2015-05-14,65.58,4.1832707714165025,-0.011371512120962372
2015-05-15,64.69,4.169606630055894,-0.013664141360608088
2015-05-18,65.15,4.176692303570854,0.007085673514960085
2015-05-19,63.48,4.150724895658208,-0.025967407912645915
2015-05-20,63.52,4.1513548169388805,0.0006299212806720389
2015-05-21,64.7,4.169761201506855,0.01840638456797465
2015-05-22,64.7,4.169761201506855,0.0
2015-05-26,61.65,4.121473229610353,-0.048287971896501636
2015-05-27,61.35,4.116595171156921,-0.004878058453432855
2015-05-28,60.12,4.0963425648847736,-0.020252606272146763
2015-05-29,63.16,4.145671189387441,0.0493286245026676
2015-06-01,62.87,4.14106910239497,-0.004602086992471623
2015-06-02,63.14,4.145354483129846,0.004285380734875893
2015-06-03,62.78,4.139636551413807,-0.005717931716038053
2015-06-04,60.34,4.099995233730915,-0.03964131768289244
2015-06-05,60.36,4.100326633899648,0.00033140016873301327
2015-06-08,61.33,4.116269119637892,0.015942485738244222
2015-06-09,63.23,4.146778872070522,0.030509752432629548
2015-06-10,64.68,4.169452034708907,0.02267316263838442
2015-06-11,63.76,4.15512603448196,-0.014326000226946635
2015-06-12,63.19,4.146146060785364,-0.00897997369659569
2015-06-15,60.99,4.110709916308365,-0.03543614447699886
2015-06-16,60.75,4.1067670822206574,-0.003942834087707113
2015-06-17,60.75,4.1067670822206574,0.0
2015-06-18,61.37,4.116921116401006,0.01015403418034782
2015-06-19,59.41,4.08446256236765,-0.032458554033355555
2015-06-22,60.54,4.103304303593573,0.018841741225922456
2015-06-23,61.67,4.1217975890034015,0.018493285409829006
2015-06-24,61.63,4.121148764974151,-0.0006488240292496843
2015-06-25,60.24,4.098336583491638,-0.022812181482513592
2015-06-26,60.14,4.096675177560383,-0.001661405931255127
2015-06-29,59.03,4.078045789252598,-0.018629388307785027
2015-06-30,60.31,4.099497927462895,0.021452138210297424
2015-07-01,61.65,4.121473229610353,0.021975302147457732
2015-07-02,61.73,4.122770036405805,0.001296806795451228
2015-07-03,59.06,4.078553876315777,-0.044216160090027774
2015-07-06,57.19,4.046379057927225,-0.03217481838855191
2015-07-07,54.72,4.002229273314295,-0.044149784612929746
2015-07-08,55.7,4.019980146933238,0.01775087361894338
2015-07-09,57.83,4.057507672170127,0.03752752523688838
2015-07-10,57.72,4.05560373390567,-0.0019039382644567959
2015-07-13,57.63,4.054043265448575,-0.001560468457095109
2015-07-14,57.2,4.046553898385752,-0.0074893670628227715
2015-07-15,57.34,4.048998460455224,0.0024445620694715734
2015-07-16,57.31,4.048475128563646,-0.0005233318915776881
2015-07-17,56.38,4.032114485685967,-0.016360642877679632
2015-07-20,56.42,4.0328237055738505,0.000709219887883662
2015-07-21,55.94,4.024279687773814,-0.00854401780003661
2015-07-22,56.36,4.03175968703048,0.007479999256665922
2015-07-23,55.76,4.0210567664522685,-0.01070292057821105
2015-07-24,54.29,3.9943400479173596,-0.02671671853490873
2015-07-27,54.07,3.9902795033939134,-0.004060544523446261
2015-07-28,54.3,3.9945242269398897,0.004244723545976165
2015-07-29,54.73,4.0024120051558265,0.007887778215937133
2015-07-30,54.29,3.9943400479173596,-0.008071957238467008
2015-07-31,53.29,3.975748696308691,-0.01859135160866886
2015-08-03,49.49,3.901770628963795,-0.07397806734489616
2015-08-04,49.08,3.8934516198427107,-0.008319009121084037
2015-08-05,49.04,3.892636291627956,-0.0008153282147546764
2015-08-06,47.8,3.86702563949741,-0.025610652130545655
2015-08-07,47.54,3.861571461932048,-0.0054541775653623465
2015-08-10,48.3,3.877431560658527,0.015860098726479005
2015-08-11,47.33,3.8571443439181565,-0.020287216740370338
2015-08-12,48.29,3.8772244998854504,0.020080155967293848
2015-08-13,48.01,3.8714093225428488,-0.005815177342601586
2015-08-14,47.79,3.866816412590067,-0.004592909952782061
2015-08-17,47.77,3.8663978274018707,-0.00041858518819630117
2015-08-18,47.0,3.8501476017100584,-0.01625022569181193
2015-08-19,45.75,3.82319179172153,-0.02695580998852822
2015-08-20,45.63,3.8205653949393112,-0.002626396782219133
2015-08-21,43.84,3.7805466426397603,-0.04001875229955105
2015-08-24,41.59,3.7278597537548204,-0.052686888884939796
2015-08-25,41.86,3.7343307170178535,0.006470963263033206
2015-08-26,41.76,3.731938943574383,-0.002391773443470424
2015-08-27,44.46,3.7945899085360506,0.06265096496166728
2015-08-28,47.97,3.8705758155139725,0.07598590697792205
2015-09-01,48.8,3.8877303128591016,0.017154497345129006
2015-09-02,47.67,3.864302269216734,-0.02342804364236712
2015-09-03,50.41,3.9201895680945396,0.05588729887780514
2015-09-04,48.59,3.883417748417812,-0.03677181967672771
2015-09-07,46.42,3.837730400846291,-0.04568734757152069
2015-09-08,48.88,3.88936831486334,0.051637914017048876
2015-09-09,48.04,3.872033997211783,-0.017334317651557147
2015-09-10,47.77,3.8663978274018707,-0.00563616980991224
2015-09-11,46.87,3.847377811934615,-0.019020015467255798
2015-09-14,45.87,3.8258113086090804,-0.021566503325534097
2015-09-15,45.91,3.826682958261131,0.00087164965205011
2015-09-16,49.35,3.8989377658794906,0.07225480761835996
2015-09-17,48.27,3.8768102496724017,-0.02212751620708899
2015-09-18,47.28,3.856087373097843,-0.020722876574558815
2015-09-21,47.64,3.8636727444870993,0.007585371389256564
2015-09-22,46.69,3.8435300089828455,-0.02014273550425379
2015-09-23,48.0,3.871201010907891,0.027671001925045256
2015-09-24,47.06,3.8514233832992164,-0.019777627608674457
2015-09-25,47.28,3.856087373097843,0.00466398979862628
2015-09-28,46.04,3.829510583853682,-0.026576789244160924
2015-09-29,47.58,3.8624125048748117,0.03290192102112977
2015-09-30,47.29,3.8562988566557843,-0.00611364821902723
2015-10-01,47.48,3.860308569741467,0.004009713085682876
2015-10-02,46.55,3.840527003723076,-0.01978156601839119
2015-10-05,49.45,3.900962058068721,0.060435054345645174
2015-10-06,51.34,3.9384701754429945,0.0375081173742733
2015-10-07,51.66,3.9446837876676946,0.006213612224699972
2015-10-08,52.13,3.9537405987800147,0.009056811112320304
2015-10-09,52.08,3.9527809979003137,-0.000959600879700888
2015-10-12,50.95,3.9308447596687337,-0.02193623823157988
2015-10-13,48.94,3.8905950580145254,-0.040249701654208346
2015-10-14,48.25,3.876395827784995,-0.014199230229530624
2015-10-15,47.87,3.8684890034044175,-0.007906824380577373
2015-10-16,48.96,3.8910036382040705,0.02251463479965312
2015-10-19,47.51,3.86094021519883,-0.030063423005240692
2015-10-20,46.93,3.8486571298063263,-0.012283085392503588
2015-10-21,46.72,3.8441723385199715,-0.004484791286354731
2015-10-22,46.59,3.8413859258287055,-0.0027864126912661453
2015-10-23,46.3,3.835141961092188,-0.006243964736517149
2015-10-26,46.57,3.840956556994286,0.005814595902097431
2015-10-27,45.54,3.8185910606355935,-0.022365496358692286
2015-10-28,47.6,3.8628327612373745,0.04424170060178082
2015-10-29,48.04,3.872033997211783,0.00920123597440844
2015-10-30,48.0,3.871201010907891,-0.0008329863038918846
2015-11-02,47.91,3.8693242508950307,-0.0018767600128602431
2015-11-03,48.0,3.871201010907891,0.0018767600128601842
2015-11-04,46.96,3.849296175519841,-0.021904835388049864
2015-11-05,47.19,3.8541820057382963,0.004885830218455101
2015-11-06,46.09,3.830596006732417,-0.023585999005879113
2015-11-09,45.38,3.8150714793516958,-0.015524527380721265
2015-11-10,46.44,3.8381611568296905,0.023089677477994976
2015-11-11,44.98,3.8062179465311696,-0.03194321029852116
2015-11-12,44.98,3.8062179465311696,0.0
2015-11-13,41.98,3.7371933143924867,-0.06902463213868265
2015-11-16,40.28,3.6958550678503617,-0.04133824654212527
2015-11-17,41.28,3.720378121173307,0.024523053322945812
2015-11-18,41.45,3.724487881581304,0.00410976040799664
2015-11-19,42.22,3.7428940424201746,0.01840616083887051
2015-11-20,42.49,3.7492687541267204,0.006374711706545732
2015-11-23,43.7,3.7773481021015445,0.02807934797482429
2015-11-24,44.38,3.792788917504448,0.015440815402903431
2015-11-25,43.56,3.77413929806476,-0.018649619439688167
2015-11-26,43.55,3.7739097032985116,-0.0002295947662479865
2015-11-27,43.07,3.7628266990660193,-0.011083004232492463
2015-11-30,43.73,3.778034365424829,0.015207666358810022
2015-12-01,42.97,3.7605021977869035,-0.01753216763792543
2015-12-02,41.92,3.735763040012787,-0.024739157774116904
2015-12-03,42.0,3.7376696182833684,0.0019065782705814474
2015-12-04,41.44,3.7242465979512276,-0.013423020332140774
2015-12-07,39.69,3.681099266794974,-0.0431473311562536
2015-12-08,39.44,3.6747805297344347,-0.006318737060539364
2015-12-09,39.04,3.664586761544892,-0.010193768189542944
2015-12-10,38.65,3.654546775033431,-0.010039986511460784
2015-12-11,36.99,3.610647605844363,-0.04389916918906827
2015-12-14,36.51,3.5975861956675455,-0.01306141017681726
2015-12-15,37.66,3.628598523229006,0.03101232756146076
2015-12-16,36.96,3.6098362467734835,-0.018762276455522777
2015-12-17,36.29,3.591542221224979,-0.018294025548504535
2015-12-18,36.76,3.6044102974874863,0.012868076262507213
2015-12-21,35.34,3.5650154668915506,-0.03939483059593584
2015-12-22,35.26,3.562749176969724,-0.0022662899218263027
2015-12-23,35.79,3.5776685247779345,0.01491934780821023
2015-12-24,37.22,3.616846251214105,0.039177726436170186
2015-12-28,37.08,3.6130777406976544,-0.003768510516450269
2015-12-29,36.85,3.6068556186353455,-0.006222122062308655
2015-12-30,35.65,3.573749146860305,-0.033106471775040745
2015-12-31,36.61,3.600321427132145,0.02657228027183998
2016-01-04,36.28,3.591266625246936,-0.009054801885208887
2016-01-05,35.56,3.571221410645704,-0.020045214601232035
2016-01-06,33.89,3.52311998561896,-0.04810142502674396
2016-01-07,33.57,3.5136328109919437,-0.009487174627016365
2016-01-08,31.67,3.4553698605505483,-0.0582629504413951
2016-01-11,30.14,3.4058531931983493,-0.049516667352199034
2016-01-12,29.14,3.3721118007670587,-0.033741392431290665
2016-01-13,28.58,3.3527071725017215,-0.01940462826533746
2016-01-14,28.84,3.3617633124167483,0.009056139915027048
2016-01-15,28.8,3.3603753871419,-0.0013879252748480802
2016-01-18,27.36,3.3090820927543496,-0.05129329438755058
2016-01-19,27.36,3.3090820927543496,0.0
2016-01-20,26.01,3.25848107946056,-0.05060101329378949
2016-01-21,27.59,3.3174533882291946,0.05897230876863453
2016-01-22,30.46,3.4164143474670157,0.09896095923782106
2016-01-25,29.82,3.3951793093365925,-0.021235038130423378
2016-01-26,30.94,3.43204984514492,0.036870535808327796
2016-01-27,31.83,3.4604092412940015,0.028359396149081298
2016-01-28,33.01,3.4968105458651015,0.03640130457110019
2016-01-29,33.14,3.500741011998417,0.003930466133315384
2016-02-01,32.45,3.479700443150099,-0.021040568848317814
2016-02-02,30.98,3.4333418349887226,-0.04635860816137645
2016-02-03,32.38,3.477540948249489,0.0441991132607666
2016-02-04,32.76,3.4892082589848687,0.011667310735379448
2016-02-05,32.35,3.4766140209469096,-0.012594238037958946
2016-02-08,31.64,3.4544221428994533,-0.02219187804745647
2016-02-09,30.15,3.4061849231731944,-0.04823721972625878
2016-02-10,29.64,3.389124800427886,-0.0170601227453083
2016-02-11,28.82,3.361069590571376,-0.028055209856510093
2016-02-12,31.8,3.459466289786131,0.09839669921475523
2016-02-16,31.09,3.4368862240706624,-0.02258006571546876
2016-02-17,33.21,3.5028510353886553,0.06596481131799278
2016-02-18,33.2,3.502549875922443,-0.00030115946621232006
2016-02-19,31.66,3.4550540544528663,-0.047495821469576815
2016-02-22,33.59,3.5142284036242013,0.0591743491713353
2016-02-23,31.9,3.462606009790799,-0.05162239383340264
2016-02-24,31.5,3.449987545831587,-0.012618463959211462
2016-02-25,32.83,3.4913427315135013,0.04135518568191386
2016-02-26,35.76,3.576829950305313,0.0854872187918121
2016-02-29,35.92,3.581294243433999,0.004464293128685528
2016-03-01,35.73,3.5759906720353185,-0.005303571398680555
2016-03-02,36.38,3.5940191730899764,0.018028501054657916
2016-03-03,35.75,3.5765502691400166,-0.017468903949959647
2016-03-04,37.61,3.627269972482245,0.05071970334222827
2016-03-07,39.02,3.6640743351949654,0.036804362712720216
2016-03-08,39.16,3.6676558176623097,0.0035814824673443602
2016-03-09,40.26,3.695358420211645,0.02770260254933575
2016-03-10,38.63,3.65402917667819,-0.04132924353345543
2016-03-11,39.41,3.6740195912069122,0.01999041452872216
2016-03-14,38.06,3.6391638618680036,-0.03485572933890869
2016-03-15,37.49,3.6240742307478206,-0.015089631120182771
2016-03-16,38.38,3.647536490579554,0.02346225983173328
2016-03-17,39.29,3.6709700335703683,0.02343354299081438
2016-03-18,39.26,3.670206188848315,-0.0007638447220534427
2016-03-21,39.91,3.686626919060642,0.01642073021232749
2016-03-22,40.54,3.702289141023854,0.015662221963211428
2016-03-23,38.84,3.659450643423124,-0.04283849760072972
2016-03-24,38.33,3.6462328793924637,-0.013217764030660599
2016-03-28,38.33,3.6462328793924637,0.0
2016-03-29,36.75,3.6041382256588457,-0.042094653733617975
2016-03-30,36.75,3.6041382256588457,0.0
2016-03-31,36.75,3.6041382256588457,0.0
2016-04-01,36.42,3.595118074299462,-0.009020151359383784
2016-04-04,36.05,3.584906863730958,-0.010211210568503899
2016-04-05,35.88,3.5801800371905954,-0.0047268265403625775
2016-04-06,37.77,3.6315151367243654,0.05133509953377004
2016-04-07,37.15,3.6149637711637683,-0.016551365560597473
2016-04-08,40.71,3.7064737625148876,0.09150999135111942
2016-04-11,41.58,3.727619282429867,0.02114551991497925
2016-04-12,43.02,3.761665123839584,0.03404584140971728
2016-04-13,42.81,3.7567717201568547,-0.004893403682729236
2016-04-14,43.02,3.761665123839584,0.004893403682729357
2016-04-15,41.32,3.721346644251438,-0.0403184795881462
2016-04-18,41.64,3.7290612437467683,0.0077145994953303825
2016-04-19,43.02,3.761665123839584,0.03260388009281588
2016-04-20,43.09,3.763290951627747,0.001625827788162602
2016-04-21,43.48,3.7723010622530087,0.009010110625261919
2016-04-22,43.97,3.7835075831927187,0.011206520939710028
2016-04-25,42.97,3.7605021977869035,-0.023005385405814975
2016-04-26,43.94,3.7828250669564643,0.022322869169560337
2016-04-27,44.17,3.7880458256084353,0.005220758651971116
2016-04-28,45.6,3.8199077165203406,0.03186189091190527
2016-04-29,45.64,3.8207845249938748,0.0008768084735343862
2016-05-02,45.82,3.8247206770253497,0.003936152031474487
2016-05-03,43.09,3.763290951627747,-0.061429725397602726
2016-05-04,43.08,3.7630588522881876,-0.0002320993395589187
2016-05-05,44.39,3.793014218845944,0.029955366557756116
2016-05-06,44.6,3.7977338590260183,0.004719640180074468
2016-05-09,42.43,3.7478556592142334,-0.049878199811784915
2016-05-10,44.01,3.784416880823,0.03656122160876648
2016-05-11,46.08,3.830379016387636,0.04596213556463585
2016-05-12,46.43,3.8379458020318302,0.0075667856441945895
2016-05-13,47.05,3.8512108660313884,0.013265063999558223
2016-05-16,48.49,3.881357591117261,0.0301467250858723
2016-05-17,48.71,3.8858843478184513,0.004526756701190284
2016-05-18,48.93,3.8903907053010323,0.004506357482580851
2016-05-19,47.01,3.850360345036039,-0.04003036026499303
2016-05-20,48.54,3.8823882002984553,0.0320278552624161
2016-05-23,47.77,3.8663978274018707,-0.01599037289658472
2016-05-24,48.42,3.8799129515099127,0.013515124108041916
2016-05-25,48.87,3.8891637112820634,0.009250759772150997
2016-05-26,49.52,3.9023766283763406,0.013212917094277358
2016-05-27,49.09,3.893655348069961,-0.008721280306379493
2016-05-31,49.26,3.897112392692392,0.0034570446224306208
2016-06-01,48.81,3.887935209899056,-0.009177182793335625
2016-06-02,49.05,3.892840186011372,0.0049049761123159405
2016-06-03,48.5,3.8815637979434374,-0.011276388067934497
2016-06-06,48.94,3.8905950580145254,0.009031260071088015
2016-06-07,49.76,3.907211448430924,0.016616390416398303
2016-06-08,50.73,3.9265174515785985,0.019306003147674576
2016-06-09,50.59,3.923753928303845,-0.002763523274753727
2016-06-10,49.7,3.906004933102583,-0.01774899520126173
2016-06-13,49.36,3.8991403795971324,-0.006864553505450691
2016-06-14,47.88,3.8686978806897723,-0.030442498907359866
2016-06-15,47.47,3.8600979325632268,-0.008599948126545798
2016-06-16,45.66,3.821222641101649,-0.03887529146157722
2016-06-17,46.57,3.840956556994286,0.0197339158926364
2016-06-20,48.68,3.8852682681193262,0.044311711125040495
2016-06-21,48.18,3.874943997186725,-0.010324270932601128
2016-06-22,48.43,3.880119456415138,0.005175459228412407
2016-06-23,48.63,3.8842406244156944,0.004121168000556669
2016-06-24,46.69,3.8435300089828455,-0.04071061543284886
2016-06-27,45.07,3.808216836702557,-0.03531317228028867
2016-06-28,46.29,3.8349259550431793,0.026709118340622243
2016-06-29,48.4,3.879499813722586,0.04457385867940685
2016-06-30,48.05,3.8722421354163012,-0.007257678306284528
2016-07-01,47.65,3.863882630100211,-0.0083595053160903
2016-07-04,48.02,3.8716175907931074,0.007734960692896161
2016-07-05,45.64,3.8207845249938748,-0.05083306579923228
2016-07-06,45.7,3.822098297900159,0.0013137729062842444
2016-07-07,45.93,3.8271184983377022,0.005020200437542943
2016-07-08,44.53,3.796163119333611,-0.030955379004091007
2016-07-11,44.04,3.785098311854479,-0.011064807479131888
2016-07-12,46.72,3.8441723385199715,0.05907402666549231
2016-07-13,44.67,3.7993021353640275,-0.04487020315594428
2016-07-14,46.01,3.8288587641673772,0.02955662880334991
2016-07-15,46.25,3.834061463958434,0.00520269979105711
2016-07-18,45.35,3.814410176561146,-0.019651287397288615
2016-07-19,45.7,3.822098297900159,0.00768812133901349
2016-07-20,45.82,3.8247206770253497,0.0026223791251904524
2016-07-21,44.99,3.806440242853081,-0.018280434172268552
2016-07-22,44.24,3.7896293572140793,-0.016810885639001585
2016-07-25,43.76,3.7787201581137255,-0.010909199100353732
2016-07-26,43.56,3.77413929806476,-0.004580860048965925
2016-07-27,42.78,3.7560707036542595,-0.018068594410500165
2016-07-28,41.87,3.734569580031052,-0.021501123623207698
2016-07-29,40.76,3.707701208354524,-0.026868371676527864
2016-08-01,40.17,3.693120448371191,-0.014580759983333136
2016-08-02,40.0,3.6888794541139363,-0.004240994257254623
2016-08-03,40.45,3.700066643504501,0.011187189390564376
2016-08-04,41.33,3.721588628523641,0.021521985019140166
2016-08-05,42.47,3.74879794432518,0.02720931580153884
2016-08-08,43.24,3.7667659927710075,0.01796804844582776
2016-08-09,43.37,3.7697679578472747,0.0030019650762672678
2016-08-10,42.19,3.7421832261362473,-0.02758473171102751
2016-08-11,44.23,3.789403291880235,0.047220065743987974
2016-08-12,45.12,3.8093256071898036,0.01992231530956815
2016-08-15,47.31,3.8567216896430567,0.04739608245325344
2016-08-16,48.27,3.8768102496724017,0.020088560029344834
2016-08-17,48.58,3.8832119235740263,0.006401673901624826
2016-08-18,49.46,3.9011642620932703,0.01795233851924374
2016-08-19,49.39,3.8997479745525334,-0.00141628754073666
2016-08-22,48.1,3.8732821771117156,-0.026465797440817923
2016-08-23,48.7,3.885679030088544,0.01239685297682872
2016-08-24,47.56,3.861992071822581,-0.023686958265963027
2016-08-25,49.25,3.8969093676180977,0.03491729579551675
2016-08-26,49.66,3.9051997800800207,0.008290412461922657
2016-08-29,49.66,3.9051997800800207,0.0
2016-08-30,47.94,3.869950229006238,-0.03524955107378222
2016-08-31,47.94,3.869950229006238,0.0
2016-09-01,45.05,3.807772984054347,-0.06217724495189141
2016-09-02,45.96,3.827771452980555,0.01999846892620811
2016-09-05,46.72,3.8441723385199715,0.01640088553941673
2016-09-06,46.21,3.833196224882175,-0.010976113637796514
2016-09-07,47.0,3.8501476017100584,0.016951376827883446
2016-09-08,49.23,3.8965031937701093,0.04635559206005065
2016-09-09,48.37,3.878879786834892,-0.017623406935217363
2016-09-12,47.82,3.867443962030179,-0.011435824804713064
2016-09-13,46.48,3.8390221125436557,-0.02842184948652298
2016-09-14,45.65,3.8210036070409776,-0.01801850550267825
2016-09-15,45.83,3.8249388985210326,0.003935291480055115
2016-09-16,45.26,3.8124236402053913,-0.012515258315641415
2016-09-19,46.04,3.829510583853682,0.017086943648290533
2016-09-20,45.24,3.81198165124792,-0.017528932605762097
2016-09-21,45.99,3.8284239815518326,0.016442330303912737
2016-09-22,47.21,3.8546057345581954,0.026181753006362815
2016-09-23,46.71,3.8439582745140166,-0.010647460044178724
2016-09-26,46.61,3.8418151103846494,-0.0021431641293671207
2016-09-27,44.95,3.8055507609176296,-0.03626434946702018
2016-09-28,45.49,3.817492521581913,0.011941760664283476
2016-09-29,48.43,3.880119456415138,0.06262693483322501
2016-09-30,48.24,3.87618855241893,-0.003930903996207695
2016-10-03,48.61,3.883829271057364,0.007640718638433962
2016-10-04,48.81,3.887935209899056,0.004105938841692
2016-10-05,49.57,3.9033858120324827,0.015450602133426316
2016-10-06,50.14,3.914819092730147,0.011433280697664822
2016-10-07,50.49,3.921775296870824,0.006956204140677057
2016-10-10,51.54,3.942358205224219,0.02058290835339456
2016-10-11,50.48,3.9215772182329576,-0.020780986991261317
2016-10-12,49.53,3.902578546600146,-0.01899867163281129
2016-10-13,49.29,3.8977212207172864,-0.004857325882859989
2016-10-14,48.87,3.8891637112820634,-0.008557509435222944
2016-10-17,49.31,3.8981269002360346,0.00896318895397134
2016-10-18,49.81,3.908215767085192,0.010088866849157292
2016-10-19,51.85,3.948354934675536,0.04013916759034426
2016-10-20,50.42,3.9203879217597737,-0.027967012915762566
2016-10-21,50.28,3.917607383722047,-0.0027805380377270766
2016-10-24,49.8,3.9080149840306073,-0.009592399691439522
2016-10-25,49.08,3.8934516198427107,-0.014563364187896555
2016-10-26,48.98,3.891412051524022,-0.002039568318688988
2016-10-27,49.13,3.894469846180557,0.003057794656535315
2016-10-28,47.78,3.8666071418976635,-0.02786270428289348
2016-10-31,46.2,3.832979798087693,-0.03362734380997032
2016-11-01,45.77,3.8236288546655506,-0.009350943422142405
2016-11-02,44.26,3.7900813346229034,-0.03354752004264719
2016-11-03,43.84,3.7805466426397603,-0.009534691983143356
2016-11-04,43.06,3.762594491936217,-0.017952150703543137
2016-11-07,42.83,3.7572387916272794,-0.0053557003089375055
2016-11-08,43.47,3.772071045000701,0.01483225337342107
2016-11-09,43.88,3.7814586354070294,0.00938759040632893
2016-11-10,43.67,3.7766613674974696,-0.004797267909559971
2016-11-11,41.61,3.72834052299485,-0.048320844502619725
2016-11-14,41.83,3.733613785454107,0.005273262459257034
2016-11-15,44.15,3.787592927049969,0.05397914159586189
2016-11-16,45.07,3.808216836702557,0.02062390965258799
2016-11-17,44.57,3.7970609869584644,-0.011155849744092434
2016-11-18,44.41,3.7934646693040106,-0.0035963176544535807
2016-11-21,45.96,3.827771452980555,0.03430678367654419
2016-11-22,46.1,3.8308129500026027,0.003041497022047899
2016-11-23,46.54,3.8403121578741457,0.009499207871542804
2016-11-24,47.54,3.861571461932048,0.021259304057902263
2016-11-25,46.32,3.83557383326474,-0.025997628667308016
2016-11-28,46.64,3.842458542042237,0.006884708777497233
2016-11-29,44.68,3.799525974201,-0.04293256784123699
2016-11-30,47.95,3.8701588013294472,0.07063282712844743
2016-12-01,52.28,3.956613888756021,0.08645508742657393
2016-12-02,52.35,3.9579519373165457,0.0013380485605247504
2016-12-05,53.3,3.975936331171799,0.017984393855252887
2016-12-06,52.31,3.95718755738252,-0.01874877378927903
2016-12-07,51.9,3.949318790171843,-0.007868767210676813
2016-12-08,51.6,3.9435216724875173,-0.005797117684325846
2016-12-09,52.19,3.9548909056553216,0.011369233167804705
2016-12-12,53.99,3.9887988442301956,0.03390793857487385
2016-12-13,53.28,3.9755610262321337,-0.013237817998061977
2016-12-14,53.15,3.973118104787957,-0.0024429214441767833
2016-12-15,51.72,3.945844553903657,-0.02727355088430016
2016-12-16,54.15,3.9917579734469997,0.045913419543342875
2016-12-19,53.53,3.98024224440529,-0.011515729041709612
2016-12-20,54.56,3.9993010135352067,0.019058769129916747
2016-12-21,53.01,3.9704805749997147,-0.02882043853549197
2016-12-22,54.04,3.989724513091998,0.019243938092283457
2016-12-23,53.93,3.9876869093491356,-0.002037603742862437
2016-12-28,54.95,4.006423680849631,0.01873677150049477
2016-12-29,54.97,4.006787581872569,0.00036390102293855717
2016-12-30,54.96,4.006605647914094,-0.00018193395847502497
2017-01-03,55.05,4.008241863168689,0.0016362152545950318
2017-01-04,54.57,3.9994842811981406,-0.008757581970548298
2017-01-05,54.99,4.007151350519723,0.007667069321582736
2017-01-06,55.9,4.023564380161053,0.01641302964133005
2017-01-09,54.39,3.9961803134348695,-0.027384066726184063
2017-01-10,53.2,3.9740583963475986,-0.022121917087270595
2017-01-11,53.61,3.9817356178394463,0.007677221491847648
2017-01-12,54.51,3.9983841710761894,0.01664855323674305
2017-01-13,54.37,3.995812531157829,-0.002571639918360186
2017-01-16,54.3,3.9945242269398897,-0.0012883042179395552
2017-01-17,54.68,4.001498011855749,0.006973784915859106
2017-01-18,53.77,3.9847156908215866,-0.016782321034162
2017-01-19,53.18,3.9736823858148735,-0.01103330500671303
2017-01-20,55.04,4.008060193625088,0.03437780781021438
2017-01-23,54.8,4.00369019395397,-0.004369999671118379
2017-01-24,54.7,4.001863709427935,-0.0018264845260341873
2017-01-25,54.34,3.9952606039982017,-0.006603105429733847
2017-01-26,55.89,4.023385473281607,0.02812486928340514
2017-01-27,54.8,4.00369019395397,-0.01969527932763694
2017-01-30,54.77,4.00314259879563,-0.0005475951583397858
2017-01-31,55.25,4.0118683403978626,0.008725741602232282
2017-02-01,55.79,4.021594641857437,0.009726301459574788
2017-02-02,55.94,4.024279687773814,0.002685045916376594
2017-02-03,55.92,4.0239220979255546,-0.0003575898482588139
2017-02-06,55.02,4.007696755496428,-0.01622534242912627
2017-02-07,53.79,3.985087576285151,-0.022609179211277326
2017-02-08,54.42,3.9967317333551002,0.011644157069949188
2017-02-09,53.98,3.9886136075898584,-0.00811812576524174
2017-02-10,55.2,4.01096295328305,0.02234934569319112
2017-02-13,54.15,3.9917579734469997,-0.01920497983605004
2017-02-14,54.96,4.006605647914094,0.014847674467094316
2017-02-15,54.57,3.9994842811981406,-0.007121366715953382
2017-02-16,54.16,3.9919426286040194,-0.007541652594121057
2017-02-17,54.48,3.997833661841257,0.005891033237237342
2017-02-20,55.25,4.0118683403978626,0.014034678556605406
2017-02-21,56.34,4.0314047624482265,0.019536422050364318
2017-02-22,54.9,4.005513348515485,-0.025891413932741705
2017-02-23,55.82,4.022132228108176,0.0166188795926913
2017-02-24,54.69,4.001680877358681,-0.020451350749494772
2017-02-27,54.65,4.000949214622548,-0.0007316627361337846
2017-02-28,53.36,3.977061401607368,-0.023887813015179282
2017-03-01,55.72,4.020339148911605,0.043277747304236745
2017-03-02,54.16,3.9919426286040194,-0.028396520307585424
2017-03-03,54.12,3.991203803302587,-0.0007388253014322039
2017-03-06,54.73,4.0024120051558265,0.01120820185323946
2017-03-07,54.61,4.000217016164062,-0.0021949889917643704
2017-03-08,53.3,3.975936331171799,-0.02428068499226357
2017-03-09,50.65,3.9249392306946924,-0.05099710047710643
2017-03-10,50.63,3.924544285981818,-0.00039494471287447743
2017-03-13,50.1,3.914021008090819,-0.010523277890998757
2017-03-14,49.6,3.903990833730882,-0.010030174359937357
2017-03-15,50.63,3.924544285981818,0.02055345225093599
2017-03-16,50.56,3.923160749838602,-0.0013835361432158807
2017-03-17,50.58,3.923556241241819,0.00039549140321705326
2017-03-20,50.67,3.9253340194878183,0.0017777782459993572
2017-03-21,50.14,3.914819092730147,-0.01051492675767109
2017-03-22,49.56,3.9031840567609417,-0.011635035969205555
2017-03-23,50.17,3.9154172384961616,0.01223318173521998
2017-03-24,49.97,3.9114228253561136,-0.0039944131400480145
2017-03-27,50.12,3.9144201300278674,0.0029973046717538124
2017-03-28,50.72,3.9263203101289705,0.011900180101103037
2017-03-29,51.36,3.9388596593817056,0.012539349252735173
2017-03-30,52.25,3.9560398908449206,0.0171802314632147
2017-03-31,52.2,3.955082494888593,-0.0009573959563273326
2017-04-03,52.04,3.9520126536443043,-0.0030698412442886026
2017-04-04,53.08,3.9718002094640066,0.019787555819702162
2017-04-05,53.41,3.977997994351679,0.006197784887672087
2017-04-06,53.62,3.981922132807813,0.003924138456134365
2017-04-07,54.24,3.99341864363214,0.01149651082432706
2017-04-10,54.79,4.003507695550324,0.01008905191818424
2017-04-11,54.73,4.0024120051558265,-0.0010956903944975896
2017-04-12,54.75,4.00277736869661,0.00036536354078338314
2017-04-13,55.05,4.008241863168689,0.005464494472078745
2017-04-17,54.79,4.003507695550324,-0.00473416761836457
2017-04-18,52.6,3.9627161197436642,-0.04079157580666019
2017-04-19,52.43,3.9594789465844413,-0.0032371731592228388
2017-04-20,50.66,3.925136644573529,-0.034342302010912325
2017-04-21,49.93,3.910622024512518,-0.01451462006101115
2017-04-24,49.45,3.900962058068721,-0.009659966443796759
2017-04-25,49.37,3.8993429522707714,-0.001619105797949698
2017-04-26,49.99,3.911822985425479,0.01248003315470758
2017-04-27,49.46,3.9011642620932703,-0.010658723332208844
2017-04-28,49.46,3.9011642620932703,0.0
2017-05-01,50.41,3.9201895680945396,0.01902530600126932
2017-05-02,49.31,3.8981269002360346,-0.022062667858504637
2017-05-03,48.82,3.888140064964814,-0.009986835271220735
2017-05-04,47.53,3.861361090625918,-0.026778974338895877
2017-05-05,47.45,3.859676525055937,-0.0016845655699812025
2017-05-08,46.61,3.8418151103846494,-0.01786141467128737
2017-05-09,47.06,3.8514233832992164,0.009608272914566816
2017-05-10,48.09,3.873074255289571,0.02165087199035487
2017-05-11,49.18,3.8954870367880465,0.02241278149847507
2017-05-12,49.08,3.8934516198427107,-0.00203541694533583
2017-05-15,51.29,3.937495801401177,0.04404418155846632
2017-05-16,51.21,3.935934825474459,-0.0015609759267180728
2017-05-17,51.76,3.946617650192645,0.01068282471818615
2017-05-18,51.71,3.94565118640813,-0.0009664637845149529
2017-05-19,52.78,3.966132331075178,0.020481144667047823
2017-05-22,53.35,3.976873977747762,0.010741646672584438
2017-05-23,53.19,3.9738704087542263,-0.0030035689935362505
2017-05-24,53.29,3.975748696308691,0.0018782875544646664
2017-05-25,52.25,3.9560398908449206,-0.019708805463770514
2017-05-26,50.84,3.928683446321253,-0.027356444523667065
2017-05-29,52.25,3.9560398908449206,0.027356444523666954
2017-05-30,50.65,3.9249392306946924,-0.031100660150228002
2017-05-31,49.4,3.899950424193877,-0.024988806500815582
2017-06-01,50.41,3.9201895680945396,0.020239143900662674
2017-06-02,48.46,3.8807387153883797,-0.03945085270615975
2017-06-05,48.25,3.876395827784995,-0.004342887603384812
2017-06-06,48.11,3.8734900557113625,-0.0029057720736325975
2017-06-07,47.08,3.851848282392076,-0.021641773319286402
2017-06-08,46.3,3.835141961092188,-0.016706321299887614
2017-06-09,46.64,3.842458542042237,0.007316580950048702
2017-06-12,47.18,3.853970073979529,0.011511531937291986
2017-06-13,46.95,3.849083205654272,-0.004886868325256946
2017-06-14,45.47,3.8170527678369193,-0.03203043781735281
2017-06-15,45.61,3.820126990723609,0.0030742228866898766
2017-06-16,45.7,3.822098297900159,0.001971307176549994
2017-06-19,45.93,3.8271184983377022,0.005020200437542943
2017-06-20,43.98,3.783734985126615,-0.04338351321108706
2017-06-21,44.62,3.7981821890043865,0.014447203877771422
2017-06-22,44.46,3.7945899085360506,-0.0035922804683358777
2017-06-23,44.14,3.7873664008285903,-0.007223507707460135
2017-06-26,44.09,3.7862329993698465,-0.0011334014587439842
2017-06-27,46.17,3.8323302365188976,0.0460972371490513
2017-06-28,46.45,3.8383764652598478,0.006046228740949901
2017-06-29,47.02,3.8505730431119236,0.012196577852075863
2017-06-30,47.08,3.851848282392076,0.0012752392801525072
2017-07-03,49.13,3.894469846180557,0.042621563788481066
2017-07-04,49.15,3.8948768465931756,0.0004070004126187052
2017-07-05,47.58,3.8624125048748117,-0.032464341718364
2017-07-06,48.53,3.882182163417125,0.01976965854231328
2017-07-07,46.47,3.8388069430968867,-0.04337522032023795
2017-07-10,46.57,3.840956556994286,0.002149613897398967
2017-07-11,46.68,3.8433158074183553,0.0023592504240693597
2017-07-12,46.73,3.844386356712335,0.0010705492939795688
2017-07-13,47.65,3.863882630100211,0.01949627338787633
2017-07-14,47.89,3.868906714354518,0.005024084254306954
2017-07-17,47.66,3.8640924716705958,-0.004814242683922034
2017-07-18,47.92,3.869532953807194,0.005440482136597901
2017-07-19,48.34,3.878259375275337,0.00872642146814312
2017-07-20,48.54,3.8823882002984553,0.004128825023118175
2017-07-21,47.47,3.8600979325632268,-0.022290267735228658
2017-07-24,47.81,3.867234822638012,0.007136890074785299
2017-07-25,49.19,3.8956903508072482,0.028455528169236327
2017-07-26,50.08,3.913621726791843,0.017931375984594686
2017-07-27,50.67,3.9253340194878183,0.011712292695975358
2017-07-28,52.0,3.9512437185814275,0.025909699093608903
2017-07-31,51.99,3.9510513923956245,-0.00019232618580286207
2017-08-01,50.77,3.927305628959303,-0.023745763436321392
2017-08-02,52.09,3.9529729917571004,0.02566736279779727
2017-08-03,52.88,3.9680251955434307,0.015052203786330594
2017-08-04,52.48,3.9604321446358335,-0.007593050907597319
2017-08-07,51.42,3.9400272018377436,-0.020404942798090128
2017-08-08,52.18,3.9546992797085823,0.0146720778708389
2017-08-09,52.16,3.9543159176183975,-0.0003833620901849574
2017-08-10,52.59,3.962525987601253,0.00821006998285533
2017-08-11,51.47,3.940999113664663,-0.02152687393658979
2017-08-14,51.29,3.937495801401177,-0.0035033122634861038
2017-08-15,49.9,3.910021002757473,-0.027474798643704057
2017-08-16,50.39,3.9197927426925068,0.00977173993503385
2017-08-17,50.37,3.9193957597575593,-0.00039698293494760636
2017-08-18,50.96,3.931041011263908,0.011645251506348793
2017-08-21,51.94,3.9500892062346025,0.01904819497069441
2017-08-22,52.29,3.956805148200039,0.006715941965436809
2017-08-23,52.31,3.95718755738252,0.0003824091824805265
2017-08-24,51.73,3.9460378840154235,-0.011149673367096066
2017-08-25,51.87,3.9487405883633087,0.002702704347885073
2017-08-28,51.87,3.9487405883633087,0.0
2017-08-29,51.64,3.944296565978442,-0.004444022384867052
2017-08-30,51.91,3.9495114498391377,0.005214883860695817
2017-08-31,52.69,3.9644256842211942,0.014914234382056827
2017-09-01,53.15,3.973118104787957,0.008692420566762595
2017-09-04,52.6,3.9627161197436642,-0.010401985044292725
2017-09-05,53.63,3.9821086129948338,0.019392493251169655
2017-09-06,54.48,3.997833661841257,0.015725048846422948
2017-09-07,54.16,3.9919426286040194,-0.005891033237237419
2017-09-08,54.55,3.9991177122790798,0.007175083675060303
2017-09-11,54.2,3.9926809084456005,-0.006436803833479199
2017-09-12,55.06,4.008423499714461,0.01574259126886063
2017-09-13,55.52,4.016743316198549,0.008319816484087809
2017-09-14,56.76,4.038831852291842,0.02208853609329285
2017-09-15,56.18,4.0285608216760975,-0.010271030615744267
2017-09-18,55.5,4.0163830207523885,-0.01217780092370876
2017-09-19,56.58,4.035655565873421,0.019272545121032325
2017-09-20,57.2,4.046553898385752,0.010898332512331103
2017-09-21,57.73,4.055776969072842,0.009223070687089802
2017-09-22,58.16,4.063197833225264,0.0074208641524216145
2017-09-25,59.42,4.084630870034462,0.021433036809197687
2017-09-26,59.77,4.0905038628361625,0.0058729928017013265
2017-09-27,58.74,4.073120925770474,-0.017382937065688806
2017-09-28,58.8,4.074141854904581,0.001020929134107143
2017-09-29,57.02,4.043402083484526,-0.030739771420055143
2017-10-02,55.67,4.019441402195416,-0.023960681289109557
2017-10-03,56.12,4.02749225523426,0.008050853038843621
2017-10-04,56.0,4.02535169073515,-0.002140564499110877
2017-10-05,57.09,4.044628969976168,0.019277279241018578
2017-10-06,55.5,4.0163830207523885,-0.02824594922377908
2017-10-09,55.29,4.012592060349841,-0.003790960402547182
2017-10-10,56.62,4.036362279683754,0.02377021933391185
2017-10-11,56.13,4.027670428954108,-0.008691850729645558
2017-10-12,56.13,4.027670428954108,0.0
2017-10-13,56.86,4.040592106222854,0.01292167726874583
2017-10-16,57.49,4.0516110196351995,0.011018913412345791
2017-10-17,57.63,4.054043265448575,0.002432245813375364
2017-10-18,58.05,4.061304708143901,0.0072614426953255045
2017-10-19,57.82,4.0573347365882,-0.003969971555700482
2017-10-20,57.89,4.058544658090914,0.0012099215027131511
2017-10-23,57.69,4.055083848268798,-0.003460809822115194
2017-10-24,57.84,4.057680577850509,0.0025967295817113565
2017-10-25,58.45,4.068171687918078,0.010491110067568135
2017-10-26,58.75,4.073291153024268,0.005119465106190774
2017-10-27,60.15,4.096841442420688,0.02355028939641949
2017-10-30,60.65,4.105119635390059,0.008278192969371254
2017-10-31,61.35,4.116595171156921,0.011475535766861281
2017-11-01,60.98,4.110545941560109,-0.006049229596811783
2017-11-02,60.79,4.107425301760631,-0.0031206397994775277
2017-11-03,61.42,4.117735515012677,0.010310213252045276
2017-11-06,64.27,4.163092959383195,0.0453574443705185
2017-11-07,64.36,4.1644923221241825,0.0013993627409876726
2017-11-08,63.96,4.158257887965753,-0.006234434158428942
2017-11-09,64.49,4.166510173022286,0.00825228505653234
2017-11-10,64.35,4.164336934042136,-0.0021732389801503832
2017-11-13,62.94,4.142181891636261,-0.02215504240587476
2017-11-14,60.91,4.109397364848393,-0.03278452678786758
2017-11-15,61.25,4.114963849424837,0.005566484576443112
2017-11-16,61.18,4.113820338722757,-0.0011435107020789379
2017-11-17,61.34,4.116432158686106,0.0026118199633481647
2017-11-20,61.34,4.116432158686106,0.0
2017-11-21,62.28,4.131640346965797,0.01520818827969207
2017-11-22,62.92,4.1418640781900775,0.01022373122427944
2017-11-23,63.27,4.147411283158793,0.00554720496871583
2017-11-24,63.58,4.152298955482657,0.004887672323863704
2017-11-27,63.25,4.1470951276076295,-0.005203827875026998
2017-11-28,63.56,4.151984341668515,0.004889214060885675
2017-11-29,63.74,4.15481230898919,0.00282796732067516
2017-11-30,63.53,4.1515122352784415,-0.003300073710748483
2017-12-01,64.57,4.167749906638376,0.016237671359933578
2017-12-04,63.45,4.150252194160397,-0.017497712477978836
2017-12-05,63.45,4.150252194160397,0.0
2017-12-06,62.25,4.131158535344817,-0.0190936588155797
2017-12-07,62.37,4.1330843905380314,0.0019258551932142657
2017-12-08,63.86,4.156693187286636,0.023608796748604746
2017-12-11,65.62,4.183880527532955,0.02718734024631961
2017-12-12,64.96,4.173771695853422,-0.010108831679533243
2017-12-13,63.66,4.1535564218539465,-0.020215273999475727
2017-12-14,63.72,4.154498485041848,0.0009420631879009365
2017-12-15,63.81,4.155909917880256,0.0014114328384078085
2017-12-18,64.45,4.165889729385197,0.009979811504940865
2017-12-19,63.69,4.1540275643832745,-0.011862165001922104
2017-12-20,64.43,4.1655793631505516,0.011551798767276675
2017-12-21,64.64,4.16883341421284,0.0032540510622888273
2017-12-22,64.61,4.168369197570074,-0.0004642166427658592
2017-12-27,66.03,4.19010918420648,0.02173998663640582
2017-12-28,66.8,4.2017030805426,0.01159389633612002
2017-12-29,66.73,4.200654626915515,-0.0010484536270848057
2018-01-02,66.65,4.199455046624718,-0.0011995802907974697
2018-01-03,67.85,4.217299386280878,0.017844339656160335
2018-01-04,68.73,4.230185785133514,0.012886398852635924
2018-01-05,68.01,4.219654753187547,-0.010531031945966484
2018-01-08,68.48,4.226541731833486,0.00688697864593927
2018-01-09,69.08,4.235265253278478,0.008723521444991103
2018-01-10,69.79,4.245490733029061,0.010225479750582607
2018-01-11,70.36,4.253624919869357,0.008134186840297153
2018-01-12,69.64,4.243339114899988,-0.010285804969369157
2018-01-15,70.31,4.25291403621107,0.009574921311081772
2018-01-16,69.4,4.239886867512759,-0.013027168698311133
2018-01-17,69.19,4.23685634351072,-0.003030524002039226
2018-01-18,69.48,4.241038941372905,0.004182597862184483
2018-01-19,68.56,4.227709274289524,-0.013329667083379897
2018-01-22,69.32,4.238733464847405,0.011024190557880831
2018-01-23,69.81,4.24577726598231,0.007043801134904919
2018-01-24,69.91,4.247208700523894,0.001431434541583726
2018-01-25,71.08,4.263806003286451,0.016597302762556797
2018-01-26,70.08,4.249637446628136,-0.014168556658314586
2018-01-29,68.41,4.2255190127729065,-0.024118433855229427
2018-01-30,67.78,4.2162671661789055,-0.009251846594001264
2018-01-31,67.78,4.2162671661789055,0.0
2018-02-01,68.6,4.22829253473184,0.012025368552934214
2018-02-02,67.45,4.211386582653765,-0.016905952078074552
2018-02-05,67.69,4.214938458520516,0.0035518758667513234
2018-02-06,66.75,4.200954297280359,-0.013984161240157274
2018-02-07,65.74,4.185707568236073,-0.015246729044285636
2018-02-08,64.26,4.162937353687712,-0.022770214548360798
2018-02-09,63.04,4.143769445549624,-0.019167908138088798
2018-02-12,62.2,4.130354999745133,-0.013414445804489812
2018-02-13,61.94,4.126166174545057,-0.004188825200077138
2018-02-14,62.29,4.131800899266054,0.005634724720997366
2018-02-15,62.86,4.140910031369422,0.009109132103367461
2018-02-16,64.3,4.163559631243574,0.022649599874152045
2018-02-19,64.95,4.173617743116608,0.010058111873035002
2018-02-20,64.68,4.169452034708907,-0.004165708407702389
2018-02-21,64.81,4.171459912439625,0.0020078777307185342
2018-02-22,66.12,4.191471272952824,0.0200113605131988
2018-02-23,67.04,4.205289456173828,0.013818183221004206
2018-02-26,67.96,4.2189192968037315,0.013629840629903543
2018-02-27,67.59,4.213460043112263,-0.005459253691468323
2018-02-28,66.08,4.190866129212723,-0.02259391389954018
2018-03-01,64.23,4.162470391269701,-0.028395737943021422
2018-03-02,64.26,4.162937353687712,0.0004669624180113042
2018-03-05,65.78,4.186315840760911,0.023378487073198357
2018-03-06,65.67,4.184642200202881,-0.0016736405580296484
2018-03-07,65.09,4.175770927584296,-0.008871272618585287
2018-03-08,63.87,4.1568497675734974,-0.018921160010798285
2018-03-09,65.19,4.177306082936448,0.020456315362950242
2018-03-12,64.53,4.167130231947748,-0.010175850988699562
2018-03-13,64.2,4.162003210695915,-0.005127021251832878
2018-03-14,63.61,4.152770690690713,-0.009232520005202699
2018-03-15,63.67,4.153713494028934,0.0009428033382210968
2018-03-16,64.68,4.169452034708907,0.015738540679972216
2018-03-19,64.82,4.171614197713401,0.0021621630044950956
2018-03-20,66.0,4.189654742026425,0.018040544313024282
2018-03-21,68.15,4.221711158142542,0.0320564161161162
2018-03-22,68.98,4.233816607508695,0.012105449366153256
2018-03-23,69.03,4.234541192715384,0.0007245852066892535
2018-03-26,68.81,4.231349083214389,-0.0031921095009957027
2018-03-27,68.63,4.2287297569205435,-0.002619326293845293
2018-03-28,68.13,4.221417644785577,-0.007312112134966532
2018-03-29,69.02,4.234396317669857,0.012978672884280637
2018-04-03,69.02,4.234396317669857,0.0
2018-04-04,66.04,4.190260619051927,-0.04413569861792993
2018-04-05,66.54,4.197803270590331,0.007542651538403445
2018-04-06,66.51,4.19735231229633,-0.0004509582940009306
2018-04-09,68.19,4.222297926532561,0.02494561423623166
2018-04-10,70.67,4.258021154702763,0.035723228170201494
2018-04-11,72.74,4.286891439558843,0.028870284856079908
2018-04-12,71.44,4.268857936568244,-0.018033502990599293
2018-04-13,73.18,4.292922159591061,0.02406422302281733
2018-04-16,72.05,4.277360322445531,-0.015561837145529762
2018-04-17,71.71,4.272630207894483,-0.004730114551047623
2018-04-18,73.73,4.300409772001559,0.027779564107075886
2018-04-19,74.85,4.3154861108656375,0.015076338864078115
2018-04-20,74.62,4.312408567793012,-0.0030775430726254164
2018-04-23,74.54,4.311335894051113,-0.0010726737418994135
2018-04-24,75.86,4.3288895362607525,0.017553642209640383
2018-04-25,73.79,4.301223221070275,-0.027666315190477537
2018-04-26,75.39,4.32267464022361,0.021451419153335132
2018-04-27,75.33,4.321878461837604,-0.0007961783860072499
2018-04-30,75.92,4.3296801543016725,0.007801692464069037
2018-05-01,74.85,4.3154861108656375,-0.01419404343603514
2018-05-02,73.14,4.292375412721235,-0.02311069814440216
2018-05-03,73.45,4.296604902619887,0.00422948989865108
2018-05-04,74.75,4.314149212270796,0.017544309650909525
2018-05-08,74.16,4.306224921257599,-0.007924291013196085
2018-05-09,77.6,4.351567427189173,0.04534250593157329
2018-05-10,77.59,4.351438552905858,-0.0001288742833150568
2018-05-11,77.37,4.348599108561364,-0.0028394443444948246
2018-05-14,78.17,4.358885942232239,0.010286833670875838
2018-05-15,78.94,4.368688070234701,0.009802128002461859
2018-05-16,78.19,4.359141762136423,-0.00954630809827841
2018-05-17,80.09,4.383151002335591,0.024009240199168374
2018-05-18,78.38,4.361568792771485,-0.021582209564105635
2018-05-21,78.34,4.361058328237685,-0.0005104645338000839
2018-05-22,80.42,4.387262901469128,0.026204573231442797
2018-05-23,78.69,4.365516082546892,-0.021746818922236028
2018-05-24,78.9,4.368181227851829,0.0026651453049367562
2018-05-25,76.6,4.338597076746545,-0.029584151105283046
2018-05-29,74.51,4.310933344565636,-0.02766373218090933
2018-05-30,75.89,4.3292849234158215,0.01835157885018517
2018-05-31,76.45,4.336636932375072,0.007352008959249945
2018-06-01,74.54,4.311335894051113,-0.0253010383239589
2018-06-04,73.41,4.29606016612269,-0.01527572792842253
2018-06-05,72.91,4.289225803818339,-0.006834362304351104
2018-06-06,73.23,4.2936051730729785,0.004379369254639659
2018-06-07,75.23,4.32055008757213,0.0269449144991519
2018-06-08,75.11,4.31895370569792,-0.0015963818742098389
2018-06-11,74.58,4.311872374750675,-0.007081330947245661
2018-06-12,74.86,4.315619702476283,0.003747327725608095
2018-06-13,75.07,4.318421011584911,0.002801309108627995
2018-06-14,74.77,4.314416735011824,-0.004004276573086795
2018-06-15,72.02,4.276943858220729,-0.037472876791095046
2018-06-18,74.87,4.315753276242594,0.03880941802186473
2018-06-19,74.92,4.316420877575887,0.0006676013332939752
2018-06-20,74.25,4.307437777682809,-0.008983099893078748
2018-06-21,72.87,4.288677031682191,-0.018760746000618073
2018-06-22,73.67,4.299595660694722,0.010918629012531416
2018-06-25,72.82,4.287990642747287,-0.011605017947435008
2018-06-26,73.58,4.2983732496766285,0.01038260692934099
2018-06-27,76.09,4.331916850188431,0.0335436005118032
2018-06-28,76.26,4.334148554429418,0.0022317042409862944
2018-06-29,77.44,4.349503442968322,0.015354888538903811
2018-07-02,76.71,4.3400320779712045,-0.009471364997116712
2018-07-03,75.87,4.329021349349984,-0.01101072862122129
2018-07-04,76.99,4.343675543289958,0.014654193939974577
2018-07-05,77.09,4.344973570471171,0.001298027181212842
2018-07-06,74.98,4.317221411307766,-0.02775215916340486
2018-07-09,77.08,4.344843843546165,0.027622432238399518
2018-07-10,77.8,4.354141431184346,0.00929758763818036
2018-07-11,75.35,4.3221439250725044,-0.03199750611184152
2018-07-12,72.11,4.2781927309286685,-0.04395119414383626
2018-07-13,74.11,4.305550475963267,0.02735774503459944
2018-07-16,71.03,4.2631023230097185,-0.04244815295354885
2018-07-17,70.87,4.260847212822164,-0.0022551101875539405
2018-07-18,70.52,4.25589635752967,-0.004950855292495293
2018-07-19,71.94,4.275832438267478,0.019936080737808493
2018-07-20,71.99,4.276527220481212,0.0006947822137336413
2018-07-23,73.45,4.296604902619887,0.02007768213867482
2018-07-24,73.53,4.297693486208131,0.0010885835882446127
2018-07-25,73.67,4.299595660694722,0.0019021744865913945
2018-07-26,74.51,4.310933344565636,0.011337683870913988
2018-07-27,74.84,4.315352501405889,0.004419156840252802
2018-07-30,74.99,4.317354771313298,0.0020022699074089484
2018-07-31,74.16,4.306224921257599,-0.011129850055698227
2018-08-01,72.28,4.280547465724028,-0.02567745553357187
2018-08-02,72.95,4.289774274968795,0.009226809244766937
2018-08-03,72.48,4.283310661734724,-0.00646361323407075
2018-08-06,72.51,4.2837244833835015,0.00041382164877743345
2018-08-07,72.31,4.28096243218686,-0.0027620511966409064
2018-08-08,70.71,4.25858700561615,-0.022375426570711145
2018-08-09,70.55,4.256321678298823,-0.0022653273173263333
2018-08-10,71.0,4.2626798770413155,0.006358198742492503
2018-08-13,70.62,4.25731339050024,-0.005366486541075019
2018-08-14,70.77,4.259435182087693,0.002121791587452968
2018-08-15,68.38,4.2250803842111555,-0.034354797876538105
2018-08-16,69.21,4.237145360853772,0.012064976642616791
2018-08-17,70.14,4.2504932447120325,0.013347883858260086
2018-08-20,71.11,4.2642279738954265,0.013734729183394403
2018-08-21,71.65,4.271793154274181,0.007565180378754427
2018-08-22,72.96,4.289911345766076,0.018118191491894933
2018-08-23,73.73,4.300409772001559,0.01049842623548334
2018-08-24,74.41,4.309590341409169,0.009180569407610544
2018-08-27,74.41,4.309590341409169,0.0
2018-08-28,75.91,4.3295484280286765,0.01995808661950687
2018-08-29,76.07,4.33165396900921,0.002105540980532833
2018-08-30,77.05,4.344454561766125,0.012800592756915096
2018-08-31,76.94,4.343025897324149,-0.0014286644419756452
2018-09-03,77.81,4.354269957628839,0.011244060304689768
2018-09-04,77.51,4.35040696029342,-0.0038629973354187136
2018-09-05,76.68,4.339640918177444,-0.010766042115976324
2018-09-06,75.67,4.326381780706431,-0.01325913747101363
2018-09-07,75.55,4.3247946887187485,-0.0015870919876816584
2018-09-10,76.77,4.3408139388398075,0.016019250121058648
2018-09-11,78.22,4.359525369327368,0.018711430487561027
2018-09-12,80.02,4.382276603429089,0.02275123410172087
2018-09-13,77.66,4.352340324303521,-0.029936279125567664
2018-09-14,77.87,4.355040769588895,0.002700445285373577
2018-09-17,78.22,4.359525369327368,0.00448459973847319
2018-09-18,79.25,4.37260741275739,0.013082043430022052
2018-09-19,79.43,4.374876130645041,0.002268717887650708
2018-09-20,79.03,4.369827527216884,-0.00504860342815681
2018-09-21,78.9,4.368181227851829,-0.0016462993650553895
2018-09-24,80.89,4.393090207029862,0.024908979178032618
2018-09-25,82.21,4.409276949164042,0.01618674213418064
2018-09-26,81.87,4.405132623388357,-0.004144325775685107
2018-09-27,81.54,4.401093697391107,-0.004038925997249446
2018-09-28,82.72,4.415461410760119,0.014367713369011461
2018-10-01,84.94,4.441945124885125,0.026483714125006105
2018-10-02,85.63,4.450035689038101,0.008090564152975627
2018-10-03,85.45,4.4479314095616,-0.00210427947650072
2018-10-04,86.07,4.455160918661383,0.007229509099783187
2018-10-05,85.12,4.444062025593334,-0.01109889306804869
2018-10-08,84.22,4.433432422733782,-0.010629602859552554
2018-10-09,85.16,4.444531840025279,0.011099417291497044
2018-10-10,83.82,4.4286716424969255,-0.01586019752835333
2018-10-11,81.35,4.3987608336650466,-0.029910808831878615
2018-10-12,80.71,4.390862483336281,-0.00789835032876582
2018-10-15,80.91,4.393337425819748,0.002474942483467335
2018-10-16,80.53,4.388629785807454,-0.0047076400122947285
2018-10-17,79.91,4.380901001386372,-0.00772878442108221
2018-10-18,80.3,4.385769620952716,0.004868619566344607
2018-10-19,80.38,4.386765389021055,0.0009957680683389768
2018-10-22,80.45,4.387635873438392,0.0008704844173371768
2018-10-23,78.67,4.365261888341151,-0.0223739850972411
2018-10-24,77.34,4.348211286179151,-0.017050602162000078
2018-10-25,77.3,4.3476939555933765,-0.0005173305857747766
2018-10-26,77.4,4.3489867805956814,0.0012928250023051713
2018-10-29,77.56,4.351051830374451,0.0020650497787696427
2018-10-30,75.68,4.326513924743623,-0.024537905630828166
2018-10-31,74.84,4.315352501405889,-0.011161423337734042
2018-11-01,71.25,4.26619481914876,-0.049157682257129034
2018-11-02,71.11,4.2642279738954265,-0.001966845253333304
2018-11-05,72.68,4.28606624352797,0.021838269632543903
2018-11-06,70.64,4.257596556295705,-0.028469687232265995
2018-11-07,70.1,4.249922794040544,-0.007673762255160277
2018-11-08,69.29,4.23830059563929,-0.011622198401254363
2018-11-09,69.01,4.234251421632511,-0.0040491740067794225
2018-11-12,69.81,4.24577726598231,0.011525844349799624
2018-11-13,65.45,4.181286492355909,-0.06449077362640115
2018-11-14,64.88,4.1725394098071575,-0.008747082548751575
2018-11-15,65.61,4.1837281233567865,0.011188713549628755
2018-11-16,65.29,4.178838885198542,-0.004889238158243922
2018-11-19,64.14,4.161068194265009,-0.017770690933533374
2018-11-20,61.5,4.119037174812473,-0.04203101945253664
2018-11-21,61.65,4.121473229610353,0.002436054797881121
2018-11-22,61.11,4.1126755189068245,-0.008797710703529197
2018-11-23,57.69,4.055083848268798,-0.05759167063802611
2018-11-26,59.7,4.089332020398556,0.03424817212975846
2018-11-27,59.58,4.0873199472851365,-0.002012073113420231
2018-11-28,57.97,4.059925635351641,-0.027394311933494713
2018-11-29,58.29,4.0654305520574585,0.005504916705816994
2018-11-30,57.71,4.055430468722875,-0.01000008333458331
2018-12-03,60.17,4.09717388923226,0.0417434205093854
2018-12-04,61.22,4.114473933517266,0.017300044285005936
2018-12-05,61.4,4.117409835153096,0.00293590163583032
2018-12-06,57.83,4.057507672170127,-0.05990216298296994
2018-12-07,61.71,4.122445992332976,0.06493832016284859
2018-12-10,60.29,4.099166252501314,-0.02327973983166128
2018-12-11,59.73,4.089834406744215,-0.00933184575709964
2018-12-12,59.94,4.0933440618885175,0.0035096551443025183
2018-12-13,59.03,4.078045789252598,-0.015298272635919088
2018-12-14,58.56,4.0700518696530565,-0.007993919599541906
2018-12-17,57.59,4.053348941518581,-0.01670292813447511
2018-12-18,55.26,4.01204931949527,-0.04129962202331061
2018-12-19,55.6,4.018183201256536,0.006133881761266217
2018-12-20,52.84,3.9672684796541247,-0.050914721602412075
2018-12-21,51.93,3.9498966578562276,-0.0173718217978971
2018-12-27,51.49,3.94138761405805,-0.008509043798177525
2018-12-28,50.57,3.9233585150918917,-0.01802909896615834
2019-01-02,54.06,3.9900945408483017,0.06673602575640994
2019-01-03,53.23,3.974622147184666,-0.015472393663635668
2019-01-04,55.64,4.018902367055242,0.04428021987057612
2019-01-07,57.1,4.044804116661965,0.02590174960672228
2019-01-08,56.91,4.041471072615033,-0.0033330440469321316
2019-01-09,59.46,4.085303817569952,0.04383274495491921
2019-01-10,60.47,4.1021473742851216,0.016843556715169856
2019-01-11,59.24,4.081596989399598,-0.020550384885523416
2019-01-14,58.8,4.074141854904581,-0.007455134495016934
2019-01-15,58.65,4.0715875750994845,-0.0025542798050967423
2019-01-16,59.81,4.091172871056465,0.01958529595698128
2019-01-17,59.85,4.091841432003982,0.0006685609475164736
2019-01-18,62.04,4.127779338308338,0.03593790630435591
2019-01-21,62.18,4.130033404630607,0.0022540663222697485
2019-01-22,60.9,4.109233174715851,-0.0208002299147564
2019-01-23,61.05,4.111693200556713,0.002460025840862399
2019-01-24,61.09,4.112348186661675,0.0006549861049619846
2019-01-25,61.49,4.118874559965378,0.006526373303702819
2019-01-28,59.71,4.089499510558901,-0.02937504940647726
2019-01-29,60.98,4.110545941560109,0.021046431001207705
2019-01-30,61.89,4.12535861575127,0.014812674191161564
2019-01-31,62.46,4.134526351854933,0.009167736103662337
2019-02-01,61.86,4.124873767256924,-0.009652584598008941
2019-02-04,62.26,4.131319165013462,0.006445397756538562
2019-02-05,61.67,4.1217975890034015,-0.00952157601006055
2019-02-06,62.22,4.130676491469491,0.008878902466089512
2019-02-07,61.01,4.111037785163761,-0.01963870630572992
2019-02-08,61.37,4.116921116401006,0.005883331237244602
2019-02-11,61.3,4.115779842942166,-0.0011412734588399124
2019-02-12,62.58,4.136445738240736,0.02066589529857045
2019-02-13,63.27,4.147411283158793,0.010965544918057004
2019-02-14,64.0,4.1588830833596715,0.011471800200878906
2019-02-15,65.65,4.184337600748806,0.025454517389133423
2019-02-18,66.41,4.195847647552622,0.011510046803817005
2019-02-19,65.86,4.187531276948218,-0.008316370604404091
2019-02-20,66.82,4.20200243692861,0.014471159980392128
2019-02-21,66.91,4.2033484327947255,0.0013459958661150948
2019-02-22,66.91,4.2033484327947255,0.0
2019-02-25,64.02,4.159195534541717,-0.04415289825300861
2019-02-26,64.51,4.16682025054415,0.007624716002433397
2019-02-27,65.55,4.182813210209709,0.015992959665558505
2019-02-28,65.03,4.174848701881061,-0.007964508328648347
2019-03-01,63.71,4.154341536128396,-0.02050716575266365
2019-03-04,64.44,4.165734558308774,0.011393022180376826
2019-03-05,64.24,4.162626069638506,-0.0031084886702674487
2019-03-06,64.51,4.16682025054415,0.004194180905644253
2019-03-07,64.82,4.171614197713401,0.004793947169250828
2019-03-08,65.66,4.184489912073446,0.012875714360045367
2019-03-11,65.06,4.175309921045206,-0.009179991028241142
2019-03-12,65.33,4.179451348852659,0.0041414278074535325
2019-03-13,65.89,4.187986684925728,0.008535336073069595
2019-03-14,66.18,4.192378302493466,0.004391617567737601
2019-03-15,66.11,4.191320021345486,-0.0010582811479794643
2019-03-18,66.65,4.199455046624718,0.008135025279230913
2019-03-19,67.13,4.20663103795066,0.007175991325942382
2019-03-20,68.35,4.224641563169959,0.01801052521929845
2019-03-21,68.3,4.223909766576744,-0.0007317965932141176
2019-03-22,66.29,4.1940390562533,-0.029870710323444075
2019-03-25,67.37,4.210199814972569,0.016160758719268378
2019-03-26,67.51,4.21227573505378,0.0020759200812107397
2019-03-27,67.35,4.209902902856373,-0.0023728321974062273
2019-03-28,66.08,4.190866129212723,-0.019036773643650282
2019-03-29,67.93,4.218477763203211,0.027611633990487966
2019-04-01,69.08,4.235265253278478,0.016787490075267062
2019-04-02,69.68,4.243913332544247,0.008648079265769642
2019-04-03,69.21,4.237145360853772,-0.006767971690475556
2019-04-04,69.8,4.2456340097683265,0.008488648914554937
2019-04-05,69.93,4.247494741715776,0.001860731947448896
2019-04-08,71.12,4.264368591205649,0.016873849489873635
2019-04-09,71.02,4.262961527514942,-0.0014070636907074277
2019-04-10,71.63,4.27151398062636,0.008552453111417918
2019-04-11,71.3,4.26689632742025,-0.004617653206109592
2019-04-12,71.57,4.270675991750506,0.003779664330255841
2019-04-15,70.9,4.2612704335380815,-0.009405558212424187
2019-04-16,70.74,4.259011183777335,-0.002259249760747452
2019-04-17,71.14,4.264649766520309,0.005638582742974631
2019-04-18,70.71,4.25858700561615,-0.006062760904159794
2019-04-22,70.71,4.25858700561615,0.0
2019-04-23,74.39,4.30932152420325,0.050734518587100735
2019-04-24,73.59,4.298509146938508,-0.010812377264742386
2019-04-25,74.94,4.316687793365541,0.018178646427033696
2019-04-26,71.03,4.2631023230097185,-0.05358547035582271
2019-04-29,71.22,4.265773677849632,0.002671354839913137
2019-04-30,72.19,4.279301532151069,0.013527854301437962
2019-05-01,72.01,4.276804998260776,-0.002496533890294121
2019-05-02,70.56,4.256463411698536,-0.020341586562239587
2019-05-03,71.95,4.2759714333333765,0.019508021634840923
2019-05-06,71.95,4.2759714333333765,0.0
2019-05-07,70.98,4.2623981472183505,-0.013573286115026397
2019-05-08,71.09,4.263946679941392,0.0015485327230412838
2019-05-09,70.61,4.257171777528256,-0.006774902413136318
2019-05-10,71.63,4.27151398062636,0.01434220309810427
2019-05-13,72.35,4.281515453077493,0.010001472451133031
2019-05-14,72.53,4.284000269375321,0.0024848162978282616
2019-05-15,73.09,4.2916915584923006,0.0076912891169793164
2019-05-16,74.7,4.3134800921387715,0.021788533646471275
2019-05-17,73.94,4.303253953508486,-0.010226138630285873
2019-05-20,73.21,4.293332023658551,-0.009921929849934568
2019-05-21,72.94,4.289637185380534,-0.0036948382780170675
2019-05-22,71.94,4.275832438267478,-0.013804747113056287
2019-05-23,68.37,4.2249341319257026,-0.05089830634177524
2019-05-24,67.98,4.21921354426797,-0.005720587657732604
2019-05-28,70.19,4.2512058507423305,0.03199230647436006
2019-05-29,70.64,4.257596556295705,0.006390705553374587
2019-05-30,69.55,4.242045918369452,-0.015550637926252726
2019-05-31,66.78,4.201403634515509,-0.040642283853943424
2019-06-03,63.16,4.145671189387441,-0.05573244512806718
2019-06-04,63.56,4.151984341668515,0.006313152281073945
2019-06-05,62.14,4.129389903964901,-0.0225944377036139
2019-06-06,62.77,4.13947725232944,0.010087348364538977
2019-06-07,64.1,4.160444363926624,0.020967111597183796
2019-06-10,64.31,4.163715140146772,0.0032707762201474432
2019-06-11,63.56,4.151984341668515,-0.011730798478256567
2019-06-12,61.66,4.121635422458004,-0.030348919210510975
2019-06-13,63.28,4.147569323459399,0.025933901001394203
2019-06-14,63.13,4.145196092379535,-0.002373231079864146
2019-06-17,62.56,4.136126096237056,-0.009069996142478567
2019-06-18,63.35,4.148674906767148,0.012548810530092392
2019-06-19,62.85,4.140750935036256,-0.007923971730891594
2019-06-20,65.44,4.181133692294492,0.04038275725823509
2019-06-21,65.99,4.18950321539533,0.008369523100838579
2019-06-24,65.16,4.176845783733844,-0.012657431661485839
2019-06-25,66.24,4.193284510077004,0.01643872634315994
2019-06-26,66.85,4.202451303547952,0.009166793470948
2019-06-27,66.78,4.201403634515509,-0.0010476690324435778
2019-06-28,67.52,4.212423850287702,0.011020215772193073
2019-07-01,65.1,4.175924549214524,-0.03649930107317811
2019-07-02,62.72,4.138680376042152,-0.037244173172371095
2019-07-03,63.53,4.1515122352784415,0.012831859236289423
2019-07-04,63.62,4.152927886320998,0.0014156510425561539
2019-07-05,64.23,4.162470391269701,0.009542504948703243
2019-07-08,64.89,4.1726935286330775,0.010223137363375817
2019-07-09,64.3,4.163559631243574,-0.009133897389503433
2019-07-10,66.41,4.195847647552622,0.03228801630904853
2019-07-11,67.64,4.21419952403038,0.01835187647775731
2019-07-12,66.65,4.199455046624718,-0.014744477405661847
2019-07-15,66.86,4.202600880991953,0.0031458343672347623
2019-07-16,65.87,4.187683102652602,-0.014917778339350957
2019-07-17,63.67,4.153713494028934,-0.0339696086236677
2019-07-18,60.7,4.1059436980654525,-0.04776979596348139
2019-07-19,61.04,4.111529386976201,0.0055856889107489364
2019-07-22,61.96,4.1264890155486675,0.014959628572466369
2019-07-23,62.28,4.131640346965797,0.0051513314171297555
2019-07-24,63.83,4.156223299267966,0.02458295230216835
2019-07-25,63.47,4.150567353318379,-0.005655945949587248
2019-07-26,62.46,4.134526351854933,-0.01604100146344623
2019-07-29,62.29,4.131800899266054,-0.0027254525888784197
2019-07-30,62.55,4.13596623691292,0.004165337646865968
2019-07-31,64.07,4.15997623565093,0.024009998738009932
2019-08-01,62.9,4.141546163706395,-0.018430071944535262
2019-08-02,61.12,4.112839144858265,-0.028707018848129828
2019-08-05,59.32,4.082946517269732,-0.029892627588533675
2019-08-06,58.63,4.071246510976124,-0.011700006293607566
2019-08-07,55.03,4.007878491071668,-0.06336801990445637
2019-08-08,56.29,4.030516899475935,0.02263840840426772
2019-08-09,57.37,4.04952151861378,0.019004619137844465
2019-08-12,57.13,4.045329372736371,-0.004192145877408417
2019-08-13,59.9,4.092676505121403,0.04734713238503241
2019-08-14,57.86,4.058026299547989,-0.034650205573414646
2019-08-15,57.37,4.04952151861378,-0.00850478093420934
2019-08-16,59.0,4.07753744390572,0.0280159252919399
2019-08-19,59.79,4.090838422892813,0.013300978987093547
2019-08-20,59.03,4.078045789252598,-0.012792633640215061
2019-08-21,60.6,4.104294893075269,0.026249103822670716
2019-08-22,59.81,4.091172871056465,-0.013122022018803092
2019-08-23,58.64,4.071417057578396,-0.019755813478069584
2019-08-26,58.64,4.071417057578396,0.0
2019-08-27,58.44,4.068000586882499,-0.0034164706958974113
2019-08-28,60.42,4.101320175958526,0.033319589076027334
2019-08-29,60.59,4.104129862956897,0.002809686998371716
2019-08-30,61.04,4.111529386976201,0.007399524019303897
2019-09-02,58.55,4.069881090043726,-0.04164829693247524
2019-09-03,57.93,4.059235385108533,-0.01064570493519358
2019-09-04,60.68,4.105614154480332,0.046378769371798634
2019-09-05,62.7,4.138361447638875,0.032747293158543585
2019-09-06,61.28,4.1154535254323354,-0.02290792220653915
2019-09-09,63.99,4.158726821151369,0.04327329571903305
2019-09-10,64.67,4.169297415458502,0.010570594307132511
2019-09-11,63.02,4.143452136329128,-0.0258452791293728
2019-09-12,60.76,4.106931677727572,-0.03652045860155656
2019-09-13,61.25,4.114963849424837,0.008032171697264253
2019-09-16,68.42,4.225665179549459,0.11070133012462227
2019-09-17,65.59,4.183423245305645,-0.04224193424381444
2019-09-18,64.29,4.163404098153595,-0.020019147152048722
2019-09-19,64.25,4.162781723775329,-0.0006223743782662355
2019-09-20,65.23,4.177919485808005,0.01513776203267544
2019-09-23,64.66,4.169142772297287,-0.008776713510717755
2019-09-24,64.13,4.160912273160771,-0.00823049913651548
2019-09-25,62.41,4.133725518945951,-0.027186754214819947
2019-09-26,62.08,4.128423875874963,-0.0053016430709882925
2019-09-27,62.48,4.1348465055314305,0.006422629656467192
2019-09-30,60.99,4.110709916308365,-0.02413658922306553
2019-10-01,60.06,4.095344062555184,-0.015365853753180787
2019-10-02,57.92,4.059062748077461,-0.03628131447772331
2019-10-03,58.01,4.060615409477973,0.0015526614005119835
2019-10-04,59.13,4.079738409832738,0.0191230003547657
2019-10-07,59.46,4.085303817569952,0.005565407737213151
2019-10-08,58.14,4.06285389513073,-0.022449922439221802
2019-10-09,59.7,4.089332020398556,0.026478125267826478
2019-10-10,59.08,4.078892457663179,-0.010439562735377404
2019-10-11,60.59,4.104129862956897,0.025237405293718825
2019-10-14,58.81,4.074311908471865,-0.02981795448503312
2019-10-15,59.19,4.080752608702634,0.006440700230769081
2019-10-16,59.3,4.08260930600368,0.0018566973010461472
2019-10-17,59.35,4.083452121055677,0.0008428150519973713
2019-10-18,59.96,4.093677673234397,0.010225552178719805
2019-10-21,58.95,4.07668962698338,-0.016988046251016974
2019-10-22,60.5,4.102643365036796,0.025953738053415804
2019-10-23,60.52,4.102973888920155,0.00033052388335951384
2019-10-24,61.71,4.122445992332976,0.019472103412820314
2019-10-25,62.06,4.128101659020234,0.00565566668725874
2019-10-28,60.39,4.10082352831981,-0.027278130700424414
2019-10-29,61.05,4.111693200556713,0.010869672236903891
2019-10-30,60.22,4.0980045230535875,-0.013688677503125928
2019-10-31,59.3,4.08260930600368,-0.015395217049908034
2019-11-01,60.17,4.09717388923226,0.014564583228580731
2019-11-04,62.52,4.135486505553276,0.03831261632101549
2019-11-05,62.72,4.138680376042152,0.003193870488876415
2019-11-06,62.11,4.128907006571212,-0.009773369470940808
2019-11-07,62.6,4.136765278106052,0.007858271534841262
2019-11-08,62.0,4.127134385045092,-0.0096308930609613
2019-11-11,62.58,4.136445738240736,0.009311353195644453
2019-11-12,62.19,4.1301942151157975,-0.00625152312493815
2019-11-13,62.27,4.13147976888436,0.0012855537685628297
2019-11-14,62.46,4.134526351854933,0.0030465829705719743
2019-11-15,63.32,4.148201235012811,0.01367488315787895
2019-11-18,62.82,4.140273494110501,-0.007927740902310867
2019-11-19,62.37,4.1330843905380314,-0.007189103572469338
2019-11-20,63.8,4.155753190350744,0.022668799812712893
2019-11-21,64.99,4.174233411906258,0.0184802215555132
2019-11-22,64.83,4.171768459186905,-0.0024649527193531325
2019-11-25,64.67,4.169297415458502,-0.0024710437284028203
2019-11-26,64.82,4.171614197713401,0.002316782254899665
2019-11-27,65.03,4.174848701881061,0.0032345041676593187
2019-11-28,64.68,4.169452034708907,-0.005396667172154276
2019-11-29,64.5,4.1666652238017265,-0.002786810907179395
2019-12-02,63.2,4.146304301152812,-0.020360922648914967
2019-12-03,62.95,4.142340760490356,-0.003963540662455587
2019-12-04,65.25,4.178226046202803,0.0358852857124466
2019-12-05,65.67,4.184642200202881,0.006416154000078543
2019-12-06,66.5,4.197201947661808,0.012559747458927224
2019-12-09,66.44,4.196299284745094,-0.0009026629167143254
2019-12-10,66.57,4.198254025612612,0.0019547408675179424
2019-12-11,65.37,4.180063437624638,-0.01819058798797388
2019-12-12,66.67,4.199755076629969,0.019691639005330316
2019-12-13,67.44,4.2112383136936,0.011483237063631286
2019-12-16,68.04,4.220095767527661,0.008857453834061023
2019-12-17,68.99,4.233961566558017,0.013865799030356205
2019-12-18,69.12,4.2358441244958005,0.001882557937783024
2019-12-19,69.7,4.244200317766478,0.008356193270678035
2019-12-20,68.66,4.229166788029546,-0.01503352973693229
2019-12-23,67.49,4.211979438755315,-0.01718734927423089
2019-12-24,69.26,4.237867538974276,0.02588810021896094
2019-12-26,69.26,4.237867538974276,0.0
2019-12-27,68.91,4.232801305369117,-0.005066233605159459
2019-12-30,68.3,4.223909766576744,-0.008891538792372217
2019-12-31,67.77,4.216119619148022,-0.00779014742872279
2020-01-02,67.05,4.205438609727688,-0.010681009420334052
2020-01-03,69.08,4.235265253278478,0.02982664355079032
2020-01-06,70.25,4.2520603082138555,0.016795054935377255
2020-01-07,68.74,4.230331271421687,-0.021729036792167374
2020-01-08,67.31,4.209308814022622,-0.021022457399066028
2020-01-09,66.58,4.198404232146879,-0.010904581875742902
2020-01-10,66.77,4.201253877869777,0.0028496457228986208
2020-01-13,64.14,4.161068194265009,-0.0401856836047685
2020-01-14,64.45,4.165889729385197,0.004821535120187537
2020-01-15,63.29,4.147727338787214,-0.018162390597982497
2020-01-16,64.63,4.168678699274804,0.020951360487589936
2020-01-17,64.05,4.1596640283427435,-0.009014670932060808
2020-01-20,64.63,4.168678699274804,0.009014670932060714
2020-01-21,63.66,4.1535564218539465,-0.01512227742085727
2020-01-22,62.11,4.128907006571212,-0.024649415282735128
2020-01-23,61.26,4.115127101404629,-0.013779905166582496
2020-01-24,59.34,4.083283614862676,-0.031843486541953334
2020-01-27,58.54,4.06971028126374,-0.013573333598936059
2020-01-28,59.37,4.083789048282584,0.014078767018844291
2020-01-29,59.46,4.085303817569952,0.0015147692873675469
2020-01-30,57.72,4.05560373390567,-0.0297000836642815
2020-01-31,57.77,4.056469609793174,0.0008658758875040947
2020-02-03,54.0,3.9889840465642745,-0.06748556322889983
2020-02-04,53.9,3.9871304779149512,-0.0018535686493229438
2020-02-05,55.36,4.0138573113094145,0.026726833394462617
2020-02-06,55.18,4.01060056878914,-0.0032567425202740603
2020-02-07,54.53,3.9987510089379703,-0.01184955985116981
2020-02-10,53.39,3.9776234625120948,-0.021127546425875394
2020-02-11,54.0,3.9889840465642745,0.0113605840521796
2020-02-12,55.54,4.017103481878653,0.028119435314379194
2020-02-13,56.34,4.0314047624482265,0.014301280569573147
2020-02-14,57.37,4.04952151861378,0.018116756165552955
2020-02-17,57.83,4.057507672170127,0.007986153556347254
2020-02-18,57.35,4.04917284357538,-0.008334828594747167
2020-02-19,59.72,4.089666972670989,0.04049412909560994
2020-02-20,59.57,4.087152091640596,-0.0025148810303935922
2020-02-21,58.6,4.070734696582967,-0.016417395057629156
2020-02-24,56.71,4.037950562025936,-0.03278413455703034
2020-02-25,55.29,4.012592060349841,-0.025358501676095033
2020-02-26,54.96,4.006605647914094,-0.005986412435747725
2020-02-27,52.19,3.9548909056553216,-0.05171474225877214
2020-02-28,51.31,3.9378856649538734,-0.017005240701448404
2020-03-02,52.52,3.9611940494345954,0.0233083844807221
2020-03-03,52.24,3.955848484968176,-0.0053455644664198035
2020-03-04,51.86,3.9485477801105184,-0.00730070485765736
2020-03-05,51.29,3.937495801401177,-0.011051978709341246
2020-03-06,45.6,3.8199077165203406,-0.11758808488083661
2020-03-09,35.33,3.5647324613710536,-0.2551752551492866
2020-03-10,35.57,3.571502585960364,0.006770124589309984
2020-03-11,34.45,3.539508997459668,-0.03199358850069613
2020-03-12,31.02,3.4346321577483927,-0.10487683971127487
2020-03-13,32.25,3.4735180432417816,0.03888588549338868
2020-03-16,27.98,3.331489969237335,-0.14202807400444636
2020-03-17,27.97,3.3311325072138684,-0.00035746202346678056
2020-03-18,22.79,3.126321843257593,-0.20481066395627548
2020-03-19,23.98,3.177220149599368,0.05089830634177545
2020-03-20,25.55,3.2406373166497136,0.06341716705034528
2020-03-23,23.75,3.1675825304806504,-0.07305478616906322
2020-03-24,24.5,3.1986731175506815,0.03109058707003118
2020-03-25,25.62,3.2433732964685884,0.04470017891790699
2020-03-26,23.55,3.159125820462427,-0.0842474760061614
2020-03-27,22.39,3.1086144306106633,-0.05051138985176328
2020-03-30,19.19,2.9543893100196086,-0.1542251205910549
2020-03-31,14.85,2.6979998652487085,-0.2563894447709
2020-04-01,14.97,2.706048198431537,0.008048333182828415
2020-04-02,20.24,3.0076608444192647,0.3016126459877277
2020-04-03,24.33,3.1917101567954314,0.18404931237616645
2020-04-06,22.58,3.1170645587215158,-0.07464559807391527
2020-04-07,22.1,3.095577608523707,-0.02148695019780865
2020-04-08,25.22,3.2276373305367736,0.13205972201306632
2020-04-09,20.23,3.007166651179654,-0.22047067935711936
2020-04-14,21.74,3.0791538816930633,0.07198723051340926
2020-04-15,19.8,2.9856819377004897,-0.09347194399257372
2020-04-16,18.69,2.9279886214674717,-0.05769331623301806
2020-04-17,19.75,2.9831534913471307,0.05516486987965936
2020-04-20,17.36,2.854168709232204,-0.12898478211492678
2020-04-21,9.12,2.21046980408624,-0.6436989051459642
2020-04-22,13.77,2.6224923127405635,0.4120225086543235
2020-04-23,15.06,2.7120422223717475,0.08954990963118407
2020-04-24,15.87,2.7644305345383176,0.05238831216657014
2020-04-27,15.17,2.719319793360441,-0.045110741177876765
2020-04-28,15.6,2.747270914255491,0.027951120895050502
2020-04-29,17.86,2.882563575448353,0.13529266119286157
2020-04-30,18.11,2.896464271895322,0.013900696446969129
2020-05-01,18.49,2.9172300453990334,0.02076577350371139
2020-05-04,20.4,3.0155349008501706,0.09830485545113715
2020-05-05,25.46,3.2371085931292605,0.22157369227908993
2020-05-06,24.2,3.186352633162641,-0.050755959966619815
2020-05-07,24.23,3.1875915348284343,0.001238901665793613
2020-05-11,25.53,3.2398542312533927,0.05226269642495812
2020-05-12,26.67,3.283539338193923,0.043685106940530474
2020-05-13,27.89,3.3282682016393976,0.04472886344547472
2020-05-14,29.87,3.3968546322280186,0.06858643058862084
2020-05-15,30.95,3.432372999130605,0.035518366902586515
2020-05-18,33.3,3.505557396986398,0.07318439785579293
2020-05-19,33.06,3.498324092392878,-0.007233304593519837
2020-05-20,34.76,3.548467300397191,0.05014320800431304
2020-05-21,34.78,3.549042508926137,0.0005752085289457673
2020-05-22,33.8,3.520460802488973,-0.028581706437163984
2020-05-26,33.95,3.5248888540047054,0.004428051515732225
2020-05-27,32.73,3.4882920885130893,-0.0365967654916162
2020-05-28,33.98,3.525772116243786,0.03748002773069688
2020-05-29,34.15,3.530762586016799,0.004990469773013247
2020-06-01,36.74,3.6038660797869797,0.07310349377018065
2020-06-02,37.72,3.6301904577652566,0.02632437797827709
2020-06-03,37.98,3.63705970538414,0.006869247618883014
2020-06-04,38.41,3.6483178423578133,0.011258136973673696
2020-06-05,41.0,3.713572066704308,0.06525422434649453
2020-06-08,39.66,3.68034312309165,-0.033228943612657914
2020-06-09,40.45,3.700066643504501,0.019723520412850967
2020-06-10,41.18,3.717952701599643,0.01788605809514264
2020-06-11,37.76,3.6312503412773,-0.08670236032234346
2020-06-12,38.54,3.6516966629862204,0.02044632170892053
2020-06-15,39.44,3.6747805297344347,0.023083866748214322
2020-06-16,40.75,3.7074558396868715,0.03267530995243713
2020-06-17,40.47,3.7005609588877744,-0.0068948807990975155
2020-06-18,41.75,3.7316994512968646,0.031138492409090317
2020-06-19,42.33,3.745496054532832,0.013796603235967894
2020-06-22,43.2,3.765840495250065,0.020344440717232425
2020-06-23,42.72,3.7546671946519394,-0.011173300598125302
2020-06-24,40.4,3.6988297849671046,-0.055837409684835033
2020-06-25,41.18,3.717952701599643,0.01912291663253902
2020-06-26,40.97,3.7128400915587796,-0.0051126100408636485
2020-06-29,41.58,3.727619282429867,0.014779190871087105
2020-06-30,41.64,3.7290612437467683,0.0014419613169014058
2020-07-01,42.18,3.7419461750506287,0.012884931303860299
2020-07-02,43.19,3.7656089869726097,0.023662811921981157
2020-07-03,42.92,3.759337917762498,-0.006271069210111892
2020-07-06,42.73,3.7549012496559335,-0.004436668106564283
2020-07-07,43.28,3.767690634538226,0.012789384882292686
2020-07-08,43.67,3.7766613674974696,0.008970732959243537
2020-07-09,42.35,3.7459684210980635,-0.03069294639940625
2020-07-10,43.27,3.7674595542367935,0.021491133138729968
2020-07-13,42.85,3.7577056450437887,-0.00975390919300468
2020-07-14,42.97,3.7605021977869035,0.002796552743114976
2020-07-15,43.96,3.7832801295354206,0.022777931748516847
2020-07-16,43.71,3.7775769088752233,-0.005703220660197464
2020-07-17,43.53,3.773450355564206,-0.004126553311016978
2020-07-20,43.3,3.768152635008444,-0.005297720555762118
2020-07-21,44.31,3.7912103852113983,0.02305775020295402
2020-07-22,43.98,3.783734985126615,-0.007475400084783141
2020-07-23,42.96,3.7602694502006093,-0.023465534926005834
2020-07-24,43.29,3.7679216614538893,0.007652211253280015
2020-07-27,43.39,3.7702289998102594,0.0023073383563702744
2020-07-28,43.11,3.763754988759043,-0.006474011051216058
2020-07-29,43.51,3.772990796732589,0.009235807973545515
2020-07-30,42.98,3.7607348912143643,-0.012255905518224315
2020-07-31,43.13,3.764218810659752,0.0034839194453874316
2020-08-03,43.76,3.7787201581137255,0.014501347453973811
2020-08-04,43.99,3.7839623353606284,0.005242177246902737
2020-08-05,44.92,3.8048831298702424,0.020920794509613986
2020-08-06,45.04,3.807550983831435,0.0026678539611924477
2020-08-07,44.07,3.7857792788538958,-0.02177170497753927
2020-08-10,44.19,3.7884985191426486,0.0027192402887529186
2020-08-11,43.68,3.7768903314366495,-0.011608187705998915
2020-08-12,45.09,3.8086604924329928,0.03177016099634331
2020-08-13,44.87,3.803769419987892,-0.004891072445101004
2020-08-14,44.86,3.803546529092062,-0.00022289089582971293
2020-08-17,44.91,3.8046604870996465,0.0011139580075844229
2020-08-18,45.34,3.814189645079383,0.009529157979736351
2020-08-19,45.21,3.811318301306514,-0.0028713437728692284
2020-08-20,44.56,3.7968365956190286,-0.014481705687485203
2020-08-21,43.94,3.7828250669564643,-0.01401152866256448
2020-08-24,44.43,3.7939149169478172,0.011089849991352936
2020-08-25,46.01,3.8288587641673772,0.03494384721956
2020-08-26,45.79,3.824065726669004,-0.004793037498373103
2020-08-27,44.84,3.8031005982039594,-0.02096512846504485
2020-08-28,45.22,3.811539466849824,0.008438868645864604
2020-09-01,45.72,3.8225358389266098,0.010996372076786057
2020-09-02,42.7,3.754198920234579,-0.068336918692031
2020-09-03,42.72,3.7546671946519394,0.00046827441736039686
2020-09-04,41.1,3.716008121502189,-0.03865907314975043
2020-09-07,40.67,3.7054907199191334,-0.01051740158305571
2020-09-08,38.53,3.6514371586380663,-0.05405356128106692
2020-09-09,39.98,3.6883793290722537,0.03694217043418773
2020-09-10,39.27,3.6704608685899185,-0.017918460482335544
2020-09-11,38.8,3.6584202466292277,-0.012040621960690667
2020-09-14,38.57,3.6524747722201365,-0.0059454744090912
2020-09-15,39.54,3.6773128177424708,0.024838045522334325
2020-09-16,41.23,3.7191661467188086,0.04185332897633771
2020-09-17,42.35,3.7459684210980635,0.02680227437925479
2020-09-18,42.16,3.741471904233107,-0.004496516864956617
2020-09-21,40.37,3.6980869348648495,-0.04338496936825746
2020-09-22,40.84,3.7096619932964647,0.011575058431615598
2020-09-23,41.09,3.7157647828953184,0.00610278959885359
2020-09-24,41.24,3.719408659148759,0.003643876253440746
2020-09-25,40.91,3.711374531941307,-0.00803412720745208
2020-09-28,41.59,3.7278597537548204,0.016485221813513275
2020-09-29,40.33,3.697095608885277,-0.03076414486954368
2020-09-30,40.3,3.696351468952637,-0.0007441399326395343
2020-10-01,39.75,3.6826098411003407,-0.013741627852296353
2020-10-02,38.0,3.6375861597263857,-0.04502368137395513
2020-10-05,39.78,3.683364273425826,0.04577811369944049
2020-10-06,41.27,3.7201358437644907,0.03677157033866439
2020-10-07,40.62,3.7042605561522386,-0.01587528761225196
2020-10-08,42.0,3.7376696182833684,0.03340906213112983
2020-10-09,41.63,3.728821061206884,-0.008848557076484137
2020-10-12,40.5,3.7013019741124933,-0.027519087094390635
2020-10-13,41.34,3.7218305542536223,0.02052858014112873
2020-10-14,41.81,3.733135545368474,0.01130499111485143
2020-10-15,41.61,3.72834052299485,-0.004795022373623779
2020-10-16,41.34,3.7218305542536223,-0.0065099687412276536
2020-10-19,41.29,3.720620339897999,-0.0012102143556234554
2020-10-20,41.62,3.7285808209654885,0.007960481067489537
2020-10-21,40.09,3.6911269266544156,-0.03745389431107262
2020-10-22,41.28,3.720378121173307,0.029251194518891566
2020-10-23,40.71,3.7064737625148876,-0.013904358658419798
2020-10-26,39.06,3.665098925448533,-0.04137483706635456
2020-10-27,39.72,3.681854839176972,0.01675591372843886
2020-10-28,37.86,3.633895145781177,-0.047959693395795054
2020-10-29,36.56,3.5989547465859495,-0.03494039919522748
2020-10-30,36.33,3.5926438462331105,-0.0063109003528388115
2020-11-02,37.78,3.6317798620733637,0.0391360158402529
2020-11-03,38.17,3.6420498667571386,0.010270004683774835
2020-11-04,39.68,3.6808472824166723,0.03879741565953355
2020-11-05,39.47,3.675540889674756,-0.005306392741916371
2020-11-06,38.08,3.6396892099231644,-0.03585167975159125
2020-11-09,40.93,3.7118632905043114,0.07217408058114713
2020-11-10,42.25,3.7436043538031827,0.03174106329887126
2020-11-11,42.5,3.7495040759303713,0.005899722127188322
2020-11-12,42.16,3.741471904233107,-0.008032171697264378
2020-11-13,41.51,3.7259343620649474,-0.015537542168159463
2020-11-16,42.71,3.754433084853375,0.028498722788427893
2020-11-17,42.54,3.750444809772091,-0.003988275081284063
2020-11-18,42.91,3.7591048990034333,0.008660089231342082
2020-11-19,43.09,3.763290951627747,0.004186052624313438
2020-11-20,43.79,3.779405480813307,0.01611452918556017
2020-11-23,45.0,3.8066624897703196,0.027257008957012892
2020-11-24,46.63,3.8422441108202294,0.03558162104990988
2020-11-25,47.3,3.856510295497887,0.014266184677657633
2020-11-26,46.32,3.83557383326474,-0.02093646223314745
2020-11-27,46.88,3.8475911452687575,0.012017312004017488
2020-11-30,46.84,3.8467375387295166,-0.00085360653924054
2020-12-01,47.03,3.8507856959569566,0.004048157227439957
2020-12-02,47.8,3.86702563949741,0.016239943540453505
2020-12-03,48.37,3.878879786834892,0.011854147337481592
2020-12-04,49.1,3.893859034800475,0.01497924796558308
2020-12-07,48.63,3.8842406244156944,-0.009618410384780455
2020-12-08,48.84,3.888549649242504,0.004309024826809585
2020-12-09,48.81,3.887935209899056,-0.0006144393434478832
2020-12-10,50.33,3.9186013207882686,0.030666110889212336
2020-12-11,50.01,3.9122229854308124,-0.006378335357456323
2020-12-14,50.27,3.917408477704484,0.005185492273671655
2020-12-15,50.77,3.927305628959303,0.009897151254819117
2020-12-16,50.83,3.928486731458811,0.0011811024995080994
2020-12-17,51.2,3.9357395320454622,0.00725280058665106
2020-12-18,52.17,3.9545076170343014,0.018768084988839123
2020-12-21,50.61,3.9241491852259864,-0.030358431808314802
2020-12-22,49.88,3.909620120811836,-0.014529064414150871
2020-12-23,51.05,3.9328055446106744,0.02318542379883879
2020-12-24,50.88,3.9294699190318667,-0.0033356255788077826
2020-12-28,50.88,3.9294699190318667,0.0
2020-12-29,50.44,3.9207845110967185,-0.008685407935148033
2020-12-30,50.74,3.9267145541711357,0.005930043074416986
2020-12-31,51.22,3.9361300807713793,0.009415526600243277
2021-01-04,50.37,3.9193957597575593,-0.01673432101382007
2021-01-05,53.16,3.9733062338450447,0.05391047408748534
2021-01-06,53.8,3.9852734671677386,0.011967233322694193
2021-01-07,53.7,3.983413001514819,-0.0018604656529195673
2021-01-08,55.51,4.01656318470207,0.03315018318725075
2021-01-11,54.84,4.004419854694114,-0.012143330007956208
2021-01-12,55.98,4.0249944840873075,0.020574629393193728
2021-01-13,55.52,4.016743316198549,-0.008251167888758251
2021-01-14,55.76,4.0210567664522685,0.0043134502537193475
2021-01-15,54.8,4.00369019395397,-0.01736657249829859
2021-01-18,54.21,3.992865393272247,-0.010824800681723
2021-01-19,55.38,4.014218517742816,0.02135312447056906
2021-01-20,55.66,4.019261756097745,0.005043238354928816
2021-01-21,55.68,4.019621016026164,0.00035925992841950486
2021-01-22,55.22,4.011325206502009,-0.008295809524155864
2021-01-25,55.44,4.015301354881648,0.003976148379639417
2021-01-26,55.26,4.01204931949527,-0.0032520353863773432
2021-01-27,55.07,4.00860510327439,-0.0034442162208803543
2021-01-28,54.87,4.004966751070884,-0.0036383522035062024
2021-01-29,55.25,4.0118683403978626,0.006901589326978164
2021-02-01,56.42,4.0328237055738505,0.02095536517598809
2021-02-02,57.62,4.053869729656382,0.021046024082532207
2021-02-03,58.61,4.070905330488338,0.017035600831955527
2021-02-04,58.98,4.07719840338713,0.006293072898792323
2021-02-05,59.48,4.085640121591954,0.008441718204824155
2021-02-08,60.17,4.09717388923226,0.011533767640306192
2021-02-09,60.74,4.106602459617603,0.009428570385342264
2021-02-10,61.17,4.113656873254474,0.007054413636870818
2021-02-11,61.09,4.112348186661675,-0.0013086865927979254
2021-02-12,62.47,4.134686441505479,0.02233825484380298
2021-02-15,63.58,4.152298955482657,0.0176125139771782
2021-02-16,63.96,4.158257887965753,0.005958932483096847
2021-02-17,65.02,4.174694914875759,0.01643702691000564
2021-02-18,64.09,4.160288345516135,-0.014406569359623735
2021-02-19,62.84,4.14059181338742,-0.019696532128715093
2021-02-22,64.73,4.170224772557419,0.02963295916999848
2021-02-23,65.16,4.176845783733844,0.006621011176425539
2021-02-24,66.85,4.202451303547952,0.02560551981410782
2021-02-25,66.69,4.200055016644215,-0.0023962869037372084
2021-02-26,65.86,4.187531276948218,-0.012523739695996646
2021-03-01,64.56,4.1675950239616935,-0.019936252986524877
2021-03-02,63.17,4.145829504910609,-0.021765519051084356
2021-03-03,64.7,4.169761201506855,0.02393169659624583
2021-03-04,67.32,4.209457369322605,0.039696167815750125
2021-03-05,69.95,4.24778070111149,0.038323331788885064
2021-03-08,68.0,4.219507705176107,-0.028272995935383502
2021-03-09,67.03,4.205140280369866,-0.014367424806240396
2021-03-10,67.53,4.212571943586751,0.0074316632168841545
2021-03-11,69.34,4.239021940256878,0.026449996670126933
2021-03-12,68.87,4.232220669556607,-0.006801270700270513
2021-03-15,68.78,4.23091300500412,-0.0013076645524868274
2021-03-16,67.95,4.218772140597153,-0.012140864406967431
2021-03-17,67.73,4.215529213226812,-0.0032429273703404337
2021-03-18,62.11,4.128907006571212,-0.08662220665560076
2021-03-19,64.0,4.1588830833596715,0.02997607678846033
2021-03-22,63.89,4.157162854614252,-0.0017202287454199444
2021-03-23,59.96,4.093677673234397,-0.06348518137985491
2021-03-24,63.7,4.154184562578117,0.06050688934372074
2021-03-25,61.21,4.114310574862978,-0.03987398771513926
2021-03-26,63.77,4.155282860327181,0.04097228546420184
2021-03-29,64.06,4.159820144181012,0.004537283853831782
2021-03-30,63.28,4.147569323459399,-0.012250820721613646
2021-03-31,63.52,4.1513548169388805,0.003785493479481886
2021-04-01,63.85,4.156536582478548,0.005181765539667942
2021-04-06,61.47,4.118549250918918,-0.03798733155963023
2021-04-07,61.86,4.124873767256924,0.006324516338005563
2021-04-08,62.09,4.128584945376802,0.0037111781198780076
2021-04-09,61.89,4.12535861575127,-0.0032263296255313585
2021-04-12,62.38,4.133244711179657,0.00788609542838716
2021-04-13,62.83,4.140432666414855,0.007187955235198351
2021-04-14,66.11,4.191320021345486,0.05088735493063113
2021-04-15,66.13,4.191622501686571,0.0003024803410842495
2021-04-16,65.98,4.1893516658004355,-0.0022708358861355388
2021-04-19,66.54,4.197803270590331,0.008451604789895328
2021-04-20,65.34,4.179604406172924,-0.018198864417406643
2021-04-21,64.02,4.159195534541717,-0.020408871631207238
2021-04-22,65.07,4.175463613506893,0.016268078965175743
2021-04-23,65.75,4.185859671057874,0.01039605755098134
2021-04-26,65.5,4.182050142641207,-0.0038095284166677302
2021-04-27,66.25,4.193435464866331,0.011385322225125429
2021-04-28,67.08,4.205885936955008,0.012450472088676386
2021-04-29,68.26,4.223323943478561,0.017438006523553012
2021-04-30,67.73,4.215529213226812,-0.007794730251748729
2021-05-04,68.91,4.232801305369117,0.017272092142304143
2021-05-05,69.71,4.244343779498307,0.011542474129190721
2021-05-06,68.62,4.228584037430304,-0.015759742068003596
2021-05-07,68.73,4.230185785133514,0.001601747703210274
2021-05-10,68.61,4.2284382967028,-0.0017474884307144486
2021-05-11,68.83,4.231639696410273,0.003201399707473364
2021-05-12,69.62,4.243051882383293,0.011412185973020213
2021-05-13,67.36,4.210051369934071,-0.033000512449221676
2021-05-14,69.24,4.237578730308009,0.027527360373937253
2021-05-17,69.62,4.243051882383293,0.00547315207528444
2021-05-18,69.01,4.234251421632511,-0.008800460750782361
2021-05-19,66.88,4.202899968776446,-0.031351452856064395
2021-05-20,65.18,4.177152673409416,-0.02574729536703053
2021-05-21,66.72,4.200504758050491,0.023352084641075667
2021-05-24,68.59,4.22814675151123,0.027641993460738794
2021-05-25,68.8,4.231203744939298,0.0030569934280678195
2021-05-26,68.93,4.23309149689756,0.001887751958262664
2021-05-27,69.43,4.240319050765182,0.007227553867621514
2021-05-28,69.36,4.239310332472287,-0.001008718292895692
2021-06-01,70.03,4.248923721667427,0.00961338919514003
2021-06-02,70.6,4.257030144499196,0.008106422831770042
2021-06-03,70.71,4.25858700561615,0.0015568611169530886
2021-06-04,71.3,4.26689632742025,0.00830932180410088
2021-06-07,70.89,4.261129379866926,-0.005766947553324095
2021-06-08,71.39,4.268157803514369,0.007028423647443096
2021-06-09,71.31,4.267036570040212,-0.0011212334741569502
2021-06-10,71.65,4.271793154274181,0.004756584233968584
2021-06-11,72.05,4.277360322445531,0.005567168171350154
2021-06-14,72.27,4.28040910529489,0.0030487828493585096
2021-06-15,73.38,4.295651418927136,0.015242313632246214
2021-06-16,73.88,4.302442155331039,0.00679073640390324
2021-06-17,72.92,4.289362949810462,-0.013079205520576806
2021-06-18,73.1,4.291828366755733,0.0024654169452704303
2021-06-21,74.49,4.310664888188185,0.018836521432452093
2021-06-22,74.92,4.316420877575887,0.005755989387702845
2021-06-23,75.22,4.32041715304219,0.003996275466302445
2021-06-24,75.95,4.330075229041782,0.009658075999591623
2021-06-25,76.45,4.336636932375072,0.006561703333289417
2021-06-28,74.78,4.314550469548967,-0.02208646282610371
2021-06-29,75.38,4.3225419878389895,0.007991518290021624
2021-06-30,76.94,4.343025897324149,0.02048390948515963
2021-07-01,76.69,4.339771321776768,-0.0032545755473811994
2021-07-02,77.51,4.35040696029342,0.010635638516652338
2021-07-05,78.34,4.361058328237685,0.01065136794426511
2021-07-06,75.81,4.328230210068212,-0.03282811816947276
2021-07-07,74.31,4.308245532169378,-0.019984677898834638
2021-07-08,75.07,4.318421011584911,0.010175479415533057
2021-07-09,77.14,4.345621952780082,0.02720094119517084
2021-07-12,76.77,4.3408139388398075,-0.004808013940274698
2021-07-13,77.5,4.350277936359301,0.00946399751949418
2021-07-14,75.74,4.327306422473649,-0.02297151388565263
2021-07-15,74.53,4.311201728893603,-0.016104693580046243
2021-07-16,74.46,4.310262068444571,-0.0009396604490316657
2021-07-19,69.33,4.238877712954399,-0.07138435549017173
2021-07-20,70.03,4.248923721667427,0.010046008713027303
2021-07-21,72.54,4.284138133854756,0.035214412187330124
2021-07-22,74.25,4.307437777682809,0.02329964382805264
2021-07-23,74.86,4.315619702476283,0.008181924793473815
2021-07-26,74.79,4.314684186203576,-0.0009355162727065967
2021-07-27,74.87,4.315753276242594,0.0010690900390176214
2021-07-28,75.09,4.318687394111793,0.002934117869198629
2021-07-29,76.3,4.334672938290411,0.015985544178618787
2021-07-30,77.72,4.353112624509239,0.018439686218828088
2021-08-02,73.91,4.302848136796795,-0.050264487712443975
2021-08-03,73.24,4.2937417198063095,-0.009106416990485425
2021-08-04,70.99,4.262539022051294,-0.031202697755015434
2021-08-05,72.14,4.278608675475393,0.016069653424098385
2021-08-06,71.02,4.262961527514942,-0.01564714796045122
2021-08-09,69.65,4.243482700225814,-0.019478827289127004
2021-08-10,71.14,4.264649766520309,0.021167066294494427
2021-08-11,71.99,4.276527220481212,0.01187745396090235
2021-08-12,71.79,4.273745190588392,-0.0027820298928197306
2021-08-13,70.9,4.2612704335380815,-0.012474757050309836
2021-08-16,70.07,4.249494742382442,-0.011775691155639431
2021-08-17,69.4,4.239886867512759,-0.009607874869683553
2021-08-18,68.61,4.2284382967028,-0.0114485708099595
2021-08-19,66.8,4.2017030805426,-0.026735216160199502
2021-08-20,65.51,4.182202802743785,-0.019500277798814986
2021-08-23,69.07,4.235120483100881,0.052917680357096326
2021-08-24,71.21,4.2656332579940335,0.03051277489315186
2021-08-25,72.12,4.2783313983351166,0.012698140341083235
2021-08-26,70.42,4.254477313726906,-0.02385408460821016
2021-08-27,72.26,4.280270725719494,0.02579341199258782
2021-08-31,73.45,4.296604902619887,0.016334176900392093
2021-09-01,71.99,4.276527220481212,-0.020077682138674852
2021-09-02,73.56,4.298101399736121,0.021574179254908857
2021-09-03,73.07,4.291417885803126,-0.006683513932994009
2021-09-06,72.43,4.282620578207235,-0.008797307595891528
2021-09-07,71.52,4.269977130865259,-0.012643447341976147
2021-09-08,72.36,4.281653660527095,0.011676529661835638
2021-09-09,71.32,4.267176792994939,-0.014476867532154773
2021-09-10,72.44,4.282758633015213,0.015581840020272943
2021-09-13,72.97,4.290048397777529,0.007289764762316231
2021-09-14,73.05,4.291144138196708,0.0010957404191798117
2021-09-15,74.84,4.315352501405889,0.024208363209180562
2021-09-16,75.14,4.319353040145823,0.004000538739934012
2021-09-17,74.64,4.312676556539088,-0.006676483606734409
2021-09-20,73.59,4.298509146938508,-0.014167409600580758
2021-09-21,73.65,4.299324142908639,0.0008149959701315723
2021-09-22,75.5,4.324132656254979,0.024808513346339735
2021-09-23,76.44,4.336506119372072,0.012373463117093173
2021-09-24,77.42,4.349245145149502,0.012739025777429712
2021-09-27,78.85,4.367547313409047,0.018302168259545212
2021-09-28,78.3,4.360547602996758,-0.006999710412289954
2021-09-29,77.86,4.35491234218231,-0.005635260814447713
2021-09-30,77.81,4.354269957628839,-0.0006423845534709173
2021-10-01,79.4,4.37449836825309,0.020228410624251257
2021-10-04,81.44,4.399866552802212,0.025368184549122447
2021-10-05,82.72,4.415461410760119,0.015594857957906418
2021-10-06,81.39,4.3992524153389505,-0.016208995421168895
2021-10-07,82.34,4.410857016341759,0.011604601002808508
2021-10-08,82.17,4.408790271943096,-0.0020667443986621594
2021-10-11,83.75,4.427836170705175,0.01904589876207931
2021-10-12,83.53,4.425205848767815,-0.0026303219373609455
2021-10-13,83.53,4.425205848767815,0.0
2021-10-14,83.86,4.429148741742616,0.003942892974801568
2021-10-15,84.67,4.438761347654186,0.009612605911569237
2021-10-18,84.13,4.432363221562722,-0.006398126091463694
2021-10-19,85.02,4.442886522930644,0.010523301367921872
2021-10-20,85.76,4.451552697322492,0.008666174391847917
2021-10-21,84.58,4.437697832044343,-0.013854865278149414
2021-10-22,85.43,4.447697327163527,0.009999495119184893
2021-10-25,84.85,4.440884991680235,-0.006812335483292082
2021-10-26,85.11,4.4439445374888695,0.0030595458086343265
2021-10-27,84.12,4.432244350834499,-0.01170018665437063
2021-10-28,83.4,4.423648309364701,-0.008596041469797908
2021-10-29,83.1,4.420044701861403,-0.0036036075032986558
2021-11-01,84.51,4.436869870556391,0.01682516869498865
2021-11-02,84.42,4.435804340354353,-0.0010655302020382848
2021-11-03,81.1,4.395682961121367,-0.040121379232985546
2021-11-04,80.15,4.383899879055562,-0.011783082065805183
2021-11-05,82.43,4.411949448325136,0.028049569269574234
2021-11-08,83.22,4.421487703554795,0.009538255229658866
2021-11-09,84.52,4.436988192747856,0.015500489193060782
2021-11-10,82.91,4.417755682128127,-0.01923251061972864
2021-11-11,83.4,4.423648309364701,0.005892627236573861
2021-11-12,82.9,4.417635062141249,-0.006013247223451746
2021-11-15,81.94,4.405987272118725,-0.011647790022524418
2021-11-16,82.85,4.417031743872572,0.011044471753846862
2021-11-17,80.67,4.390366758948883,-0.026664984923688854
2021-11-18,82.45,4.412192049005608,0.021825290056724986
2021-11-19,80.24,4.38502214365368,-0.02716990535192795
2021-11-22,80.97,4.394078715698023,0.009056572044343037
2021-11-23,83.43,4.424007956913983,0.02992924121596037
2021-11-24,82.37,4.411221292953157,-0.012786663960825858
2021-11-25,82.05,4.4073288175361,-0.003892475417057568
2021-11-26,72.37,4.281791848878036,-0.12553696865806344
2021-11-29,73.34,4.29510616264318,0.013314313765143606
2021-11-30,70.86,4.260706099437326,-0.0344000632058541
2021-12-01,69.53,4.2417583141109265,-0.018947785326399475
2021-12-02,70.56,4.256463411698536,0.014705097587609328
2021-12-03,70.71,4.25858700561615,0.0021235939176135355
2021-12-06,73.38,4.295651418927136,0.03706441331098662
2021-12-07,75.54,4.324662317284311,0.029010898357175026
2021-12-08,75.94,4.3299435548036564,0.00528123751934538
2021-12-09,74.1,4.3054155323020415,-0.02452802250161509
2021-12-10,74.98,4.317221411307766,0.011805879005724917
2021-12-13,74.12,4.3056854014171595,-0.01153600989060698
2021-12-14,73.37,4.295515132725903,-0.010170268691256113
2021-12-15,73.71,4.300138475201197,0.004623342475294434
2021-12-16,74.64,4.312676556539088,0.012538081337890975
2021-12-17,72.97,4.290048397777529,-0.022628158761559693
2021-12-20,70.51,4.25575454373095,-0.03429385404657945
2021-12-21,72.85,4.288402532641213,0.0326479889102645
2021-12-22,74.69,4.313346214368975,0.02494368172776147
2021-12-23,76.26,4.334148554429418,0.020802340060442504
2021-12-24,75.24,4.32068300443283,-0.013465549996588206
2021-12-29,78.63,4.364753306003425,0.04407030157059498
2021-12-30,78.61,4.3644989178056655,-0.00025438819775952857
2021-12-31,77.24,4.346917457560314,-0.01758146024535147
2022-01-03,78.25,4.359908829420263,0.012991371859948884
2022-01-04,79.39,4.374372415737022,0.014463586316759385
2022-01-05,80.6,4.389498649512583,0.015126233775560426
2022-01-06,81.99,4.406597288608086,0.017098639095503774
2022-01-07,82.28,4.4101280647847565,0.0035307761766701956
2022-01-10,81.56,4.401338945706255,-0.008789119078501956
2022-01-11,84.98,4.442415934686665,0.04107698898041104
2022-01-12,85.83,4.452368595730128,0.00995266104346292
2022-01-13,85.8,4.4520190064939165,-0.00034958923621201016
2022-01-14,87.17,4.467860235023485,0.015841228529568138
2022-01-17,87.82,4.475289265133571,0.007429030110086682
2022-01-18,88.83,4.486724430781609,0.011435165648038287
2022-01-19,89.64,4.495801648932726,0.00907721815111668
2022-01-20,89.75,4.497028027368389,0.001226378435661947
2022-01-21,89.75,4.497028027368389,0.0
2022-01-24,87.74,4.474377895738068,-0.022650131630320404
2022-01-25,89.49,4.494126887194767,0.01974899145669888
2022-01-26,91.22,4.5132741712835545,0.01914728408878755
2022-01-27,90.7,4.507557357121091,-0.005716814162463408
2022-01-28,91.47,4.516011049668273,0.00845369254718219
2022-01-31,92.35,4.5255857066452485,0.00957465697697571
2022-02-01,90.24,4.502472787749749,-0.023112918895500222
2022-02-02,91.43,4.515573652176335,0.013100864426586463
2022-02-03,92.99,4.5324919604901055,0.016918308313770575
2022-02-04,96.86,4.573266636975083,0.040774676484977276
2022-02-07,97.28,4.577593418217857,0.004326781242773778
2022-02-08,96.07,4.565077092421647,-0.012516325796209812
2022-02-09,94.95,4.553350437258295,-0.011726655163352116
2022-02-10,96.37,4.568194949863196,0.0148445126049012
2022-02-11,97.5,4.579852378003801,0.011657428140605455
2022-02-14,101.66,4.621633912018757,0.04178153401495492
2022-02-15,98.43,4.58934563564112,-0.03228827637763636
2022-02-16,97.44,4.579236803961587,-0.010108831679533132
2022-02-17,95.28,4.556819925047044,-0.022416878914542145
2022-02-18,96.18,4.566221435849517,0.009401510802472049
2022-02-21,98.95,4.594614672048575,0.02839323619905811
2022-02-22,98.73,4.592388851623358,-0.002225820425216421
2022-02-23,99.29,4.598044861045503,0.005656009422144404
2022-02-24,101.29,4.6179876896987055,0.019942828653203154
2022-02-25,98.56,4.59066549978521,-0.02732218991349617
2022-02-28,103.08,4.635505385784164,0.04483988599895458
2022-03-01,110.93,4.708899371750569,0.07339398596640409
2022-03-02,118.94,4.778619164278448,0.06971979252787928
2022-03-03,115.36,4.748057673536639,-0.03056149074180861
2022-03-04,123.86,4.819151895509915,0.07109422197327595
2022-03-07,129.02,4.859967431104096,0.04081553559418091
2022-03-08,133.18,4.891701596682476,0.031734165578380616
2022-03-09,116.58,4.758577732617404,-0.13312386406507265
2022-03-10,114.54,4.7409241069657115,-0.017653625651692418
2022-03-11,118.11,4.771616393623756,0.030692286658044615
2022-03-14,110.39,4.70401955003026,-0.06759684359349555
2022-03-15,105.14,4.655292795391302,-0.04872675463895833
2022-03-16,104.61,4.650239149355669,-0.005053646035632557
2022-03-17,113.5,4.7318028369214575,0.08156368756578795
2022-03-18,114.32,4.739001533621612,0.007198696700154454
2022-03-21,122.29,4.806395273201279,0.06739373957966661
2022-03-22,121.53,4.800161145882709,-0.006234127318569661
2022-03-23,127.52,4.848273215041905,0.04811206915919598
2022-03-24,123.98,4.8201202622737735,-0.028152952768131536
2022-03-25,122.67,4.80949782304466,-0.010622439229112702
2022-03-28,114.5,4.740574822994295,-0.06892300005036632
2022-03-29,112.79,4.725527682651825,-0.015047140342468842
2022-03-30,115.59,4.750049447306176,0.024521764654350332
2022-03-31,107.29,4.675535448648655,-0.07451399865752108
2022-04-01,106.13,4.664664757773731,-0.010870690874923832
2022-04-04,108.15,4.683519152399068,0.018854394625336807
2022-04-05,106.6,4.669083511731744,-0.014435640667323677
2022-04-06,100.81,4.61323755706585,-0.05584595466589387
2022-04-07,99.83,4.603468739348334,-0.009768817717516365
2022-04-08,101.26,4.617691466541763,0.014222727193429386
2022-04-11,97.92,4.584150818764016,-0.03354064777774723
2022-04-12,104.42,4.648421227982406,0.06427040921839045
2022-04-13,108.49,4.686658002834359,0.03823677485195292
2022-04-14,110.83,4.707997495787562,0.021339492953202407
2022-04-19,105.49,4.658616161693717,-0.049381334093844355
2022-04-20,105.05,4.654436427291009,-0.004179734402707968
2022-04-21,107.2,4.674696248636701,0.020259821345692295
2022-04-22,105.15,4.655387902148709,-0.01930834648799283
2022-04-25,99.27,4.59784341060163,-0.057544491547078365
2022-04-26,102.89,4.633660456387719,0.03581704578608847
2022-04-27,103.3,4.637637376125593,0.003976919737874036
2022-04-28,105.78,4.6613614656378335,0.02372408951224107
2022-04-29,108.36,4.685459017216894,0.024097551579060524
2022-05-03,104.94,4.653388758258566,-0.0320702589583287
2022-05-04,110.53,4.705286977322864,0.05189821906429831
2022-05-05,112.11,4.719480532165502,0.014193554842638083
2022-05-06,113.86,4.734969623522936,0.015489091357433593
2022-05-09,106.67,4.669739956637391,-0.0652296668855444
2022-05-10,102.61,4.630935393874117,-0.03880456276327371
2022-05-11,107.7,4.679349584162343,0.04841419028822516
2022-05-12,108.06,4.68268662841592,0.0033370442535769133
2022-05-13,112.12,4.719569726296587,0.036883097880667785
2022-05-16,114.86,4.74371399543615,0.024144269139562795
2022-05-17,112.89,4.726413893273455,-0.017300102162694835
2022-05-18,110.04,4.700843936056374,-0.02556995721708173
2022-05-19,113.22,4.729332828608514,0.028488892552139912
2022-05-20,113.63,4.7329475559299174,0.0036147273214037893
2022-05-23,115.13,4.746061924685573,0.01311436875565536
2022-05-24,115.77,4.751605464217637,0.005543539532063966
2022-05-25,116.41,4.75711844226015,0.005512978042512577
2022-05-26,119.81,4.785907154651808,0.028788712391658148
2022-05-27,121.19,4.797359561980396,0.011452407328588213
2022-05-30,123.01,4.8122656528806935,0.014906090900297571
2022-05-31,125.53,4.832544773830117,0.02027912094942336
2022-06-01,122.2,4.805659046737495,-0.026885727092622082
2022-06-03,125.68,4.833738993947366,0.0280799472098709
2022-06-06,124.99,4.82823373410213,-0.00550525984523533
2022-06-07,126.89,4.8433205694088235,0.01508683530669283
2022-06-08,129.2,4.861361591348501,0.018041021939678097
2022-06-09,128.47,4.8556954140435185,-0.005666177304983087
2022-06-10,127.44,4.847645665601793,-0.008049748441725258
2022-06-13,128.44,4.855461869221313,0.00781620361952007
2022-06-14,127.02,4.844344554374829,-0.011117314846484374
2022-06-15,124.96,4.827993686091376,-0.016350868283453026
2022-06-16,125.78,4.834534349115358,0.006540663023981544
2022-06-17,119.22,4.780970525791781,-0.05356382332357686
2022-06-20,118.25,4.772801027372043,-0.00816949841973812
2022-06-21,118.51,4.774997345200357,0.002196317828315026
2022-06-22,115.54,4.7496167903531195,-0.025380554847237738
2022-06-23,114.5,4.740574822994295,-0.009041967358825233
2022-06-24,117.36,4.765246133834726,0.024671310840431903
2022-06-27,119.69,4.784905066885279,0.01965893305055289
2022-06-28,122.21,4.805740876449909,0.020835809564629944
2022-06-29,120.8,4.794136285500715,-0.011604590949194532
2022-06-30,119.78,4.785656726836316,-0.008479558664398167
2022-07-01,119.21,4.78088664372991,-0.0047700831064061405
2022-07-04,121.8,4.802380355275797,0.02149371154588649
2022-07-05,110.49,4.704925019125084,-0.09745533615071303
2022-07-06,108.54,4.6871187686352584,-0.017806250489824788
2022-07-07,113.4,4.730921391293652,0.04380262265839284
2022-07-08,113.95,4.735759755691693,0.004838364398041526
2022-07-11,114.85,4.743626929135107,0.007867173443413986
2022-07-12,106.98,4.672641901103104,-0.07098502803200309
2022-07-13,107.17,4.674416358724906,0.001774457621801722
2022-07-14,107.74,4.6797209172523875,0.005304558527482047
2022-07-15,112.26,4.720817609514054,0.04109669226166571
2022-07-18,117.27,4.764478968472973,0.043661358958919816
2022-07-19,114.96,4.744584241770769,-0.019894726702203644
2022-07-20,115.86,4.752382565668478,0.007798323897708746
2022-07-21,112.81,4.725704987616829,-0.026677578051649112
2022-07-22,106.77,4.670676988190211,-0.055027999426618054
2022-07-25,108.23,4.684258592307055,0.013581604116844075
2022-07-26,107.32,4.675815025557423,-0.008443566749631802
2022-07-27,109.64,4.697202271434585,0.021387245877161655
2022-07-28,109.68,4.697567035254059,0.0003647638194739244
2022-07-29,111.51,4.7141142729772705,0.01654723772321159
2022-08-01,106.09,4.66428779047118,-0.049826482506090355
2022-08-02,106.51,4.6682388774550745,0.003951086983894155
2022-08-03,101.82,4.62320654847419,-0.0450323289808845
2022-08-04,97.99,4.584865432647727,-0.03834111582646287
2022-08-05,100.31,4.608265390895394,0.02339995824766677
2022-08-08,103.46,4.639185064575369,0.030919673679975064
2022-08-09,103.81,4.642562305205154,0.0033772406297850163
2022-08-10,105.06,4.654531615525816,0.011969310320661475
2022-08-11,107.19,4.674602960703428,0.020071345177612575
2022-08-12,103.7,4.641502115235482,-0.03310084546794641
2022-08-15,98.25,4.58751525074937,-0.053986864486111
2022-08-16,95.36,4.55765920331704,-0.02985604743233095
2022-08-17,97.22,4.576976451617309,0.019317248300269846
2022-08-18,96.35,4.567987394860375,-0.008989056756934078
2022-08-19,96.45,4.569024739351738,0.001037344491362722
2022-08-22,95.06,4.554508271185863,-0.014516468165874718
2022-08-23,99.49,4.600057136601269,0.045548865415404934
2022-08-24,99.87,4.603869340255043,0.0038122036537749262
2022-08-25,98.81,4.593198814206872,-0.010670526048171858
2022-08-26,101.13,4.616406817914079,0.023208003707207617
2022-08-30,99.34,4.598548309679204,-0.017858508234874518
2022-08-31,96.55,4.570061008874523,-0.028487300804681075
2022-09-01,92.24,4.524393875960803,-0.04566713291371992
2022-09-02,93.09,4.533566767128399,0.00917289116759494
2022-09-05,94.22,4.545632473271895,0.012065706143496486
2022-09-06,91.43,4.515573652176335,-0.030058821095559747
2022-09-07,86.83,4.463952184072554,-0.05162146810378153
2022-09-08,87.99,4.477223171657469,0.013270987584915508
2022-09-09,91.68,4.51830425296643,0.041081081308960286
2022-09-12,93.45,4.537426533901572,0.019122280935142323
2022-09-13,92.04,4.522223265167165,-0.015203268734406711
2022-09-14,92.83,4.530769863411841,0.008546598244676025
2022-09-15,89.28,4.491777498633001,-0.038992364778840334
2022-09-16,89.43,4.49345619635809,0.0016786977250889859
2022-09-20,89.62,4.495578509357997,0.0021223129999070707
2022-09-21,89.86,4.498252903642014,0.002674394284016926
2022-09-22,90.4,4.504244267398131,0.005991363756116905
2022-09-23,84.29,4.434263234009391,-0.06998103338873995
2022-09-26,82.55,4.413404170366137,-0.020859063643253878
2022-09-27,85.97,4.453998398186353,0.04059422782021563
2022-09-28,89.55,4.494797128506721,0.0407987303203681
2022-09-29,89.41,4.493232532747227,-0.0015645957594941282
2022-09-30,88.9,4.487512142519859,-0.005720390227367686
2022-10-03,90.68,4.507336825639328,0.01982468311946937
2022-10-04,93.74,4.54052499249456,0.0331881668552316
2022-10-05,94.35,4.547011271814559,0.0064862793199992035
2022-10-06,95.65,4.560695695886262,0.013684424071702688
2022-10-07,98.88,4.59390699370938,0.03321129782311869
2022-10-10,97.13,4.5760502874142395,-0.01785670629514141
2022-10-11,95.17,4.555664766084252,-0.020385521329987062
2022-10-12,93.44,4.537319519079917,-0.01834524700433515
2022-10-13,95.16,4.555559685434757,0.018240166354839923
2022-10-14,92.22,4.52417702677856,-0.03138265865619742
2022-10-17,91.04,4.511298970378021,-0.012878056400538658
2022-10-18,89.46,4.493791598004702,-0.017507372373318824
2022-10-19,91.34,4.514588807756853,0.020797209752150967
2022-10-20,91.52,4.5165575276314875,0.001968719874634826
2022-10-21,91.82,4.519830138821076,0.003272611189588279
2022-10-24,91.57,4.517103707119641,-0.0027264317014352372
2022-10-25,91.76,4.5191764728211155,0.0020727657014745276
2022-10-26,92.93,4.531846521569248,0.01267004874813277
2022-10-27,94.17,4.545101659521972,0.013255137952723853
2022-10-28,94.64,4.550080219670131,0.004978560148159504
2022-10-31,93.3,4.535820107853298,-0.014260111816833197
2022-11-01,95.12,4.555139252382526,0.019319144529228335
2022-11-02,96.07,4.565077092421647,0.009937840039120635
2022-11-03,95.29,4.556924873360097,-0.00815221906155016
2022-11-04,99.53,4.600459106257972,0.04353423289787531
2022-11-07,99.87,4.603869340255043,0.003410233997071214
2022-11-08,96.85,4.573163389853005,-0.030705950402038516
2022-11-09,93.05,4.5331369830882595,-0.04002640676474508
2022-11-10,94.25,4.54595082632812,0.012813843239860453
2022-11-11,96.37,4.568194949863196,0.02224412353507596
2022-11-14,93.59,4.538923540169165,-0.029271409694030987
2022-11-15,94.3,4.546481189639412,0.007557649470246732
2022-11-16,92.61,4.528397127182178,-0.018084062457234117
2022-11-17,91.0,4.51085950651685,-0.01753762066532759
2022-11-18,88.93,4.487849543411548,-0.023009963105301245
2022-11-21,88.44,4.482324355989245,-0.005525187422303284
2022-11-22,88.65,4.484696032520217,0.0023716765309715333
2022-11-23,85.9,4.45318382899021,-0.031512203530007256
2022-11-24,85.59,4.4495684538935185,-0.0036153750966914015
2022-11-25,83.4,4.423648309364701,-0.025920144528817236
2022-11-28,83.5,4.42484663185681,0.0011983224921087163
2022-11-29,83.22,4.421487703554795,-0.0033589283020146205
2022-11-30,85.61,4.449802098754394,0.02831439519959904
2022-12-01,86.28,4.457597821520956,0.007795722766561261
2022-12-02,86.54,4.460606734796738,0.003008913275783264
2022-12-05,83.36,4.423168578005057,-0.037438156791682047
2022-12-06,79.92,4.381026134340298,-0.04214244366475863
2022-12-07,77.11,4.345232973844869,-0.03579316049542887
2022-12-08,76.02,4.330996463561102,-0.014236510283766676
2022-12-09,76.37,4.335589948900293,0.004593485339190115
2022-12-12,78.0,4.356708826689592,0.021118877789298954
2022-12-13,80.14,4.383775105207999,0.027066278518406796
2022-12-14,83.33,4.422808628394115,0.039033523186116824
2022-12-15,82.34,4.410857016341759,-0.01195161205235672
2022-12-16,80.2,4.384523514872469,-0.026333501469289852
2022-12-19,81.66,4.40256428589143,0.018040771018960837
2022-12-20,79.45,4.375127892982725,-0.02743639290870464
2022-12-21,80.25,4.385146762010125,0.010018869027400148
2022-12-22,79.58,4.376762804998783,-0.00838395701134273
2022-12-23,82.45,4.412192049005608,0.03542924400682532
2022-12-28,81.7,4.403054001865957,-0.009138047139650676
2022-12-29,80.96,4.3939552055391555,-0.009098796326801948
2022-12-30,82.82,4.416669578117421,0.02271437257826579
2023-01-03,80.36,4.386516539946734,-0.030153038170687443
2023-01-04,75.31,4.32161292811326,-0.06490361183347325
2023-01-05,76.73,4.340292766189574,0.01867983807631346
2023-01-06,76.41,4.336113577659475,-0.004179188530098584
2023-01-09,77.5,4.350277936359301,0.014164358699826057
2023-01-10,78.4,4.361823927356363,0.011545990997060948
2023-01-11,81.11,4.395806258082254,0.03398233072589115
2023-01-12,82.59,4.413888607822626,0.018082349740372285
2023-01-13,83.43,4.424007956913983,0.010119349091357649
2023-01-16,82.65,4.4146148242670336,-0.009393132646949971
2023-01-17,84.38,4.435330406696193,0.020715582429159267
2023-01-18,83.78,4.428194315518889,-0.00713609117730375
2023-01-19,85.08,4.4435919903320364,0.015397674813147596
2023-01-20,86.96,4.465448242812954,0.021856252480917528
2023-01-23,87.54,4.47209583176275,0.00664758894979547
2023-01-24,85.25,4.445588116163626,-0.02650771559912319
2023-01-25,85.08,4.4435919903320364,-0.0019961258315898036
2023-01-26,86.29,4.4577137165202165,0.014121726188179732
2023-01-27,85.36,4.446877606993498,-0.01083610952671826
2023-01-30,84.9,4.441474093317302,-0.005403513676196244
2023-01-31,83.42,4.423888088768799,-0.017586004548502437
2023-02-01,81.61,4.401951803481151,-0.021936285287647732
2023-02-02,80.57,4.3891263717891045,-0.012825431692047048
2023-02-03,78.85,4.367547313409047,-0.02157905838005717
2023-02-06,80.48,4.388008706351429,0.02046139294238183
2023-02-07,82.92,4.417876287567579,0.029867581216149682
2023-02-08,84.17,4.432838563223485,0.014962275655905872
2023-02-09,83.46,4.424367475163407,-0.008471088060078274
2023-02-10,85.46,4.448048430215879,0.0236809550524724
2023-02-13,85.98,4.454114711068136,0.006066280852256809
2023-02-14,84.96,4.442180557493629,-0.011934153574506905
2023-02-15,84.11,4.432125465974346,-0.010055091519282749
2023-02-16,83.84,4.428910220572732,-0.003215245401613823
2023-02-17,81.97,4.406353326664939,-0.022556893907792835
2023-02-20,82.79,4.416307281150715,0.009953954485775388
2023-02-21,82.14,4.408425108528412,-0.00788217262230203
2023-02-22,79.55,4.376385754783795,-0.03203935374461666
2023-02-23,82.08,4.407694381422459,0.031308626638663475
2023-02-24,82.31,4.410492606984553,0.0027982255620932856
2023-02-27,81.24,4.397407736712184,-0.013084870272368812
2023-02-28,83.21,4.421367532912338,0.0239597962001546
2023-03-01,83.68,4.427000000316613,0.005632467404274467
2023-03-02,84.15,4.432600920636815,0.005600920320202304
2023-03-03,85.74,4.451319461169831,0.01871854053301594
2023-03-06,85.86,4.452718062796414,0.001398601626583598
2023-03-07,83.03,4.419201988273939,-0.03351607452247525
2023-03-08,82.1,4.407938016458383,-0.011263971815556734
2023-03-09,81.0,4.394449154672439,-0.01348886178594366
2023-03-10,82.3,4.410371107683024,0.015921953010585257
2023-03-13,79.67,4.3778931033922746,-0.032478004290749415
2023-03-14,76.77,4.3408139388398075,-0.0370791645524676
2023-03-15,74.3,4.308110951723713,-0.032702987116093596
2023-03-16,73.12,4.292101927145895,-0.016009024577818866
2023-03-17,71.03,4.2631023230097185,-0.02899960413617604
2023-03-20,72.42,4.282482504337495,0.01938018132777649
2023-03-21,74.78,4.314550469548967,0.03206796521147245
2023-03-22,76.08,4.331785418237135,0.0172349486881672
2023-03-23,74.31,4.308245532169378,-0.02353988606775695
2023-03-24,73.63,4.299052551380625,-0.009192980788752556
2023-03-27,76.8,4.341204640153626,0.042152088773000994
2023-03-28,78.07,4.3576058601322,0.016401219978573148
2023-03-29,77.51,4.35040696029342,-0.007198899838779376
2023-03-30,78.45,4.362461479179042,0.012054518885621602
2023-03-31,79.19,4.371850028222321,0.00938854904327939
2023-04-03,85.81,4.45213554981903,0.08028552159670856
2023-04-04,85.7,4.450852825603734,-0.0012827242152954864
2023-04-05,85.89,4.453067407778134,0.0022145821743992386
2023-04-06,86.56,4.460837815098172,0.007770407320037998
2023-04-11,87.32,4.4695795316817435,0.0087417165835717
2023-04-12,88.31,4.480853351480711,0.011273819798967723
2023-04-13,86.51,4.460260014192283,-0.020593337288427837
2023-04-14,87.31,4.469465003822716,0.00920498963043334
2023-04-17,85.63,4.450035689038101,-0.019429314784615712
2023-04-18,85.48,4.448282430450947,-0.0017532585871537188
2023-04-19,85.34,4.446643277759854,-0.0016391526910929902
2023-04-20,83.29,4.42232849394725,-0.024314783812604785
2023-04-21,83.36,4.423168578005057,0.0008400840578076088
2023-04-24,84.23,4.433551152327272,0.01038257432221557
2023-04-25,82.13,4.408303357752101,-0.025247794575171473
2023-04-26,79.19,4.371850028222321,-0.03645332952977974
2023-04-27,80.11,4.383400690227026,0.011550662004704308
2023-04-28,81.32,4.398391988760146,0.014991298533120465
2023-05-02,76.71,4.3400320779712045,-0.05835991078894094
2023-05-03,72.91,4.289225803818339,-0.050806274152865996
2023-05-04,73.0,4.290459441148391,0.001233637330052194
2023-05-05,75.85,4.328757705794541,0.03829826464615
2023-05-09,77.76,4.353627160152183,0.024869454357642533
2023-05-10,76.7,4.33990170837321,-0.013725451778973176
2023-05-11,75.32,4.3217457037889515,-0.01815600458425895
2023-05-12,74.54,4.311335894051113,-0.010409809737839157
2023-05-15,75.46,4.323602714536165,0.012266820485051974
2023-05-16,75.15,4.319486116198983,-0.0041165983371807295
2023-05-17,76.98,4.3435456478556,0.02405953165661654
2023-05-18,75.75,4.327438444389479,-0.01610720346612164
2023-05-19,75.42,4.323072491830211,-0.004365952559267472
2023-05-22,75.77,4.327702435943282,0.004629944113070817
2023-05-23,76.66,4.339380059952409,0.011677624009126947
2023-05-24,77.99,4.356580613342406,0.017200553389997607
2023-05-25,75.66,4.326249619204883,-0.030330994137523416
2023-05-26,76.33,4.335066045810379,0.008816426605495784
2023-05-30,73.38,4.295651418927136,-0.0394146268832431
2023-05-31,71.98,4.276388302650885,-0.019263116276251213
2023-06-01,74.18,4.306494572061445,0.03010626941056017
2023-06-02,76.0,4.330733340286331,0.024238768224886287
2023-06-05,76.61,4.33872761652873,0.00799427624239856
2023-06-06,76.22,4.333623895445714,-0.005103721083015372
2023-06-07,76.85,4.341855469984605,0.008231574538890583
2023-06-08,75.88,4.3291531450668135,-0.012702324917791379
2023-06-09,74.74,4.314015424057338,-0.01513772100947567
2023-06-12,71.8,4.273884476054178,-0.04013094800315934
2023-06-13,74.24,4.307303088477945,0.033418612423766696
2023-06-14,73.39,4.295787686556971,-0.01151540192097364
2023-06-15,75.75,4.327438444389479,0.031650757832507065
2023-06-16,76.76,4.340683671139499,0.013245226750020723
2023-06-19,76.09,4.331916850188431,-0.0087668209510678
2023-06-20,75.79,4.327966357823938,-0.003950492364493568
2023-06-21,76.92,4.342765920720579,0.014799562896641265
2023-06-22,73.93,4.3031186995690085,-0.03964722115157021
2023-06-23,73.56,4.298101399736121,-0.005017299832888426
2023-06-26,73.86,4.3021714094244174,0.004070009688296679
2023-06-27,71.88,4.274998061915358,-0.027173347509058893
2023-06-28,73.64,4.299188356364877,0.024190294449518864
2023-06-29,73.86,4.3021714094244174,0.0029830530595400854
2023-06-30,74.51,4.310933344565636,0.00876193514121899
2023-07-03,74.52,4.311067545733388,0.00013420116775142492
2023-07-04,76.23,4.333755086000182,0.0226875402667948
2023-07-05,76.74,4.340423084818807,0.00666799881862384
2023-07-06,76.72,4.340162430575183,-0.00026065424362344436
2023-07-07,78.77,4.3665322137152325,0.026369783140050153
2023-07-10,77.83,4.354526960971297,-0.012005252743936106
2023-07-11,79.54,4.376260039779544,0.021733078808247843
2023-07-12,80.35,4.386392092183521,0.010132052403976839
2023-07-13,81.31,4.398269010219746,0.011876918036224624
2023-07-14,79.9,4.380775852772229,-0.017493157447517116
2023-07-17,77.8,4.354141431184346,-0.026634421587883178
2023-07-18,79.54,4.376260039779544,0.022118608595198833
2023-07-19,79.38,4.37424644735492,-0.002013592424625338
2023-07-20,79.62,4.377265317572172,0.003018870217251951
2023-07-21,81.06,4.395189621200163,0.017924303627991352
2023-07-24,82.53,4.413161863604593,0.017972242404430436
2023-07-25,83.46,4.424367475163407,0.011205611558813534
2023-07-26,82.98,4.418599614904722,-0.005767860258684614
2023-07-27,84.28,4.434144588935989,0.015544974031266411
2023-07-28,84.49,4.436633184164753,0.0024885952287650322
2023-07-31,85.22,4.445236148071766,0.008602963907012599
2023-08-01,85.34,4.446643277759854,0.0014071296880880046
2023-08-02,84.01,4.4309358393767555,-0.015707438383098057
2023-08-03,86.19,4.456554161659308,0.025618322282552113
2023-08-04,87.38,4.47026642352329,0.013712261863982014
2023-08-07,86.47,4.459797532972339,-0.010468890550950925
2023-08-08,88.0,4.477336814478207,0.01753928150586767
2023-08-09,89.31,4.4921134636957945,0.014776649217588242
2023-08-10,87.44,4.470952843868283,-0.02116061982751164
2023-08-11,87.93,4.4765410433909105,0.005588199522627794
2023-08-14,87.4,4.470495282661489,-0.006045760729420958
2023-08-15,86.28,4.457597821520956,-0.012897461140534172
2023-08-16,84.49,4.436633184164753,-0.0209646373562023
2023-08-17,85.24,4.445470807230416,0.008837623065662886
2023-08-18,85.92,4.453416630760555,0.007945823530138351
2023-08-21,85.44,4.447814375211885,-0.005602255548669898
2023-08-22,84.7,4.439115601658009,-0.00869877355387595
2023-08-23,83.94,4.430102257905445,-0.009013343752563996
2023-08-24,84.07,4.431649785147205,0.0015475272417605416
2023-08-25,85.42,4.44758026541332,0.01593048026611503
2023-08-29,86.37,4.458640393292194,0.011060127878873841
2023-08-30,86.62,4.46153073578648,0.002890342494286351
2023-08-31,87.29,4.469235908747258,0.0077051729607777114
2023-09-01,89.98,4.499587423413026,0.030351514665767878
2023-09-04,90.42,4.504465481866459,0.004878058453432773
2023-09-05,91.25,4.513602992462601,0.009137510596141776
2023-09-06,91.79,4.519503359231,0.005900366768398839
2023-09-07,91.16,4.512616204377483,-0.0068871548535161566
2023-09-08,91.85,4.520156811661135,0.007540607283651133
2023-09-11,91.97,4.521462436914606,0.0013056252534716507
2023-09-12,93.58,4.5388166854380705,0.01735424852346402
2023-09-13,93.04,4.533029508210409,-0.005787177227661168
2023-09-14,95.2,4.55597994179732,0.02295043358691071
2023-09-15,95.55,4.559649670686282,0.0036697288889624017
2023-09-18,95.95,4.563827222453709,0.004177551767426827
2023-09-19,96.11,4.565493368835193,0.0016661463814840588
2023-09-20,94.56,4.549234553657788,-0.016258815177404864
2023-09-21,93.7,4.540098189244376,-0.009136364413411532
2023-09-22,93.99,4.54318839363221,0.0030902043878334577
2023-09-25,94.01,4.543401159590459,0.00021276595824945585
2023-09-26,94.46,4.548176464467971,0.004775304877511431
2023-09-27,97.1,4.575741375297279,0.027564910829308103
2023-09-28,96.64,4.570992734186505,-0.004748641110774369
2023-09-29,95.86,4.562888793731485,-0.008103940455019587
2023-10-02,91.21,4.513164540192067,-0.04972425353941821
2023-10-03,94.46,4.548176464467971,0.03501192427590409
2023-10-04,89.83,4.497918995241116,-0.050257469226855714
2023-10-05,88.28,4.480513581388536,-0.01740541385257957
2023-10-06,87.86,4.475744638547633,-0.0047689428409021595
2023-10-09,91.37,4.514917197010529,0.0391725584628957
2023-10-10,90.7,4.507557357121091,-0.007359839889438345
2023-10-11,87.58,4.4725526613732525,-0.035004695747838654
2023-10-12,88.4,4.481871969643598,0.009319308270345508
2023-10-13,94.33,4.546799272661762,0.06492730301816406
2023-10-16,90.99,4.5107496103686,-0.03604966229316245
2023-10-17,92.52,4.527424837363238,0.016675226994638952
2023-10-18,91.99,4.521679875489066,-0.005744961874172521
2023-10-19,93.12,4.533888983983128,0.01220910849406182
2023-10-20,93.72,4.540311613639595,0.006422629656467192
2023-10-23,91.88,4.520483377820898,-0.019828235818697436
2023-10-24,88.0,4.477336814478207,-0.043146563342691
2023-10-25,90.14,4.501364017262502,0.024027202784295827
2023-10-26,88.45,4.482437420605795,-0.018926596656707935
2023-10-27,90.73,4.507888063181538,0.025450642575743188
2023-10-30,90.73,4.507888063181538,0.0
2023-10-31,86.82,4.4638370098714475,-0.04405105331009015
2023-11-01,86.92,4.464988155388229,0.0011511455167814723
2023-11-02,89.02,4.488861063587708,0.023872908199479403
2023-11-03,87.55,4.472210058731861,-0.016651004855847366
2023-11-06,87.31,4.469465003822716,-0.0027450549091445615
2023-11-07,83.43,4.424007956913983,-0.04545704690873306
2023-11-08,81.46,4.400112102220266,-0.02389585469371685
2023-11-09,81.74,4.403543478136132,0.003431375915864679
2023-11-10,83.66,4.426760966014053,0.02321748787792116
2023-11-13,84.09,4.431887653844806,0.005126687830754218
2023-11-14,84.2,4.4331949212482815,0.0013072674034744047
2023-11-15,82.4,4.411585436915426,-0.02160948433285499
2023-11-16,77.73,4.353241283242128,-0.058344153673297795
2023-11-17,81.22,4.397161522258152,0.04392023901602327
2023-11-20,83.25,4.421848128860553,0.024686606602401434
2023-11-21,82.42,4.411828125910671,-0.010020002949881852
2023-11-22,81.76,4.403788126455394,-0.00803999945527698
2023-11-23,80.85,4.392595586023115,-0.01119254043227858
2023-11-24,79.82,4.379774099620588,-0.012821486402527999
2023-11-27,79.49,4.375631227585021,-0.00414287203556651
2023-11-28,81.66,4.40256428589143,0.026933058306408523
2023-11-29,82.98,4.418599614904722,0.016035329013292177
2023-11-30,81.72,4.403298769949421,-0.015300844955300598
2023-12-01,78.72,4.365897252743998,-0.03740151720542328
2023-12-04,78.16,4.358758007734528,-0.007139245009470764
2023-12-05,77.27,4.347305781945493,-0.011452225789034808
2023-12-06,74.33,4.308514638737202,-0.038791143208290406
2023-12-07,74.21,4.306898911982042,-0.0016157267551599587
2023-12-08,75.94,4.3299435548036564,0.02304464282161417
2023-12-11,75.75,4.327438444389479,-0.0025051104141777607
2023-12-12,74.11,4.305550475963267,-0.021887968426211005
2023-12-13,74.14,4.305955197722586,0.00040472175931876474
2023-12-14,77.05,4.344454561766125,0.03849936404353841
2023-12-15,76.84,4.341725337900356,-0.002729223865768745
2023-12-18,78.89,4.368054477106998,0.02632913920664238
2023-12-19,79.82,4.379774099620588,0.011719622513589519
2023-12-20,81.1,4.395682961121367,0.015908861500779397
2023-12-21,80.73,4.391110253406924,-0.004572707714442971
2023-12-22,80.23,4.3848975097655645,-0.006212743641359462
2023-12-27,80.97,4.394078715698023,0.009181205932458351
2023-12-28,79.04,4.369954053439613,-0.024124662258410562
2023-12-29,77.69,4.3527265489623295,-0.01722750447728311
2024-01-02,76.24,4.333886259345946,-0.018840289616382733
2024-01-03,77.18,4.346140356109473,0.012254096763526266
2024-01-04,75.79,4.327966357823938,-0.01817399828553498
2024-01-05,78.31,4.360675308762846,0.032708950938908465
2024-01-08,75.47,4.323735226296777,-0.03694008246606933
2024-01-09,77.97,4.356324137321509,0.03258891102473156
2024-01-10,78.46,4.362588940781406,0.006264803459897833
2024-01-11,80.21,4.384648195378833,0.02205925459742664
2024-01-12,79.89,4.380650688493951,-0.003997506884882527
2024-01-15,79.76,4.379022125653583,-0.00162856284036759
2024-01-16,80.15,4.383899879055562,0.004877753401979042
2024-01-17,78.88,4.36792771029438,-0.01597216876118207
2024-01-18,81.04,4.394942859940428,0.02701514964604801
2024-01-19,80.71,4.390862483336281,-0.004080376604147147
2024-01-22,81.7,4.403054001865957,0.01219151852967632
2024-01-23,82.04,4.40720693320418,0.004152931338222691
2024-01-24,82.15,4.408546844483277,0.0013399112790972686
2024-01-25,82.33,4.410735561310335,0.002188716827057533
2024-01-26,83.34,4.422928625994308,0.012193064683972831
2024-01-29,83.99,4.430697744137536,0.007769118143228331
2024-01-30,84.14,4.432482078162375,0.0017843340248391841
2024-01-31,82.98,4.418599614904722,-0.013882463257652954
2024-02-01,82.2,4.409155302062135,-0.009444312842587592
2024-02-02,79.54,4.376260039779544,-0.03289526228258959
2024-02-05,79.3,4.373238128640803,-0.0030219111387423427
2024-02-06,80.46,4.387760166521642,0.014522037880839913
2024-02-07,81.18,4.396668911410751,0.00890874488910965
2024-02-08,83.01,4.418961082466944,0.022292171056192484
2024-02-09,83.58,4.425804257019769,0.006843174552824963
2024-02-12,83.88,4.429387206033719,0.0035829490139499287
2024-02-13,84.72,4.439351701293151,0.009964495259431947
2024-02-14,84.41,4.4356858779956285,-0.003665823297522485
2024-02-15,84.33,4.43473767358655,-0.0009482044090783334
2024-02-16,84.88,4.441238494305727,0.00650082071917747
2024-02-19,85.52,4.4487502667167895,0.007511772411062185
2024-02-20,84.78,4.440059665924491,-0.008690600792298624
2024-02-21,84.77,4.439941706620314,-0.00011795930417693321
2024-02-22,85.84,4.452485098322443,0.012543391702128866
2024-02-23,84.18,4.432957363342425,-0.0195277349800184
2024-02-26,84.01,4.4309358393767555,-0.002021523965668787
2024-02-27,83.8,4.428433007488037,-0.00250283188871851
2024-02-28,84.08,4.431768726568696,0.0033357190806582435
2024-02-29,84.57,4.437579593794131,0.005810867225435136
2024-03-01,84.82,4.4405313640464446,0.0029517702523138355
2024-03-04,86.58,4.461068842013835,0.020537477967389913
2024-03-05,85.82,4.452252079563379,-0.00881676245045591
2024-03-06,86.59,4.46118433545971,0.00893225589633123
2024-03-07,84.88,4.441238494305727,-0.019945841153982236
2024-03-08,84.29,4.434263234009391,-0.00697526029633679
2024-03-11,83.44,4.424127810692517,-0.010135423316873882
2024-03-12,83.66,4.426760966014053,0.0026331553215353997
2024-03-13,83.95,4.43022138352355,0.0034604175094976072
2024-03-14,86.16,4.456206032848133,0.0259846493245832
2024-03-15,85.39,4.447228997919515,-0.008977034928618245
2024-03-18,86.47,4.459797532972339,0.012568535052824136
2024-03-19,87.36,4.470037511996595,0.010239979024256027
2024-03-20,85.77,4.45166929500233,-0.018368216994264833
2024-03-21,84.92,4.441709636835055,-0.009959658167274659
2024-03-22,84.87,4.441120673981586,-0.0005889628534698293
2024-03-25,86.18,4.456438132187692,0.01531745820610638
2024-03-26,85.91,4.453300236649965,-0.0031378955377269163
2024-03-27,84.94,4.441945124885125,-0.011355111764839998
2024-03-28,86.17,4.4563220892516755,0.014376964366550428
2024-04-02,87.63,4.473123405067759,0.01680131581608372
2024-04-03,90.6,4.506454213048934,0.03333080798117431
2024-04-04,90.32,4.503358919841406,-0.0030952932075270392
2024-04-05,92.81,4.530554392607302,0.027195472765895057
2024-04-08,91.73,4.518849479521564,-0.01170491308573722
2024-04-09,92.13,4.52320062312084,0.004351143599276324
2024-04-10,91.57,4.517103707119641,-0.006096916001199958
2024-04-11,91.49,4.516229676691444,-0.0008740304281968453
2024-04-12,93.12,4.533888983983128,0.01765930729168397
2024-04-15,90.84,4.5090997172373575,-0.02478926674577
2024-04-16,91.29,4.514041252576989,0.004941535339631605
2024-04-17,89.54,4.49468545281282,-0.019355799764169915
2024-04-18,88.34,4.481193006168381,-0.01349244664443913
2024-04-19,87.96,4.47688216568656,-0.00431084048182007
2024-04-22,87.3,4.469350462845557,-0.007531702841003893
2024-04-23,88.29,4.480626850913491,0.011276388067934757
2024-04-24,89.02,4.488861063587708,0.008234212674217048
2024-04-25,88.1,4.478472532942134,-0.01038853064557445
2024-04-26,89.95,4.499253960396542,0.020781427454408353
2024-04-29,88.44,4.482324355989245,-0.016929604407296617
2024-04-30,88.23,4.479947041234014,-0.002377314755232157
2024-05-01,83.55,4.425445255041403,-0.05450178619261071
2024-05-02,84.81,4.440413460373609,0.014968205332205949
2024-05-03,83.6,4.426043520090656,-0.014369940282952787
2024-05-07,82.69,4.415098675734075,-0.010944844356580608
2024-05-08,82.44,4.412070756022258,-0.0030279197118170255
2024-05-09,83.27,4.422088340247728,0.010017584225469708
2024-05-10,83.39,4.423528398098894,0.0014400578511661022
2024-05-13,83.18,4.421006934314765,-0.0025214637841282474
2024-05-14,81.0,4.394449154672439,-0.026557779642326876
2024-05-15,79.98,4.381776603418673,-0.012672551253766358
2024-05-16,81.65,4.402441819416474,0.02066521599780184
2024-05-17,82.24,4.409641801706855,0.007199982290380821
2024-05-20,81.91,4.40562108352751,-0.004020718179344291
2024-05-21,81.22,4.397161522258152,-0.008459561269358939
2024-05-22,79.9,4.380775852772229,-0.016385669485922696
2024-05-23,79.25,4.37260741275739,-0.008168440014839075
2024-05-24,78.92,4.368434681154414,-0.004172731602975421
2024-05-28,81.34,4.398637900479079,0.030203219324664004
2024-05-29,81.5,4.400603020246817,0.00196511976773852
2024-05-30,81.42,4.399620943074833,-0.000982077171984267
2024-05-31,79.41,4.37462430490712,-0.024996638167713282
2024-06-03,76.45,4.336636932375072,-0.03798737253204821
2024-06-04,75.33,4.321878461837604,-0.01475847053746808
2024-06-05,75.41,4.322939892214555,0.0010614303769522124
2024-06-06,77.62,4.35182512594076,0.028885233726204624
2024-06-07,78.12,4.358246106008478,0.006420980067717915
2024-06-10,79.59,4.376888456817758,0.018642350809279774
2024-06-11,80.15,4.383899879055562,0.007011422237804083
2024-06-12,80.52,4.388505600771591,0.004605721716028599
2024-06-13,81.44,4.399866552802212,0.01136095203062199
2024-06-14,81.49,4.400480313332128,0.0006137605299157904
2024-06-17,82.45,4.412192049005608,0.0117117356734796
2024-06-18,84.79,4.440177611315912,0.027985562310303847
2024-06-19,85.64,4.450152463721482,0.009974852405570283
2024-06-20,85.92,4.453416630760555,0.0032641670390724507
2024-06-21,86.42,4.459219130503787,0.0058024997432324565
2024-06-24,86.75,4.4630304188269685,0.003811288323181407
2024-06-25,86.81,4.463721822403716,0.0006914035767480475
2024-06-26,85.76,4.451552697322492,-0.012169125081224723
2024-06-27,87.0,4.465908118654584,0.014355421332091787
2024-06-28,87.26,4.468892167695464,0.002984049040879782
2024-07-01,86.57,4.460953335227682,-0.007938832467781225
2024-07-02,88.28,4.480513581388536,0.01956024616085344
2024-07-03,88.25,4.480173695813406,-0.00033988557512955076
2024-07-04,88.34,4.481193006168381,0.0010193103549742599
2024-07-05,88.66,4.484808829316908,0.003615823148526961
2024-07-08,87.15,4.46763077196603,-0.017178057350877473
2024-07-09,86.48,4.4599131733309525,-0.007717598635077083
2024-07-10,86.55,4.4607222816222185,0.0008091082912653426
2024-07-11,86.49,4.460028800318421,-0.0006934813037977247
2024-07-12,87.35,4.469923036580066,0.00989423626164496
2024-07-15,86.42,4.459219130503787,-0.010703906076278401
2024-07-16,86.6,4.461299815568389,0.0020806850646022104
2024-07-17,85.76,4.451552697322492,-0.009747118245897477
2024-07-18,86.26,4.457365991219697,0.005813293897205156
2024-07-19,85.19,4.444884056054749,-0.012481935164948093
2024-07-22,83.44,4.424127810692517,-0.020756245362232126
2024-07-23,82.2,4.409155302062135,-0.014972508630382663
2024-07-24,83.01,4.418961082466944,0.009805780404810035
2024-07-25,82.58,4.413767520457944,-0.005193562009000116
2024-07-26,81.35,4.3987608336650466,-0.01500668679289737
2024-07-29,80.94,4.393708139447719,-0.00505269421732724
2024-07-30,79.26,4.372733587762289,-0.020974551685430446
2024-07-31,81.39,4.3992524153389505,0.02651882757666111
2024-08-01,81.37,4.3990066547085656,-0.0002457606303840749
2024-08-02,78.35,4.36118596880203,-0.03782068590653615
2024-08-05,77.51,4.35040696029342,-0.010779008508609645
2024-08-06,76.62,4.338858139272503,-0.011548821020917182
2024-08-07,78.26,4.360036616782266,0.021178477509763427
2024-08-08,80.76,4.391481793444637,0.031445176662370435
2024-08-09,81.07,4.395312978999615,0.003831185554978798
2024-08-12,83.06,4.419563238202607,0.024250259202991818
2024-08-13,82.51,4.412919498116252,-0.006643740086355645
2024-08-14,82.15,4.408546844483277,-0.004372653632974782
2024-08-15,83.09,4.41992435767689,0.011377513193612871
2024-08-16,81.56,4.401338945706255,-0.018585411970635554
2024-08-19,81.09,4.395559648956466,-0.005779296749788497
2024-08-20,78.85,4.367547313409047,-0.02801233554741865
2024-08-21,78.77,4.3665322137152325,-0.0010150996938144044
2024-08-22,78.8,4.366912996863833,0.0003807831486005595
2024-08-23,80.34,4.386267628931136,0.019354632067302868
2024-08-27,81.51,4.400725712106366,0.014458083175229917
2024-08-28,80.04,4.382526509715532,-0.018199202390833412
2024-08-29,81.55,4.401216329067023,0.018689819351490177
2024-08-30,80.2,4.384523514872469,-0.016692814194553988
2024-09-02,77.82,4.354398467556408,-0.030125047316061464
2024-09-03,76.46,4.336767728268267,-0.01763073928814073
2024-09-04,74.67,4.3130784050476105,-0.023689323220656307
2024-09-05,74.47,4.310396359722554,-0.0026820453250562056
2024-09-06,72.82,4.287990642747287,-0.02240571697526689
2024-09-09,72.37,4.281791848878036,-0.006198793869250905
2024-09-10,70.34,4.253340627045836,-0.028451221832199978
2024-09-11,70.31,4.25291403621107,-0.00042659083476643606
2024-09-12,73.81,4.301494223781961,0.04858018757089107
2024-09-13,73.68,4.299731391947051,-0.0017628318349094995
2024-09-16,73.96,4.303524406518924,0.003793014571872473
2024-09-17,74.55,4.311470041210748,0.007945634691823423
2024-09-18,74.52,4.311067545733388,-0.0004024954773597643
2024-09-19,75.93,4.329811863225142,0.01874431749175475
2024-09-20,75.96,4.330206885944085,0.00039502271894259515
2024-09-23,74.95,4.316821224548606,-0.013385661395478348
2024-09-24,75.29,4.321347323862031,0.00452609931342429
2024-09-25,75.4,4.32280727501391,0.001459951151879414
2024-09-26,73.06,4.291281021367136,-0.03152625364677401
2024-09-27,71.63,4.27151398062636,-0.019767040740776693
2024-09-30,72.35,4.281515453077493,0.010001472451133031
2024-10-01,75.3,4.321480134805848,0.03996468172835498
2024-10-02,74.86,4.315619702476283,-0.005860432329564958
2024-10-03,77.57,4.3511807545027805,0.03556105202649714
2024-10-04,79.32,4.373490303651595,0.022309549148814944
2024-10-07,81.74,4.403543478136132,0.030053174484536094
2024-10-08,78.19,4.359141762136423,-0.04440171599970857
2024-10-09,77.06,4.344584339198011,-0.014557422938411071
2024-10-10,79.45,4.375127892982725,0.030543553784713427
2024-10-11,80.27,4.385395952143486,0.010268059160760352
2024-10-14,78.47,4.362716386139382,-0.022679566004103646
2024-10-15,73.68,4.299731391947051,-0.06298499419233036
2024-10-16,73.65,4.299324142908639,-0.00040724903841218423
2024-10-17,74.37,4.309052634715209,0.009728491806569484
2024-10-18,72.75,4.287028906051602,-0.02202372866360705
2024-10-21,73.29,4.294424173937759,0.007395267886156915
2024-10-22,75.59,4.325323999304086,0.030899825366326555
2024-10-23,74.68,4.313212318673522,-0.012111680630563408
2024-10-24,74.27,4.307707101681205,-0.005505216992316918
2024-10-25,75.62,4.325720798462787,0.018013696781581837
2024-10-28,71.87,4.274858931480352,-0.05086186698243549
2024-10-29,71.09,4.263946679941392,-0.010912251538959522
2024-10-30,73.21,4.293332023658551,0.029385343717159396
2024-10-31,73.25,4.293878247897177,0.0005462242386253906
2024-11-01,73.63,4.299052551380625,0.0051743034834487904
2024-11-04,74.89,4.316020370261276,0.016967818880650225
2024-11-05,76.98,4.3435456478556,0.02752527759432436
2024-11-06,76.52,4.337552144572052,-0.0059935032835480885
2024-11-07,75.73,4.327174383125731,-0.010377761446320745
2024-11-08,74.04,4.304605487705297,-0.022568895420434557
2024-11-11,72.19,4.279301532151069,-0.025303955554227268
2024-11-12,72.56,4.2844138058068815,0.005112273655811607
2024-11-13,72.86,4.288539791580417,0.004125985773536572
2024-11-14,73.39,4.295787686556971,0.007247894976553787
2024-11-15,73.45,4.296604902619887,0.0008172160629148973
2024-11-18,74.35,4.308783672906164,0.01217877028627767
2024-11-19,74.32,4.308380094505583,-0.000403578400581038
2024-11-20,74.33,4.308514638737202,0.00013454423161901268
2024-11-21,75.09,4.318687394111793,0.010172755374590498
2024-11-22,76.1,4.33204826486764,0.013360870755847529
2024-11-25,74.27,4.307707101681205,-0.02434116318643506
2024-11-26,74.56,4.311604170377335,0.0038970686961307885
2024-11-27,73.91,4.302848136796795,-0.008756033580540404
2024-11-28,73.92,4.302983427333428,0.00013529053663349387
2024-11-29,74.16,4.306224921257599,0.003241493924171023
2024-12-02,72.81,4.2878533084066195,-0.018371612850979945
2024-12-03,74.8,4.314817884980432,0.026964576573811856
2024-12-04,74.68,4.313212318673522,-0.0016055663069095673
2024-12-05,73.78,4.3010876921685295,-0.012124626504992344
2024-12-06,73.78,4.3010876921685295,0.0
2024-12-09,73.73,4.300409772001559,-0.0006779201669703153
2024-12-10,73.64,4.299188356364877,-0.0012214156366821198
2024-12-11,74.38,4.309187088496924,0.009998732132046783
2024-12-12,73.52,4.297557478047431,-0.01162961044949239
2024-12-13,74.89,4.316020370261276,0.01846289221384412
2024-12-16,74.3,4.308110951723713,-0.007909418537562286
2024-12-17,73.16,4.292648823522665,-0.015462128201048524
2024-12-18,74.57,4.311738281555703,0.019089458033038447
2024-12-19,73.75,4.300680995219929,-0.01105728633577413
2024-12-20,73.19,4.293058799613136,-0.007622195606793537
2024-12-23,72.12,4.2783313983351166,-0.014727401278019105
2024-12-24,73.5,4.297285406218791,0.018954007883674455
2024-12-27,73.77,4.300952144896211,0.0036667386774199406
2024-12-30,74.24,4.307303088477945,0.0063509435817341465
2024-12-31,74.58,4.311872374750675,0.004569286272729764
2025-01-02,76.14,4.332573750954351,0.02070137620367658
2025-01-03,76.72,4.340162430575183,0.007588679620831535
2025-01-06,77.27,4.347305781945493,0.007143351370309762
2025-01-07,77.84,4.354655437877749,0.007349655932257202
2025-01-08,77.37,4.348599108561364,-0.006056329316386467
2025-01-09,78.44,4.362334001328145,0.013734892766782424
2025-01-10,79.76,4.379022125653583,0.01668812432543737
2025-01-13,82.69,4.415098675734075,0.03607655008049229
2025-01-14,82.39,4.411464070327499,-0.003634605406576671
2025-01-15,83.48,4.4246070822090005,0.013143011881501342
2025-01-16,82.39,4.411464070327499,-0.013143011881501342
2025-01-17,83.02,4.419081542624893,0.007617472297394096
2025-01-20,81.68,4.402809173856411,-0.01627236876848241
2025-01-21,80.57,4.3891263717891045,-0.013682802067305712
2025-01-22,80.0,4.382026634673881,-0.007099737115222933
2025-01-23,78.62,4.364626119993714,-0.017400514680167335
2025-01-24,78.71,4.3657702121543585,0.0011440921606443687
2025-01-27,77.3,4.3476939555933765,-0.018076256560982502
2025-01-28,78.01,4.356837023600222,0.009143068006845565
2025-01-29,77.02,4.344065128386763,-0.012771895213459079
2025-01-30,77.42,4.349245145149502,0.005180016762739313
2025-01-31,77.11,4.345232973844869,-0.00401217130463276
2025-02-03,76.49,4.337160013333775,-0.008072960511094664
2025-02-04,76.58,4.338335946049148,0.0011759327153739291
2025-02-05,74.71,4.31361395198771,-0.02472199406143863
2025-02-06,74.54,4.311335894051113,-0.0022780579365973483
2025-02-07,74.68,4.313212318673522,0.0018764246224094406
2025-02-10,76.23,4.333755086000182,0.02054276732666046
2025-02-11,77.65,4.3522115495946965,0.01845646359451375
2025-02-12,75.38,4.3225419878389895,-0.029669561755706838
2025-02-13,75.61,4.3255885495701785,0.003046561731189101
2025-02-14,75.19,4.320018243389936,-0.005570306180243064
2025-02-17,75.81,4.328230210068212,0.008211966678277064
2025-02-18,76.46,4.336767728268267,0.008537518200054136
2025-02-19,76.34,4.3351970473170836,-0.0015706809511829341
2025-02-20,76.95,4.343155860284888,0.007958812967804523
2025-02-21,74.88,4.315886832169337,-0.02726902811555175
2025-02-24,74.89,4.316020370261276,0.00013353809193916634
2025-02-25,73.11,4.291965156305224,-0.02405521395605119
2025-02-26,73.49,4.29714934254078,0.005184186235555235
2025-02-27,75.01,4.317621437981545,0.020472095440765174
2025-02-28,74.76,4.314282982587362,-0.003338455394182807
2025-03-03,72.85,4.288402532641213,-0.025880449946148385
2025-03-04,72.31,4.28096243218686,-0.007440100454353251
2025-03-05,70.92,4.2615524812060075,-0.01940995098085334
2025-03-06,71.08,4.263806003286451,0.002253522080443475
2025-03-07,72.49,4.283448621312786,0.019642618026335813
2025-03-10,71.08,4.263806003286451,-0.01964261802633572
2025-03-11,71.51,4.2698373000603045,0.006031296773854049
2025-03-12,72.36,4.281653660527095,0.011816360466789723
2025-03-13,70.82,4.2601414466837575,-0.02151221384333678
2025-03-14,71.94,4.275832438267478,0.015690991583720344
2025-03-17,71.93,4.2756934238792645,-0.00013901438821291274
2025-03-18,71.93,4.2756934238792645,0.0
2025-03-19,71.94,4.275832438267478,0.00013901438821290707
2025-03-20,72.61,4.285102653392156,0.009270215124677446
2025-03-21,72.64,4.285515734293038,0.00041308090088259565
2025-03-24,73.96,4.303524406518924,0.018008672225886136
2025-03-25,73.78,4.3010876921685295,-0.0024367143503944
2025-03-26,74.6,4.312140507209715,0.011052815041185604
2025-03-27,74.72,4.313747793920587,0.0016072867108720599
2025-03-28,74.69,4.313346214368975,-0.0004015795516118532
2025-03-31,77.23,4.346787982581173,0.03344176821219722
2025-04-01,77.78,4.3538843287276014,0.007096346146428626
2025-04-02,77.27,4.347305781945493,-0.0065785467821088146
2025-04-03,72.54,4.284138133854756,-0.06316764809073609
2025-04-04,68.36,4.224787858247391,-0.05935027560736627
2025-04-07,66.13,4.191622501686571,-0.03316535656081924
2025-04-08,64.86,4.172231100879172,-0.019391400807399
2025-04-09,67.3,4.209160236650682,0.03692913577151023
2025-04-10,65.37,4.180063437624638,-0.029096799026043816
2025-04-11,66.83,4.2021520815229785,0.022088643898340397
2025-04-14,67.18,4.207375584184147,0.005223502661167973
2025-04-15,66.58,4.198404232146879,-0.008971352037267876
2025-04-16,67.94,4.218624962732438,0.020220730585558885
2025-04-17,69.33,4.238877712954399,0.020252750221961262
2025-04-22,68.93,4.23309149689756,-0.005786216056838453
2025-04-23,68.26,4.223323943478561,-0.009767553418999524
2025-04-24,67.5,4.212127597878484,-0.011196345600076867
2025-04-25,66.99,4.204543354520176,-0.0075842433583080335
2025-04-28,66.13,4.191622501686571,-0.01292085283360522
2025-04-29,64.04,4.159507888128514,-0.03211461355805685
2025-04-30,63.37,4.148990563335426,-0.010517324793088464
2025-05-01,62.37,4.1330843905380314,-0.0159061727973943
2025-05-02,61.57,4.120174738923119,-0.012909651614912473
2025-05-06,62.37,4.1330843905380314,0.012909651614912542
2025-05-07,60.31,4.099497927462895,-0.03358646307513573
2025-05-08,62.22,4.130676491469491,0.031178564006595542
2025-05-09,64.26,4.162937353687712,0.03226086221822148
2025-05-12,65.28,4.178685710655851,0.015748356968139112
2025-05-13,66.93,4.203647297112551,0.02496158645669937
2025-05-14,65.91,4.188290175064629,-0.015357122047922485
2025-05-15,64.36,4.1644923221241825,-0.023797852940446063
2025-05-16,65.2,4.177459468932607,0.012967146808424822
2025-05-19,66.25,4.193435464866331,0.015975995933724174
2025-05-20,66.93,4.203647297112551,0.010211832246219297
2025-05-21,65.86,4.187531276948218,-0.01611602016433268
2025-05-22,64.87,4.172385267224964,-0.015146009723254163
2025-05-23,65.41,4.180675151973121,0.008289884748157297
2025-05-27,64.32,4.163870624870711,-0.016804527102410545
2025-05-28,65.72,4.185403293169068,0.021532668298356563
2025-05-29,64.6,4.168214410788556,-0.017188882380511267
2025-05-30,64.32,4.163870624870711,-0.004343785917845308
2025-06-02,66.55,4.197953544841121,0.03408291997040977
2025-06-03,67.48,4.211831257677767,0.013877712836647113
2025-06-04,66.69,4.200055016644215,-0.01177624103355272
2025-06-05,67.14,4.206779991551889,0.006724974907673916
2025-06-06,68.02,4.21980177957905,0.013021788027160492
2025-06-09,68.73,4.230185785133514,0.01038400555446455
2025-06-10,68.41,4.2255190127729065,-0.004666772360607313
2025-06-11,71.29,4.266756065129537,0.04123705235663054
2025-06-12,70.84,4.260423812914633,-0.006332252214904317
2025-06-13,76.0,4.330733340286331,0.07030952737169817
2025-06-16,75.05,4.318154558079471,-0.012578782206860185
2025-06-17,78.7,4.365643155423357,0.04748859734388673
2025-06-18,78.38,4.361568792771485,-0.004074362651872199
2025-06-19,80.37,4.386640972224627,0.025072179453141684
2025-06-20,78.73,4.3660242771963755,-0.02061669502825125
2025-06-23,74.34,4.308649164869106,-0.05737511232726981
2025-06-24,69.13,4.235988789957173,-0.07266037491193252
2025-06-25,68.4,4.225372824628505,-0.010615965328668701
2025-06-26,68.57,4.227855121296273,0.002482296667768099
2025-06-27,69.37,4.23945449739721,0.011599376100936991
2025-06-30,68.15,4.221711158142542,-0.017743339254668294
2025-07-01,67.63,4.214051671586849,-0.0076594865556932346
2025-07-02,70.8,4.259859000699674,0.045807329112825555
2025-07-03,70.42,4.254477313726906,-0.005381686972767558
2025-07-04,71.03,4.2631023230097185,0.008625009282812087
2025-07-07,71.95,4.2759714333333765,0.012869110323658346
2025-07-08,72.5,4.283586561860629,0.007615128527252122
2025-07-09,71.98,4.276388302650885,-0.007198259209744408
2025-07-10,70.38,4.253909131893439,-0.02247917075744568
2025-07-11,72.06,4.277499105319947,0.023589973426508117
2025-07-14,70.96,4.262116338001324,-0.015382767318623267
2025-07-15,70.27,4.252344965204106,-0.00977137279721768
2025-07-16,69.67,4.2437698090420275,-0.008575156162078754
2025-07-17,71.32,4.267176792994939,0.02340698395291193
2025-07-18,71.06,4.263524590592881,-0.0036522024020585585
2025-07-21,71.92,4.275554390163365,0.012029799570483786
2025-07-22,69.69,4.244056835450428,-0.031497554712937414
2025-07-23,69.17,4.236567242612494,-0.007489592837934093
2025-07-24,70.42,4.254477313726906,0.017910071114413013
2025-07-25,69.23,4.237434294689934,-0.017043019036972338
2025-07-28,70.87,4.260847212822164,0.023412918132230544
2025-07-29,73.21,4.293332023658551,0.032484810836386435
2025-07-30,73.98,4.303794786404308,0.010462762745756709
2025-07-31,73.43,4.296332571463519,-0.0074622149407887785
2025-08-01,70.55,4.256321678298823,-0.04001089316469628
2025-08-04,69.56,4.242189689486082,-0.014131988812740665
2025-08-05,69.14,4.236133434493478,-0.00605625499260379
2025-08-06,67.97,4.219066431358547,-0.017067003134931615
2025-08-07,66.99,4.204543354520176,-0.014523076838370728
2025-08-08,67.17,4.207226719278773,0.002683364758597028
2025-08-11,67.36,4.210051369934071,0.002824650655298019
2025-08-12,66.8,4.2017030805426,-0.008348289391471274
2025-08-13,66.25,4.193435464866331,-0.008267615676268363
2025-08-14,68.12,4.221270855794487,0.02783539092815597
2025-08-15,67.3,4.209160236650682,-0.01211061914380553
2025-08-18,68.18,4.222151266709757,0.01299103005907509
2025-08-19,66.62,4.199004832765533,-0.02314643394422353
2025-08-20,67.61,4.213755901102586,0.014751068337052833
2025-08-21,68.41,4.2255190127729065,0.011763111670320094
2025-08-22,68.29,4.223763342972998,-0.0017556697999086396
2025-08-26,66.89,4.203049479130317,-0.020713863842681268
2025-08-27,67.75,4.21582445975981,0.012774980629493659
2025-08-28,68.61,4.2284382967028,0.012613836942989143
2025-08-29,67.83,4.217004574957988,-0.011433721744811267
2025-09-01,67.09,4.206035001574797,-0.0109695733831914
2025-09-02,68.09,4.220830359494875,0.014795357920078694
2025-09-03,67.76,4.215972050343799,-0.004858309151076295
2025-09-04,66.41,4.195847647552622,-0.020124402791176745
2025-09-05,64.92,4.17315574264639,-0.0226919049062318
2025-09-08,65.44,4.181133692294492,0.007977949648101178
2025-09-09,67.97,4.219066431358547,0.0379327390640553
2025-09-10,67.62,4.21390379727974,-0.005162634078806831
2025-09-11,67.25,4.208417018481948,-0.005486778797791491
2025-09-12,67.87,4.217594110715667,0.009177092233718497
2025-09-15,67.88,4.217741440366026,0.0001473296503583558
2025-09-16,69.69,4.244056835450428,0.026315395084401866
2025-09-17,69.19,4.23685634351072,-0.00720049193970774
2025-09-18,67.83,4.217004574957988,-0.01985176855273147
2025-09-19,67.05,4.205438609727688,-0.011565965230300644
2025-09-22,66.87,4.202750436065887,-0.002688173661800191
2025-09-23,67.96,4.2189192968037315,0.016168860737843963
2025-09-24,69.64,4.243339114899988,0.02441981809625721
2025-09-25,70.48,4.255328981627924,0.01198986672793573
2025-09-26,71.15,4.264790324535862,0.009461342907937263
2025-09-29,69.0,4.23410650459726,-0.030683819938602096
2025-09-30,68.52,4.2271256734559195,-0.006980831141340317
2025-10-01,66.67,4.199755076629969,-0.027370596825950378
2025-10-02,65.44,4.181133692294492,-0.018621384335477137
2025-10-03,66.13,4.191622501686571,0.01048880939207925
2025-10-06,67.09,4.206035001574797,0.01441249988822578
2025-10-07,67.1,4.206184043977636,0.0001490424028392572
2025-10-08,67.42,4.2109417098059145,0.0047576658282786
2025-10-09,67.23,4.208119576480946,-0.0028221333249692916
2025-10-10,64.41,4.165268900558799,-0.04285067592214613
2025-10-13,64.15,4.161224091061645,-0.0040448094971537694
2025-10-14,63.0,4.143134726391533,-0.018089364670112875
2025-10-15,62.33,4.132442850820759,-0.010691875570773494
2025-10-16,61.08,4.1121844803504315,-0.02025837047032759
2025-10-17,61.23,4.114637265489863,0.0024527851394313465
2025-10-20,60.71,4.106108429142343,-0.008528836347520323
2025-10-21,61.0,4.110873864173311,0.004765435030968503
2025-10-22,62.28,4.131640346965797,0.02076648279248625
2025-10-23,66.32,4.1944915108270395,0.06285116386124182
2025-10-24,65.8,4.186619838331271,-0.00787167249576794
2025-10-27,65.52,4.182355439544814,-0.00426439878645754
2025-10-28,64.03,4.159351723530711,-0.023003716014103084
2025-10-29,65.01,4.174541104216377,0.015189380685666722
2025-10-30,65.11,4.176078147248771,0.001537043032393178
2025-10-31,65.44,4.181133692294492,0.005055545045720945
2025-11-03,65.79,4.186467851097906,0.005334158803414924
2025-11-04,65.04,4.175002465239555,-0.011465385858351381
2025-11-05,63.54,4.15166962884137,-0.023332836398185137
2025-11-06,63.41,4.14962157771194,-0.002048051129429905
2025-11-07,63.72,4.154498485041848,0.004876907329907669
2025-11-10,63.01,4.143293443953964,-0.011205041087883711
2025-11-11,63.86,4.156693187286636,0.0133997433326718
2025-11-12,61.88,4.125197025704866,-0.031496161581770495
2025-11-13,62.14,4.129389903964901,0.004192878260035958
2025-11-14,63.45,4.150252194160397,0.02086229019549529
2025-11-17,63.16,4.145671189387441,-0.004581004772955444
2025-11-18,64.86,4.172231100879172,0.026559911491730637
2025-11-19,63.78,4.155439661581911,-0.016791439297260277
2025-11-20,63.64,4.153242203469586,-0.002197458112325452
2025-11-21,62.78,4.139636551413807,-0.013605652055778598
2025-11-24,64.83,4.171768459186905,0.032131907773096796
2025-11-25,63.99,4.158726821151369,-0.013041638035535342
2025-11-26,64.81,4.171459912439625,0.012733091288255805
2025-11-27,64.18,4.161691635681711,-0.00976827675791378
2025-11-28,64.07,4.15997623565093,-0.0017154000307808138
2025-12-01,64.22,4.162314688661368,0.0023384530104377022
2025-12-02,63.37,4.148990563335426,-0.013324125325942298
2025-12-03,63.75,4.154969184038536,0.005978620703109941
2025-12-04,64.15,4.161224091061645,0.006254907023109973
2025-12-05,64.42,4.165424143903053,0.004200052841407376
2025-12-08,63.3,4.147885329150131,-0.017538814752922297
2025-12-09,62.62,4.1370847158982595,-0.010800613251870827
2025-12-10,63.12,4.145037676537619,0.007952960639359213
2025-12-11,61.87,4.125035409542898,-0.0200022669947214
2025-12-12,62.11,4.128907006571212,0.003871597028314107
2025-12-15,61.55,4.1198498526304625,-0.009057153940749161
2025-12-16,59.93,4.093177214470094,-0.02667263816036854
2025-12-17,60.61,4.104459895963194,0.011282681493099678
2025-12-18,60.69,4.105778939847764,0.0013190438845701326
2025-12-19,61.35,4.116595171156921,0.010816231309156694
2025-12-22,62.22,4.130676491469491,0.014081320312570506
2025-12-23,63.7,4.154184562578117,0.023508071108626804
2025-12-24,63.7,4.154184562578117,0.0
2025-12-29,63.1,4.144720769547168,-0.009463793030950251
2025-12-30,62.3,4.131961425793407,-0.012759343753760099
2025-12-31,61.35,4.116595171156921,-0.015366254636486956
