base_seed,replication,contract_id,K,sigma,T,method,monitoring_dates,experiment_role,ncv_epoch,ncv_epoch_source,price,observation_variance,estimator_variance,std_error,ci_lower,ci_upper,pricing_observations,pricing_simulated_paths,pilot_paths,pilot_runtime_s,target_training_paths,target_training_runtime_s,shared_reference_training_paths,shared_reference_training_runtime_s,training_paths,total_simulated_paths,pricing_runtime_s,marginal_runtime_s,standalone_runtime_s,beta,corr_f_c0,param_hash,hash_verified,error,training_data_generation_runtime_s,optimizer_cumulative_training_runtime_s,validation_generation_and_evaluation_runtime_s,ncv_setup_cost_s,setup_cost_excludes_validation_generation_and_evaluation_runtime,validation_generation_and_evaluation_runtime_cost_scope,n_pricing,payoff_variance,control_variance,payoff_control_covariance,optimal_residual_variance,optimal_residual_variance_status,observed_residual_variance,residual_variance_beta_one,variance_improvement_from_estimating_beta,variance_improvement_from_estimating_beta_definition,e_h0,training_runtime_s,end_to_end_runtime_s,var_c0_pilot
42,0,reference,100.0,0.2,1.0,MC,252,expanded_training_followup_stage8_m252_n20000_r5,NA,NA,5.8197954758452255,63.976118970394914,0.0012795223794078983,0.03577041206650964,5.749685468194866,5.889905483495585,50000,50000,0,0.0,0,0.0,0,0.0,0,50000,0.3140604310000299,0.3140604310000299,0.3140604310000299,nan,nan,,,,,,,,,,,,,,,,,,,,,,,
42,0,reference,100.0,0.2,1.0,AV,252,expanded_training_followup_stage8_m252_n20000_r5,NA,NA,5.766302881468335,15.130712089533251,0.000302614241790665,0.017395811041473894,5.732207091827046,5.800398671109624,50000,100000,0,0.0,0,0.0,0,0.0,0,100000,0.4918000349999829,0.4918000349999829,0.4918000349999829,nan,nan,,,,,,,,,,,,,,,,,,,,,,,
42,0,reference,100.0,0.2,1.0,GCV,252,expanded_training_followup_stage8_m252_n20000_r5,NA,NA,5.783253849771633,0.048318401224962955,9.66368024499259e-07,0.000983040194752615,5.781327090989918,5.785180608553348,50000,50000,1000,0.007473714999946424,0,0.0,0,0.0,0,51000,0.3899794320000183,0.3899794320000183,0.3974531469999647,1.0360871683907282,0.9996373764369317,,,,,,,,,,,,,,,,,,,,,,,
42,0,reference,100.0,0.2,1.0,NCV_SCRATCH,252,expanded_training_followup_stage8_m252_n20000_r5,200,capacity_and_data_sensitivity_best_tested_configuration,5.782196179310235,0.02847741746140426,5.695483492280852e-07,0.0007546842712208101,5.780716998138642,5.783675360481828,50000,50000,0,0.0,20000,12.514421069000036,0,0.0,20000,70000,0.3343619470000476,0.3343619470000476,12.848783016000084,nan,nan,,,,0.1792531419999932,12.335167927000043,0.0,12.514421069000036,True,research_tuning_overhead_excluded_from_operational_setup_cost,,,,,,,,,,,,,,
42,0,strike_low,80.0,0.2,1.0,MC,252,expanded_training_followup_stage8_m252_n20000_r5,NA,NA,21.427049233990488,128.59034983556336,0.002571806996711267,0.050712986470047954,21.327651780509193,21.526446687471783,50000,50000,0,0.0,0,0.0,0,0.0,0,50000,0.33920823100004327,0.33920823100004327,0.33920823100004327,nan,nan,,,,,,,,,,,,,,,,,,,,,,,
42,0,strike_low,80.0,0.2,1.0,AV,252,expanded_training_followup_stage8_m252_n20000_r5,NA,NA,21.50731003259141,1.9566803069955807,3.913360613991161e-05,0.006255685904831829,21.495048888217937,21.51957117696488,50000,100000,0,0.0,0,0.0,0,0.0,0,100000,0.49767760999998245,0.49767760999998245,0.49767760999998245,nan,nan,,,,,,,,,,,,,,,,,,,,,,,
42,0,strike_low,80.0,0.2,1.0,GCV,252,expanded_training_followup_stage8_m252_n20000_r5,NA,NA,21.50191026252405,0.08379220447126771,1.6758440894253544e-06,0.0012945439696763314,21.499372956343482,21.504447568704617,50000,50000,1000,0.007542878999970526,0,0.0,0,0.0,0,51000,0.3908695400000397,0.3908695400000397,0.39841241900001023,1.0120207769111356,0.9997163520301566,,,,,,,,,,,,,,,,,,,,,,,
42,0,strike_low,80.0,0.2,1.0,NCV_SCRATCH,252,expanded_training_followup_stage8_m252_n20000_r5,200,capacity_and_data_sensitivity_best_tested_configuration,21.5011547359394,0.30261665321660364,6.052333064332073e-06,0.0024601489923035294,21.496332843914487,21.505976627964316,50000,50000,0,0.0,20000,12.482694616000003,0,0.0,20000,70000,0.33316362200002914,0.33316362200002914,12.815858238000033,nan,nan,,,,0.1811741679999841,12.30152044800002,0.0,12.482694616000003,True,research_tuning_overhead_excluded_from_operational_setup_cost,,,,,,,,,,,,,,
42,0,strike_low,80.0,0.2,1.0,NCV_TRANSFER_BETA1,252,expanded_training_followup_stage8_m252_n20000_r5,200,capacity_and_data_sensitivity_best_tested_configuration,21.45549098063892,26.354594719724826,0.0005270918943944965,0.022958481970602858,21.41049235597654,21.5004896053013,50000,50000,0,0.0,0,0.0,20000,13.49209461299995,0,50000,0.35527372800004287,0.35527372800004287,13.847368340999992,1.0,0.917617558066944,1f9f0c5e928f55d4673962022a5a00ba7c117bfae17f13d0ab9fe01638936294,True,,,,,,,,50000,128.59034983556336,63.169111113242735,82.70243311454065,20.314448488722945,ok,26.354594719724826,26.354594719724826,1.0,residual_variance_beta_one / observed_residual_variance,5.750217242967382,13.49209461299995,13.847368340999992,
42,0,strike_low,80.0,0.2,1.0,NCV_TRANSFER_BETA,252,expanded_training_followup_stage8_m252_n20000_r5,200,capacity_and_data_sensitivity_best_tested_configuration,21.464430300623338,20.31607871728242,0.00040632157434564837,0.020157419833541402,21.424921757749598,21.503938843497078,50000,50000,1000,0.008110669999950915,0,0.0,20000,13.49209461299995,0,51000,0.35713598600000296,0.35713598600000296,13.857341268999903,1.3143027780579026,0.9153347546893941,1f9f0c5e928f55d4673962022a5a00ba7c117bfae17f13d0ab9fe01638936294,True,,,,,,,,50000,128.59034983556336,63.169111113242735,82.70243311454065,20.314448488722945,ok,20.31607871728242,26.354594719724826,1.2972284212162253,residual_variance_beta_one / observed_residual_variance,5.750217242967382,13.49209461299995,13.857341268999903,58.94405651470321
42,0,strike_high,120.0,0.2,1.0,MC,252,expanded_training_followup_stage8_m252_n20000_r5,NA,NA,0.5437977265342545,6.475907433844917,0.00012951814867689834,0.011380604055888172,0.5214917425847136,0.5661037104837954,50000,50000,0,0.0,0,0.0,0,0.0,0,50000,0.34224214500000016,0.34224214500000016,0.34224214500000016,nan,nan,,,,,,,,,,,,,,,,,,,,,,,
42,0,strike_high,120.0,0.2,1.0,AV,252,expanded_training_followup_stage8_m252_n20000_r5,NA,NA,0.5448579783786849,3.0645183509003266,6.129036701800654e-05,0.007828816450652457,0.529513498135406,0.5602024586219637,50000,100000,0,0.0,0,0.0,0,0.0,0,100000,0.4966928569999709,0.4966928569999709,0.4966928569999709,nan,nan,,,,,,,,,,,,,,,,,,,,,,,
42,0,strike_high,120.0,0.2,1.0,GCV,252,expanded_training_followup_stage8_m252_n20000_r5,NA,NA,0.5340668186472086,0.03075619429873731,6.151238859747462e-07,0.0007842983399030921,0.5325295939009985,0.5356040433934187,50000,50000,1000,0.007673920999991424,0,0.0,0,0.0,0,51000,0.3922992160000831,0.3922992160000831,0.39997313700007453,1.1044477855949026,0.9984653094703164,,,,,,,,,,,,,,,,,,,,,,,
42,0,strike_high,120.0,0.2,1.0,NCV_SCRATCH,252,expanded_training_followup_stage8_m252_n20000_r5,200,capacity_and_data_sensitivity_best_tested_configuration,0.5334907997325857,0.038692999961622496,7.738599992324499e-07,0.0008796931278761077,0.5317666012019485,0.5352149982632229,50000,50000,0,0.0,20000,12.505343207999886,0,0.0,20000,70000,0.33051650999993853,0.33051650999993853,12.835859717999824,nan,nan,,,,0.18253277899998466,12.322810428999901,0.0,12.505343207999886,True,research_tuning_overhead_excluded_from_operational_setup_cost,,,,,,,,,,,,,,
42,0,strike_high,120.0,0.2,1.0,NCV_TRANSFER_BETA1,252,expanded_training_followup_stage8_m252_n20000_r5,200,capacity_and_data_sensitivity_best_tested_configuration,0.5071971115320173,42.89012276470898,0.0008578024552941795,0.02928826480510888,0.4497921125140039,0.5646021105500307,50000,50000,0,0.0,0,0.0,20000,13.49209461299995,0,50000,0.3576675489999843,0.3576675489999843,13.849762161999934,1.0,0.6787147702162947,1f9f0c5e928f55d4673962022a5a00ba7c117bfae17f13d0ab9fe01638936294,True,,,,,,,,50000,6.475907433844917,64.06261050975024,13.82419758944309,3.49275645902041,ok,42.89012276470898,42.89012276470898,1.0,residual_variance_beta_one / observed_residual_variance,5.750217242967382,13.49209461299995,13.849762161999934,
42,0,strike_high,120.0,0.2,1.0,NCV_TRANSFER_BETA,252,expanded_training_followup_stage8_m252_n20000_r5,200,capacity_and_data_sensitivity_best_tested_configuration,0.5353962626169125,3.5048724490247958,7.009744898049592e-05,0.008372421930391224,0.5189863156333457,0.5518062096004793,50000,50000,1000,0.008190373000047657,0,0.0,20000,13.49209461299995,0,51000,0.35593878399993173,0.35593878399993173,13.856223769999929,0.22954433735139454,0.7041068355378015,1f9f0c5e928f55d4673962022a5a00ba7c117bfae17f13d0ab9fe01638936294,True,,,,,,,,50000,6.475907433844917,64.06261050975024,13.82419758944309,3.49275645902041,ok,3.5048724490247958,42.89012276470898,12.237284919353579,residual_variance_beta_one / observed_residual_variance,5.750217242967382,13.49209461299995,13.856223769999929,64.72264201136323
42,0,volatility_low,100.0,0.1,1.0,MC,252,expanded_training_followup_stage8_m252_n20000_r5,NA,NA,3.655879951837845,17.960591375666944,0.0003592118275133389,0.018952884411438248,3.6187322983914263,3.693027605284264,50000,50000,0,0.0,0,0.0,0,0.0,0,50000,0.33992140800000925,0.33992140800000925,0.33992140800000925,nan,nan,,,,,,,,,,,,,,,,,,,,,,,
42,0,volatility_low,100.0,0.1,1.0,AV,252,expanded_training_followup_stage8_m252_n20000_r5,NA,NA,3.641266892010256,2.7962040151928793,5.592408030385759e-05,0.007478240455070804,3.6266095407183174,3.655924243302195,50000,100000,0,0.0,0,0.0,0,0.0,0,100000,0.49685117399997125,0.49685117399997125,0.49685117399997125,nan,nan,,,,,,,,,,,,,,,,,,,,,,,
42,0,volatility_low,100.0,0.1,1.0,GCV,252,expanded_training_followup_stage8_m252_n20000_r5,NA,NA,3.653901948499901,0.0038396795516638586,7.679359103327718e-08,0.00027711656578645235,3.6533588000309596,3.6544450969688427,50000,50000,1000,0.00749908799991772,0,0.0,0,0.0,0,51000,0.3912468060000265,0.3912468060000265,0.3987458939999442,1.0183179844601582,0.9998952425109142,,,,,,,,,,,,,,,,,,,,,,,
42,0,volatility_low,100.0,0.1,1.0,NCV_SCRATCH,252,expanded_training_followup_stage8_m252_n20000_r5,200,capacity_and_data_sensitivity_best_tested_configuration,3.6539911739289552,0.0024600868416191344,4.9201736832382687e-08,0.0002218146452161865,3.6535564172243316,3.654425930633579,50000,50000,0,0.0,20000,12.510695874000021,0,0.0,20000,70000,0.3308923939999886,0.3308923939999886,12.84158826800001,nan,nan,,,,0.18251557600001433,12.328180298000007,0.0,12.510695874000021,True,research_tuning_overhead_excluded_from_operational_setup_cost,,,,,,,,,,,,,,
42,0,volatility_low,100.0,0.1,1.0,NCV_TRANSFER_BETA1,252,expanded_training_followup_stage8_m252_n20000_r5,200,capacity_and_data_sensitivity_best_tested_configuration,3.6549412381486475,14.506929729044485,0.0002901385945808897,0.017033455156863792,3.6215556660411945,3.6883268102561004,50000,50000,0,0.0,0,0.0,20000,13.49209461299995,0,50000,0.357547056000044,0.357547056000044,13.849641668999993,1.0,0.9899519022764036,1f9f0c5e928f55d4673962022a5a00ba7c117bfae17f13d0ab9fe01638936294,True,,,,,,,,50000,17.960591375666944,63.310135144366186,33.3818983954943,0.35912617667394997,ok,14.506929729044485,14.506929729044485,1.0,residual_variance_beta_one / observed_residual_variance,5.750217242967382,13.49209461299995,13.849641668999993,
42,0,volatility_low,100.0,0.1,1.0,NCV_TRANSFER_BETA,252,expanded_training_followup_stage8_m252_n20000_r5,200,capacity_and_data_sensitivity_best_tested_configuration,3.655387823771264,0.3597027653176834,7.194055306353668e-06,0.002682173615997605,3.6501307634839084,3.660644884058619,50000,50000,1000,0.008143080000081682,0,0.0,20000,13.49209461299995,0,51000,0.35634288900007505,0.35634288900007505,13.856580582000106,0.5242578991277087,0.9906988065511813,1f9f0c5e928f55d4673962022a5a00ba7c117bfae17f13d0ab9fe01638936294,True,,,,,,,,50000,17.960591375666944,63.310135144366186,33.3818983954943,0.35912617667394997,ok,0.3597027653176834,14.506929729044485,40.33032583508834,residual_variance_beta_one / observed_residual_variance,5.750217242967382,13.49209461299995,13.856580582000106,71.25229744220853
42,0,volatility_high,100.0,0.5,1.0,MC,252,expanded_training_followup_stage8_m252_n20000_r5,NA,NA,12.027264307781534,445.77212051707363,0.008915442410341473,0.09442162046026044,11.842197931679424,12.212330683883645,50000,50000,0,0.0,0,0.0,0,0.0,0,50000,0.33838556599994263,0.33838556599994263,0.33838556599994263,nan,nan,,,,,,,,,,,,,,,,,,,,,,,
42,0,volatility_high,100.0,0.5,1.0,AV,252,expanded_training_followup_stage8_m252_n20000_r5,NA,NA,12.32420437809442,150.41096302533845,0.003008219260506769,0.05484723566878069,12.216703796183609,12.43170496000523,50000,100000,0,0.0,0,0.0,0,0.0,0,100000,0.49567205199991804,0.49567205199991804,0.49567205199991804,nan,nan,,,,,,,,,,,,,,,,,,,,,,,
42,0,volatility_high,100.0,0.5,1.0,GCV,252,expanded_training_followup_stage8_m252_n20000_r5,NA,NA,12.361749906361096,2.2611146852567536,4.522229370513507e-05,0.006724752315523232,12.34856939182267,12.374930420899522,50000,50000,1000,0.007683196999892061,0,0.0,0,0.0,0,51000,0.3925365210000109,0.3925365210000109,0.40021971799990297,1.083084075762078,0.9980128688037443,,,,,,,,,,,,,,,,,,,,,,,
42,0,volatility_high,100.0,0.5,1.0,NCV_SCRATCH,252,expanded_training_followup_stage8_m252_n20000_r5,200,capacity_and_data_sensitivity_best_tested_configuration,12.36118723209251,0.7545953764613246,1.5091907529226492e-05,0.003884830437641583,12.353572964434733,12.368801499750287,50000,50000,0,0.0,20000,12.465220705999968,0,0.0,20000,70000,0.34722203900003024,0.34722203900003024,12.812442744999998,nan,nan,,,,0.1827297259999341,12.282490980000034,0.0,12.465220705999968,True,research_tuning_overhead_excluded_from_operational_setup_cost,,,,,,,,,,,,,,
42,0,volatility_high,100.0,0.5,1.0,NCV_TRANSFER_BETA1,252,expanded_training_followup_stage8_m252_n20000_r5,200,capacity_and_data_sensitivity_best_tested_configuration,12.167976026599899,181.51229747383871,0.0036302459494767744,0.06025152238306327,12.049883042729094,12.286069010470703,50000,50000,0,0.0,0,0.0,20000,13.49209461299995,0,50000,0.3584622630000922,0.3584622630000922,13.850556876000041,1.0,0.9803298192654005,1f9f0c5e928f55d4673962022a5a00ba7c117bfae17f13d0ab9fe01638936294,True,,,,,,,,50000,445.77212051707363,62.188842738152616,163.22433289069394,17.364359983732868,ok,181.51229747383871,181.51229747383871,1.0,residual_variance_beta_one / observed_residual_variance,5.750217242967382,13.49209461299995,13.850556876000041,
42,0,volatility_high,100.0,0.5,1.0,NCV_TRANSFER_BETA,252,expanded_training_followup_stage8_m252_n20000_r5,200,capacity_and_data_sensitivity_best_tested_configuration,12.390848954364039,17.467673072118302,0.00034935346144236603,0.018690999476816805,12.354214595389477,12.4274833133386,50000,50000,1000,0.008051865000084035,0,0.0,20000,13.49209461299995,0,51000,0.3594287540000778,0.3594287540000778,13.859575232000111,2.5838974154799006,0.9820798406551049,1f9f0c5e928f55d4673962022a5a00ba7c117bfae17f13d0ab9fe01638936294,True,,,,,,,,50000,445.77212051707363,62.188842738152616,163.22433289069394,17.364359983732868,ok,17.467673072118302,181.51229747383871,10.391326693855207,residual_variance_beta_one / observed_residual_variance,5.750217242967382,13.49209461299995,13.859575232000111,59.876088511534334
42,0,maturity_short,100.0,0.2,0.5,MC,252,expanded_training_followup_stage8_m252_n20000_r5,NA,NA,3.8317207093462406,29.36162459836668,0.0005872324919673337,0.024232880389407564,3.7842242637830017,3.8792171549094796,50000,50000,0,0.0,0,0.0,0,0.0,0,50000,0.3400236830000267,0.3400236830000267,0.3400236830000267,nan,nan,,,,,,,,,,,,,,,,,,,,,,,
42,0,maturity_short,100.0,0.2,0.5,AV,252,expanded_training_followup_stage8_m252_n20000_r5,NA,NA,3.8753177072305593,7.317608427407186,0.00014635216854814371,0.012097610034554085,3.851606391562833,3.8990290228982856,50000,100000,0,0.0,0,0.0,0,0.0,0,100000,0.49970151599995916,0.49970151599995916,0.49970151599995916,nan,nan,,,,,,,,,,,,,,,,,,,,,,,
42,0,maturity_short,100.0,0.2,0.5,GCV,252,expanded_training_followup_stage8_m252_n20000_r5,NA,NA,3.865351738489723,0.010565742615414953,2.1131485230829906e-07,0.00045968995236822296,3.8644507461830813,3.866252730796365,50000,50000,1000,0.007724230999997417,0,0.0,0,0.0,0,51000,0.38902495100001033,0.38902495100001033,0.39674918200000775,1.0232761135816035,0.9998510572453148,,,,,,,,,,,,,,,,,,,,,,,
42,0,maturity_short,100.0,0.2,0.5,NCV_SCRATCH,252,expanded_training_followup_stage8_m252_n20000_r5,200,capacity_and_data_sensitivity_best_tested_configuration,3.866475384207234,0.006587156042048734,1.3174312084097468e-07,0.0003629643520250641,3.865763974077265,3.867186794337203,50000,50000,0,0.0,20000,12.469925005999926,0,0.0,20000,70000,0.32987316000003375,0.32987316000003375,12.79979816599996,nan,nan,,,,0.18134281999994073,12.288582185999985,0.0,12.469925005999926,True,research_tuning_overhead_excluded_from_operational_setup_cost,,,,,,,,,,,,,,
42,0,maturity_short,100.0,0.2,0.5,NCV_TRANSFER_BETA1,252,expanded_training_followup_stage8_m252_n20000_r5,200,capacity_and_data_sensitivity_best_tested_configuration,3.8822558573815877,6.364274733584294,0.00012728549467168587,0.011282087336645019,3.8601429662017637,3.904368748561412,50000,50000,0,0.0,0,0.0,20000,13.49209461299995,0,50000,0.3521678370000245,0.3521678370000245,13.844262449999974,1.0,0.9997093778334093,1f9f0c5e928f55d4673962022a5a00ba7c117bfae17f13d0ab9fe01638936294,True,,,,,,,,50000,29.36162459836668,62.98690809483683,42.9921289798096,0.017063797991475838,ok,6.364274733584294,6.364274733584294,1.0,residual_variance_beta_one / observed_residual_variance,5.750217242967382,13.49209461299995,13.844262449999974,
42,0,maturity_short,100.0,0.2,0.5,NCV_TRANSFER_BETA,252,expanded_training_followup_stage8_m252_n20000_r5,200,capacity_and_data_sensitivity_best_tested_configuration,3.866169628232039,0.0171119373096176,3.42238746192352e-07,0.0005850117487643748,3.8650230052044607,3.8673162512596173,50000,50000,1000,0.00850652799999807,0,0.0,20000,13.49209461299995,0,51000,0.3575453280000147,0.3575453280000147,13.858146468999962,0.6816823582212944,0.9997030387279194,1f9f0c5e928f55d4673962022a5a00ba7c117bfae17f13d0ab9fe01638936294,True,,,,,,,,50000,29.36162459836668,62.98690809483683,42.9921289798096,0.017063797991475838,ok,0.0171119373096176,6.364274733584294,371.920175865027,residual_variance_beta_one / observed_residual_variance,5.750217242967382,13.49209461299995,13.858146468999962,65.94463776124371
42,0,maturity_long,100.0,0.2,2.0,MC,252,expanded_training_followup_stage8_m252_n20000_r5,NA,NA,8.723180698715186,141.24349586870116,0.0028248699173740234,0.05314950533517714,8.61900766825824,8.827353729172133,50000,50000,0,0.0,0,0.0,0,0.0,0,50000,0.338097447999985,0.338097447999985,0.338097447999985,nan,nan,,,,,,,,,,,,,,,,,,,,,,,
42,0,maturity_long,100.0,0.2,2.0,AV,252,expanded_training_followup_stage8_m252_n20000_r5,NA,NA,8.725273393982228,32.727435616749844,0.0006545487123349969,0.025584149630874912,8.675128460705713,8.775418327258743,50000,100000,0,0.0,0,0.0,0,0.0,0,100000,0.48912065399997573,0.48912065399997573,0.48912065399997573,nan,nan,,,,,,,,,,,,,,,,,,,,,,,
42,0,maturity_long,100.0,0.2,2.0,GCV,252,expanded_training_followup_stage8_m252_n20000_r5,NA,NA,8.732841464088345,0.23408900115501857,4.6817800231003716e-06,0.0021637421341510112,8.728600529505409,8.737082398671282,50000,50000,1000,0.007472037999946224,0,0.0,0,0.0,0,51000,0.38893513799996526,0.38893513799996526,0.3964071759999115,1.051494621967034,0.999214609373974,,,,,,,,,,,,,,,,,,,,,,,
42,0,maturity_long,100.0,0.2,2.0,NCV_SCRATCH,252,expanded_training_followup_stage8_m252_n20000_r5,200,capacity_and_data_sensitivity_best_tested_configuration,8.732481466040795,0.05465340544526927,1.0930681089053854e-06,0.0010454989760422463,8.730432288047753,8.734530644033837,50000,50000,0,0.0,20000,12.702885315000003,0,0.0,20000,70000,0.33101065999994717,0.33101065999994717,13.03389597499995,nan,nan,,,,0.18001423700002306,12.52287107799998,0.0,12.702885315000003,True,research_tuning_overhead_excluded_from_operational_setup_cost,,,,,,,,,,,,,,
42,0,maturity_long,100.0,0.2,2.0,NCV_TRANSFER_BETA1,252,expanded_training_followup_stage8_m252_n20000_r5,200,capacity_and_data_sensitivity_best_tested_configuration,8.729463629082082,15.510944807618445,0.0003102188961523689,0.017613031997710357,8.69494208636657,8.763985171797593,50000,50000,0,0.0,0,0.0,20000,13.49209461299995,0,50000,0.35519247000001997,0.35519247000001997,13.84728708299997,1.0,0.9994262706301218,1f9f0c5e928f55d4673962022a5a00ba7c117bfae17f13d0ab9fe01638936294,True,,,,,,,,50000,141.24349586870116,63.361637410777114,94.54709423592983,0.16202459129780777,ok,15.510944807618445,15.510944807618445,1.0,residual_variance_beta_one / observed_residual_variance,5.750217242967382,13.49209461299995,13.84728708299997,
42,0,maturity_long,100.0,0.2,2.0,NCV_TRANSFER_BETA,252,expanded_training_followup_stage8_m252_n20000_r5,200,capacity_and_data_sensitivity_best_tested_configuration,8.732571683682146,0.16242070741304296,3.2484141482608592e-06,0.001802335747928465,8.729039105616206,8.736104261748086,50000,50000,1000,0.008169347000034577,0,0.0,20000,13.49209461299995,0,51000,0.36073719499995605,0.36073719499995605,13.86100115499994,1.4946823247383438,0.999451955679208,1f9f0c5e928f55d4673962022a5a00ba7c117bfae17f13d0ab9fe01638936294,True,,,,,,,,50000,141.24349586870116,63.361637410777114,94.54709423592983,0.16202459129780777,ok,0.16242070741304296,15.510944807618445,95.49856699105142,residual_variance_beta_one / observed_residual_variance,5.750217242967382,13.49209461299995,13.86100115499994,69.45897171680465
42,1,reference,100.0,0.2,1.0,MC,252,expanded_training_followup_stage8_m252_n20000_r5,NA,NA,5.73479839054948,63.457146469346355,0.001269142929386927,0.03562503234225798,5.664973327158655,5.804623453940306,50000,50000,0,0.0,0,0.0,0,0.0,0,50000,0.3127601600000389,0.3127601600000389,0.3127601600000389,nan,nan,,,,,,,,,,,,,,,,,,,,,,,
42,1,reference,100.0,0.2,1.0,AV,252,expanded_training_followup_stage8_m252_n20000_r5,NA,NA,5.775930198051424,15.20970894725927,0.00030419417894518537,0.01744116334838893,5.741745517888582,5.810114878214266,50000,100000,0,0.0,0,0.0,0,0.0,0,100000,0.4911634170000525,0.4911634170000525,0.4911634170000525,nan,nan,,,,,,,,,,,,,,,,,,,,,,,
42,1,reference,100.0,0.2,1.0,GCV,252,expanded_training_followup_stage8_m252_n20000_r5,NA,NA,5.78130772639436,0.04807003679031043,9.614007358062085e-07,0.0009805104465563886,5.779385925919109,5.783229526869611,50000,50000,1000,0.007653548000007504,0,0.0,0,0.0,0,51000,0.3874277230000871,0.3874277230000871,0.3950812710000946,1.038382332430574,0.9994954240097956,,,,,,,,,,,,,,,,,,,,,,,
42,1,reference,100.0,0.2,1.0,NCV_SCRATCH,252,expanded_training_followup_stage8_m252_n20000_r5,200,capacity_and_data_sensitivity_best_tested_configuration,5.781238254837526,0.027288257755793806,5.457651551158762e-07,0.0007387591996827356,5.779790286806148,5.782686222868905,50000,50000,0,0.0,20000,12.462586623999982,0,0.0,20000,70000,0.33078628299995216,0.33078628299995216,12.793372906999934,nan,nan,,,,0.1795000299999856,12.283086593999997,0.0,12.462586623999982,True,research_tuning_overhead_excluded_from_operational_setup_cost,,,,,,,,,,,,,,
42,1,strike_low,80.0,0.2,1.0,MC,252,expanded_training_followup_stage8_m252_n20000_r5,NA,NA,21.453008559151478,127.22082557035053,0.0025444165114070104,0.05044220962058473,21.35414182829513,21.551875290007825,50000,50000,0,0.0,0,0.0,0,0.0,0,50000,0.3410674269999845,0.3410674269999845,0.3410674269999845,nan,nan,,,,,,,,,,,,,,,,,,,,,,,
42,1,strike_low,80.0,0.2,1.0,AV,252,expanded_training_followup_stage8_m252_n20000_r5,NA,NA,21.497737698534568,1.8956238460901065,3.791247692180213e-05,0.006157310851483961,21.485669369265658,21.509806027803478,50000,100000,0,0.0,0,0.0,0,0.0,0,100000,0.49834259900001143,0.49834259900001143,0.49834259900001143,nan,nan,,,,,,,,,,,,,,,,,,,,,,,
42,1,strike_low,80.0,0.2,1.0,GCV,252,expanded_training_followup_stage8_m252_n20000_r5,NA,NA,21.501531894379333,0.08512169972791789,1.7024339945583578e-06,0.0013047735414846355,21.498974538238024,21.504089250520643,50000,50000,1000,0.007582995999996456,0,0.0,0,0.0,0,51000,0.38996378599995296,0.38996378599995296,0.3975467819999494,1.0152864482550925,0.9996396020047383,,,,,,,,,,,,,,,,,,,,,,,
42,1,strike_low,80.0,0.2,1.0,NCV_SCRATCH,252,expanded_training_followup_stage8_m252_n20000_r5,200,capacity_and_data_sensitivity_best_tested_configuration,21.49933908487263,0.14887681804552125,2.977536360910425e-06,0.0017255539287169281,21.495956999172346,21.502721170572915,50000,50000,0,0.0,20000,12.437365795000119,0,0.0,20000,70000,0.3319423939999524,0.3319423939999524,12.769308189000071,nan,nan,,,,0.18126088900010018,12.256104906000019,0.0,12.437365795000119,True,research_tuning_overhead_excluded_from_operational_setup_cost,,,,,,,,,,,,,,
42,1,strike_low,80.0,0.2,1.0,NCV_TRANSFER_BETA1,252,expanded_training_followup_stage8_m252_n20000_r5,200,capacity_and_data_sensitivity_best_tested_configuration,21.486472995526857,26.17538998745858,0.0005235077997491716,0.022880292824812614,21.441627621590225,21.531318369463488,50000,50000,0,0.0,0,0.0,20000,12.459372760000065,0,50000,0.35384416199997304,0.35384416199997304,12.813216922000038,1.0,0.917081883967524,6e1cf0e92b4387cab442cb651f8472fb163170cc1275ee354b500e71626c9ed0,True,,,,,,,,50000,127.22082557035053,62.47705906776407,81.76124732532806,20.223126511839055,ok,26.17538998745858,26.17538998745858,1.0,residual_variance_beta_one / observed_residual_variance,5.76391129286037,12.459372760000065,12.813216922000038,
42,1,strike_low,80.0,0.2,1.0,NCV_TRANSFER_BETA,252,expanded_training_followup_stage8_m252_n20000_r5,200,capacity_and_data_sensitivity_best_tested_configuration,21.496567380608795,20.226201155970834,0.00040452402311941666,0.02011278258022536,21.457146326751552,21.535988434466038,50000,50000,1000,0.008070399000075668,0,0.0,20000,12.459372760000065,0,51000,0.35714045199995326,0.35714045199995326,12.824583611000094,1.3016451545370753,0.9168167955783322,6e1cf0e92b4387cab442cb651f8472fb163170cc1275ee354b500e71626c9ed0,True,,,,,,,,50000,127.22082557035053,62.47705906776407,81.76124732532806,20.223126511839055,ok,20.226201155970834,26.17538998745858,1.294132782800468,residual_variance_beta_one / observed_residual_variance,5.76391129286037,12.459372760000065,12.824583611000094,60.54413172018089
42,1,strike_high,120.0,0.2,1.0,MC,252,expanded_training_followup_stage8_m252_n20000_r5,NA,NA,0.5126961630402145,5.972261666679008,0.00011944523333358015,0.010929100298450014,0.49127512645525245,0.5341171996251766,50000,50000,0,0.0,0,0.0,0,0.0,0,50000,0.33933796700000585,0.33933796700000585,0.33933796700000585,nan,nan,,,,,,,,,,,,,,,,,,,,,,,
42,1,strike_high,120.0,0.2,1.0,AV,252,expanded_training_followup_stage8_m252_n20000_r5,NA,NA,0.5193234029416084,2.861728306774291,5.723456613548582e-05,0.007565353007988842,0.5044953110459502,0.5341514948372665,50000,100000,0,0.0,0,0.0,0,0.0,0,100000,0.4922348369999554,0.4922348369999554,0.4922348369999554,nan,nan,,,,,,,,,,,,,,,,,,,,,,,
42,1,strike_high,120.0,0.2,1.0,GCV,252,expanded_training_followup_stage8_m252_n20000_r5,NA,NA,0.5354471629196466,0.03172520006634238,6.345040013268476e-07,0.0007965575944819355,0.533885910034462,0.5370084158048312,50000,50000,1000,0.0077312140000458385,0,0.0,0,0.0,0,51000,0.3880841719999353,0.3880841719999353,0.3958153859999811,1.1149997285856703,0.9968011186578023,,,,,,,,,,,,,,,,,,,,,,,
42,1,strike_high,120.0,0.2,1.0,NCV_SCRATCH,252,expanded_training_followup_stage8_m252_n20000_r5,200,capacity_and_data_sensitivity_best_tested_configuration,0.5335026503435601,0.022121806203736764,4.424361240747353e-07,0.0006651587209642037,0.5321989392504703,0.53480636143665,50000,50000,0,0.0,20000,12.420282036000003,0,0.0,20000,70000,0.3315311899999642,0.3315311899999642,12.751813225999967,nan,nan,,,,0.1815987889999633,12.23868324700004,0.0,12.420282036000003,True,research_tuning_overhead_excluded_from_operational_setup_cost,,,,,,,,,,,,,,
42,1,strike_high,120.0,0.2,1.0,NCV_TRANSFER_BETA1,252,expanded_training_followup_stage8_m252_n20000_r5,200,capacity_and_data_sensitivity_best_tested_configuration,0.5030036394169698,42.520425755050454,0.000850408515101009,0.029161764608833414,0.4458465807836563,0.5601606980502832,50000,50000,0,0.0,0,0.0,20000,12.459372760000065,0,50000,0.35440515300001607,0.35440515300001607,12.81377791300008,1.0,0.6695526057158865,6e1cf0e92b4387cab442cb651f8472fb163170cc1275ee354b500e71626c9ed0,True,,,,,,,,50000,5.972261666679008,62.39887521504074,12.92535556333465,3.29489262977117,ok,42.520425755050454,42.520425755050454,1.0,residual_variance_beta_one / observed_residual_variance,5.76391129286037,12.459372760000065,12.81377791300008,
42,1,strike_high,120.0,0.2,1.0,NCV_TRANSFER_BETA,252,expanded_training_followup_stage8_m252_n20000_r5,200,capacity_and_data_sensitivity_best_tested_configuration,0.5105796090606683,3.3027604050410297,6.60552081008206e-05,0.00812743551809675,0.4946498354451987,0.526509382676138,50000,50000,1000,0.008140840999999455,0,0.0,20000,12.459372760000065,0,51000,0.354927631999999,0.354927631999999,12.822441233000063,0.21836975196740113,0.6857903761158158,6e1cf0e92b4387cab442cb651f8472fb163170cc1275ee354b500e71626c9ed0,True,,,,,,,,50000,5.972261666679008,62.39887521504074,12.92535556333465,3.29489262977117,ok,3.3027604050410297,42.520425755050454,12.874208401599821,residual_variance_beta_one / observed_residual_variance,5.76391129286037,12.459372760000065,12.822441233000063,64.36438058943716
42,1,volatility_low,100.0,0.1,1.0,MC,252,expanded_training_followup_stage8_m252_n20000_r5,NA,NA,3.655141242575137,17.976255668865416,0.0003595251133773083,0.018961147469953085,3.6179773935340287,3.692305091616245,50000,50000,0,0.0,0,0.0,0,0.0,0,50000,0.3403280030000815,0.3403280030000815,0.3403280030000815,nan,nan,,,,,,,,,,,,,,,,,,,,,,,
42,1,volatility_low,100.0,0.1,1.0,AV,252,expanded_training_followup_stage8_m252_n20000_r5,NA,NA,3.6484280560030236,2.8122863448286846,5.624572689657369e-05,0.007499715121027844,3.633728614365809,3.663127497640238,50000,100000,0,0.0,0,0.0,0,0.0,0,100000,0.494266664999941,0.494266664999941,0.494266664999941,nan,nan,,,,,,,,,,,,,,,,,,,,,,,
42,1,volatility_low,100.0,0.1,1.0,GCV,252,expanded_training_followup_stage8_m252_n20000_r5,NA,NA,3.6541884265325657,0.0037908102179022058,7.581620435804412e-08,0.0002753474248255177,3.6536487455799076,3.654728107485224,50000,50000,1000,0.007592464000026666,0,0.0,0,0.0,0,51000,0.3917473899999777,0.3917473899999777,0.3993398540000044,1.0181750966322771,0.999885362813076,,,,,,,,,,,,,,,,,,,,,,,
42,1,volatility_low,100.0,0.1,1.0,NCV_SCRATCH,252,expanded_training_followup_stage8_m252_n20000_r5,200,capacity_and_data_sensitivity_best_tested_configuration,3.654285152469974,0.004005787059802423,8.011574119604845e-08,0.0002830472419862954,3.653730379875681,3.6548399250642674,50000,50000,0,0.0,20000,12.505634041000008,0,0.0,20000,70000,0.3291545590000169,0.3291545590000169,12.834788600000024,nan,nan,,,,0.1807213629999751,12.324912678000032,0.0,12.505634041000008,True,research_tuning_overhead_excluded_from_operational_setup_cost,,,,,,,,,,,,,,
42,1,volatility_low,100.0,0.1,1.0,NCV_TRANSFER_BETA1,252,expanded_training_followup_stage8_m252_n20000_r5,200,capacity_and_data_sensitivity_best_tested_configuration,3.6536151538257706,14.692124818390564,0.00029384249636781127,0.017141834684998313,3.620017157843174,3.6872131498083673,50000,50000,0,0.0,0,0.0,20000,12.459372760000065,0,50000,0.35246533999998064,0.35246533999998064,12.811838100000045,1.0,0.9900059657462861,6e1cf0e92b4387cab442cb651f8472fb163170cc1275ee354b500e71626c9ed0,True,,,,,,,,50000,17.976255668865416,63.737482598613866,33.510806724544395,0.3575151484453052,ok,14.692124818390564,14.692124818390564,1.0,residual_variance_beta_one / observed_residual_variance,5.76391129286037,12.459372760000065,12.811838100000045,
42,1,volatility_low,100.0,0.1,1.0,NCV_TRANSFER_BETA,252,expanded_training_followup_stage8_m252_n20000_r5,200,capacity_and_data_sensitivity_best_tested_configuration,3.6543284384241868,0.360499879179329,7.20999758358658e-06,0.0026851438664597807,3.6490655564459256,3.659591320402448,50000,50000,1000,0.008046945999922173,0,0.0,20000,12.459372760000065,0,51000,0.35482948200001374,0.35482948200001374,12.822249188,0.5326060828949027,0.989257748848935,6e1cf0e92b4387cab442cb651f8472fb163170cc1275ee354b500e71626c9ed0,True,,,,,,,,50000,17.976255668865416,63.737482598613866,33.510806724544395,0.3575151484453052,ok,0.360499879179329,14.692124818390562,40.75486752405271,residual_variance_beta_one / observed_residual_variance,5.76391129286037,12.459372760000065,12.822249188,55.10900540792425
42,1,volatility_high,100.0,0.5,1.0,MC,252,expanded_training_followup_stage8_m252_n20000_r5,NA,NA,12.504902386844376,461.9262664402213,0.009238525328804426,0.09611724782162889,12.316512581113983,12.69329219257477,50000,50000,0,0.0,0,0.0,0,0.0,0,50000,0.3390715909999926,0.3390715909999926,0.3390715909999926,nan,nan,,,,,,,,,,,,,,,,,,,,,,,
42,1,volatility_high,100.0,0.5,1.0,AV,252,expanded_training_followup_stage8_m252_n20000_r5,NA,NA,12.319890137065459,150.93174822461268,0.0030186349644922535,0.0549421055702478,12.212203610147773,12.427576663983144,50000,100000,0,0.0,0,0.0,0,0.0,0,100000,0.49083101099995474,0.49083101099995474,0.49083101099995474,nan,nan,,,,,,,,,,,,,,,,,,,,,,,
42,1,volatility_high,100.0,0.5,1.0,GCV,252,expanded_training_followup_stage8_m252_n20000_r5,NA,NA,12.363599728822368,2.1736368537812742,4.347273707562548e-05,0.006593385858238958,12.35067669254022,12.376522765104516,50000,50000,1000,0.007565422999959992,0,0.0,0,0.0,0,51000,0.3866720460000579,0.3866720460000579,0.3942374690000179,1.1026195881469594,0.997771296716125,,,,,,,,,,,,,,,,,,,,,,,
42,1,volatility_high,100.0,0.5,1.0,NCV_SCRATCH,252,expanded_training_followup_stage8_m252_n20000_r5,200,capacity_and_data_sensitivity_best_tested_configuration,12.356904013056143,0.7529721823065696,1.5059443646131392e-05,0.0038806498999692553,12.349297939252203,12.364510086860083,50000,50000,0,0.0,20000,12.481250936000151,0,0.0,20000,70000,0.3323014019999846,0.3323014019999846,12.813552338000136,nan,nan,,,,0.1829682470000762,12.298282689000075,0.0,12.481250936000151,True,research_tuning_overhead_excluded_from_operational_setup_cost,,,,,,,,,,,,,,
42,1,volatility_high,100.0,0.5,1.0,NCV_TRANSFER_BETA1,252,expanded_training_followup_stage8_m252_n20000_r5,200,capacity_and_data_sensitivity_best_tested_configuration,12.45238073937508,188.20660677849872,0.0037641321355699744,0.06135252346537976,12.332129793382936,12.572631685367224,50000,50000,0,0.0,0,0.0,20000,12.459372760000065,0,50000,0.3594767380000121,0.3594767380000121,12.818849498000077,1.0,0.9805494739904291,6e1cf0e92b4387cab442cb651f8472fb163170cc1275ee354b500e71626c9ed0,True,,,,,,,,50000,461.9262664402213,64.32420912694158,169.0219343943323,17.79466040643075,ok,188.20660677849872,188.20660677849872,1.0,residual_variance_beta_one / observed_residual_variance,5.76391129286037,12.459372760000065,12.818849498000077,
42,1,volatility_high,100.0,0.5,1.0,NCV_TRANSFER_BETA,252,expanded_training_followup_stage8_m252_n20000_r5,200,capacity_and_data_sensitivity_best_tested_configuration,12.370719204702137,18.135942453174913,0.00036271884906349827,0.01904517915545817,12.333390653557439,12.408047755846836,50000,50000,1000,0.008147695000047861,0,0.0,20000,12.459372760000065,0,51000,0.35648824499992315,0.35648824499992315,12.824008700000036,2.554816701450227,0.9798832790418323,6e1cf0e92b4387cab442cb651f8472fb163170cc1275ee354b500e71626c9ed0,True,,,,,,,,50000,461.9262664402213,64.32420912694158,169.0219343943323,17.79466040643075,ok,18.135942453174913,188.20660677849872,10.377547638587203,residual_variance_beta_one / observed_residual_variance,5.76391129286037,12.459372760000065,12.824008700000036,58.84599534661803
42,1,maturity_short,100.0,0.2,0.5,MC,252,expanded_training_followup_stage8_m252_n20000_r5,NA,NA,3.835691885945828,29.192202509471542,0.0005838440501894309,0.02416286510721423,3.7883326703356883,3.8830511015559677,50000,50000,0,0.0,0,0.0,0,0.0,0,50000,0.3378825150000466,0.3378825150000466,0.3378825150000466,nan,nan,,,,,,,,,,,,,,,,,,,,,,,
42,1,maturity_short,100.0,0.2,0.5,AV,252,expanded_training_followup_stage8_m252_n20000_r5,NA,NA,3.8597834206234105,7.177617220069826,0.00014355234440139653,0.011981333164610546,3.836300007620774,3.883266833626047,50000,100000,0,0.0,0,0.0,0,0.0,0,100000,0.49299489700001686,0.49299489700001686,0.49299489700001686,nan,nan,,,,,,,,,,,,,,,,,,,,,,,
42,1,maturity_short,100.0,0.2,0.5,GCV,252,expanded_training_followup_stage8_m252_n20000_r5,NA,NA,3.8661836640363223,0.010826727935324536,2.165345587064907e-07,0.00046533273977498156,3.8652716118663633,3.8670957162062813,50000,50000,1000,0.00752921499997683,0,0.0,0,0.0,0,51000,0.3875861650000161,0.3875861650000161,0.3951153799999929,1.022835392324773,0.9998150551879377,,,,,,,,,,,,,,,,,,,,,,,
42,1,maturity_short,100.0,0.2,0.5,NCV_SCRATCH,252,expanded_training_followup_stage8_m252_n20000_r5,200,capacity_and_data_sensitivity_best_tested_configuration,3.8658335756107496,0.0072628698013404705,1.452573960268094e-07,0.00038112648297751423,3.8650865677041137,3.8665805835173854,50000,50000,0,0.0,20000,12.452659721999908,0,0.0,20000,70000,0.3300014740000279,0.3300014740000279,12.782661195999935,nan,nan,,,,0.1782853149999255,12.274374406999982,0.0,12.452659721999908,True,research_tuning_overhead_excluded_from_operational_setup_cost,,,,,,,,,,,,,,
42,1,maturity_short,100.0,0.2,0.5,NCV_TRANSFER_BETA1,252,expanded_training_followup_stage8_m252_n20000_r5,200,capacity_and_data_sensitivity_best_tested_configuration,3.8798731662169628,6.402835605013311,0.0001280567121002662,0.011316214565846045,3.8576933856679045,3.902052946766021,50000,50000,0,0.0,0,0.0,20000,12.459372760000065,0,50000,0.35203264599999784,0.35203264599999784,12.811405406000063,1.0,0.999764319175281,6e1cf0e92b4387cab442cb651f8472fb163170cc1275ee354b500e71626c9ed0,True,,,,,,,,50000,29.192202509471542,62.874906993960224,42.8321369492092,0.013758463231550166,ok,6.402835605013311,6.402835605013311,1.0,residual_variance_beta_one / observed_residual_variance,5.76391129286037,12.459372760000065,12.811405406000063,
42,1,maturity_short,100.0,0.2,0.5,NCV_TRANSFER_BETA,252,expanded_training_followup_stage8_m252_n20000_r5,200,capacity_and_data_sensitivity_best_tested_configuration,3.8658459356618624,0.013861403327971289,2.772280665594258e-07,0.000526524516579642,3.8648139476093664,3.8668779237143585,50000,50000,1000,0.008055391000084455,0,0.0,20000,12.459372760000065,0,51000,0.35755976000007195,0.35755976000007195,12.824987911000221,0.6825073771285786,0.9997869063575343,6e1cf0e92b4387cab442cb651f8472fb163170cc1275ee354b500e71626c9ed0,True,,,,,,,,50000,29.192202509471542,62.874906993960224,42.8321369492092,0.013758463231550166,ok,0.013861403327971289,6.40283560501331,461.91828154172964,residual_variance_beta_one / observed_residual_variance,5.76391129286037,12.459372760000065,12.824987911000221,70.20983004027525
42,1,maturity_long,100.0,0.2,2.0,MC,252,expanded_training_followup_stage8_m252_n20000_r5,NA,NA,8.750675940852478,141.31499610787984,0.002826299922157597,0.05316295629625573,8.646476546511817,8.854875335193139,50000,50000,0,0.0,0,0.0,0,0.0,0,50000,0.33814031300005354,0.33814031300005354,0.33814031300005354,nan,nan,,,,,,,,,,,,,,,,,,,,,,,
42,1,maturity_long,100.0,0.2,2.0,AV,252,expanded_training_followup_stage8_m252_n20000_r5,NA,NA,8.761613468645175,32.969408472199724,0.0006593881694439944,0.025678554660338547,8.711283501510911,8.811943435779439,50000,100000,0,0.0,0,0.0,0,0.0,0,100000,0.49096817499992085,0.49096817499992085,0.49096817499992085,nan,nan,,,,,,,,,,,,,,,,,,,,,,,
42,1,maturity_long,100.0,0.2,2.0,GCV,252,expanded_training_followup_stage8_m252_n20000_r5,NA,NA,8.732665374969168,0.2227008121467069,4.454016242934138e-06,0.002110454037152702,8.728528885056349,8.736801864881986,50000,50000,1000,0.00775412600000891,0,0.0,0,0.0,0,51000,0.3891741989999673,0.3891741989999673,0.3969283249999762,1.0567487130675464,0.9988594665491308,,,,,,,,,,,,,,,,,,,,,,,
42,1,maturity_long,100.0,0.2,2.0,NCV_SCRATCH,252,expanded_training_followup_stage8_m252_n20000_r5,200,capacity_and_data_sensitivity_best_tested_configuration,8.732058372474034,0.10390432019608747,2.0780864039217493e-06,0.001441556937453998,8.729232920876624,8.734883824071444,50000,50000,0,0.0,20000,12.436922332999984,0,0.0,20000,70000,0.3331500670000196,0.3331500670000196,12.770072400000004,nan,nan,,,,0.18081433099996502,12.256108002000019,0.0,12.436922332999984,True,research_tuning_overhead_excluded_from_operational_setup_cost,,,,,,,,,,,,,,
42,1,maturity_long,100.0,0.2,2.0,NCV_TRANSFER_BETA1,252,expanded_training_followup_stage8_m252_n20000_r5,200,capacity_and_data_sensitivity_best_tested_configuration,8.739032741417777,15.365475943631793,0.00030730951887263585,0.017530245830353775,8.704673459590284,8.77339202324527,50000,50000,0,0.0,0,0.0,20000,12.459372760000065,0,50000,0.3533377730000211,0.3533377730000211,12.812710533000086,1.0,0.999433580366192,6e1cf0e92b4387cab442cb651f8472fb163170cc1275ee354b500e71626c9ed0,True,,,,,,,,50000,141.31499610787984,63.70355148137896,94.82653582281355,0.16004183843386954,ok,15.365475943631793,15.365475943631793,1.0,residual_variance_beta_one / observed_residual_variance,5.76391129286037,12.459372760000065,12.812710533000086,
42,1,maturity_long,100.0,0.2,2.0,NCV_TRANSFER_BETA,252,expanded_training_followup_stage8_m252_n20000_r5,200,capacity_and_data_sensitivity_best_tested_configuration,8.733362626376882,0.16019890409975263,3.2039780819950525e-06,0.001789965944367393,8.729854293125923,8.736870959627842,50000,50000,1000,0.008123698999952467,0,0.0,20000,12.459372760000065,0,51000,0.35618047200000547,0.35618047200000547,12.823676931000023,1.486989428695761,0.9994700717303403,6e1cf0e92b4387cab442cb651f8472fb163170cc1275ee354b500e71626c9ed0,True,,,,,,,,50000,141.31499610787984,63.70355148137896,94.82653582281355,0.16004183843386954,ok,0.16019890409975263,15.365475943631793,95.91498787072864,residual_variance_beta_one / observed_residual_variance,5.76391129286037,12.459372760000065,12.823676931000023,61.25623260640674
42,2,reference,100.0,0.2,1.0,MC,252,expanded_training_followup_stage8_m252_n20000_r5,NA,NA,5.7379027449212225,63.95570325683838,0.0012791140651367678,0.03576470418075295,5.667803924726947,5.808001565115498,50000,50000,0,0.0,0,0.0,0,0.0,0,50000,0.3120694609999646,0.3120694609999646,0.3120694609999646,nan,nan,,,,,,,,,,,,,,,,,,,,,,,
42,2,reference,100.0,0.2,1.0,AV,252,expanded_training_followup_stage8_m252_n20000_r5,NA,NA,5.769465743093632,15.440779164768813,0.00030881558329537624,0.017573149498464304,5.735022370076642,5.803909116110622,50000,100000,0,0.0,0,0.0,0,0.0,0,100000,0.4950178170000754,0.4950178170000754,0.4950178170000754,nan,nan,,,,,,,,,,,,,,,,,,,,,,,
42,2,reference,100.0,0.2,1.0,GCV,252,expanded_training_followup_stage8_m252_n20000_r5,NA,NA,5.781656861918107,0.0489491477578911,9.789829551578221e-07,0.0009894356750986,5.779717567994913,5.7835961558413,50000,50000,1000,0.007700977000013154,0,0.0,0,0.0,0,51000,0.3892678759999626,0.3892678759999626,0.39696885299997575,1.0346109275797337,0.9996229443570912,,,,,,,,,,,,,,,,,,,,,,,
42,2,reference,100.0,0.2,1.0,NCV_SCRATCH,252,expanded_training_followup_stage8_m252_n20000_r5,200,capacity_and_data_sensitivity_best_tested_configuration,5.781025849991927,0.015392575147944254,3.0785150295888507e-07,0.0005548436743434002,5.779938356390214,5.7821133435936405,50000,50000,0,0.0,20000,12.471690278000096,0,0.0,20000,70000,0.32904010499999004,0.32904010499999004,12.800730383000086,nan,nan,,,,0.1795554349999975,12.292134843000099,0.0,12.471690278000096,True,research_tuning_overhead_excluded_from_operational_setup_cost,,,,,,,,,,,,,,
42,2,strike_low,80.0,0.2,1.0,MC,252,expanded_training_followup_stage8_m252_n20000_r5,NA,NA,21.423934637038364,126.61420470498855,0.002532284094099771,0.05032180535413819,21.325303898544252,21.522565375532476,50000,50000,0,0.0,0,0.0,0,0.0,0,50000,0.33700881599997956,0.33700881599997956,0.33700881599997956,nan,nan,,,,,,,,,,,,,,,,,,,,,,,
42,2,strike_low,80.0,0.2,1.0,AV,252,expanded_training_followup_stage8_m252_n20000_r5,NA,NA,21.493368552974466,1.9319971293929694,3.863994258785939e-05,0.006216103489152943,21.481184990135727,21.505552115813206,50000,100000,0,0.0,0,0.0,0,0.0,0,100000,0.49261727800001154,0.49261727800001154,0.49261727800001154,nan,nan,,,,,,,,,,,,,,,,,,,,,,,
42,2,strike_low,80.0,0.2,1.0,GCV,252,expanded_training_followup_stage8_m252_n20000_r5,NA,NA,21.502613764006814,0.08365678017470611,1.6731356034941222e-06,0.001293497430803062,21.50007850904244,21.50514901897119,50000,50000,1000,0.0076589080000530885,0,0.0,0,0.0,0,51000,0.39217278299997815,0.39217278299997815,0.39983169100003124,1.0140490227384065,0.9996794765939504,,,,,,,,,,,,,,,,,,,,,,,
42,2,strike_low,80.0,0.2,1.0,NCV_SCRATCH,252,expanded_training_followup_stage8_m252_n20000_r5,200,capacity_and_data_sensitivity_best_tested_configuration,21.506361149154753,0.4532467930345044,9.064935860690087e-06,0.0030108031919556097,21.50045997489852,21.512262323410987,50000,50000,0,0.0,20000,12.498343579000107,0,0.0,20000,70000,0.33121696099999554,0.33121696099999554,12.829560540000102,nan,nan,,,,0.1819794500000853,12.316364129000021,0.0,12.498343579000107,True,research_tuning_overhead_excluded_from_operational_setup_cost,,,,,,,,,,,,,,
42,2,strike_low,80.0,0.2,1.0,NCV_TRANSFER_BETA1,252,expanded_training_followup_stage8_m252_n20000_r5,200,capacity_and_data_sensitivity_best_tested_configuration,21.497338583349315,25.800595379551474,0.0005160119075910295,0.022715895482921855,21.452815428202786,21.541861738495843,50000,50000,0,0.0,0,0.0,20000,12.53201578200003,0,50000,0.3523122430000285,0.3523122430000285,12.884328025000059,1.0,0.9174597750879264,c46ce45051a7a9765cd32972245d223b0efb4962f16fbc80ab12c0eb9b211779,True,,,,,,,,50000,126.61420470498855,62.776810472101054,81.79520989876907,20.03892137871908,ok,25.800595379551474,25.800595379551474,1.0,residual_variance_beta_one / observed_residual_variance,5.7721842785517525,12.53201578200003,12.884328025000059,
42,2,strike_low,80.0,0.2,1.0,NCV_TRANSFER_BETA,252,expanded_training_followup_stage8_m252_n20000_r5,200,capacity_and_data_sensitivity_best_tested_configuration,21.519764741114184,20.03933421957356,0.0004007866843914712,0.020019657449403854,21.480526212513354,21.559003269715014,50000,50000,1000,0.008073555000009947,0,0.0,20000,12.53201578200003,0,51000,0.35453220700003385,0.35453220700003385,12.894621544000074,1.3055170585769957,0.916490352469042,c46ce45051a7a9765cd32972245d223b0efb4962f16fbc80ab12c0eb9b211779,True,,,,,,,,50000,126.61420470498855,62.776810472101054,81.79520989876907,20.03892137871908,ok,20.03933421957356,25.800595379551478,1.2874976332472445,residual_variance_beta_one / observed_residual_variance,5.7721842785517525,12.53201578200003,12.894621544000074,63.75849324521531
42,2,strike_high,120.0,0.2,1.0,MC,252,expanded_training_followup_stage8_m252_n20000_r5,NA,NA,0.550046636123192,6.4642934592348835,0.00012928586918469767,0.011370394416408679,0.5277606630670311,0.572332609179353,50000,50000,0,0.0,0,0.0,0,0.0,0,50000,0.33732126200004586,0.33732126200004586,0.33732126200004586,nan,nan,,,,,,,,,,,,,,,,,,,,,,,
42,2,strike_high,120.0,0.2,1.0,AV,252,expanded_training_followup_stage8_m252_n20000_r5,NA,NA,0.5382108883392053,2.9954061126978346,5.990812225395669e-05,0.007740033737262177,0.5230404222141714,0.5533813544642392,50000,100000,0,0.0,0,0.0,0,0.0,0,100000,0.49256881199994496,0.49256881199994496,0.49256881199994496,nan,nan,,,,,,,,,,,,,,,,,,,,,,,
42,2,strike_high,120.0,0.2,1.0,GCV,252,expanded_training_followup_stage8_m252_n20000_r5,NA,NA,0.533523509967216,0.031288156918550844,6.257631383710169e-07,0.0007910519188846057,0.5319730482062022,0.5350739717282298,50000,50000,1000,0.007608873999970456,0,0.0,0,0.0,0,51000,0.3876669439999887,0.3876669439999887,0.39527581799995914,1.1082369267306162,0.9987693178111956,,,,,,,,,,,,,,,,,,,,,,,
42,2,strike_high,120.0,0.2,1.0,NCV_SCRATCH,252,expanded_training_followup_stage8_m252_n20000_r5,200,capacity_and_data_sensitivity_best_tested_configuration,0.5349386572538816,0.02875992609746881,5.751985219493762e-07,0.0007584184346054466,0.5334521571220548,0.5364251573857083,50000,50000,0,0.0,20000,12.451766748999944,0,0.0,20000,70000,0.329965226000013,0.329965226000013,12.781731974999957,nan,nan,,,,0.17973543699997663,12.272031311999967,0.0,12.451766748999944,True,research_tuning_overhead_excluded_from_operational_setup_cost,,,,,,,,,,,,,,
42,2,strike_high,120.0,0.2,1.0,NCV_TRANSFER_BETA1,252,expanded_training_followup_stage8_m252_n20000_r5,200,capacity_and_data_sensitivity_best_tested_configuration,0.5522911777884103,43.00100001196447,0.0008600200002392895,0.02932609759649738,0.4948120264992754,0.6097703290775451,50000,50000,0,0.0,0,0.0,20000,12.53201578200003,0,50000,0.3548559189999878,0.3548559189999878,12.886871701000018,1.0,0.6846321600067612,c46ce45051a7a9765cd32972245d223b0efb4962f16fbc80ab12c0eb9b211779,True,,,,,,,,50000,6.4642934592348835,64.49501546420012,13.97915445573528,3.4343421073234257,ok,43.00100001196447,43.00100001196447,1.0,residual_variance_beta_one / observed_residual_variance,5.7721842785517525,12.53201578200003,12.886871701000018,
42,2,strike_high,120.0,0.2,1.0,NCV_TRANSFER_BETA,252,expanded_training_followup_stage8_m252_n20000_r5,200,capacity_and_data_sensitivity_best_tested_configuration,0.5504866722987133,3.4619791713037005,6.9239583426074e-05,0.008321032593739433,0.534177448414984,0.5667958961824425,50000,50000,1000,0.00809744100001808,0,0.0,20000,12.53201578200003,0,51000,0.3569967030000498,0.3569967030000498,12.897109926000098,0.19604722974854422,0.6760280779950628,c46ce45051a7a9765cd32972245d223b0efb4962f16fbc80ab12c0eb9b211779,True,,,,,,,,50000,6.4642934592348835,64.49501546420012,13.97915445573528,3.4343421073234257,ok,3.4619791713037005,43.00100001196447,12.420929729560244,residual_variance_beta_one / observed_residual_variance,5.7721842785517525,12.53201578200003,12.897109926000098,58.91627192054732
42,2,volatility_low,100.0,0.1,1.0,MC,252,expanded_training_followup_stage8_m252_n20000_r5,NA,NA,3.6593100945291193,18.213789510431063,0.00036427579020862125,0.019086010327164275,3.6219015142878774,3.696718674770361,50000,50000,0,0.0,0,0.0,0,0.0,0,50000,0.3394814260000203,0.3394814260000203,0.3394814260000203,nan,nan,,,,,,,,,,,,,,,,,,,,,,,
42,2,volatility_low,100.0,0.1,1.0,AV,252,expanded_training_followup_stage8_m252_n20000_r5,NA,NA,3.6572636423115292,2.8524611716592054,5.704922343318411e-05,0.0075530936332859075,3.6424595787902887,3.6720677058327698,50000,100000,0,0.0,0,0.0,0,0.0,0,100000,0.4934988870001007,0.4934988870001007,0.4934988870001007,nan,nan,,,,,,,,,,,,,,,,,,,,,,,
42,2,volatility_low,100.0,0.1,1.0,GCV,252,expanded_training_followup_stage8_m252_n20000_r5,NA,NA,3.653951310161599,0.003997368125674928,7.994736251349857e-08,0.00028274964635432976,3.6533971208547444,3.654505499468453,50000,50000,1000,0.007865185000014208,0,0.0,0,0.0,0,51000,0.39078775300004054,0.39078775300004054,0.39865293800005475,1.0172617495097132,0.9998840501257235,,,,,,,,,,,,,,,,,,,,,,,
42,2,volatility_low,100.0,0.1,1.0,NCV_SCRATCH,252,expanded_training_followup_stage8_m252_n20000_r5,200,capacity_and_data_sensitivity_best_tested_configuration,3.654033991715914,0.0020014040709069856,4.002808141813971e-08,0.00020007019122832796,3.653641854141106,3.6544261292907216,50000,50000,0,0.0,20000,12.472589246000098,0,0.0,20000,70000,0.3311608140000999,0.3311608140000999,12.803750060000198,nan,nan,,,,0.18028056800005743,12.29230867800004,0.0,12.472589246000098,True,research_tuning_overhead_excluded_from_operational_setup_cost,,,,,,,,,,,,,,
42,2,volatility_low,100.0,0.1,1.0,NCV_TRANSFER_BETA1,252,expanded_training_followup_stage8_m252_n20000_r5,200,capacity_and_data_sensitivity_best_tested_configuration,3.642620166203695,15.04444242100333,0.0003008888484200666,0.017346147941836153,3.6086217162376966,3.676618616169694,50000,50000,0,0.0,0,0.0,20000,12.53201578200003,0,50000,0.3542549390000431,0.3542549390000431,12.886270721000074,1.0,0.9901063356692317,c46ce45051a7a9765cd32972245d223b0efb4962f16fbc80ab12c0eb9b211779,True,,,,,,,,50000,18.213789510431063,64.92727843322825,34.04831276132803,0.35861938982553454,ok,15.04444242100333,15.04444242100333,1.0,residual_variance_beta_one / observed_residual_variance,5.7721842785517525,12.53201578200003,12.886270721000074,
42,2,volatility_low,100.0,0.1,1.0,NCV_TRANSFER_BETA,252,expanded_training_followup_stage8_m252_n20000_r5,200,capacity_and_data_sensitivity_best_tested_configuration,3.650551078849222,0.35862985972127553,7.172597194425511e-06,0.002678170493905403,3.6453018646811675,3.6558002930172764,50000,50000,1000,0.008085999000059019,0,0.0,20000,12.53201578200003,0,51000,0.3537630869999475,0.3537630869999475,12.893864868000037,0.5248084658670734,0.9907362793749287,c46ce45051a7a9765cd32972245d223b0efb4962f16fbc80ab12c0eb9b211779,True,,,,,,,,50000,18.213789510431063,64.92727843322825,34.04831276132803,0.35861938982553454,ok,0.35862985972127553,15.04444242100333,41.949776386985064,residual_variance_beta_one / observed_residual_variance,5.7721842785517525,12.53201578200003,12.893864868000037,68.74701445623526
42,2,volatility_high,100.0,0.5,1.0,MC,252,expanded_training_followup_stage8_m252_n20000_r5,NA,NA,12.144182463845755,444.8158135570782,0.008896316271141564,0.09432028557601788,11.95931470411676,12.32905022357475,50000,50000,0,0.0,0,0.0,0,0.0,0,50000,0.33848237999995945,0.33848237999995945,0.33848237999995945,nan,nan,,,,,,,,,,,,,,,,,,,,,,,
42,2,volatility_high,100.0,0.5,1.0,AV,252,expanded_training_followup_stage8_m252_n20000_r5,NA,NA,12.292072815503355,149.50879604335145,0.002990175920867029,0.054682501048022934,12.18489511344923,12.39925051755748,50000,100000,0,0.0,0,0.0,0,0.0,0,100000,0.48986914799991155,0.48986914799991155,0.48986914799991155,nan,nan,,,,,,,,,,,,,,,,,,,,,,,
42,2,volatility_high,100.0,0.5,1.0,GCV,252,expanded_training_followup_stage8_m252_n20000_r5,NA,NA,12.355851955698324,2.2453122249815327,4.490624449963065e-05,0.006701212166439044,12.342717579852103,12.368986331544544,50000,50000,1000,0.007551525999929254,0,0.0,0,0.0,0,51000,0.38660855400007677,0.38660855400007677,0.394160080000006,1.1081541154514314,0.9972200478193549,,,,,,,,,,,,,,,,,,,,,,,
42,2,volatility_high,100.0,0.5,1.0,NCV_SCRATCH,252,expanded_training_followup_stage8_m252_n20000_r5,200,capacity_and_data_sensitivity_best_tested_configuration,12.356387813843009,0.8151422256261293,1.6302844512522587e-05,0.004037678109077367,12.348473964749218,12.3643016629368,50000,50000,0,0.0,20000,12.481668769999942,0,0.0,20000,70000,0.3287694979999287,0.3287694979999287,12.81043826799987,nan,nan,,,,0.18151520100002472,12.300153568999917,0.0,12.481668769999942,True,research_tuning_overhead_excluded_from_operational_setup_cost,,,,,,,,,,,,,,
42,2,volatility_high,100.0,0.5,1.0,NCV_TRANSFER_BETA1,252,expanded_training_followup_stage8_m252_n20000_r5,200,capacity_and_data_sensitivity_best_tested_configuration,12.231876462988273,180.08386049435623,0.003601677209887125,0.060013975121525856,12.114249071750082,12.349503854226464,50000,50000,0,0.0,0,0.0,20000,12.53201578200003,0,50000,0.35482429000012417,0.35482429000012417,12.886840072000155,1.0,0.980400257079901,c46ce45051a7a9765cd32972245d223b0efb4962f16fbc80ab12c0eb9b211779,True,,,,,,,,50000,444.8158135570782,62.68304757069419,163.70750031670775,17.265675224707593,ok,180.08386049435623,180.08386049435623,1.0,residual_variance_beta_one / observed_residual_variance,5.7721842785517525,12.53201578200003,12.886840072000155,
42,2,volatility_high,100.0,0.5,1.0,NCV_TRANSFER_BETA,252,expanded_training_followup_stage8_m252_n20000_r5,200,capacity_and_data_sensitivity_best_tested_configuration,12.370492399558866,17.325888315200185,0.0003465177663040037,0.018614987679394356,12.334007023707253,12.40697777541048,50000,50000,1000,0.008270202999938192,0,0.0,20000,12.53201578200003,0,51000,0.3556644640000286,0.3556644640000286,12.895950448999997,2.5806775597645,0.9814417294715033,c46ce45051a7a9765cd32972245d223b0efb4962f16fbc80ab12c0eb9b211779,True,,,,,,,,50000,444.8158135570782,62.68304757069419,163.70750031670775,17.265675224707593,ok,17.325888315200185,180.08386049435623,10.393917888548707,residual_variance_beta_one / observed_residual_variance,5.7721842785517525,12.53201578200003,12.895950448999997,60.29342584340429
42,2,maturity_short,100.0,0.2,0.5,MC,252,expanded_training_followup_stage8_m252_n20000_r5,NA,NA,3.8360441878436227,29.393994875862454,0.000587879897517249,0.024246234708037637,3.788521567815869,3.8835668078713765,50000,50000,0,0.0,0,0.0,0,0.0,0,50000,0.3368230249998305,0.3368230249998305,0.3368230249998305,nan,nan,,,,,,,,,,,,,,,,,,,,,,,
42,2,maturity_short,100.0,0.2,0.5,AV,252,expanded_training_followup_stage8_m252_n20000_r5,NA,NA,3.855124458240303,7.373250547710846,0.00014746501095421692,0.012143517239836936,3.8313231644502226,3.8789257520303835,50000,100000,0,0.0,0,0.0,0,0.0,0,100000,0.4925788890000149,0.4925788890000149,0.4925788890000149,nan,nan,,,,,,,,,,,,,,,,,,,,,,,
42,2,maturity_short,100.0,0.2,0.5,GCV,252,expanded_training_followup_stage8_m252_n20000_r5,NA,NA,3.8657517210976815,0.010763604724618894,2.152720944923779e-07,0.00046397423903960216,3.864842331589164,3.866661110606199,50000,50000,1000,0.007606818999875031,0,0.0,0,0.0,0,51000,0.38922097799991207,0.38922097799991207,0.3968277969997871,1.0233934802734708,0.999823026079042,,,,,,,,,,,,,,,,,,,,,,,
42,2,maturity_short,100.0,0.2,0.5,NCV_SCRATCH,252,expanded_training_followup_stage8_m252_n20000_r5,200,capacity_and_data_sensitivity_best_tested_configuration,3.8650368974034905,0.01041952232051844,2.083904464103688e-07,0.0004564980245415842,3.8641421612753892,3.865931633531592,50000,50000,0,0.0,20000,12.468787110999983,0,0.0,20000,70000,0.3277610000000095,0.3277610000000095,12.796548110999993,nan,nan,,,,0.17883812199988824,12.289948989000095,0.0,12.468787110999983,True,research_tuning_overhead_excluded_from_operational_setup_cost,,,,,,,,,,,,,,
42,2,maturity_short,100.0,0.2,0.5,NCV_TRANSFER_BETA1,252,expanded_training_followup_stage8_m252_n20000_r5,200,capacity_and_data_sensitivity_best_tested_configuration,3.8779423079975404,6.524933309580106,0.00013049866619160212,0.011423601279439078,3.8555520494898396,3.900332566505241,50000,50000,0,0.0,0,0.0,20000,12.53201578200003,0,50000,0.35289071100010005,0.35289071100010005,12.88490649300013,1.0,0.9997461028254493,c46ce45051a7a9765cd32972245d223b0efb4962f16fbc80ab12c0eb9b211779,True,,,,,,,,50000,29.393994875862454,63.54829287025605,43.20867721826917,0.01492420964754615,ok,6.524933309580106,6.524933309580106,1.0,residual_variance_beta_one / observed_residual_variance,5.7721842785517525,12.53201578200003,12.88490649300013,
42,2,maturity_short,100.0,0.2,0.5,NCV_TRANSFER_BETA,252,expanded_training_followup_stage8_m252_n20000_r5,200,capacity_and_data_sensitivity_best_tested_configuration,3.8644917771782588,0.014983260644902217,2.996652128980443e-07,0.000547416854780746,3.8634188401428884,3.865564714213629,50000,50000,1000,0.008045201999948404,0,0.0,20000,12.53201578200003,0,51000,0.3548131850000118,0.3548131850000118,12.89487416899999,0.6789705416407885,0.9997564776739828,c46ce45051a7a9765cd32972245d223b0efb4962f16fbc80ab12c0eb9b211779,True,,,,,,,,50000,29.393994875862454,63.54829287025605,43.20867721826917,0.01492420964754615,ok,0.014983260644902217,6.524933309580106,435.4815326395658,residual_variance_beta_one / observed_residual_variance,5.7721842785517525,12.53201578200003,12.89487416899999,60.48752601725608
42,2,maturity_long,100.0,0.2,2.0,MC,252,expanded_training_followup_stage8_m252_n20000_r5,NA,NA,8.76517898676159,139.1352013087235,0.00278270402617447,0.05275134146326964,8.661786357493582,8.868571616029598,50000,50000,0,0.0,0,0.0,0,0.0,0,50000,0.3374854430001051,0.3374854430001051,0.3374854430001051,nan,nan,,,,,,,,,,,,,,,,,,,,,,,
42,2,maturity_long,100.0,0.2,2.0,AV,252,expanded_training_followup_stage8_m252_n20000_r5,NA,NA,8.691839940958452,32.296451985889775,0.0006459290397177955,0.025415134068459987,8.642026278184272,8.741653603732633,50000,100000,0,0.0,0,0.0,0,0.0,0,100000,0.49027229800003624,0.49027229800003624,0.49027229800003624,nan,nan,,,,,,,,,,,,,,,,,,,,,,,
42,2,maturity_long,100.0,0.2,2.0,GCV,252,expanded_training_followup_stage8_m252_n20000_r5,NA,NA,8.733568281638895,0.2372214102886782,4.744428205773563e-06,0.0021781708394369723,8.7292990667936,8.737837496484191,50000,50000,1000,0.007664679000072283,0,0.0,0,0.0,0,51000,0.3911163289999422,0.3911163289999422,0.3987810080000145,1.049702389893935,0.9992722013510373,,,,,,,,,,,,,,,,,,,,,,,
42,2,maturity_long,100.0,0.2,2.0,NCV_SCRATCH,252,expanded_training_followup_stage8_m252_n20000_r5,200,capacity_and_data_sensitivity_best_tested_configuration,8.730693420365103,0.05746645478282084,1.1493290956564168e-06,0.0010720676730768524,8.728592167725873,8.732794673004333,50000,50000,0,0.0,20000,12.479117366999844,0,0.0,20000,70000,0.33381053299990526,0.33381053299990526,12.81292789999975,nan,nan,,,,0.18066239099994164,12.298454975999903,0.0,12.479117366999844,True,research_tuning_overhead_excluded_from_operational_setup_cost,,,,,,,,,,,,,,
42,2,maturity_long,100.0,0.2,2.0,NCV_TRANSFER_BETA1,252,expanded_training_followup_stage8_m252_n20000_r5,200,capacity_and_data_sensitivity_best_tested_configuration,8.741094021329724,14.976071521642776,0.0002995214304328555,0.017306687448291645,8.707172913931073,8.775015128728375,50000,50000,0,0.0,0,0.0,20000,12.53201578200003,0,50000,0.35368667000011556,0.35368667000011556,12.885702452000146,1.0,0.9994520883201308,c46ce45051a7a9765cd32972245d223b0efb4962f16fbc80ab12c0eb9b211779,True,,,,,,,,50000,139.1352013087235,63.026876763873176,93.59300327547693,0.15242583436520363,ok,14.976071521642776,14.976071521642776,1.0,residual_variance_beta_one / observed_residual_variance,5.7721842785517525,12.53201578200003,12.885702452000146,
42,2,maturity_long,100.0,0.2,2.0,NCV_TRANSFER_BETA,252,expanded_training_followup_stage8_m252_n20000_r5,200,capacity_and_data_sensitivity_best_tested_configuration,8.729464169964146,0.15270432222323196,3.054086444464639e-06,0.0017475944736879431,8.726038884795718,8.732889455132574,50000,50000,1000,0.0080863660000432,0,0.0,20000,12.53201578200003,0,51000,0.35662836100004824,0.35662836100004824,12.896730509000122,1.4828676793611852,0.9995334120366751,c46ce45051a7a9765cd32972245d223b0efb4962f16fbc80ab12c0eb9b211779,True,,,,,,,,50000,139.1352013087235,63.026876763873176,93.59300327547693,0.15242583436520363,ok,0.15270432222323196,14.976071521642776,98.07234859894727,residual_variance_beta_one / observed_residual_variance,5.7721842785517525,12.53201578200003,12.896730509000122,61.35083775554027
42,3,reference,100.0,0.2,1.0,MC,252,expanded_training_followup_stage8_m252_n20000_r5,NA,NA,5.77925977196187,63.766805634322516,0.0012753361126864504,0.035711848351582844,5.709264549192768,5.849254994730972,50000,50000,0,0.0,0,0.0,0,0.0,0,50000,0.3143479580000985,0.3143479580000985,0.3143479580000985,nan,nan,,,,,,,,,,,,,,,,,,,,,,,
42,3,reference,100.0,0.2,1.0,AV,252,expanded_training_followup_stage8_m252_n20000_r5,NA,NA,5.798435999944699,15.470812469643418,0.00030941624939286836,0.01759023164693599,5.763959145916704,5.832912853972694,50000,100000,0,0.0,0,0.0,0,0.0,0,100000,0.49324546000002556,0.49324546000002556,0.49324546000002556,nan,nan,,,,,,,,,,,,,,,,,,,,,,,
42,3,reference,100.0,0.2,1.0,GCV,252,expanded_training_followup_stage8_m252_n20000_r5,NA,NA,5.782030944652604,0.048338627950853995,9.667725590170799e-07,0.0009832459300790825,5.780103782629649,5.783958106675559,50000,50000,1000,0.007587724999893908,0,0.0,0,0.0,0,51000,0.387493510000013,0.387493510000013,0.3950812349999069,1.0356493996797385,0.9996819853469258,,,,,,,,,,,,,,,,,,,,,,,
42,3,reference,100.0,0.2,1.0,NCV_SCRATCH,252,expanded_training_followup_stage8_m252_n20000_r5,200,capacity_and_data_sensitivity_best_tested_configuration,5.78224214073437,0.017237175536968352,3.4474351073936704e-07,0.000587148627469542,5.781091329424529,5.783392952044211,50000,50000,0,0.0,20000,12.420907459000091,0,0.0,20000,70000,0.3315044679998209,0.3315044679998209,12.752411926999912,nan,nan,,,,0.18009839199999078,12.2408090670001,0.0,12.420907459000091,True,research_tuning_overhead_excluded_from_operational_setup_cost,,,,,,,,,,,,,,
42,3,strike_low,80.0,0.2,1.0,MC,252,expanded_training_followup_stage8_m252_n20000_r5,NA,NA,21.419608152566642,127.362808288925,0.0025472561657784998,0.05047034937246323,21.320686267796614,21.51853003733667,50000,50000,0,0.0,0,0.0,0,0.0,0,50000,0.33831341199993403,0.33831341199993403,0.33831341199993403,nan,nan,,,,,,,,,,,,,,,,,,,,,,,
42,3,strike_low,80.0,0.2,1.0,AV,252,expanded_training_followup_stage8_m252_n20000_r5,NA,NA,21.49973495965341,2.009273133084131,4.018546266168262e-05,0.0063392004749560195,21.487310126722495,21.512159792584324,50000,100000,0,0.0,0,0.0,0,0.0,0,100000,0.4975821069999711,0.4975821069999711,0.4975821069999711,nan,nan,,,,,,,,,,,,,,,,,,,,,,,
42,3,strike_low,80.0,0.2,1.0,GCV,252,expanded_training_followup_stage8_m252_n20000_r5,NA,NA,21.502573735044404,0.08416513340273206,1.6833026680546412e-06,0.0012974215460114116,21.50003078881422,21.505116681274586,50000,50000,1000,0.007770647000143072,0,0.0,0,0.0,0,51000,0.3895319759999438,0.3895319759999438,0.3973026230000869,1.0133900622069612,0.9996936943786456,,,,,,,,,,,,,,,,,,,,,,,
42,3,strike_low,80.0,0.2,1.0,NCV_SCRATCH,252,expanded_training_followup_stage8_m252_n20000_r5,200,capacity_and_data_sensitivity_best_tested_configuration,21.50178670658852,0.18142082284357797,3.6284164568715595e-06,0.0019048402706976666,21.49805321965795,21.505520193519086,50000,50000,0,0.0,20000,12.441471332999981,0,0.0,20000,70000,0.3285233589999734,0.3285233589999734,12.769994691999955,nan,nan,,,,0.18015526900012446,12.261316063999857,0.0,12.441471332999981,True,research_tuning_overhead_excluded_from_operational_setup_cost,,,,,,,,,,,,,,
42,3,strike_low,80.0,0.2,1.0,NCV_TRANSFER_BETA1,252,expanded_training_followup_stage8_m252_n20000_r5,200,capacity_and_data_sensitivity_best_tested_configuration,21.48725601469882,25.90757231007579,0.0005181514462015157,0.022762940192372245,21.442640651921767,21.53187137747587,50000,50000,0,0.0,0,0.0,20000,12.507258970000066,0,50000,0.35236985400001686,0.35236985400001686,12.859628824000083,1.0,0.9167474365916205,72cbe26e77a2e42959aef381203aff84fc8b30e78146cd5269c0385c15248218,True,,,,,,,,50000,127.362808288925,63.727758550003806,82.59149726442652,20.3238102826258,ok,25.90757231007579,25.90757231007579,1.0,residual_variance_beta_one / observed_residual_variance,5.7997151551006905,12.507258970000066,12.859628824000083,
42,3,strike_low,80.0,0.2,1.0,NCV_TRANSFER_BETA,252,expanded_training_followup_stage8_m252_n20000_r5,200,capacity_and_data_sensitivity_best_tested_configuration,21.507361672556502,20.323902891839374,0.0004064780578367875,0.020161300995639828,21.46784552260505,21.546877822507955,50000,50000,1000,0.008137595000107467,0,0.0,20000,12.507258970000066,0,51000,0.3547089290000258,0.3547089290000258,12.8701054940002,1.2972105433043555,0.9203701833823599,72cbe26e77a2e42959aef381203aff84fc8b30e78146cd5269c0385c15248218,True,,,,,,,,50000,127.362808288925,63.727758550003806,82.59149726442652,20.3238102826258,ok,20.323902891839374,25.90757231007579,1.2747341122397517,residual_variance_beta_one / observed_residual_variance,5.7997151551006905,12.507258970000066,12.8701054940002,65.03531443227962
42,3,strike_high,120.0,0.2,1.0,MC,252,expanded_training_followup_stage8_m252_n20000_r5,NA,NA,0.5411340261822561,6.2650560636337875,0.00012530112127267574,0.011193798339825305,0.5191941814361986,0.5630738709283137,50000,50000,0,0.0,0,0.0,0,0.0,0,50000,0.33864162800000486,0.33864162800000486,0.33864162800000486,nan,nan,,,,,,,,,,,,,,,,,,,,,,,
42,3,strike_high,120.0,0.2,1.0,AV,252,expanded_training_followup_stage8_m252_n20000_r5,NA,NA,0.5451540285592505,3.057998467975208,6.115996935950415e-05,0.007820483959417356,0.5298258799987925,0.5604821771197086,50000,100000,0,0.0,0,0.0,0,0.0,0,100000,0.4949527979999857,0.4949527979999857,0.4949527979999857,nan,nan,,,,,,,,,,,,,,,,,,,,,,,
42,3,strike_high,120.0,0.2,1.0,GCV,252,expanded_training_followup_stage8_m252_n20000_r5,NA,NA,0.5335648351883227,0.03126440469233169,6.252880938466338e-07,0.0007907516005969471,0.5320149620511526,0.5351147083254927,50000,50000,1000,0.007513184999879741,0,0.0,0,0.0,0,51000,0.389640092000036,0.389640092000036,0.39715327699991576,1.1179350784507274,0.997334861221115,,,,,,,,,,,,,,,,,,,,,,,
42,3,strike_high,120.0,0.2,1.0,NCV_SCRATCH,252,expanded_training_followup_stage8_m252_n20000_r5,200,capacity_and_data_sensitivity_best_tested_configuration,0.5336825739191982,0.02535733957727793,5.071467915455586e-07,0.0007121423955541185,0.5322867748239121,0.5350783730144842,50000,50000,0,0.0,20000,12.45569784700001,0,0.0,20000,70000,0.32947656400006053,0.32947656400006053,12.785174411000071,nan,nan,,,,0.17991833499991117,12.2757795120001,0.0,12.45569784700001,True,research_tuning_overhead_excluded_from_operational_setup_cost,,,,,,,,,,,,,,
42,3,strike_high,120.0,0.2,1.0,NCV_TRANSFER_BETA1,252,expanded_training_followup_stage8_m252_n20000_r5,200,capacity_and_data_sensitivity_best_tested_configuration,0.5240335741201526,43.73724776740397,0.0008747449553480794,0.029576087559852797,0.4660644425028411,0.582002705737464,50000,50000,0,0.0,0,0.0,20000,12.507258970000066,0,50000,0.35168246900002487,0.35168246900002487,12.858941439000091,1.0,0.6806900178101792,72cbe26e77a2e42959aef381203aff84fc8b30e78146cd5269c0385c15248218,True,,,,,,,,50000,6.2650560636337875,64.92989506428432,13.72885168025709,3.362211876501026,ok,43.73724776740397,43.73724776740397,1.0,residual_variance_beta_one / observed_residual_variance,5.7997151551006905,12.507258970000066,12.858941439000091,
42,3,strike_high,120.0,0.2,1.0,NCV_TRANSFER_BETA,252,expanded_training_followup_stage8_m252_n20000_r5,200,capacity_and_data_sensitivity_best_tested_configuration,0.5380357001806084,3.421655408451324,6.843310816902648e-05,0.008272430608293217,0.5218217361883537,0.5542496641728631,50000,50000,1000,0.008160707000115508,0,0.0,20000,12.507258970000066,0,51000,0.3545630880000772,0.3545630880000772,12.869982765000259,0.18118386522154667,0.6642083264572123,72cbe26e77a2e42959aef381203aff84fc8b30e78146cd5269c0385c15248218,True,,,,,,,,50000,6.2650560636337875,64.92989506428432,13.72885168025709,3.362211876501026,ok,3.421655408451324,43.737247767403964,12.782481736581383,residual_variance_beta_one / observed_residual_variance,5.7997151551006905,12.507258970000066,12.869982765000259,62.64383209195838
42,3,volatility_low,100.0,0.1,1.0,MC,252,expanded_training_followup_stage8_m252_n20000_r5,NA,NA,3.6059091074916725,17.54291323104448,0.0003508582646208896,0.018731210975825606,3.569195933979054,3.6426222810042908,50000,50000,0,0.0,0,0.0,0,0.0,0,50000,0.3382113070001651,0.3382113070001651,0.3382113070001651,nan,nan,,,,,,,,,,,,,,,,,,,,,,,
42,3,volatility_low,100.0,0.1,1.0,AV,252,expanded_training_followup_stage8_m252_n20000_r5,NA,NA,3.635084260230406,2.793668076412392,5.5873361528247835e-05,0.0074748485956738836,3.6204335569828854,3.649734963477927,50000,100000,0,0.0,0,0.0,0,0.0,0,100000,0.4911990479999986,0.4911990479999986,0.4911990479999986,nan,nan,,,,,,,,,,,,,,,,,,,,,,,
42,3,volatility_low,100.0,0.1,1.0,GCV,252,expanded_training_followup_stage8_m252_n20000_r5,NA,NA,3.6541396185879584,0.00385847230209997,7.71694460419994e-08,0.0002777938912971259,3.653595142561016,3.654684094614901,50000,50000,1000,0.007486202000109188,0,0.0,0,0.0,0,51000,0.38926082799980577,0.38926082799980577,0.39674702999991496,1.0175630875656452,0.9999016227696456,,,,,,,,,,,,,,,,,,,,,,,
42,3,volatility_low,100.0,0.1,1.0,NCV_SCRATCH,252,expanded_training_followup_stage8_m252_n20000_r5,200,capacity_and_data_sensitivity_best_tested_configuration,3.653498811874362,0.0043161249327038275,8.632249865407656e-08,0.0002938069070904844,3.6529229503364644,3.6540746734122593,50000,50000,0,0.0,20000,12.585336971999823,0,0.0,20000,70000,0.3351394930000424,0.3351394930000424,12.920476464999865,nan,nan,,,,0.1804713679998713,12.404865603999951,0.0,12.585336971999823,True,research_tuning_overhead_excluded_from_operational_setup_cost,,,,,,,,,,,,,,
42,3,volatility_low,100.0,0.1,1.0,NCV_TRANSFER_BETA1,252,expanded_training_followup_stage8_m252_n20000_r5,200,capacity_and_data_sensitivity_best_tested_configuration,3.7046363266911726,14.604121873922466,0.00029208243747844934,0.017090419464672286,3.6711391045404147,3.7381335488419305,50000,50000,0,0.0,0,0.0,20000,12.507258970000066,0,50000,0.3599524080000265,0.3599524080000265,12.867211378000093,1.0,0.9897402666951867,72cbe26e77a2e42959aef381203aff84fc8b30e78146cd5269c0385c15248218,True,,,,,,,,50000,17.54291323104448,62.72388104541884,32.831336201270446,0.35812461791102024,ok,14.604121873922466,14.604121873922466,1.0,residual_variance_beta_one / observed_residual_variance,5.7997151551006905,12.507258970000066,12.867211378000093,
42,3,volatility_low,100.0,0.1,1.0,NCV_TRANSFER_BETA,252,expanded_training_followup_stage8_m252_n20000_r5,200,capacity_and_data_sensitivity_best_tested_configuration,3.6575726972442855,0.3581256796193339,7.162513592386678e-06,0.002676287277626727,3.652327174180137,3.662818220308434,50000,50000,1000,0.008162201000004643,0,0.0,20000,12.507258970000066,0,51000,0.3550590249999459,0.3550590249999459,12.870480196000017,0.5232963125216271,0.9892445108879417,72cbe26e77a2e42959aef381203aff84fc8b30e78146cd5269c0385c15248218,True,,,,,,,,50000,17.54291323104448,62.72388104541884,32.831336201270446,0.35812461791102024,ok,0.3581256796193339,14.604121873922464,40.77932051520508,residual_variance_beta_one / observed_residual_variance,5.7997151551006905,12.507258970000066,12.870480196000017,59.12909596469535
42,3,volatility_high,100.0,0.5,1.0,MC,252,expanded_training_followup_stage8_m252_n20000_r5,NA,NA,12.51316985661427,460.0620423938218,0.009201240847876435,0.09592309861486147,12.325160583329142,12.7011791298994,50000,50000,0,0.0,0,0.0,0,0.0,0,50000,0.34039996400019845,0.34039996400019845,0.34039996400019845,nan,nan,,,,,,,,,,,,,,,,,,,,,,,
42,3,volatility_high,100.0,0.5,1.0,AV,252,expanded_training_followup_stage8_m252_n20000_r5,NA,NA,12.359373865249317,149.87432732451595,0.002997486546490319,0.054749306356248195,12.252065224791071,12.466682505707563,50000,100000,0,0.0,0,0.0,0,0.0,0,100000,0.49715133300014713,0.49715133300014713,0.49715133300014713,nan,nan,,,,,,,,,,,,,,,,,,,,,,,
42,3,volatility_high,100.0,0.5,1.0,GCV,252,expanded_training_followup_stage8_m252_n20000_r5,NA,NA,12.358868528178835,2.2055669573090233,4.4111339146180464e-05,0.006641636782162998,12.345850920085796,12.371886136271874,50000,50000,1000,0.007488917000046058,0,0.0,0,0.0,0,51000,0.393122639000012,0.393122639000012,0.40061155600005804,1.1025771009713443,0.9975945168466533,,,,,,,,,,,,,,,,,,,,,,,
42,3,volatility_high,100.0,0.5,1.0,NCV_SCRATCH,252,expanded_training_followup_stage8_m252_n20000_r5,200,capacity_and_data_sensitivity_best_tested_configuration,12.361559776010388,0.6682221510103832,1.3364443020207663e-05,0.0036557411041001882,12.354394523446352,12.368725028574424,50000,50000,0,0.0,20000,12.387800696000113,0,0.0,20000,70000,0.32829915100001017,0.32829915100001017,12.716099847000123,nan,nan,,,,0.18247521300008884,12.205325483000024,0.0,12.387800696000113,True,research_tuning_overhead_excluded_from_operational_setup_cost,,,,,,,,,,,,,,
42,3,volatility_high,100.0,0.5,1.0,NCV_TRANSFER_BETA1,252,expanded_training_followup_stage8_m252_n20000_r5,200,capacity_and_data_sensitivity_best_tested_configuration,12.447088810362239,185.8890729662485,0.0037177814593249703,0.06097361281181369,12.327580529251083,12.566597091473394,50000,50000,0,0.0,0,0.0,20000,12.507258970000066,0,50000,0.3600237120001566,0.3600237120001566,12.867282682000223,1.0,0.9806487075877932,72cbe26e77a2e42959aef381203aff84fc8b30e78146cd5269c0385c15248218,True,,,,,,,,50000,460.0620423938218,65.00626067869895,169.58961505313619,17.63330962877734,ok,185.8890729662485,185.8890729662485,1.0,residual_variance_beta_one / observed_residual_variance,5.7997151551006905,12.507258970000066,12.867282682000223,
42,3,volatility_high,100.0,0.5,1.0,NCV_TRANSFER_BETA,252,expanded_training_followup_stage8_m252_n20000_r5,200,capacity_and_data_sensitivity_best_tested_configuration,12.345831392191478,18.013723312060755,0.00036027446624121507,0.01898089740347424,12.308628833280668,12.383033951102288,50000,50000,1000,0.008101296999939223,0,0.0,20000,12.507258970000066,0,51000,0.35488011900019956,0.35488011900019956,12.870240386000205,2.5323216552075145,0.9815728155231913,72cbe26e77a2e42959aef381203aff84fc8b30e78146cd5269c0385c15248218,True,,,,,,,,50000,460.0620423938218,65.00626067869895,169.58961505313619,17.63330962877734,ok,18.013723312060755,185.8890729662485,10.319303219328894,residual_variance_beta_one / observed_residual_variance,5.7997151551006905,12.507258970000066,12.870240386000205,55.07962943933456
42,3,maturity_short,100.0,0.2,0.5,MC,252,expanded_training_followup_stage8_m252_n20000_r5,NA,NA,3.9035332223719923,30.04998446178341,0.0006009996892356682,0.024515295006090957,3.855483244160054,3.9515832005839306,50000,50000,0,0.0,0,0.0,0,0.0,0,50000,0.33722055500015813,0.33722055500015813,0.33722055500015813,nan,nan,,,,,,,,,,,,,,,,,,,,,,,
42,3,maturity_short,100.0,0.2,0.5,AV,252,expanded_training_followup_stage8_m252_n20000_r5,NA,NA,3.8921347159600956,7.3610268060318065,0.00014722053612063613,0.012133447000775836,3.868353159838575,3.915916272081616,50000,100000,0,0.0,0,0.0,0,0.0,0,100000,0.4938976879998336,0.4938976879998336,0.4938976879998336,nan,nan,,,,,,,,,,,,,,,,,,,,,,,
42,3,maturity_short,100.0,0.2,0.5,GCV,252,expanded_training_followup_stage8_m252_n20000_r5,NA,NA,3.8657950259380853,0.010377756185279476,2.0755512370558951e-07,0.0004555821810668077,3.8649020848631945,3.866687967012976,50000,50000,1000,0.007499529000142502,0,0.0,0,0.0,0,51000,0.3892104039998685,0.3892104039998685,0.396709933000011,1.0239340350923536,0.9998480896559719,,,,,,,,,,,,,,,,,,,,,,,
42,3,maturity_short,100.0,0.2,0.5,NCV_SCRATCH,252,expanded_training_followup_stage8_m252_n20000_r5,200,capacity_and_data_sensitivity_best_tested_configuration,3.8655964352405467,0.007297530847956309,1.4595061695912618e-07,0.0003820348373631994,3.8648476469593147,3.866345223521779,50000,50000,0,0.0,20000,12.451130478999858,0,0.0,20000,70000,0.3285962779998499,0.3285962779998499,12.779726756999708,nan,nan,,,,0.18011583099996642,12.271014647999891,0.0,12.451130478999858,True,research_tuning_overhead_excluded_from_operational_setup_cost,,,,,,,,,,,,,,
42,3,maturity_short,100.0,0.2,0.5,NCV_TRANSFER_BETA1,252,expanded_training_followup_stage8_m252_n20000_r5,200,capacity_and_data_sensitivity_best_tested_configuration,3.8490963346152984,6.898790265268635,0.00013797580530537269,0.011746310284739318,3.826073566457209,3.8721191027733877,50000,50000,0,0.0,0,0.0,20000,12.507258970000066,0,50000,0.3535381219999181,0.3535381219999181,12.860797091999984,1.0,0.9997808945404456,72cbe26e77a2e42959aef381203aff84fc8b30e78146cd5269c0385c15248218,True,,,,,,,,50000,30.04998446178341,65.68507085776892,44.41813252714182,0.013166788694444875,ok,6.898790265268635,6.898790265268635,1.0,residual_variance_beta_one / observed_residual_variance,5.7997151551006905,12.507258970000066,12.860797091999984,
42,3,maturity_short,100.0,0.2,0.5,NCV_TRANSFER_BETA,252,expanded_training_followup_stage8_m252_n20000_r5,200,capacity_and_data_sensitivity_best_tested_configuration,3.8666873163906033,0.013192590495550818,2.6385180991101635e-07,0.0005136650756193343,3.8656805328423895,3.867694099938817,50000,50000,1000,0.008057886999949915,0,0.0,20000,12.507258970000066,0,51000,0.3552971100000377,0.3552971100000377,12.870613967000054,0.676855483474225,0.9997758326274476,72cbe26e77a2e42959aef381203aff84fc8b30e78146cd5269c0385c15248218,True,,,,,,,,50000,30.04998446178341,65.68507085776892,44.41813252714182,0.013166788694444875,ok,0.013192590495550818,6.898790265268634,522.9291599398344,residual_variance_beta_one / observed_residual_variance,5.7997151551006905,12.507258970000066,12.870613967000054,68.86272205414996
42,3,maturity_long,100.0,0.2,2.0,MC,252,expanded_training_followup_stage8_m252_n20000_r5,NA,NA,8.704487553507704,141.19085066302608,0.0028238170132605218,0.05313959929525741,8.600333938889,8.808641168126409,50000,50000,0,0.0,0,0.0,0,0.0,0,50000,0.3382474530001218,0.3382474530001218,0.3382474530001218,nan,nan,,,,,,,,,,,,,,,,,,,,,,,
42,3,maturity_long,100.0,0.2,2.0,AV,252,expanded_training_followup_stage8_m252_n20000_r5,NA,NA,8.739737254868103,33.39101842184793,0.0006678203684369586,0.025842220656068986,8.689086502382208,8.790388007353998,50000,100000,0,0.0,0,0.0,0,0.0,0,100000,0.490402240000094,0.490402240000094,0.490402240000094,nan,nan,,,,,,,,,,,,,,,,,,,,,,,
42,3,maturity_long,100.0,0.2,2.0,GCV,252,expanded_training_followup_stage8_m252_n20000_r5,NA,NA,8.736042544095339,0.2305184808849452,4.610369617698904e-06,0.0021471771276955483,8.731834076925056,8.740251011265622,50000,50000,1000,0.007552910999947926,0,0.0,0,0.0,0,51000,0.38791006700012076,0.38791006700012076,0.3954629780000687,1.0548713219962773,0.9991518055195457,,,,,,,,,,,,,,,,,,,,,,,
42,3,maturity_long,100.0,0.2,2.0,NCV_SCRATCH,252,expanded_training_followup_stage8_m252_n20000_r5,200,capacity_and_data_sensitivity_best_tested_configuration,8.731341137739156,0.06731764758361257,1.3463529516722513e-06,0.0011603245027457841,8.729066901713773,8.733615373764538,50000,50000,0,0.0,20000,12.455914408999888,0,0.0,20000,70000,0.33247439699994175,0.33247439699994175,12.78838880599983,nan,nan,,,,0.1829166319998876,12.272997777,0.0,12.455914408999888,True,research_tuning_overhead_excluded_from_operational_setup_cost,,,,,,,,,,,,,,
42,3,maturity_long,100.0,0.2,2.0,NCV_TRANSFER_BETA1,252,expanded_training_followup_stage8_m252_n20000_r5,200,capacity_and_data_sensitivity_best_tested_configuration,8.72448683884864,14.951764706153345,0.0002990352941230669,0.01729263699159463,8.690593270345113,8.758380407352165,50000,50000,0,0.0,0,0.0,20000,12.507258970000066,0,50000,0.35856335200014655,0.35856335200014655,12.865822322000213,1.0,0.999388075185563,72cbe26e77a2e42959aef381203aff84fc8b30e78146cd5269c0385c15248218,True,,,,,,,,50000,141.19085066302608,64.49302996937898,95.36605796312573,0.17274350099052072,ok,14.951764706153345,14.951764706153345,1.0,residual_variance_beta_one / observed_residual_variance,5.7997151551006905,12.507258970000066,12.865822322000213,
42,3,maturity_long,100.0,0.2,2.0,NCV_TRANSFER_BETA,252,expanded_training_followup_stage8_m252_n20000_r5,200,capacity_and_data_sensitivity_best_tested_configuration,8.734055478042807,0.17274767069170188,3.4549534138340376e-06,0.0018587504980050545,8.730412327066716,8.737698629018897,50000,50000,1000,0.008126690000153758,0,0.0,20000,12.507258970000066,0,51000,0.35934331399994335,0.35934331399994335,12.874728974000163,1.4784490561061763,0.9993945021048415,72cbe26e77a2e42959aef381203aff84fc8b30e78146cd5269c0385c15248218,True,,,,,,,,50000,141.19085066302608,64.49302996937898,95.36605796312573,0.17274350099052072,ok,0.17274767069170188,14.951764706153345,86.55262699800657,residual_variance_beta_one / observed_residual_variance,5.7997151551006905,12.507258970000066,12.874728974000163,67.93654348159035
42,4,reference,100.0,0.2,1.0,MC,252,expanded_training_followup_stage8_m252_n20000_r5,NA,NA,5.749062668661629,63.75946045759152,0.0012751892091518305,0.03570979150249733,5.679071477316734,5.819053860006523,50000,50000,0,0.0,0,0.0,0,0.0,0,50000,0.3123650490001637,0.3123650490001637,0.3123650490001637,nan,nan,,,,,,,,,,,,,,,,,,,,,,,
42,4,reference,100.0,0.2,1.0,AV,252,expanded_training_followup_stage8_m252_n20000_r5,NA,NA,5.782927098203762,15.25987883823171,0.0003051975767646342,0.017469904887108978,5.748686084625029,5.817168111782496,50000,100000,0,0.0,0,0.0,0,0.0,0,100000,0.49730909899994913,0.49730909899994913,0.49730909899994913,nan,nan,,,,,,,,,,,,,,,,,,,,,,,
42,4,reference,100.0,0.2,1.0,GCV,252,expanded_training_followup_stage8_m252_n20000_r5,NA,NA,5.782361663873929,0.04805364963621036,9.61072992724207e-07,0.0009803433035035264,5.780440190999062,5.784283136748796,50000,50000,1000,0.007694676000028267,0,0.0,0,0.0,0,51000,0.38888708199988287,0.38888708199988287,0.39658175799991113,1.0334362075054353,0.99965768760861,,,,,,,,,,,,,,,,,,,,,,,
42,4,reference,100.0,0.2,1.0,NCV_SCRATCH,252,expanded_training_followup_stage8_m252_n20000_r5,200,capacity_and_data_sensitivity_best_tested_configuration,5.781229764377558,0.017857988642383044,3.571597728476609e-07,0.0005976284571936488,5.780058412601459,5.7824011161536575,50000,50000,0,0.0,20000,12.419459524999866,0,0.0,20000,70000,0.33150317699983134,0.33150317699983134,12.750962701999697,nan,nan,,,,0.18078575100003036,12.238673773999835,0.0,12.419459524999866,True,research_tuning_overhead_excluded_from_operational_setup_cost,,,,,,,,,,,,,,
42,4,strike_low,80.0,0.2,1.0,MC,252,expanded_training_followup_stage8_m252_n20000_r5,NA,NA,21.605177045772866,127.73350637153642,0.0025546701274307285,0.05054374469141289,21.506111306177697,21.704242785368034,50000,50000,0,0.0,0,0.0,0,0.0,0,50000,0.3376299530000324,0.3376299530000324,0.3376299530000324,nan,nan,,,,,,,,,,,,,,,,,,,,,,,
42,4,strike_low,80.0,0.2,1.0,AV,252,expanded_training_followup_stage8_m252_n20000_r5,NA,NA,21.496389636621902,1.9566123634613615,3.9132247269227226e-05,0.006255577293042364,21.48412870512754,21.508650568116266,50000,100000,0,0.0,0,0.0,0,0.0,0,100000,0.5198150329999862,0.5198150329999862,0.5198150329999862,nan,nan,,,,,,,,,,,,,,,,,,,,,,,
42,4,strike_low,80.0,0.2,1.0,GCV,252,expanded_training_followup_stage8_m252_n20000_r5,NA,NA,21.503028670984254,0.08734784458600164,1.7469568917200328e-06,0.0013217249682592946,21.500438090046465,21.50561925192204,50000,50000,1000,0.007525847999886537,0,0.0,0,0.0,0,51000,0.40257183400012764,0.40257183400012764,0.4100976820000142,1.0160178858073075,0.999575395826036,,,,,,,,,,,,,,,,,,,,,,,
42,4,strike_low,80.0,0.2,1.0,NCV_SCRATCH,252,expanded_training_followup_stage8_m252_n20000_r5,200,capacity_and_data_sensitivity_best_tested_configuration,21.504248697660334,0.194075787410002,3.88151574820004e-06,0.0019701562750705946,21.500387191361195,21.508110203959472,50000,50000,0,0.0,20000,12.498107430000118,0,0.0,20000,70000,0.3282798760001242,0.3282798760001242,12.826387306000242,nan,nan,,,,0.1868522990000656,12.311255131000053,0.0,12.498107430000118,True,research_tuning_overhead_excluded_from_operational_setup_cost,,,,,,,,,,,,,,
42,4,strike_low,80.0,0.2,1.0,NCV_TRANSFER_BETA1,252,expanded_training_followup_stage8_m252_n20000_r5,200,capacity_and_data_sensitivity_best_tested_configuration,21.55916896339179,25.12015446298741,0.0005024030892597483,0.022414350074444457,21.51523683724588,21.603101089537702,50000,50000,0,0.0,0,0.0,20000,12.451981457999864,0,50000,0.3530961180001668,0.3530961180001668,12.80507757600003,1.0,0.9195778513989303,34564ae2144d99841264883824bc78398ee4ca6ab685538b4838c5d110b1403b,True,,,,,,,,50000,127.73350637153642,65.10835103541706,83.86085147198308,19.719061254036006,ok,25.12015446298741,25.12015446298741,1.0,residual_variance_beta_one / observed_residual_variance,5.8059736748193895,12.451981457999864,12.80507757600003,
42,4,strike_low,80.0,0.2,1.0,NCV_TRANSFER_BETA,252,expanded_training_followup_stage8_m252_n20000_r5,200,capacity_and_data_sensitivity_best_tested_configuration,21.54602607119248,19.719422358767638,0.00039438844717535276,0.019859215673720673,21.507102008471985,21.584950133912972,50000,50000,1000,0.00822055100002217,0,0.0,20000,12.451981457999864,0,51000,0.3539730329998747,0.3539730329998747,12.81417504199976,1.285664855371531,0.9187233785603893,34564ae2144d99841264883824bc78398ee4ca6ab685538b4838c5d110b1403b,True,,,,,,,,50000,127.73350637153642,65.10835103541706,83.86085147198308,19.719061254036006,ok,19.719422358767638,25.12015446298741,1.2738788188599501,residual_variance_beta_one / observed_residual_variance,5.8059736748193895,12.451981457999864,12.81417504199976,66.05201838782831
42,4,strike_high,120.0,0.2,1.0,MC,252,expanded_training_followup_stage8_m252_n20000_r5,NA,NA,0.5360668221756405,6.230813070226786,0.00012461626140453571,0.011163165384627055,0.5141870180217715,0.5579466263295095,50000,50000,0,0.0,0,0.0,0,0.0,0,50000,0.33852514299996983,0.33852514299996983,0.33852514299996983,nan,nan,,,,,,,,,,,,,,,,,,,,,,,
42,4,strike_high,120.0,0.2,1.0,AV,252,expanded_training_followup_stage8_m252_n20000_r5,NA,NA,0.5380714014004748,3.0159385699432595,6.031877139886519e-05,0.007766516039954156,0.5228490299621646,0.553293772838785,50000,100000,0,0.0,0,0.0,0,0.0,0,100000,0.4940021009999782,0.4940021009999782,0.4940021009999782,nan,nan,,,,,,,,,,,,,,,,,,,,,,,
42,4,strike_high,120.0,0.2,1.0,GCV,252,expanded_training_followup_stage8_m252_n20000_r5,NA,NA,0.5337750428173882,0.03206882169259482,6.413764338518964e-07,0.0008008598091126164,0.5322053575915274,0.535344728043249,50000,50000,1000,0.007508655999799885,0,0.0,0,0.0,0,51000,0.38942187700013164,0.38942187700013164,0.39693053299993153,1.1101381727271784,0.997065366046917,,,,,,,,,,,,,,,,,,,,,,,
42,4,strike_high,120.0,0.2,1.0,NCV_SCRATCH,252,expanded_training_followup_stage8_m252_n20000_r5,200,capacity_and_data_sensitivity_best_tested_configuration,0.5345456424515662,0.03661650673428109,7.323301346856217e-07,0.0008557628963010851,0.5328683471748161,0.5362229377283163,50000,50000,0,0.0,20000,12.477834856000072,0,0.0,20000,70000,0.3307219559999339,0.3307219559999339,12.808556812000006,nan,nan,,,,0.18056309700000384,12.297271759000068,0.0,12.477834856000072,True,research_tuning_overhead_excluded_from_operational_setup_cost,,,,,,,,,,,,,,
42,4,strike_high,120.0,0.2,1.0,NCV_TRANSFER_BETA1,252,expanded_training_followup_stage8_m252_n20000_r5,200,capacity_and_data_sensitivity_best_tested_configuration,0.5317776509879122,43.5333473524224,0.0008706669470484481,0.029507066052870252,0.4739438015242865,0.5896115004515379,50000,50000,0,0.0,0,0.0,20000,12.451981457999864,0,50000,0.3531964879998668,0.3531964879998668,12.80517794599973,1.0,0.6796339563153105,34564ae2144d99841264883824bc78398ee4ca6ab685538b4838c5d110b1403b,True,,,,,,,,50000,6.230813070226786,64.56586508598056,13.631665401892482,3.352786091393649,ok,43.5333473524224,43.5333473524224,1.0,residual_variance_beta_one / observed_residual_variance,5.8059736748193895,12.451981457999864,12.80517794599973,
42,4,strike_high,120.0,0.2,1.0,NCV_TRANSFER_BETA,252,expanded_training_followup_stage8_m252_n20000_r5,200,capacity_and_data_sensitivity_best_tested_configuration,0.5352046557917979,3.359395996526554,6.718791993053108e-05,0.008196823770859727,0.5191388812009128,0.551270430382683,50000,50000,1000,0.008053881000023466,0,0.0,20000,12.451981457999864,0,51000,0.35466548999988845,0.35466548999988845,12.814700828999776,0.2010100194436867,0.6776376916010122,34564ae2144d99841264883824bc78398ee4ca6ab685538b4838c5d110b1403b,True,,,,,,,,50000,6.230813070226786,64.56586508598056,13.631665401892482,3.352786091393649,ok,3.359395996526554,43.5333473524224,12.958682869609207,residual_variance_beta_one / observed_residual_variance,5.8059736748193895,12.451981457999864,12.814700828999776,65.09902283236201
42,4,volatility_low,100.0,0.1,1.0,MC,252,expanded_training_followup_stage8_m252_n20000_r5,NA,NA,3.6322456866875057,17.81085409447013,0.00035621708188940263,0.018873714045979467,3.595253207157386,3.6692381662176254,50000,50000,0,0.0,0,0.0,0,0.0,0,50000,0.33869887300011214,0.33869887300011214,0.33869887300011214,nan,nan,,,,,,,,,,,,,,,,,,,,,,,
42,4,volatility_low,100.0,0.1,1.0,AV,252,expanded_training_followup_stage8_m252_n20000_r5,NA,NA,3.652563241993209,2.783226930624632,5.566453861249264e-05,0.007460867148830131,3.6379399423815015,3.667186541604916,50000,100000,0,0.0,0,0.0,0,0.0,0,100000,0.4976792200000091,0.4976792200000091,0.4976792200000091,nan,nan,,,,,,,,,,,,,,,,,,,,,,,
42,4,volatility_low,100.0,0.1,1.0,GCV,252,expanded_training_followup_stage8_m252_n20000_r5,NA,NA,3.653500993191146,0.003745724841658155,7.491449683316309e-08,0.00027370512752442744,3.652964531141198,3.654037455241094,50000,50000,1000,0.007579513000109728,0,0.0,0,0.0,0,51000,0.39473173700002917,0.39473173700002917,0.4023112500001389,1.0174488218539486,0.9998972279058101,,,,,,,,,,,,,,,,,,,,,,,
42,4,volatility_low,100.0,0.1,1.0,NCV_SCRATCH,252,expanded_training_followup_stage8_m252_n20000_r5,200,capacity_and_data_sensitivity_best_tested_configuration,3.653977897472188,0.0027262802365025183,5.4525604730050366e-08,0.00023350718346562782,3.6535202233925954,3.6544355715517804,50000,50000,0,0.0,20000,12.493686231999845,0,0.0,20000,70000,0.3329455800001142,0.3329455800001142,12.82663181199996,nan,nan,,,,0.18240008099996885,12.311286150999877,0.0,12.493686231999845,True,research_tuning_overhead_excluded_from_operational_setup_cost,,,,,,,,,,,,,,
42,4,volatility_low,100.0,0.1,1.0,NCV_TRANSFER_BETA1,252,expanded_training_followup_stage8_m252_n20000_r5,200,capacity_and_data_sensitivity_best_tested_configuration,3.6689334773582303,14.832737161873515,0.0002966547432374703,0.01722366811214935,3.6351750878584177,3.702691866858043,50000,50000,0,0.0,0,0.0,20000,12.451981457999864,0,50000,0.3545362820000264,0.3545362820000264,12.80651773999989,1.0,0.9900049029513507,34564ae2144d99841264883824bc78398ee4ca6ab685538b4838c5d110b1403b,True,,,,,,,,50000,17.81085409447013,63.73096419391399,33.35454056325526,0.35426309106457055,ok,14.832737161873515,14.832737161873515,1.0,residual_variance_beta_one / observed_residual_variance,5.8059736748193895,12.451981457999864,12.80651773999989,
42,4,volatility_low,100.0,0.1,1.0,NCV_TRANSFER_BETA,252,expanded_training_followup_stage8_m252_n20000_r5,200,capacity_and_data_sensitivity_best_tested_configuration,3.6513502528854644,0.3547042914786224,7.094085829572448e-06,0.002663472513387823,3.6461298467592242,3.6565706590117046,50000,50000,1000,0.008053606999965268,0,0.0,20000,12.451981457999864,0,51000,0.35761510600013935,0.35761510600013935,12.817650170999968,0.5207336241482333,0.9901390614826316,34564ae2144d99841264883824bc78398ee4ca6ab685538b4838c5d110b1403b,True,,,,,,,,50000,17.81085409447013,63.73096419391399,33.35454056325526,0.35426309106457055,ok,0.3547042914786224,14.832737161873515,41.8171911595478,residual_variance_beta_one / observed_residual_variance,5.8059736748193895,12.451981457999864,12.817650170999968,67.13374915340943
42,4,volatility_high,100.0,0.5,1.0,MC,252,expanded_training_followup_stage8_m252_n20000_r5,NA,NA,12.413815643702042,454.15641381195223,0.009083128276239045,0.09530544725375904,12.227016967084674,12.60061432031941,50000,50000,0,0.0,0,0.0,0,0.0,0,50000,0.3435127589998501,0.3435127589998501,0.3435127589998501,nan,nan,,,,,,,,,,,,,,,,,,,,,,,
42,4,volatility_high,100.0,0.5,1.0,AV,252,expanded_training_followup_stage8_m252_n20000_r5,NA,NA,12.358067950011261,148.65476954298117,0.0029730953908596236,0.05452609825450216,12.251196797432437,12.464939102590085,50000,100000,0,0.0,0,0.0,0,0.0,0,100000,0.497522262000075,0.497522262000075,0.497522262000075,nan,nan,,,,,,,,,,,,,,,,,,,,,,,
42,4,volatility_high,100.0,0.5,1.0,GCV,252,expanded_training_followup_stage8_m252_n20000_r5,NA,NA,12.364046093027746,2.153155853173449,4.306311706346898e-05,0.0065622493905267715,12.351184084222313,12.376908101833179,50000,50000,1000,0.007665157999781513,0,0.0,0,0.0,0,51000,0.39530585600004997,0.39530585600004997,0.4029710139998315,1.0975070896707033,0.9969793914727672,,,,,,,,,,,,,,,,,,,,,,,
42,4,volatility_high,100.0,0.5,1.0,NCV_SCRATCH,252,expanded_training_followup_stage8_m252_n20000_r5,200,capacity_and_data_sensitivity_best_tested_configuration,12.359385997901285,0.6121323704533282,1.2242647409066565e-05,0.003498949472208275,12.352528056935757,12.366243938866813,50000,50000,0,0.0,20000,12.446193442999856,0,0.0,20000,70000,0.3289829360001022,0.3289829360001022,12.775176378999959,nan,nan,,,,0.1828248369999983,12.263368605999858,0.0,12.446193442999856,True,research_tuning_overhead_excluded_from_operational_setup_cost,,,,,,,,,,,,,,
42,4,volatility_high,100.0,0.5,1.0,NCV_TRANSFER_BETA1,252,expanded_training_followup_stage8_m252_n20000_r5,200,capacity_and_data_sensitivity_best_tested_configuration,12.393502098938928,182.5519030686796,0.0036510380613735917,0.060423820314289896,12.27507141112292,12.511932786754937,50000,50000,0,0.0,0,0.0,20000,12.451981457999864,0,50000,0.35669691599991893,0.35669691599991893,12.808678373999783,1.0,0.980892266992816,34564ae2144d99841264883824bc78398ee4ca6ab685538b4838c5d110b1403b,True,,,,,,,,50000,454.15641381195223,64.71284537794882,168.15867806061075,17.189984010555293,ok,182.5519030686796,182.5519030686796,1.0,residual_variance_beta_one / observed_residual_variance,5.8059736748193895,12.451981457999864,12.808678373999783,
42,4,volatility_high,100.0,0.5,1.0,NCV_TRANSFER_BETA,252,expanded_training_followup_stage8_m252_n20000_r5,200,capacity_and_data_sensitivity_best_tested_configuration,12.36230900570732,17.446465041312678,0.00034892930082625355,0.018679649376427104,12.325696892929523,12.398921118485118,50000,50000,1000,0.008108051000135674,0,0.0,20000,12.451981457999864,0,51000,0.35653036300004715,0.35653036300004715,12.816619872000047,2.535580992651377,0.9811839322709217,34564ae2144d99841264883824bc78398ee4ca6ab685538b4838c5d110b1403b,True,,,,,,,,50000,454.15641381195223,64.71284537794882,168.15867806061075,17.189984010555293,ok,17.446465041312678,182.55190306867965,10.463546777894692,residual_variance_beta_one / observed_residual_variance,5.8059736748193895,12.451981457999864,12.816619872000047,56.17071686563413
42,4,maturity_short,100.0,0.2,0.5,MC,252,expanded_training_followup_stage8_m252_n20000_r5,NA,NA,3.8634223937657395,29.739878357875423,0.0005947975671575084,0.024388472013586838,3.8156209886191093,3.9112237989123697,50000,50000,0,0.0,0,0.0,0,0.0,0,50000,0.33913412600008996,0.33913412600008996,0.33913412600008996,nan,nan,,,,,,,,,,,,,,,,,,,,,,,
42,4,maturity_short,100.0,0.2,0.5,AV,252,expanded_training_followup_stage8_m252_n20000_r5,NA,NA,3.8734864771057445,7.35148376733305,0.00014702967534666102,0.012125579381895984,3.8497203415172283,3.8972526126942606,50000,100000,0,0.0,0,0.0,0,0.0,0,100000,0.49293789099988317,0.49293789099988317,0.49293789099988317,nan,nan,,,,,,,,,,,,,,,,,,,,,,,
42,4,maturity_short,100.0,0.2,0.5,GCV,252,expanded_training_followup_stage8_m252_n20000_r5,NA,NA,3.865562430290197,0.010850916686640899,2.1701833373281797e-07,0.0004658522659951521,3.8646493598488463,3.8664755007315477,50000,50000,1000,0.007833977000018422,0,0.0,0,0.0,0,51000,0.38992814099992756,0.38992814099992756,0.397762117999946,1.0260667849275442,0.999808595438236,,,,,,,,,,,,,,,,,,,,,,,
42,4,maturity_short,100.0,0.2,0.5,NCV_SCRATCH,252,expanded_training_followup_stage8_m252_n20000_r5,200,capacity_and_data_sensitivity_best_tested_configuration,3.866199086228105,0.009292900481301995,1.8585800962603988e-07,0.0004311125254803436,3.8653541056781635,3.8670440667780466,50000,50000,0,0.0,20000,12.514234962000046,0,0.0,20000,70000,0.3301671950000582,0.3301671950000582,12.844402157000104,nan,nan,,,,0.18069575300000906,12.333539209000037,0.0,12.514234962000046,True,research_tuning_overhead_excluded_from_operational_setup_cost,,,,,,,,,,,,,,
42,4,maturity_short,100.0,0.2,0.5,NCV_TRANSFER_BETA1,252,expanded_training_followup_stage8_m252_n20000_r5,200,capacity_and_data_sensitivity_best_tested_configuration,3.8669044090179168,6.874195295058473,0.00013748390590116947,0.011725353124796263,3.843922716893316,3.8898861011425176,50000,50000,0,0.0,0,0.0,20000,12.451981457999864,0,50000,0.3555962839998301,0.3555962839998301,12.807577741999694,1.0,0.9997288689674517,34564ae2144d99841264883824bc78398ee4ca6ab685538b4838c5d110b1403b,True,,,,,,,,50000,29.739878357875423,65.13686626247039,44.0012746626436,0.016124621614967083,ok,6.874195295058473,6.874195295058473,1.0,residual_variance_beta_one / observed_residual_variance,5.8059736748193895,12.451981457999864,12.807577741999694,
42,4,maturity_short,100.0,0.2,0.5,NCV_TRANSFER_BETA,252,expanded_training_followup_stage8_m252_n20000_r5,200,capacity_and_data_sensitivity_best_tested_configuration,3.86577439708455,0.016124774379264985,3.224954875852997e-07,0.0005678868616065172,3.8646613388358015,3.866887455333299,50000,50000,1000,0.008409914999901957,0,0.0,20000,12.451981457999864,0,51000,0.3546408029999384,0.3546408029999384,12.815032175999704,0.6754718599635874,0.9997263600441738,34564ae2144d99841264883824bc78398ee4ca6ab685538b4838c5d110b1403b,True,,,,,,,,50000,29.739878357875423,65.13686626247039,44.0012746626436,0.016124621614967083,ok,0.016124774379264985,6.874195295058472,426.3126499244585,residual_variance_beta_one / observed_residual_variance,5.8059736748193895,12.451981457999864,12.815032175999704,67.87328399907364
42,4,maturity_long,100.0,0.2,2.0,MC,252,expanded_training_followup_stage8_m252_n20000_r5,NA,NA,8.73860761728546,140.84549733634674,0.002816909946726935,0.05307456968009194,8.63458146071248,8.84263377385844,50000,50000,0,0.0,0,0.0,0,0.0,0,50000,0.3384402260001025,0.3384402260001025,0.3384402260001025,nan,nan,,,,,,,,,,,,,,,,,,,,,,,
42,4,maturity_long,100.0,0.2,2.0,AV,252,expanded_training_followup_stage8_m252_n20000_r5,NA,NA,8.72980295355516,32.81272923789768,0.0006562545847579535,0.02561746640005513,8.679592719411051,8.780013187699268,50000,100000,0,0.0,0,0.0,0,0.0,0,100000,0.4977146860001085,0.4977146860001085,0.4977146860001085,nan,nan,,,,,,,,,,,,,,,,,,,,,,,
42,4,maturity_long,100.0,0.2,2.0,GCV,252,expanded_training_followup_stage8_m252_n20000_r5,NA,NA,8.734091694391111,0.23511909269999437,4.702381853999887e-06,0.0021684976029499982,8.729841439089329,8.738341949692893,50000,50000,1000,0.007554131999995661,0,0.0,0,0.0,0,51000,0.3917526719999387,0.3917526719999387,0.39930680399993435,1.0488998761404604,0.9993487771734776,,,,,,,,,,,,,,,,,,,,,,,
42,4,maturity_long,100.0,0.2,2.0,NCV_SCRATCH,252,expanded_training_followup_stage8_m252_n20000_r5,200,capacity_and_data_sensitivity_best_tested_configuration,8.7318750902269,0.04575280929385534,9.150561858771069e-07,0.0009565856918630483,8.73000018227085,8.733749998182951,50000,50000,0,0.0,20000,12.475560706999886,0,0.0,20000,70000,0.33023139000010815,0.33023139000010815,12.805792096999994,nan,nan,,,,0.18334647899996526,12.29221422799992,0.0,12.475560706999886,True,research_tuning_overhead_excluded_from_operational_setup_cost,,,,,,,,,,,,,,
42,4,maturity_long,100.0,0.2,2.0,NCV_TRANSFER_BETA1,252,expanded_training_followup_stage8_m252_n20000_r5,200,capacity_and_data_sensitivity_best_tested_configuration,8.735291044012355,14.854048438473402,0.00029708096876946804,0.01723603692179464,8.701508411645637,8.769073676379072,50000,50000,0,0.0,0,0.0,20000,12.451981457999864,0,50000,0.3523351010001079,0.3523351010001079,12.804316558999972,1.0,0.9994028118010838,34564ae2144d99841264883824bc78398ee4ca6ab685538b4838c5d110b1403b,True,,,,,,,,50000,140.84549733634674,64.4573208261434,95.22438486200832,0.16817230750231715,ok,14.854048438473402,14.854048438473402,1.0,residual_variance_beta_one / observed_residual_variance,5.8059736748193895,12.451981457999864,12.804316558999972,
42,4,maturity_long,100.0,0.2,2.0,NCV_TRANSFER_BETA,252,expanded_training_followup_stage8_m252_n20000_r5,200,capacity_and_data_sensitivity_best_tested_configuration,8.733701775447024,0.1683965907448388,3.3679318148967758e-06,0.0018351925825091972,8.730104797985305,8.737298752908742,50000,50000,1000,0.008119532999899093,0,0.0,20000,12.451981457999864,0,51000,0.35605960299994877,0.35605960299994877,12.816160593999712,1.4791899453020738,0.9994738084458938,34564ae2144d99841264883824bc78398ee4ca6ab685538b4838c5d110b1403b,True,,,,,,,,50000,140.84549733634674,64.4573208261434,95.22438486200832,0.16817230750231715,ok,0.1683965907448388,14.854048438473402,88.20872425488024,residual_variance_beta_one / observed_residual_variance,5.8059736748193895,12.451981457999864,12.816160593999712,61.47231139500267
