config_id,hidden_width,train_paths,checkpoint,split,metric,count,mean,std_dev,median,ci95_lower,ci95_upper,ci_method,ci_status
w8_n5000,8,5000,0,training,mse,10,99.65411600112299,9.798758893556982,98.9808822228272,92.64450615667553,106.66372584557044,student-t,ok
w8_n5000,8,5000,0,training,centered_residual_variance,10,65.42332522921319,2.145949341365979,66.039181298513,63.88820554800384,66.95844491042254,student-t,ok
w8_n5000,8,5000,0,training,ncv_vrr_vs_mc,10,0.9795858042327863,0.011110525707823473,0.9773574143946151,0.9716378129387302,0.9875337955268424,student-t,ok
w8_n5000,8,5000,0,training,generalization_gap_ratio,10,1.0060496581423297,0.04354771467743585,1.002000309468169,0.9748974997085859,1.0372018165760735,student-t,ok
w8_n5000,8,5000,0,training,generalization_gap_log,10,0.005198615214767348,0.0428929475969516,0.0019896401999941046,-0.025485151066149805,0.035882381495684505,student-t,ok
w8_n5000,8,5000,0,training,ncv_setup_cost_s,10,0.0,0.0,0.0,0.0,0.0,student-t,ok
w8_n5000,8,5000,0,validation,mse,10,100.11454890756107,9.152270338033034,101.26929224929948,93.56740911593867,106.66168869918347,student-t,ok
w8_n5000,8,5000,0,validation,centered_residual_variance,10,66.0640408774974,1.8364241595772623,66.521344605087,64.75034217265244,67.37773958234237,student-t,ok
w8_n5000,8,5000,0,validation,ncv_vrr_vs_mc,10,0.9790282090019049,0.010668800848788617,0.9791041256452905,0.9713962086362983,0.9866602093675115,student-t,ok
w8_n5000,8,5000,0,validation,generalization_gap_ratio,10,1.0060496581423297,0.04354771467743585,1.002000309468169,0.9748974997085859,1.0372018165760735,student-t,ok
w8_n5000,8,5000,0,validation,generalization_gap_log,10,0.005198615214767348,0.0428929475969516,0.0019896401999941046,-0.025485151066149805,0.035882381495684505,student-t,ok
w8_n5000,8,5000,0,validation,ncv_setup_cost_s,10,0.0,0.0,0.0,0.0,0.0,student-t,ok
w8_n5000,8,5000,0,test,mse,10,99.20460418084292,8.48437362401203,98.2158983512569,93.13524891607057,105.27395944561528,student-t,ok
w8_n5000,8,5000,0,test,centered_residual_variance,10,65.31356408804176,1.2044155806876566,65.36987474135077,64.45197708473817,66.17515109134534,student-t,ok
w8_n5000,8,5000,0,test,ncv_vrr_vs_mc,10,0.9789077000371936,0.009606499378582966,0.9780689361417656,0.9720356243645214,0.9857797757098659,student-t,ok
w8_n5000,8,5000,0,test,generalization_gap_ratio,10,1.0060496581423297,0.04354771467743585,1.002000309468169,0.9748974997085859,1.0372018165760735,student-t,ok
w8_n5000,8,5000,0,test,generalization_gap_log,10,0.005198615214767348,0.0428929475969516,0.0019896401999941046,-0.025485151066149805,0.035882381495684505,student-t,ok
w8_n5000,8,5000,0,test,ncv_setup_cost_s,10,0.0,0.0,0.0,0.0,0.0,student-t,ok
w8_n5000,8,5000,10,training,mse,10,0.164712049307289,0.039445271445635983,0.14692662957749394,0.13649460197076585,0.19292949664381215,student-t,ok
w8_n5000,8,5000,10,training,centered_residual_variance,10,0.16219611090800057,0.03598349685901505,0.14545612420128573,0.13645506792893042,0.18793715388707072,student-t,ok
w8_n5000,8,5000,10,training,ncv_vrr_vs_mc,10,409.0339784054402,71.43189328498678,428.84734399032186,357.9346802374654,460.13327657341506,student-t,ok
w8_n5000,8,5000,10,training,generalization_gap_ratio,10,1.8024524362474317,0.14465318741160657,1.805274249512361,1.69897377966187,1.9059310928329933,student-t,ok
w8_n5000,8,5000,10,training,generalization_gap_log,10,0.5862226069115659,0.08084389449823082,0.5906922202070686,0.5283903686766926,0.6440548451464392,student-t,ok
w8_n5000,8,5000,10,training,ncv_setup_cost_s,10,0.2149300970000354,0.017938360087997,0.21085259950007185,0.2020977672292982,0.2277624267707726,student-t,ok
w8_n5000,8,5000,10,validation,mse,10,0.29368396635442867,0.05323230528527418,0.2831840372496812,0.2556038691478691,0.33176406356098825,student-t,ok
w8_n5000,8,5000,10,validation,centered_residual_variance,10,0.2868176557790623,0.05007720712856612,0.278255654487152,0.2509945798279192,0.32264073173020547,student-t,ok
w8_n5000,8,5000,10,validation,ncv_vrr_vs_mc,10,231.32622362158835,37.877894339748906,236.63681801354565,204.23001032202183,258.4224369211549,student-t,ok
w8_n5000,8,5000,10,validation,generalization_gap_ratio,10,1.8024524362474317,0.14465318741160657,1.805274249512361,1.69897377966187,1.9059310928329933,student-t,ok
w8_n5000,8,5000,10,validation,generalization_gap_log,10,0.5862226069115659,0.08084389449823082,0.5906922202070686,0.5283903686766926,0.6440548451464392,student-t,ok
w8_n5000,8,5000,10,validation,ncv_setup_cost_s,10,0.2149300970000354,0.017938360087997,0.21085259950007185,0.2020977672292982,0.2277624267707726,student-t,ok
w8_n5000,8,5000,10,test,mse,10,0.29050476679722254,0.04587914554594945,0.2824353906185627,0.2576848031908943,0.32332473040355075,student-t,ok
w8_n5000,8,5000,10,test,centered_residual_variance,10,0.28329772546628,0.043721343341813,0.2759662552687433,0.2520213605683995,0.3145740903641605,student-t,ok
w8_n5000,8,5000,10,test,ncv_vrr_vs_mc,10,230.3911960071676,34.70407619084638,231.22288883588908,205.56539543871352,255.21699657562166,student-t,ok
w8_n5000,8,5000,10,test,generalization_gap_ratio,10,1.8024524362474317,0.14465318741160657,1.805274249512361,1.69897377966187,1.9059310928329933,student-t,ok
w8_n5000,8,5000,10,test,generalization_gap_log,10,0.5862226069115659,0.08084389449823082,0.5906922202070686,0.5283903686766926,0.6440548451464392,student-t,ok
w8_n5000,8,5000,10,test,ncv_setup_cost_s,10,0.2149300970000354,0.017938360087997,0.21085259950007185,0.2020977672292982,0.2277624267707726,student-t,ok
w8_n5000,8,5000,25,training,mse,10,0.09878851503744926,0.010695495405536326,0.09681970710079692,0.09113741853632133,0.10643961153857719,student-t,ok
w8_n5000,8,5000,25,training,centered_residual_variance,10,0.09865195449530213,0.010629292222816281,0.09671531820492643,0.09104821689813022,0.10625569209247404,student-t,ok
w8_n5000,8,5000,25,training,ncv_vrr_vs_mc,10,655.9978786669451,70.31397195881331,655.3995392521717,605.6982932399803,706.2974640939099,student-t,ok
w8_n5000,8,5000,25,training,generalization_gap_ratio,10,2.1490722498905153,0.19358258779623638,2.1013728660454083,2.010591608834805,2.2875528909462255,student-t,ok
w8_n5000,8,5000,25,training,generalization_gap_log,10,0.7614170270126273,0.08948130859170576,0.7425101382148005,0.6974059549562583,0.8254280990689962,student-t,ok
w8_n5000,8,5000,25,training,ncv_setup_cost_s,10,0.5199482410000883,0.024562973818517707,0.5189318310001454,0.5023769480478351,0.5375195339523415,student-t,ok
w8_n5000,8,5000,25,validation,mse,10,0.2109794409137353,0.01537986712813895,0.2061525303030824,0.19997734675070988,0.22198153507676072,student-t,ok
w8_n5000,8,5000,25,validation,centered_residual_variance,10,0.21004355144452333,0.015191663072824034,0.20513683495063015,0.19917609035219913,0.22091101253684753,student-t,ok
w8_n5000,8,5000,25,validation,ncv_vrr_vs_mc,10,309.18205019665356,21.24384173558727,318.30983032492475,293.9851213017534,324.37897909155373,student-t,ok
w8_n5000,8,5000,25,validation,generalization_gap_ratio,10,2.1490722498905153,0.19358258779623638,2.1013728660454083,2.010591608834805,2.2875528909462255,student-t,ok
w8_n5000,8,5000,25,validation,generalization_gap_log,10,0.7614170270126273,0.08948130859170576,0.7425101382148005,0.6974059549562583,0.8254280990689962,student-t,ok
w8_n5000,8,5000,25,validation,ncv_setup_cost_s,10,0.5199482410000883,0.024562973818517707,0.5189318310001454,0.5023769480478351,0.5375195339523415,student-t,ok
w8_n5000,8,5000,25,test,mse,10,0.20869081840818438,0.013977547052342,0.20714222947447736,0.19869188359576162,0.21868975322060713,student-t,ok
w8_n5000,8,5000,25,test,centered_residual_variance,10,0.2075817213676317,0.014216543936852096,0.20539547286188836,0.19741181848336917,0.21775162425189423,student-t,ok
w8_n5000,8,5000,25,test,ncv_vrr_vs_mc,10,309.1233540317969,19.332512634573774,312.1939564053672,295.2937076088894,322.9530004547044,student-t,ok
w8_n5000,8,5000,25,test,generalization_gap_ratio,10,2.1490722498905153,0.19358258779623638,2.1013728660454083,2.010591608834805,2.2875528909462255,student-t,ok
w8_n5000,8,5000,25,test,generalization_gap_log,10,0.7614170270126273,0.08948130859170576,0.7425101382148005,0.6974059549562583,0.8254280990689962,student-t,ok
w8_n5000,8,5000,25,test,ncv_setup_cost_s,10,0.5199482410000883,0.024562973818517707,0.5189318310001454,0.5023769480478351,0.5375195339523415,student-t,ok
w8_n5000,8,5000,50,training,mse,10,0.0921413023696337,0.008705121146756548,0.09071513348279993,0.08591403383999013,0.09836857089927728,student-t,ok
w8_n5000,8,5000,50,training,centered_residual_variance,10,0.09154322789794792,0.008592077699068898,0.089127810679818,0.08539682577928244,0.09768963001661339,student-t,ok
w8_n5000,8,5000,50,training,ncv_vrr_vs_mc,10,705.5471636956731,70.39081513967649,701.4344418855699,655.1926079686011,755.9017194227451,student-t,ok
w8_n5000,8,5000,50,training,generalization_gap_ratio,10,2.424432334848774,0.20456967546846222,2.3926381383500566,2.2780920047502318,2.570772664947316,student-t,ok
w8_n5000,8,5000,50,training,generalization_gap_log,10,0.8824306106287507,0.08367836439061323,0.8723686285625669,0.8225707147815958,0.9422905064759056,student-t,ok
w8_n5000,8,5000,50,training,ncv_setup_cost_s,10,0.9451056165000751,0.024640510563393198,0.947601079500032,0.9274788571019086,0.9627323758982416,student-t,ok
w8_n5000,8,5000,50,validation,mse,10,0.22230171806621635,0.015917575040628594,0.2155858977060801,0.2109149708345964,0.2336884652978363,student-t,ok
w8_n5000,8,5000,50,validation,centered_residual_variance,10,0.22112892190261707,0.016724854517151406,0.21440765589948158,0.20916468172241814,0.233093162082816,student-t,ok
w8_n5000,8,5000,50,validation,ncv_vrr_vs_mc,10,293.86315352036627,22.183204736976432,298.771706301079,277.994244815209,309.7320622255235,student-t,ok
w8_n5000,8,5000,50,validation,generalization_gap_ratio,10,2.424432334848774,0.20456967546846222,2.3926381383500566,2.2780920047502318,2.570772664947316,student-t,ok
w8_n5000,8,5000,50,validation,generalization_gap_log,10,0.8824306106287507,0.08367836439061323,0.8723686285625669,0.8225707147815958,0.9422905064759056,student-t,ok
w8_n5000,8,5000,50,validation,ncv_setup_cost_s,10,0.9451056165000751,0.024640510563393198,0.947601079500032,0.9274788571019086,0.9627323758982416,student-t,ok
w8_n5000,8,5000,50,test,mse,10,0.22033928754133,0.018665082636513414,0.22088327105629363,0.20698709177678698,0.23369148330587303,student-t,ok
w8_n5000,8,5000,50,test,centered_residual_variance,10,0.2191728190434969,0.019288352519445356,0.22080470309263853,0.20537476286391498,0.2329708752230788,student-t,ok
w8_n5000,8,5000,50,test,ncv_vrr_vs_mc,10,293.62684672527223,25.028993504156727,286.8286823854203,275.7221833725788,311.53151007796566,student-t,ok
w8_n5000,8,5000,50,test,generalization_gap_ratio,10,2.424432334848774,0.20456967546846222,2.3926381383500566,2.2780920047502318,2.570772664947316,student-t,ok
w8_n5000,8,5000,50,test,generalization_gap_log,10,0.8824306106287507,0.08367836439061323,0.8723686285625669,0.8225707147815958,0.9422905064759056,student-t,ok
w8_n5000,8,5000,50,test,ncv_setup_cost_s,10,0.9451056165000751,0.024640510563393198,0.947601079500032,0.9274788571019086,0.9627323758982416,student-t,ok
w8_n5000,8,5000,100,training,mse,10,0.09033685746238271,0.02226708559883622,0.09021467311774273,0.07440794400341529,0.10626577092135013,student-t,ok
w8_n5000,8,5000,100,training,centered_residual_variance,10,0.08880032641190379,0.021180815588172145,0.08962062570371293,0.07364848370681373,0.10395216911699384,student-t,ok
w8_n5000,8,5000,100,training,ncv_vrr_vs_mc,10,788.0301749803259,328.0134774271862,687.5885843702819,553.3834686513355,1022.6768813093163,student-t,ok
w8_n5000,8,5000,100,training,generalization_gap_ratio,10,2.761085157853999,0.26204722806275393,2.73827011317982,2.5736278635688383,2.94854245213916,student-t,ok
w8_n5000,8,5000,100,training,generalization_gap_log,10,1.0116430299175676,0.09365136209861781,1.0073092530983532,0.9446488812867619,1.0786371785483733,student-t,ok
w8_n5000,8,5000,100,training,ncv_setup_cost_s,10,1.6839419626000336,0.02764423748398265,1.6815948780000554,1.6641664664055735,1.7037174587944937,student-t,ok
w8_n5000,8,5000,100,validation,mse,10,0.24462434566569544,0.04674314036346852,0.24861765835846772,0.2111863173999321,0.2780623739314588,student-t,ok
w8_n5000,8,5000,100,validation,centered_residual_variance,10,0.24237235659214285,0.045376196020669946,0.24764138732819502,0.209912181402078,0.2748325317822077,student-t,ok
w8_n5000,8,5000,100,validation,ncv_vrr_vs_mc,10,282.32792297243367,93.97411855944158,257.5163406758277,215.10288827843112,349.5529576664362,student-t,ok
w8_n5000,8,5000,100,validation,generalization_gap_ratio,10,2.761085157853999,0.26204722806275393,2.73827011317982,2.5736278635688383,2.94854245213916,student-t,ok
w8_n5000,8,5000,100,validation,generalization_gap_log,10,1.0116430299175676,0.09365136209861781,1.0073092530983532,0.9446488812867619,1.0786371785483733,student-t,ok
w8_n5000,8,5000,100,validation,ncv_setup_cost_s,10,1.6839419626000336,0.02764423748398265,1.6815948780000554,1.6641664664055735,1.7037174587944937,student-t,ok
w8_n5000,8,5000,100,test,mse,10,0.2448539197889249,0.05378010882713263,0.2561356599612915,0.20638194753558167,0.28332589204226816,student-t,ok
w8_n5000,8,5000,100,test,centered_residual_variance,10,0.24245981022618293,0.0524860849237111,0.2549074071011266,0.2049135269086434,0.28000609354372247,student-t,ok
w8_n5000,8,5000,100,test,ncv_vrr_vs_mc,10,287.069675513186,122.3708344976489,250.34338728949967,199.5308539658996,374.60849706047236,student-t,ok
w8_n5000,8,5000,100,test,generalization_gap_ratio,10,2.761085157853999,0.26204722806275393,2.73827011317982,2.5736278635688383,2.94854245213916,student-t,ok
w8_n5000,8,5000,100,test,generalization_gap_log,10,1.0116430299175676,0.09365136209861781,1.0073092530983532,0.9446488812867619,1.0786371785483733,student-t,ok
w8_n5000,8,5000,100,test,ncv_setup_cost_s,10,1.6839419626000336,0.02764423748398265,1.6815948780000554,1.6641664664055735,1.7037174587944937,student-t,ok
w8_n5000,8,5000,200,training,mse,10,0.082578893307957,0.018994283801831695,0.08887684107838052,0.06899120121634995,0.09616658539956403,student-t,ok
w8_n5000,8,5000,200,training,centered_residual_variance,10,0.08038303832912519,0.018104488426574583,0.08408260251235718,0.0674318675041091,0.09333420915414128,student-t,ok
w8_n5000,8,5000,200,training,ncv_vrr_vs_mc,10,876.6604381260549,400.66867074126054,742.5815450652815,590.0393375052079,1163.281538746902,student-t,ok
w8_n5000,8,5000,200,training,generalization_gap_ratio,10,3.195020669574136,0.32614178592743054,3.137248200641727,2.9617128906853427,3.4283284484629295,student-t,ok
w8_n5000,8,5000,200,training,generalization_gap_log,10,1.156832476946235,0.10331162863016304,1.1428382489638116,1.0829277899385712,1.2307371639538989,student-t,ok
w8_n5000,8,5000,200,training,ncv_setup_cost_s,10,3.0461582538000584,0.042710035623935716,3.038426602500067,3.0156053348622227,3.076711172737894,student-t,ok
w8_n5000,8,5000,200,validation,mse,10,0.2662337585409053,0.06757965735336509,0.2756768645587995,0.2178901839500444,0.3145773331317662,student-t,ok
w8_n5000,8,5000,200,validation,centered_residual_variance,10,0.2637514222718707,0.06702780969525245,0.274321594878036,0.21580261571428438,0.311700228829457,student-t,ok
w8_n5000,8,5000,200,validation,ncv_vrr_vs_mc,10,285.0436326999249,179.42688638216643,233.84342034561763,156.68937040962834,413.39789499022146,student-t,ok
w8_n5000,8,5000,200,validation,generalization_gap_ratio,10,3.195020669574136,0.32614178592743054,3.137248200641727,2.9617128906853427,3.4283284484629295,student-t,ok
w8_n5000,8,5000,200,validation,generalization_gap_log,10,1.156832476946235,0.10331162863016304,1.1428382489638116,1.0829277899385712,1.2307371639538989,student-t,ok
w8_n5000,8,5000,200,validation,ncv_setup_cost_s,10,3.0461582538000584,0.042710035623935716,3.038426602500067,3.0156053348622227,3.076711172737894,student-t,ok
w8_n5000,8,5000,200,test,mse,10,0.2641481480423469,0.06985383723680703,0.27968520766973726,0.21417772316644618,0.3141185729182476,student-t,ok
w8_n5000,8,5000,200,test,centered_residual_variance,10,0.2618329485091146,0.06909314278429154,0.27727504797697355,0.21240669166315446,0.31125920535507473,student-t,ok
w8_n5000,8,5000,200,test,ncv_vrr_vs_mc,10,291.1222827588727,202.2913587908898,229.4037936221059,146.41176222962017,435.8328032881252,student-t,ok
w8_n5000,8,5000,200,test,generalization_gap_ratio,10,3.195020669574136,0.32614178592743054,3.137248200641727,2.9617128906853427,3.4283284484629295,student-t,ok
w8_n5000,8,5000,200,test,generalization_gap_log,10,1.156832476946235,0.10331162863016304,1.1428382489638116,1.0829277899385712,1.2307371639538989,student-t,ok
w8_n5000,8,5000,200,test,ncv_setup_cost_s,10,3.0461582538000584,0.042710035623935716,3.038426602500067,3.0156053348622227,3.076711172737894,student-t,ok
w8_n10000,8,10000,0,training,mse,10,97.6095721729274,12.239814723345884,96.86908397284701,88.85373618278051,106.36540816307429,student-t,ok
w8_n10000,8,10000,0,training,centered_residual_variance,10,65.40130508769873,1.7782994545980253,66.00650301265091,64.12918629196817,66.6734238834293,student-t,ok
w8_n10000,8,10000,0,training,ncv_vrr_vs_mc,10,0.9749798366766856,0.013414014735733686,0.9773700338783673,0.9653840285986863,0.984575644754685,student-t,ok
w8_n10000,8,10000,0,training,generalization_gap_ratio,10,1.0101927976785698,0.037853688188809166,1.0175239157211116,0.983113900416245,1.0372716949408947,student-t,ok
w8_n10000,8,10000,0,training,generalization_gap_log,10,0.009508755693997985,0.037503592302340315,0.017366823883556773,-0.01731969805818942,0.03633720944618539,student-t,ok
w8_n10000,8,10000,0,training,ncv_setup_cost_s,10,0.0,0.0,0.0,0.0,0.0,student-t,ok
w8_n10000,8,10000,0,validation,mse,10,98.51971545296036,12.231193959081534,96.8141224168442,89.7700463860647,107.269384519856,student-t,ok
w8_n10000,8,10000,0,validation,centered_residual_variance,10,66.36658026859341,2.242133567102518,66.8021141316369,64.76265453725799,67.97050599992883,student-t,ok
w8_n10000,8,10000,0,validation,ncv_vrr_vs_mc,10,0.9747542956723342,0.012837658343288576,0.9775418627902099,0.9655707881199708,0.9839378032246976,student-t,ok
w8_n10000,8,10000,0,validation,generalization_gap_ratio,10,1.0101927976785698,0.037853688188809166,1.0175239157211116,0.983113900416245,1.0372716949408947,student-t,ok
w8_n10000,8,10000,0,validation,generalization_gap_log,10,0.009508755693997985,0.037503592302340315,0.017366823883556773,-0.01731969805818942,0.03633720944618539,student-t,ok
w8_n10000,8,10000,0,validation,ncv_setup_cost_s,10,0.0,0.0,0.0,0.0,0.0,student-t,ok
w8_n10000,8,10000,0,test,mse,10,97.4708774696885,12.404746857486412,95.96260107007976,88.59705613836769,106.34469880100932,student-t,ok
w8_n10000,8,10000,0,test,centered_residual_variance,10,65.50994368759457,1.39766596760377,64.99771491431504,64.51011368542905,66.5097736897601,student-t,ok
w8_n10000,8,10000,0,test,ncv_vrr_vs_mc,10,0.9760631658245505,0.013374634528648151,0.9767772186219038,0.9664955286496484,0.9856308029994527,student-t,ok
w8_n10000,8,10000,0,test,generalization_gap_ratio,10,1.0101927976785698,0.037853688188809166,1.0175239157211116,0.983113900416245,1.0372716949408947,student-t,ok
w8_n10000,8,10000,0,test,generalization_gap_log,10,0.009508755693997985,0.037503592302340315,0.017366823883556773,-0.01731969805818942,0.03633720944618539,student-t,ok
w8_n10000,8,10000,0,test,ncv_setup_cost_s,10,0.0,0.0,0.0,0.0,0.0,student-t,ok
w8_n10000,8,10000,10,training,mse,10,0.1439477639361076,0.014042914814382117,0.14169367571019303,0.13390206784368158,0.1539934600285336,student-t,ok
w8_n10000,8,10000,10,training,centered_residual_variance,10,0.142500808229394,0.013346174093168212,0.1406813923963195,0.13295353042355937,0.15204808603522865,student-t,ok
w8_n10000,8,10000,10,training,ncv_vrr_vs_mc,10,450.1816784189533,34.06678254433861,451.97329426483446,425.8117702616598,474.55158657624685,student-t,ok
w8_n10000,8,10000,10,training,generalization_gap_ratio,10,1.407609299719988,0.12702360245790048,1.3822968585624658,1.3167420884804566,1.4984765109595195,student-t,ok
w8_n10000,8,10000,10,training,generalization_gap_log,10,0.33816501001429533,0.09142822273091615,0.32369760506097034,0.2727611994831104,0.40356882054548027,student-t,ok
w8_n10000,8,10000,10,training,ncv_setup_cost_s,10,0.36540814879998607,0.015555184668650317,0.3627178394999646,0.35428064002361803,0.3765356575763541,student-t,ok
w8_n10000,8,10000,10,validation,mse,10,0.2018826569254491,0.01975049390311962,0.19694746028571986,0.18775400471552098,0.21601130913537722,student-t,ok
w8_n10000,8,10000,10,validation,centered_residual_variance,10,0.19935566934090188,0.019536015823875853,0.19658560879171497,0.1853804455061401,0.21333089317566364,student-t,ok
w8_n10000,8,10000,10,validation,ncv_vrr_vs_mc,10,326.62271651641254,25.697051660896943,327.606411008589,308.240153147705,345.0052798851201,student-t,ok
w8_n10000,8,10000,10,validation,generalization_gap_ratio,10,1.407609299719988,0.12702360245790048,1.3822968585624658,1.3167420884804566,1.4984765109595195,student-t,ok
w8_n10000,8,10000,10,validation,generalization_gap_log,10,0.33816501001429533,0.09142822273091615,0.32369760506097034,0.2727611994831104,0.40356882054548027,student-t,ok
w8_n10000,8,10000,10,validation,ncv_setup_cost_s,10,0.36540814879998607,0.015555184668650317,0.3627178394999646,0.35428064002361803,0.3765356575763541,student-t,ok
w8_n10000,8,10000,10,test,mse,10,0.19857327443476608,0.011069709941424519,0.1986682131743836,0.19065448098107593,0.20649206788845623,student-t,ok
w8_n10000,8,10000,10,test,centered_residual_variance,10,0.19607212521092723,0.009598163072449808,0.19636276721279433,0.18920601297241765,0.20293823744943681,student-t,ok
w8_n10000,8,10000,10,test,ncv_vrr_vs_mc,10,326.70226601253415,15.510069047546766,327.3626188210038,315.6070310072897,337.7975010177786,student-t,ok
w8_n10000,8,10000,10,test,generalization_gap_ratio,10,1.407609299719988,0.12702360245790048,1.3822968585624658,1.3167420884804566,1.4984765109595195,student-t,ok
w8_n10000,8,10000,10,test,generalization_gap_log,10,0.33816501001429533,0.09142822273091615,0.32369760506097034,0.2727611994831104,0.40356882054548027,student-t,ok
w8_n10000,8,10000,10,test,ncv_setup_cost_s,10,0.36540814879998607,0.015555184668650317,0.3627178394999646,0.35428064002361803,0.3765356575763541,student-t,ok
w8_n10000,8,10000,25,training,mse,10,0.13825636202133995,0.011451043926877675,0.13909964102236627,0.13006477866767457,0.14644794537500533,student-t,ok
w8_n10000,8,10000,25,training,centered_residual_variance,10,0.1375304801314962,0.01121671309889621,0.1386885933218216,0.12950652695390918,0.14555443330908324,student-t,ok
w8_n10000,8,10000,25,training,ncv_vrr_vs_mc,10,465.8080429324425,31.4395289491746,464.69666086268853,443.3175587781858,488.2985270866992,student-t,ok
w8_n10000,8,10000,25,training,generalization_gap_ratio,10,1.5070669302803061,0.11924421654439606,1.4837633364566953,1.421764756478211,1.5923691040824013,student-t,ok
w8_n10000,8,10000,25,training,generalization_gap_log,10,0.40729370363132256,0.08029597603002012,0.3944713777536266,0.3498534226565927,0.4647339846060524,student-t,ok
w8_n10000,8,10000,25,training,ncv_setup_cost_s,10,0.8878950693999854,0.02406052547933844,0.8814996684999414,0.8706832063370575,0.9051069324629133,student-t,ok
w8_n10000,8,10000,25,validation,mse,10,0.20762691660269386,0.015816388122797728,0.20630473290071677,0.19631255413153811,0.2189412790738496,student-t,ok
w8_n10000,8,10000,25,validation,centered_residual_variance,10,0.20688878572079084,0.015229988828782622,0.2061429568560692,0.1959939080342651,0.21778366340731656,student-t,ok
w8_n10000,8,10000,25,validation,ncv_vrr_vs_mc,10,313.6551520640503,16.82978028429834,318.2315654476695,301.61585251170857,325.69445161639203,student-t,ok
w8_n10000,8,10000,25,validation,generalization_gap_ratio,10,1.5070669302803061,0.11924421654439606,1.4837633364566953,1.421764756478211,1.5923691040824013,student-t,ok
w8_n10000,8,10000,25,validation,generalization_gap_log,10,0.40729370363132256,0.08029597603002012,0.3944713777536266,0.3498534226565927,0.4647339846060524,student-t,ok
w8_n10000,8,10000,25,validation,ncv_setup_cost_s,10,0.8878950693999854,0.02406052547933844,0.8814996684999414,0.8706832063370575,0.9051069324629133,student-t,ok
w8_n10000,8,10000,25,test,mse,10,0.20456913976395186,0.01139619988162701,0.2046769659403688,0.1964167894768079,0.2127214900510958,student-t,ok
w8_n10000,8,10000,25,test,centered_residual_variance,10,0.20366693718763962,0.01105524150132842,0.20440166478571267,0.19575849383249083,0.2115753805427884,student-t,ok
w8_n10000,8,10000,25,test,ncv_vrr_vs_mc,10,314.666971995989,16.511732886529305,313.39119341743583,302.85518984606733,326.47875414591067,student-t,ok
w8_n10000,8,10000,25,test,generalization_gap_ratio,10,1.5070669302803061,0.11924421654439606,1.4837633364566953,1.421764756478211,1.5923691040824013,student-t,ok
w8_n10000,8,10000,25,test,generalization_gap_log,10,0.40729370363132256,0.08029597603002012,0.3944713777536266,0.3498534226565927,0.4647339846060524,student-t,ok
w8_n10000,8,10000,25,test,ncv_setup_cost_s,10,0.8878950693999854,0.02406052547933844,0.8814996684999414,0.8706832063370575,0.9051069324629133,student-t,ok
w8_n10000,8,10000,50,training,mse,10,0.1419907522619837,0.016771018333690806,0.13883367926771512,0.12999348847681735,0.15398801604715007,student-t,ok
w8_n10000,8,10000,50,training,centered_residual_variance,10,0.14037781796394538,0.014740612869825191,0.1375013218836136,0.12983301874927589,0.15092261717861488,student-t,ok
w8_n10000,8,10000,50,training,ncv_vrr_vs_mc,10,457.9012320126248,41.13036660357567,463.77183129872606,428.47834021765175,487.32412380759786,student-t,ok
w8_n10000,8,10000,50,training,generalization_gap_ratio,10,1.580971212555019,0.12980828815605305,1.5788475707436276,1.4881119571703565,1.6738304679396816,student-t,ok
w8_n10000,8,10000,50,training,generalization_gap_log,10,0.45499078950263055,0.08243038433288041,0.4566810988394301,0.39602364480828844,0.5139579341969727,student-t,ok
w8_n10000,8,10000,50,training,ncv_setup_cost_s,10,1.68605977899997,0.0571687803312223,1.6816268579999019,1.6451636971841104,1.7269558608158297,student-t,ok
w8_n10000,8,10000,50,validation,mse,10,0.22305401297099442,0.01676483274107075,0.22028525391124604,0.21106117409222636,0.23504685184976248,student-t,ok
w8_n10000,8,10000,50,validation,centered_residual_variance,10,0.22140122925792918,0.015640308676872182,0.21975885393590872,0.21021282643441574,0.23258963208144262,student-t,ok
w8_n10000,8,10000,50,validation,ncv_vrr_vs_mc,10,293.2402628846357,19.351465610241494,291.84762985099826,279.3970583196956,307.0834674495758,student-t,ok
w8_n10000,8,10000,50,validation,generalization_gap_ratio,10,1.580971212555019,0.12980828815605305,1.5788475707436276,1.4881119571703565,1.6738304679396816,student-t,ok
w8_n10000,8,10000,50,validation,generalization_gap_log,10,0.45499078950263055,0.08243038433288041,0.4566810988394301,0.39602364480828844,0.5139579341969727,student-t,ok
w8_n10000,8,10000,50,validation,ncv_setup_cost_s,10,1.68605977899997,0.0571687803312223,1.6816268579999019,1.6451636971841104,1.7269558608158297,student-t,ok
w8_n10000,8,10000,50,test,mse,10,0.22089936851668085,0.015488895139821742,0.21645307880803602,0.2098192804125539,0.2319794566208078,student-t,ok
w8_n10000,8,10000,50,test,centered_residual_variance,10,0.21907095322088518,0.01465655815215308,0.2160935913742654,0.20858628312898184,0.22955562331278853,student-t,ok
w8_n10000,8,10000,50,test,ncv_vrr_vs_mc,10,292.9406473177017,19.104000560596102,298.53839753325906,279.27446858501185,306.60682605039153,student-t,ok
w8_n10000,8,10000,50,test,generalization_gap_ratio,10,1.580971212555019,0.12980828815605305,1.5788475707436276,1.4881119571703565,1.6738304679396816,student-t,ok
w8_n10000,8,10000,50,test,generalization_gap_log,10,0.45499078950263055,0.08243038433288041,0.4566810988394301,0.39602364480828844,0.5139579341969727,student-t,ok
w8_n10000,8,10000,50,test,ncv_setup_cost_s,10,1.68605977899997,0.0571687803312223,1.6816268579999019,1.6451636971841104,1.7269558608158297,student-t,ok
w8_n10000,8,10000,100,training,mse,10,0.12360507090955979,0.027397063290041303,0.120252572823256,0.10400639248171337,0.1432037493374062,student-t,ok
w8_n10000,8,10000,100,training,centered_residual_variance,10,0.12005392954699262,0.022423096883511167,0.11921915619015008,0.10401341233812361,0.13609444675586163,student-t,ok
w8_n10000,8,10000,100,training,ncv_vrr_vs_mc,10,547.1854082588166,96.92791182205025,545.9820972296484,477.84735715559725,616.5234593620359,student-t,ok
w8_n10000,8,10000,100,training,generalization_gap_ratio,10,1.7103333697725123,0.1334987405747822,1.6929059476187698,1.6148341237639556,1.805832615781069,student-t,ok
w8_n10000,8,10000,100,training,generalization_gap_log,10,0.5338647065545052,0.07983613707139443,0.526374022974692,0.47675337455446265,0.5909760385545478,student-t,ok
w8_n10000,8,10000,100,training,ncv_setup_cost_s,10,3.182022349399972,0.08854673282318118,3.1601827455000375,3.11867983257377,3.245364866226174,student-t,ok
w8_n10000,8,10000,100,validation,mse,10,0.20870502173529712,0.03260859964128682,0.20829783077572717,0.18537823478787005,0.2320318086827242,student-t,ok
w8_n10000,8,10000,100,validation,centered_residual_variance,10,0.20511036729451945,0.028173380165714575,0.20814627909200872,0.18495634522843857,0.22526438936060034,student-t,ok
w8_n10000,8,10000,100,validation,ncv_vrr_vs_mc,10,321.2448156696239,48.90936095895015,317.2549796518572,286.2571665410269,356.2324647982209,student-t,ok
w8_n10000,8,10000,100,validation,generalization_gap_ratio,10,1.7103333697725123,0.1334987405747822,1.6929059476187698,1.6148341237639556,1.805832615781069,student-t,ok
w8_n10000,8,10000,100,validation,generalization_gap_log,10,0.5338647065545052,0.07983613707139443,0.526374022974692,0.47675337455446265,0.5909760385545478,student-t,ok
w8_n10000,8,10000,100,validation,ncv_setup_cost_s,10,3.182022349399972,0.08854673282318118,3.1601827455000375,3.11867983257377,3.245364866226174,student-t,ok
w8_n10000,8,10000,100,test,mse,10,0.20619479925154105,0.033101036462208994,0.19902817249670368,0.18251574422351308,0.22987385427956902,student-t,ok
w8_n10000,8,10000,100,test,centered_residual_variance,10,0.20244445707193043,0.029363829701464297,0.19853604113831377,0.18143883870924143,0.22345007543461942,student-t,ok
w8_n10000,8,10000,100,test,ncv_vrr_vs_mc,10,321.862231178655,47.65550854983184,319.1406580632846,287.77153402998874,355.9529283273213,student-t,ok
w8_n10000,8,10000,100,test,generalization_gap_ratio,10,1.7103333697725123,0.1334987405747822,1.6929059476187698,1.6148341237639556,1.805832615781069,student-t,ok
w8_n10000,8,10000,100,test,generalization_gap_log,10,0.5338647065545052,0.07983613707139443,0.526374022974692,0.47675337455446265,0.5909760385545478,student-t,ok
w8_n10000,8,10000,100,test,ncv_setup_cost_s,10,3.182022349399972,0.08854673282318118,3.1601827455000375,3.11867983257377,3.245364866226174,student-t,ok
w8_n10000,8,10000,200,training,mse,10,0.05207919235710397,0.03460041166064623,0.035727117982286505,0.027327548926232775,0.07683083578797516,student-t,ok
w8_n10000,8,10000,200,training,centered_residual_variance,10,0.05129549783197755,0.034699489951469195,0.034434333316822746,0.02647297806153438,0.07611801760242072,student-t,ok
w8_n10000,8,10000,200,training,ncv_vrr_vs_mc,10,1694.5673293475786,821.1580510575905,1848.4889834325336,1107.1462466301195,2281.9884120650377,student-t,ok
w8_n10000,8,10000,200,training,generalization_gap_ratio,10,1.7676099128481066,0.1434335676280342,1.7301658516599705,1.6650037196973821,1.8702161059988311,student-t,ok
w8_n10000,8,10000,200,training,generalization_gap_log,10,0.5667105165139722,0.08021566929574417,0.5481873442213754,0.5093276835162026,0.6240933495117418,student-t,ok
w8_n10000,8,10000,200,training,ncv_setup_cost_s,10,6.056261833699989,0.18199179132774138,5.992463405500018,5.926072748943717,6.186450918456261,student-t,ok
w8_n10000,8,10000,200,validation,mse,10,0.0923534757615764,0.06192846230469875,0.05843835513501665,0.048052522575766164,0.13665442894738664,student-t,ok
w8_n10000,8,10000,200,validation,centered_residual_variance,10,0.09167096876916862,0.062114409145100656,0.05830126057079117,0.04723699722693346,0.1361049403114038,student-t,ok
w8_n10000,8,10000,200,validation,ncv_vrr_vs_mc,10,970.2343898492938,459.65802918472855,1098.3121052800552,641.414844287133,1299.0539354114549,student-t,ok
w8_n10000,8,10000,200,validation,generalization_gap_ratio,10,1.7676099128481066,0.1434335676280342,1.7301658516599705,1.6650037196973821,1.8702161059988311,student-t,ok
w8_n10000,8,10000,200,validation,generalization_gap_log,10,0.5667105165139722,0.08021566929574417,0.5481873442213754,0.5093276835162026,0.6240933495117418,student-t,ok
w8_n10000,8,10000,200,validation,ncv_setup_cost_s,10,6.056261833699989,0.18199179132774138,5.992463405500018,5.926072748943717,6.186450918456261,student-t,ok
w8_n10000,8,10000,200,test,mse,10,0.09088605085922477,0.06477260315736406,0.05884691918236558,0.0445505218729071,0.13722157984554245,student-t,ok
w8_n10000,8,10000,200,test,centered_residual_variance,10,0.09019388846341668,0.06470526433382973,0.05883064510356578,0.043906530769554246,0.1364812461572791,student-t,ok
w8_n10000,8,10000,200,test,ncv_vrr_vs_mc,10,968.7479245904066,438.3651437940409,1097.2914774183512,655.160391640516,1282.3354575402973,student-t,ok
w8_n10000,8,10000,200,test,generalization_gap_ratio,10,1.7676099128481066,0.1434335676280342,1.7301658516599705,1.6650037196973821,1.8702161059988311,student-t,ok
w8_n10000,8,10000,200,test,generalization_gap_log,10,0.5667105165139722,0.08021566929574417,0.5481873442213754,0.5093276835162026,0.6240933495117418,student-t,ok
w8_n10000,8,10000,200,test,ncv_setup_cost_s,10,6.056261833699989,0.18199179132774138,5.992463405500018,5.926072748943717,6.186450918456261,student-t,ok
w8_n20000,8,20000,0,training,mse,10,103.71118356013801,15.62532519220935,99.35699991767194,92.53349927585364,114.88886784442238,student-t,ok
w8_n20000,8,20000,0,training,centered_residual_variance,10,65.29704102697067,1.3262348207203476,65.05981869168197,64.34830978902961,66.24577226491174,student-t,ok
w8_n20000,8,20000,0,training,ncv_vrr_vs_mc,10,0.981231072898274,0.01482116584246811,0.9812647092270441,0.970628649558328,0.9918334962382201,student-t,ok
w8_n20000,8,20000,0,training,generalization_gap_ratio,10,1.005744018759487,0.037063768751937766,1.0153560976593794,0.9792301958214886,1.0322578416974855,student-t,ok
w8_n20000,8,20000,0,training,generalization_gap_log,10,0.005103754597587656,0.037427766628519626,0.01523658060858933,-0.02167045673518224,0.03187796593035755,student-t,ok
w8_n20000,8,20000,0,training,ncv_setup_cost_s,10,0.0,0.0,0.0,0.0,0.0,student-t,ok
w8_n20000,8,20000,0,validation,mse,10,104.39679190854122,16.771250818367722,101.21917865440213,92.3993618138557,116.39422200322673,student-t,ok
w8_n20000,8,20000,0,validation,centered_residual_variance,10,65.92657459940116,2.1777490892746183,66.55539047200013,64.36870674891723,67.4844424498851,student-t,ok
w8_n20000,8,20000,0,validation,ncv_vrr_vs_mc,10,0.9812986951949879,0.01720342979376309,0.9808539677663008,0.968992102885638,0.9936052875043379,student-t,ok
w8_n20000,8,20000,0,validation,generalization_gap_ratio,10,1.005744018759487,0.037063768751937766,1.0153560976593794,0.9792301958214886,1.0322578416974855,student-t,ok
w8_n20000,8,20000,0,validation,generalization_gap_log,10,0.005103754597587656,0.037427766628519626,0.01523658060858933,-0.02167045673518224,0.03187796593035755,student-t,ok
w8_n20000,8,20000,0,validation,ncv_setup_cost_s,10,0.0,0.0,0.0,0.0,0.0,student-t,ok
w8_n20000,8,20000,0,test,mse,10,103.4553557870413,16.65952876626462,99.18331914528996,91.53784683387696,115.37286474020564,student-t,ok
w8_n20000,8,20000,0,test,centered_residual_variance,10,65.23174371224354,1.2331240158635557,65.14122320839954,64.34961993157727,66.11386749290982,student-t,ok
w8_n20000,8,20000,0,test,ncv_vrr_vs_mc,10,0.9802066628930329,0.0151006392373171,0.9797152997163134,0.9694043163300465,0.9910090094560193,student-t,ok
w8_n20000,8,20000,0,test,generalization_gap_ratio,10,1.005744018759487,0.037063768751937766,1.0153560976593794,0.9792301958214886,1.0322578416974855,student-t,ok
w8_n20000,8,20000,0,test,generalization_gap_log,10,0.005103754597587656,0.037427766628519626,0.01523658060858933,-0.02167045673518224,0.03187796593035755,student-t,ok
w8_n20000,8,20000,0,test,ncv_setup_cost_s,10,0.0,0.0,0.0,0.0,0.0,student-t,ok
w8_n20000,8,20000,10,training,mse,10,4.788048773162446,14.634656568006662,0.1592747357642313,-5.680953869270066,15.257051415594958,student-t,ok
w8_n20000,8,20000,10,training,centered_residual_variance,10,4.152398278173153,12.626461094685922,0.15868010174715383,-4.880027863880339,13.184824420226644,student-t,ok
w8_n20000,8,20000,10,training,ncv_vrr_vs_mc,10,364.9440593598312,131.88644345898294,405.32601315938945,270.5981812275382,459.28993749212424,student-t,ok
w8_n20000,8,20000,10,training,generalization_gap_ratio,10,1.1878845047198885,0.12259877851630495,1.1745552854099561,1.1001826218446817,1.2755863875950952,student-t,ok
w8_n20000,8,20000,10,training,generalization_gap_log,10,0.16732443618816725,0.10414335090314487,0.16071906904983252,0.09282477090867632,0.2418241014676582,student-t,ok
w8_n20000,8,20000,10,training,ncv_setup_cost_s,10,0.6761280496999689,0.04280243184095529,0.6596895644999563,0.6455090344902028,0.7067470649097349,student-t,ok
w8_n20000,8,20000,10,validation,mse,10,4.867145381323327,14.78296798349939,0.1933694452442336,-5.707952856416192,15.442243619062847,student-t,ok
w8_n20000,8,20000,10,validation,centered_residual_variance,10,4.210170657844824,12.707796482543042,0.19263877888070913,-4.880439315612062,13.30078063130171,student-t,ok
w8_n20000,8,20000,10,validation,ncv_vrr_vs_mc,10,306.0841947574304,109.32024696514478,332.5661509844988,227.8812011284955,384.2871883863653,student-t,ok
w8_n20000,8,20000,10,validation,generalization_gap_ratio,10,1.1878845047198885,0.12259877851630495,1.1745552854099561,1.1001826218446817,1.2755863875950952,student-t,ok
w8_n20000,8,20000,10,validation,generalization_gap_log,10,0.16732443618816725,0.10414335090314487,0.16071906904983252,0.09282477090867632,0.2418241014676582,student-t,ok
w8_n20000,8,20000,10,validation,ncv_setup_cost_s,10,0.6761280496999689,0.04280243184095529,0.6596895644999563,0.6455090344902028,0.7067470649097349,student-t,ok
w8_n20000,8,20000,10,test,mse,10,4.86062940822524,14.771291444289105,0.1863283191488423,-5.706115936552363,15.427374753002843,student-t,ok
w8_n20000,8,20000,10,test,centered_residual_variance,10,4.217069927805171,12.738377501419864,0.18616114050884242,-4.8954163886968685,13.32955624430721,student-t,ok
w8_n20000,8,20000,10,test,ncv_vrr_vs_mc,10,306.04978083252894,108.50192466071299,343.48847626712063,228.43217971537914,383.66738194967877,student-t,ok
w8_n20000,8,20000,10,test,generalization_gap_ratio,10,1.1878845047198885,0.12259877851630495,1.1745552854099561,1.1001826218446817,1.2755863875950952,student-t,ok
w8_n20000,8,20000,10,test,generalization_gap_log,10,0.16732443618816725,0.10414335090314487,0.16071906904983252,0.09282477090867632,0.2418241014676582,student-t,ok
w8_n20000,8,20000,10,test,ncv_setup_cost_s,10,0.6761280496999689,0.04280243184095529,0.6596895644999563,0.6455090344902028,0.7067470649097349,student-t,ok
w8_n20000,8,20000,25,training,mse,10,1.6614723865258156,4.7562327907604605,0.16074059938882773,-1.740931586748807,5.063876359800439,student-t,ok
w8_n20000,8,20000,25,training,centered_residual_variance,10,1.5252340819003227,4.327746538889651,0.1598584625281756,-1.5706492919850312,4.621117455785677,student-t,ok
w8_n20000,8,20000,25,training,ncv_vrr_vs_mc,10,379.17067117083764,154.25358232823334,393.73286696987265,268.82430578162143,489.51703656005384,student-t,ok
w8_n20000,8,20000,25,training,generalization_gap_ratio,10,1.22925665047947,0.1251560319402382,1.259554900487754,1.1397254187071355,1.3187878822518044,student-t,ok
w8_n20000,8,20000,25,training,generalization_gap_log,10,0.20155047696259487,0.10506107103841505,0.2306095479192732,0.1263943142465901,0.27670663967859965,student-t,ok
w8_n20000,8,20000,25,training,ncv_setup_cost_s,10,1.6158503569999767,0.06276941231160885,1.591548689499973,1.5709478244191473,1.6607528895808061,student-t,ok
w8_n20000,8,20000,25,validation,mse,10,1.6782363897548829,4.683261148330572,0.20639520344005813,-1.6719668151674971,5.028439594677263,student-t,ok
w8_n20000,8,20000,25,validation,centered_residual_variance,10,1.5355759322221914,4.234157170867787,0.20606401185728065,-1.4933576409232916,4.564509505367674,student-t,ok
w8_n20000,8,20000,25,validation,ncv_vrr_vs_mc,10,304.66052918821725,120.41257137095099,320.1274774944093,218.5225646923219,390.7984936841126,student-t,ok
w8_n20000,8,20000,25,validation,generalization_gap_ratio,10,1.22925665047947,0.1251560319402382,1.259554900487754,1.1397254187071355,1.3187878822518044,student-t,ok
w8_n20000,8,20000,25,validation,generalization_gap_log,10,0.20155047696259487,0.10506107103841505,0.2306095479192732,0.1263943142465901,0.27670663967859965,student-t,ok
w8_n20000,8,20000,25,validation,ncv_setup_cost_s,10,1.6158503569999767,0.06276941231160885,1.591548689499973,1.5709478244191473,1.6607528895808061,student-t,ok
w8_n20000,8,20000,25,test,mse,10,1.7215267785952384,4.832157749976341,0.2001897612364267,-1.7351906385900056,5.178244195780483,student-t,ok
w8_n20000,8,20000,25,test,centered_residual_variance,10,1.5823963569794495,4.394171744322005,0.19967403519508028,-1.5610047463424583,4.725797460301357,student-t,ok
w8_n20000,8,20000,25,test,ncv_vrr_vs_mc,10,303.97677545631865,116.42681778367445,320.9503702432852,220.69004731457892,387.2635035980584,student-t,ok
w8_n20000,8,20000,25,test,generalization_gap_ratio,10,1.22925665047947,0.1251560319402382,1.259554900487754,1.1397254187071355,1.3187878822518044,student-t,ok
w8_n20000,8,20000,25,test,generalization_gap_log,10,0.20155047696259487,0.10506107103841505,0.2306095479192732,0.1263943142465901,0.27670663967859965,student-t,ok
w8_n20000,8,20000,25,test,ncv_setup_cost_s,10,1.6158503569999767,0.06276941231160885,1.591548689499973,1.5709478244191473,1.6607528895808061,student-t,ok
w8_n20000,8,20000,50,training,mse,10,0.5202226131567048,1.2867138691402356,0.1290296218113467,-0.40023703914099673,1.4406822654544063,student-t,ok
w8_n20000,8,20000,50,training,centered_residual_variance,10,0.5064410486057723,1.2484240516939846,0.12793685649385678,-0.3866277183533976,1.3995098155649424,student-t,ok
w8_n20000,8,20000,50,training,ncv_vrr_vs_mc,10,657.9339645513368,487.0922878305306,492.002884420144,309.48913260671594,1006.3787964959577,student-t,ok
w8_n20000,8,20000,50,training,generalization_gap_ratio,10,1.226937102940903,0.16266323604987787,1.2218176006007528,1.1105748336850865,1.3432993721967197,student-t,ok
w8_n20000,8,20000,50,training,generalization_gap_log,10,0.19626607478655037,0.13701853705587153,0.20029153653717885,0.09824891805763523,0.2942832315154655,student-t,ok
w8_n20000,8,20000,50,training,ncv_setup_cost_s,10,3.106998226399969,0.11345274386226814,3.0667933824999523,3.0258390225767746,3.1881574302231632,student-t,ok
w8_n20000,8,20000,50,validation,mse,10,0.5204075125287428,1.1936754696440453,0.17430144247403778,-0.3334964781689014,1.374311503226387,student-t,ok
w8_n20000,8,20000,50,validation,centered_residual_variance,10,0.50732625513776,1.158482951306143,0.17287410297749384,-0.3214025245283666,1.3360550348038864,student-t,ok
w8_n20000,8,20000,50,validation,ncv_vrr_vs_mc,10,532.4475329032343,399.20883844491914,383.35448184209946,246.87073339713402,818.0243324093346,student-t,ok
w8_n20000,8,20000,50,validation,generalization_gap_ratio,10,1.226937102940903,0.16266323604987787,1.2218176006007528,1.1105748336850865,1.3432993721967197,student-t,ok
w8_n20000,8,20000,50,validation,generalization_gap_log,10,0.19626607478655037,0.13701853705587153,0.20029153653717885,0.09824891805763523,0.2942832315154655,student-t,ok
w8_n20000,8,20000,50,validation,ncv_setup_cost_s,10,3.106998226399969,0.11345274386226814,3.0667933824999523,3.0258390225767746,3.1881574302231632,student-t,ok
w8_n20000,8,20000,50,test,mse,10,0.5551602904511337,1.321300931209254,0.16613493223828502,-0.39004145555487624,1.5003620364571435,student-t,ok
w8_n20000,8,20000,50,test,centered_residual_variance,10,0.5409700002449748,1.2823690226850557,0.1657686206772796,-0.37638153613563174,1.4583215366255813,student-t,ok
w8_n20000,8,20000,50,test,ncv_vrr_vs_mc,10,535.6378853449185,391.27806669536,384.3921626804502,255.7344181795424,815.5413525102945,student-t,ok
w8_n20000,8,20000,50,test,generalization_gap_ratio,10,1.226937102940903,0.16266323604987787,1.2218176006007528,1.1105748336850865,1.3432993721967197,student-t,ok
w8_n20000,8,20000,50,test,generalization_gap_log,10,0.19626607478655037,0.13701853705587153,0.20029153653717885,0.09824891805763523,0.2942832315154655,student-t,ok
w8_n20000,8,20000,50,test,ncv_setup_cost_s,10,3.106998226399969,0.11345274386226814,3.0667933824999523,3.0258390225767746,3.1881574302231632,student-t,ok
w8_n20000,8,20000,100,training,mse,10,0.09241757336187932,0.17947134224622177,0.0350712328877907,-0.03596849073778012,0.22080363746153875,student-t,ok
w8_n20000,8,20000,100,training,centered_residual_variance,10,0.09066031602949784,0.17614754396524143,0.0348064515799282,-0.035348046015808876,0.21666867807480455,student-t,ok
w8_n20000,8,20000,100,training,ncv_vrr_vs_mc,10,1707.2096270463412,643.2393368786435,1843.6271384907723,1247.0639252182127,2167.3553288744697,student-t,ok
w8_n20000,8,20000,100,training,generalization_gap_ratio,10,1.2154512710493643,0.12521582095139105,1.1988649455588467,1.1258772687950005,1.3050252733037282,student-t,ok
w8_n20000,8,20000,100,training,generalization_gap_log,10,0.1903581382064831,0.10277271544572483,0.1813645606419284,0.11683896646702584,0.26387730994594033,student-t,ok
w8_n20000,8,20000,100,training,ncv_setup_cost_s,10,6.008087952499977,0.22575382754968512,5.926887092499953,5.846593392912999,6.169582512086955,student-t,ok
w8_n20000,8,20000,100,validation,mse,10,0.10118731238465903,0.18042639973391567,0.04891869995983618,-0.027881958684421226,0.23025658345373928,student-t,ok
w8_n20000,8,20000,100,validation,centered_residual_variance,10,0.09962509210395347,0.17761220189363336,0.04873042019378665,-0.027431023105313104,0.22668120731322006,student-t,ok
w8_n20000,8,20000,100,validation,ncv_vrr_vs_mc,10,1397.3678143529319,530.5088051535589,1355.3219839675091,1017.8646769080879,1776.870951797776,student-t,ok
w8_n20000,8,20000,100,validation,generalization_gap_ratio,10,1.2154512710493643,0.12521582095139105,1.1988649455588467,1.1258772687950005,1.3050252733037282,student-t,ok
w8_n20000,8,20000,100,validation,generalization_gap_log,10,0.1903581382064831,0.10277271544572483,0.1813645606419284,0.11683896646702584,0.26387730994594033,student-t,ok
w8_n20000,8,20000,100,validation,ncv_setup_cost_s,10,6.008087952499977,0.22575382754968512,5.926887092499953,5.846593392912999,6.169582512086955,student-t,ok
w8_n20000,8,20000,100,test,mse,10,0.10547286485870166,0.20061613563943664,0.04203455649465529,-0.03803927322011691,0.24898500293752024,student-t,ok
w8_n20000,8,20000,100,test,centered_residual_variance,10,0.10373988717638798,0.19734271190819552,0.04182982587769145,-0.037430584630119015,0.24491035898289498,student-t,ok
w8_n20000,8,20000,100,test,ncv_vrr_vs_mc,10,1432.708174997654,528.3247515743251,1531.5181641825418,1054.7674153637247,1810.6489346315832,student-t,ok
w8_n20000,8,20000,100,test,generalization_gap_ratio,10,1.2154512710493643,0.12521582095139105,1.1988649455588467,1.1258772687950005,1.3050252733037282,student-t,ok
w8_n20000,8,20000,100,test,generalization_gap_log,10,0.1903581382064831,0.10277271544572483,0.1813645606419284,0.11683896646702584,0.26387730994594033,student-t,ok
w8_n20000,8,20000,100,test,ncv_setup_cost_s,10,6.008087952499977,0.22575382754968512,5.926887092499953,5.846593392912999,6.169582512086955,student-t,ok
w8_n20000,8,20000,200,training,mse,10,0.03247406764657941,0.03296557492294556,0.021937222633297004,0.008891915966156946,0.056056219327001874,student-t,ok
w8_n20000,8,20000,200,training,centered_residual_variance,10,0.03136072559033504,0.03299603862651834,0.020766895427259,0.007756781489180336,0.054964669691489734,student-t,ok
w8_n20000,8,20000,200,training,ncv_vrr_vs_mc,10,3063.374060493459,1327.5149927053328,3216.4957505279635,2113.727042682103,4013.0210783048155,student-t,ok
w8_n20000,8,20000,200,training,generalization_gap_ratio,10,1.3158119001455055,0.16032779711518094,1.3264226203763139,1.2011203032600972,1.4305034970309138,student-t,ok
w8_n20000,8,20000,200,training,generalization_gap_log,10,0.2681026425939093,0.11753588627984302,0.282485489457005,0.18402253464424093,0.3521827505435777,student-t,ok
w8_n20000,8,20000,200,training,ncv_setup_cost_s,10,11.679327690599962,0.440867930170922,11.474443096999948,11.3639497721312,11.994705609068724,student-t,ok
w8_n20000,8,20000,200,validation,mse,10,0.039744821966931174,0.033940338499289936,0.027731136254056727,0.015465366430482092,0.06402427750338026,student-t,ok
w8_n20000,8,20000,200,validation,centered_residual_variance,10,0.038653278273149426,0.03396475833182039,0.026659675832538532,0.014356353840857039,0.06295020270544181,student-t,ok
w8_n20000,8,20000,200,validation,ncv_vrr_vs_mc,10,2276.107690802907,893.4983434741597,2488.4514570996475,1636.9374803253181,2915.2779012804963,student-t,ok
w8_n20000,8,20000,200,validation,generalization_gap_ratio,10,1.3158119001455055,0.16032779711518094,1.3264226203763139,1.2011203032600972,1.4305034970309138,student-t,ok
w8_n20000,8,20000,200,validation,generalization_gap_log,10,0.2681026425939093,0.11753588627984302,0.282485489457005,0.18402253464424093,0.3521827505435777,student-t,ok
w8_n20000,8,20000,200,validation,ncv_setup_cost_s,10,11.679327690599962,0.440867930170922,11.474443096999948,11.3639497721312,11.994705609068724,student-t,ok
w8_n20000,8,20000,200,test,mse,10,0.03943441939172467,0.03700713491743048,0.025491055338698148,0.012961109858352651,0.06590772892509669,student-t,ok
w8_n20000,8,20000,200,test,centered_residual_variance,10,0.038325484056164656,0.036984168728622334,0.02451399037760715,0.011868603544560374,0.06478236456776894,student-t,ok
w8_n20000,8,20000,200,test,ncv_vrr_vs_mc,10,2392.8337900740444,1003.4951628955472,2610.6160281153443,1674.9765951885577,3110.6909849595313,student-t,ok
w8_n20000,8,20000,200,test,generalization_gap_ratio,10,1.3158119001455055,0.16032779711518094,1.3264226203763139,1.2011203032600972,1.4305034970309138,student-t,ok
w8_n20000,8,20000,200,test,generalization_gap_log,10,0.2681026425939093,0.11753588627984302,0.282485489457005,0.18402253464424093,0.3521827505435777,student-t,ok
w8_n20000,8,20000,200,test,ncv_setup_cost_s,10,11.679327690599962,0.440867930170922,11.474443096999948,11.3639497721312,11.994705609068724,student-t,ok
w16_n5000,16,5000,0,training,mse,10,99.8861527805848,9.883085822171562,98.19476413388306,92.8162190853936,106.95608647577599,student-t,ok
w16_n5000,16,5000,0,training,centered_residual_variance,10,64.81811031002397,1.8718724347650322,65.17812186166096,63.47905343671868,66.15716718332925,student-t,ok
w16_n5000,16,5000,0,training,ncv_vrr_vs_mc,10,0.9885906948423937,0.0083297747718656,0.9886711065502548,0.9826319329341594,0.994549456750628,student-t,ok
w16_n5000,16,5000,0,training,generalization_gap_ratio,10,1.008457019980127,0.04409565500114453,1.0057547391842283,0.9769128886517584,1.0400011513084957,student-t,ok
w16_n5000,16,5000,0,training,generalization_gap_log,10,0.007564174857452154,0.04361347044112628,0.005736904677616514,-0.02363502241595498,0.038763372130859286,student-t,ok
w16_n5000,16,5000,0,training,ncv_setup_cost_s,10,0.0,0.0,0.0,0.0,0.0,student-t,ok
w16_n5000,16,5000,0,validation,mse,10,100.50670683200535,8.21772391796725,98.59055278512005,94.62810127592716,106.38531238808353,student-t,ok
w16_n5000,16,5000,0,validation,centered_residual_variance,10,65.54686701413648,1.9163388647833028,66.18156069733172,64.17600077303376,66.9177332552392,student-t,ok
w16_n5000,16,5000,0,validation,ncv_vrr_vs_mc,10,0.9867611251243735,0.006865488760846685,0.9831855980445565,0.9818498503264379,0.9916723999223092,student-t,ok
w16_n5000,16,5000,0,validation,generalization_gap_ratio,10,1.008457019980127,0.04409565500114453,1.0057547391842283,0.9769128886517584,1.0400011513084957,student-t,ok
w16_n5000,16,5000,0,validation,generalization_gap_log,10,0.007564174857452154,0.04361347044112628,0.005736904677616514,-0.02363502241595498,0.038763372130859286,student-t,ok
w16_n5000,16,5000,0,validation,ncv_setup_cost_s,10,0.0,0.0,0.0,0.0,0.0,student-t,ok
w16_n5000,16,5000,0,test,mse,10,99.57487632036107,9.690901821075474,97.47705168669536,92.64242277757104,106.5073298631511,student-t,ok
w16_n5000,16,5000,0,test,centered_residual_variance,10,64.77220552000944,1.2378861010305995,65.17254418320601,63.8866751488321,65.65773589118677,student-t,ok
w16_n5000,16,5000,0,test,ncv_vrr_vs_mc,10,0.9870889269243774,0.008147339599638535,0.9856232683860049,0.9812606712764878,0.9929171825722671,student-t,ok
w16_n5000,16,5000,0,test,generalization_gap_ratio,10,1.008457019980127,0.04409565500114453,1.0057547391842283,0.9769128886517584,1.0400011513084957,student-t,ok
w16_n5000,16,5000,0,test,generalization_gap_log,10,0.007564174857452154,0.04361347044112628,0.005736904677616514,-0.02363502241595498,0.038763372130859286,student-t,ok
w16_n5000,16,5000,0,test,ncv_setup_cost_s,10,0.0,0.0,0.0,0.0,0.0,student-t,ok
w16_n5000,16,5000,10,training,mse,10,0.12309663260397703,0.013000607952567658,0.12064785294069445,0.11379655792329062,0.13239670728466346,student-t,ok
w16_n5000,16,5000,10,training,centered_residual_variance,10,0.12273656410495641,0.012660957624864855,0.12021978584364959,0.1136794606318074,0.13179366757810543,student-t,ok
w16_n5000,16,5000,10,training,ncv_vrr_vs_mc,10,526.467074972234,50.11413845762186,539.4922169350494,490.61757993980405,562.3165700046638,student-t,ok
w16_n5000,16,5000,10,training,generalization_gap_ratio,10,2.232261929423654,0.18005318376259938,2.2803132986748977,2.103459640977073,2.3610642178702346,student-t,ok
w16_n5000,16,5000,10,training,generalization_gap_log,10,0.7997974130322933,0.08663346693014122,0.8243072079564207,0.7378235641756357,0.861771261888951,student-t,ok
w16_n5000,16,5000,10,training,ncv_setup_cost_s,10,0.23329217870006005,0.021554946857095827,0.2438910550000628,0.21787269860800587,0.24871165879211424,student-t,ok
w16_n5000,16,5000,10,validation,mse,10,0.2734611507458765,0.0239357040535635,0.2688059834225764,0.2563385795518898,0.2905837219398632,student-t,ok
w16_n5000,16,5000,10,validation,centered_residual_variance,10,0.2684895536553612,0.024224301078438468,0.2620577760435737,0.2511605325865876,0.2858185747241348,student-t,ok
w16_n5000,16,5000,10,validation,ncv_vrr_vs_mc,10,242.26259282588683,18.285645230608903,245.04900376908859,229.18183023004121,255.34335542173244,student-t,ok
w16_n5000,16,5000,10,validation,generalization_gap_ratio,10,2.232261929423654,0.18005318376259938,2.2803132986748977,2.103459640977073,2.3610642178702346,student-t,ok
w16_n5000,16,5000,10,validation,generalization_gap_log,10,0.7997974130322933,0.08663346693014122,0.8243072079564207,0.7378235641756357,0.861771261888951,student-t,ok
w16_n5000,16,5000,10,validation,ncv_setup_cost_s,10,0.23329217870006005,0.021554946857095827,0.2438910550000628,0.21787269860800587,0.24871165879211424,student-t,ok
w16_n5000,16,5000,10,test,mse,10,0.2714720944436328,0.016752902053146758,0.2726953222259075,0.2594877902648641,0.28345639862240146,student-t,ok
w16_n5000,16,5000,10,test,centered_residual_variance,10,0.2661695856947248,0.01684564301832604,0.26728140667348294,0.2541189386260488,0.27822023276340085,student-t,ok
w16_n5000,16,5000,10,test,ncv_vrr_vs_mc,10,240.9902232725312,14.550737317272704,239.9976609921495,230.58125284565511,251.3991936994073,student-t,ok
w16_n5000,16,5000,10,test,generalization_gap_ratio,10,2.232261929423654,0.18005318376259938,2.2803132986748977,2.103459640977073,2.3610642178702346,student-t,ok
w16_n5000,16,5000,10,test,generalization_gap_log,10,0.7997974130322933,0.08663346693014122,0.8243072079564207,0.7378235641756357,0.861771261888951,student-t,ok
w16_n5000,16,5000,10,test,ncv_setup_cost_s,10,0.23329217870006005,0.021554946857095827,0.2438910550000628,0.21787269860800587,0.24871165879211424,student-t,ok
w16_n5000,16,5000,25,training,mse,10,0.07832209592810474,0.00697478366831268,0.07794400930267896,0.07333263626332585,0.08331155559288363,student-t,ok
w16_n5000,16,5000,25,training,centered_residual_variance,10,0.07779048908112965,0.006778398376998034,0.07717613855402855,0.07294151499072377,0.08263946317153553,student-t,ok
w16_n5000,16,5000,25,training,ncv_vrr_vs_mc,10,829.9545603879781,83.88597981603294,827.814310107756,769.9461454124631,889.962975363493,student-t,ok
w16_n5000,16,5000,25,training,generalization_gap_ratio,10,3.0742296592598235,0.33069684906879043,3.212844870823276,2.8376633844957255,3.3107959340239215,student-t,ok
w16_n5000,16,5000,25,training,generalization_gap_log,10,1.1173696065347378,0.11497011234860921,1.1671567715189597,1.035124942685937,1.1996142703835386,student-t,ok
w16_n5000,16,5000,25,training,ncv_setup_cost_s,10,0.5670496919000811,0.0262766577111351,0.5644031875001474,0.5482525033405933,0.585846880459569,student-t,ok
w16_n5000,16,5000,25,validation,mse,10,0.23914036083046233,0.017671056628359157,0.23571062726776892,0.22649924843556693,0.25178147322535777,student-t,ok
w16_n5000,16,5000,25,validation,centered_residual_variance,10,0.23570578955231347,0.017629938894119457,0.23447714390888927,0.2230940910125643,0.24831748809206264,student-t,ok
w16_n5000,16,5000,25,validation,ncv_vrr_vs_mc,10,275.3340518177084,14.897055505596102,277.414899987854,264.6773402831519,285.99076335226493,student-t,ok
w16_n5000,16,5000,25,validation,generalization_gap_ratio,10,3.0742296592598235,0.33069684906879043,3.212844870823276,2.8376633844957255,3.3107959340239215,student-t,ok
w16_n5000,16,5000,25,validation,generalization_gap_log,10,1.1173696065347378,0.11497011234860921,1.1671567715189597,1.035124942685937,1.1996142703835386,student-t,ok
w16_n5000,16,5000,25,validation,ncv_setup_cost_s,10,0.5670496919000811,0.0262766577111351,0.5644031875001474,0.5482525033405933,0.585846880459569,student-t,ok
w16_n5000,16,5000,25,test,mse,10,0.23836498635387604,0.010048333885369177,0.24038516079446762,0.23117684131547817,0.24555313139227392,student-t,ok
w16_n5000,16,5000,25,test,centered_residual_variance,10,0.23474304836708407,0.008896857790918342,0.2360897184885294,0.22837861970491172,0.24110747702925642,student-t,ok
w16_n5000,16,5000,25,test,ncv_vrr_vs_mc,10,272.67064335873755,10.460015470853252,272.9777900015253,265.1879990551027,280.1532876623724,student-t,ok
w16_n5000,16,5000,25,test,generalization_gap_ratio,10,3.0742296592598235,0.33069684906879043,3.212844870823276,2.8376633844957255,3.3107959340239215,student-t,ok
w16_n5000,16,5000,25,test,generalization_gap_log,10,1.1173696065347378,0.11497011234860921,1.1671567715189597,1.035124942685937,1.1996142703835386,student-t,ok
w16_n5000,16,5000,25,test,ncv_setup_cost_s,10,0.5670496919000811,0.0262766577111351,0.5644031875001474,0.5482525033405933,0.585846880459569,student-t,ok
w16_n5000,16,5000,50,training,mse,10,0.07138055115877849,0.006162885371528872,0.07193055304359744,0.06697188854754972,0.07578921377000726,student-t,ok
w16_n5000,16,5000,50,training,centered_residual_variance,10,0.07065031410411425,0.005968044748106375,0.07137831353068577,0.06638103207841439,0.07491959612981411,student-t,ok
w16_n5000,16,5000,50,training,ncv_vrr_vs_mc,10,914.3360524964784,100.31199009613978,893.0133313466802,842.5771776295438,986.0949273634129,student-t,ok
w16_n5000,16,5000,50,training,generalization_gap_ratio,10,3.7982632748053047,0.3653097363954856,3.7665086375032892,3.536936432056471,4.059590117554138,student-t,ok
w16_n5000,16,5000,50,training,generalization_gap_log,10,1.330474844414153,0.09458964121069594,1.3261105998116067,1.2628094913407943,1.3981401974875116,student-t,ok
w16_n5000,16,5000,50,training,ncv_setup_cost_s,10,1.0252482810000743,0.028785842678591547,1.0191628195001954,1.0046561296457588,1.0458404323543897,student-t,ok
w16_n5000,16,5000,50,validation,mse,10,0.26976373140751186,0.021186230807754808,0.2696435832564837,0.254608014887696,0.2849194479273277,student-t,ok
w16_n5000,16,5000,50,validation,centered_residual_variance,10,0.26784378845463724,0.020551906560057003,0.2693267624308998,0.25314184016603664,0.28254573674323785,student-t,ok
w16_n5000,16,5000,50,validation,ncv_vrr_vs_mc,10,242.4912228061641,16.16734283328037,242.250577757702,230.92580245918165,254.05664315314655,student-t,ok
w16_n5000,16,5000,50,validation,generalization_gap_ratio,10,3.7982632748053047,0.3653097363954856,3.7665086375032892,3.536936432056471,4.059590117554138,student-t,ok
w16_n5000,16,5000,50,validation,generalization_gap_log,10,1.330474844414153,0.09458964121069594,1.3261105998116067,1.2628094913407943,1.3981401974875116,student-t,ok
w16_n5000,16,5000,50,validation,ncv_setup_cost_s,10,1.0252482810000743,0.028785842678591547,1.0191628195001954,1.0046561296457588,1.0458404323543897,student-t,ok
w16_n5000,16,5000,50,test,mse,10,0.2682902556027573,0.012833975297795308,0.26738155316190354,0.2591093827424225,0.27747112846309213,student-t,ok
w16_n5000,16,5000,50,test,centered_residual_variance,10,0.26615426147853777,0.012149859604998172,0.26656736108950485,0.2574627755035283,0.27484574745354723,student-t,ok
w16_n5000,16,5000,50,test,ncv_vrr_vs_mc,10,240.685357478684,12.383776407693606,238.12580709108363,231.8265375034438,249.54417745392422,student-t,ok
w16_n5000,16,5000,50,test,generalization_gap_ratio,10,3.7982632748053047,0.3653097363954856,3.7665086375032892,3.536936432056471,4.059590117554138,student-t,ok
w16_n5000,16,5000,50,test,generalization_gap_log,10,1.330474844414153,0.09458964121069594,1.3261105998116067,1.2628094913407943,1.3981401974875116,student-t,ok
w16_n5000,16,5000,50,test,ncv_setup_cost_s,10,1.0252482810000743,0.028785842678591547,1.0191628195001954,1.0046561296457588,1.0458404323543897,student-t,ok
w16_n5000,16,5000,100,training,mse,10,0.0639237695137888,0.01287988445198254,0.06688794015904641,0.054710055222958895,0.0731374838046187,student-t,ok
w16_n5000,16,5000,100,training,centered_residual_variance,10,0.062986515750652,0.0118848607774048,0.06677320982614757,0.0544845985170356,0.07148843298426841,student-t,ok
w16_n5000,16,5000,100,training,ncv_vrr_vs_mc,10,1057.6954250262158,242.60962791255918,971.7072149479291,884.1429522439932,1231.2478978084384,student-t,ok
w16_n5000,16,5000,100,training,generalization_gap_ratio,10,5.084343087839957,0.7809161203045396,5.023582242847178,4.525709348196286,5.642976827483628,student-t,ok
w16_n5000,16,5000,100,training,generalization_gap_log,10,1.6163955388234807,0.1445421908225146,1.6141367356681267,1.5129962844144653,1.7197947932324962,student-t,ok
w16_n5000,16,5000,100,training,ncv_setup_cost_s,10,1.818748306500072,0.028166774826754157,1.8164948869999762,1.7985990096088327,1.8388976033913114,student-t,ok
w16_n5000,16,5000,100,validation,mse,10,0.31664655401733455,0.029090045750033437,0.31719181760408455,0.29583678889504555,0.33745631913962354,student-t,ok
w16_n5000,16,5000,100,validation,centered_residual_variance,10,0.31557768959244203,0.029073864990227228,0.3157286623875178,0.29477949948842425,0.3363758796964598,student-t,ok
w16_n5000,16,5000,100,validation,ncv_vrr_vs_mc,10,206.42531727349342,19.03207234639947,202.2730806666251,192.81059288556324,220.0400416614236,student-t,ok
w16_n5000,16,5000,100,validation,generalization_gap_ratio,10,5.084343087839957,0.7809161203045396,5.023582242847178,4.525709348196286,5.642976827483628,student-t,ok
w16_n5000,16,5000,100,validation,generalization_gap_log,10,1.6163955388234807,0.1445421908225146,1.6141367356681267,1.5129962844144653,1.7197947932324962,student-t,ok
w16_n5000,16,5000,100,validation,ncv_setup_cost_s,10,1.818748306500072,0.028166774826754157,1.8164948869999762,1.7985990096088327,1.8388976033913114,student-t,ok
w16_n5000,16,5000,100,test,mse,10,0.31643415327112034,0.025271282704328865,0.3212794386696576,0.2983561666658417,0.334512139876399,student-t,ok
w16_n5000,16,5000,100,test,centered_residual_variance,10,0.31543238281104646,0.0252810119581476,0.32047197451816734,0.2973474363168586,0.3335173293052343,student-t,ok
w16_n5000,16,5000,100,test,ncv_vrr_vs_mc,10,203.82955380795468,16.298791142565875,201.12016754070387,192.17010100514668,215.4890066107627,student-t,ok
w16_n5000,16,5000,100,test,generalization_gap_ratio,10,5.084343087839957,0.7809161203045396,5.023582242847178,4.525709348196286,5.642976827483628,student-t,ok
w16_n5000,16,5000,100,test,generalization_gap_log,10,1.6163955388234807,0.1445421908225146,1.6141367356681267,1.5129962844144653,1.7197947932324962,student-t,ok
w16_n5000,16,5000,100,test,ncv_setup_cost_s,10,1.818748306500072,0.028166774826754157,1.8164948869999762,1.7985990096088327,1.8388976033913114,student-t,ok
w16_n5000,16,5000,200,training,mse,10,0.04761853231984422,0.006359973489525337,0.04865867011645947,0.043068881362321926,0.05216818327736651,student-t,ok
w16_n5000,16,5000,200,training,centered_residual_variance,10,0.046259288183234305,0.0056799195891068036,0.047478712828441474,0.0421961184798087,0.05032245788665991,student-t,ok
w16_n5000,16,5000,200,training,ncv_vrr_vs_mc,10,1404.4206014949232,179.8350893463063,1351.6569927779924,1275.7743283951916,1533.0668745946548,student-t,ok
w16_n5000,16,5000,200,training,generalization_gap_ratio,10,6.988021366872023,0.9425254076095533,6.819485582838489,6.313779307485714,7.662263426258333,student-t,ok
w16_n5000,16,5000,200,training,generalization_gap_log,10,1.9358435727823726,0.1371230899219436,1.919597334933049,1.8377516234386737,2.0339355221260713,student-t,ok
w16_n5000,16,5000,200,training,ncv_setup_cost_s,10,3.2849238807000463,0.035988293200750844,3.2770497495000654,3.259179406624792,3.3106683547753004,student-t,ok
w16_n5000,16,5000,200,validation,mse,10,0.3283583131966304,0.02865273945351444,0.3279261660289561,0.3078613781535807,0.34885524823968006,student-t,ok
w16_n5000,16,5000,200,validation,centered_residual_variance,10,0.32482463317000304,0.030184355809770406,0.3246439984846362,0.30323204578920804,0.34641722055079804,student-t,ok
w16_n5000,16,5000,200,validation,ncv_vrr_vs_mc,10,200.79976786282862,20.71501152604759,202.08701958666032,185.98114131040856,215.61839441524867,student-t,ok
w16_n5000,16,5000,200,validation,generalization_gap_ratio,10,6.988021366872023,0.9425254076095533,6.819485582838489,6.313779307485714,7.662263426258333,student-t,ok
w16_n5000,16,5000,200,validation,generalization_gap_log,10,1.9358435727823726,0.1371230899219436,1.919597334933049,1.8377516234386737,2.0339355221260713,student-t,ok
w16_n5000,16,5000,200,validation,ncv_setup_cost_s,10,3.2849238807000463,0.035988293200750844,3.2770497495000654,3.259179406624792,3.3106683547753004,student-t,ok
w16_n5000,16,5000,200,test,mse,10,0.3299344477204701,0.03104454598175853,0.3254657929585114,0.30772651735969525,0.35214237808124493,student-t,ok
w16_n5000,16,5000,200,test,centered_residual_variance,10,0.32673184122317295,0.03171346410262164,0.32513876790342133,0.3040453956651098,0.3494182867812361,student-t,ok
w16_n5000,16,5000,200,test,ncv_vrr_vs_mc,10,197.33821846696745,19.56754724265229,196.89468635201246,183.34043841402888,211.335998519906,student-t,ok
w16_n5000,16,5000,200,test,generalization_gap_ratio,10,6.988021366872023,0.9425254076095533,6.819485582838489,6.313779307485714,7.662263426258333,student-t,ok
w16_n5000,16,5000,200,test,generalization_gap_log,10,1.9358435727823726,0.1371230899219436,1.919597334933049,1.8377516234386737,2.0339355221260713,student-t,ok
w16_n5000,16,5000,200,test,ncv_setup_cost_s,10,3.2849238807000463,0.035988293200750844,3.2770497495000654,3.259179406624792,3.3106683547753004,student-t,ok
w16_n10000,16,10000,0,training,mse,10,95.46835743378261,7.500100965973532,92.84283393638819,90.1031084122962,100.83360645526903,student-t,ok
w16_n10000,16,10000,0,training,centered_residual_variance,10,64.58772917293001,1.6523545090567437,64.42477789020856,63.405705963764504,65.76975238209552,student-t,ok
w16_n10000,16,10000,0,training,ncv_vrr_vs_mc,10,0.9871824225695781,0.009841378918366145,0.9856848004179191,0.9801423241960507,0.9942225209431055,student-t,ok
w16_n10000,16,10000,0,training,generalization_gap_ratio,10,1.0098653801966162,0.04135080427215091,1.018725576972661,0.9802847967930918,1.0394459636001405,student-t,ok
w16_n10000,16,10000,0,training,generalization_gap_log,10,0.009065029120352114,0.040853532945504194,0.018551988539985027,-0.020159827805514383,0.03828988604621861,student-t,ok
w16_n10000,16,10000,0,training,ncv_setup_cost_s,10,0.0,0.0,0.0,0.0,0.0,student-t,ok
w16_n10000,16,10000,0,validation,mse,10,96.46715597357803,9.105708367991015,97.64845325463506,89.95332460878079,102.98098733837527,student-t,ok
w16_n10000,16,10000,0,validation,centered_residual_variance,10,65.53651596429877,1.8316015547687121,66.01676694763552,64.22626714310837,66.84676478548917,student-t,ok
w16_n10000,16,10000,0,validation,ncv_vrr_vs_mc,10,0.9868970431182722,0.008736494413964378,0.9885585705221704,0.9806473315052686,0.9931467547312758,student-t,ok
w16_n10000,16,10000,0,validation,generalization_gap_ratio,10,1.0098653801966162,0.04135080427215091,1.018725576972661,0.9802847967930918,1.0394459636001405,student-t,ok
w16_n10000,16,10000,0,validation,generalization_gap_log,10,0.009065029120352114,0.040853532945504194,0.018551988539985027,-0.020159827805514383,0.03828988604621861,student-t,ok
w16_n10000,16,10000,0,validation,ncv_setup_cost_s,10,0.0,0.0,0.0,0.0,0.0,student-t,ok
w16_n10000,16,10000,0,test,mse,10,95.49346552450753,8.160561784844546,94.33149772155119,89.65575129511869,101.33117975389636,student-t,ok
w16_n10000,16,10000,0,test,centered_residual_variance,10,64.83454340177738,1.0253301469465956,65.0346286887379,64.10106640025921,65.56802040329555,student-t,ok
w16_n10000,16,10000,0,test,ncv_vrr_vs_mc,10,0.9861095628982406,0.010683363080806217,0.9869402764110744,0.9784671453393938,0.9937519804570873,student-t,ok
w16_n10000,16,10000,0,test,generalization_gap_ratio,10,1.0098653801966162,0.04135080427215091,1.018725576972661,0.9802847967930918,1.0394459636001405,student-t,ok
w16_n10000,16,10000,0,test,generalization_gap_log,10,0.009065029120352114,0.040853532945504194,0.018551988539985027,-0.020159827805514383,0.03828988604621861,student-t,ok
w16_n10000,16,10000,0,test,ncv_setup_cost_s,10,0.0,0.0,0.0,0.0,0.0,student-t,ok
w16_n10000,16,10000,10,training,mse,10,0.12931717259824294,0.01044674085980828,0.1280120413497229,0.12184402437929316,0.1367903208171927,student-t,ok
w16_n10000,16,10000,10,training,centered_residual_variance,10,0.1288205860151943,0.010109893034608674,0.12719662805737375,0.12158840421426227,0.13605276781612635,student-t,ok
w16_n10000,16,10000,10,training,ncv_vrr_vs_mc,10,496.9185868471402,29.338484663434226,499.9656767815775,475.9310992324381,517.9060744618423,student-t,ok
w16_n10000,16,10000,10,training,generalization_gap_ratio,10,1.579060648186843,0.14406905844218126,1.64057136267825,1.4759998522935374,1.6821214440801486,student-t,ok
w16_n10000,16,10000,10,training,generalization_gap_log,10,0.45282356849484223,0.09598978925115813,0.4950116149346787,0.3841566098513576,0.5214905271383269,student-t,ok
w16_n10000,16,10000,10,training,ncv_setup_cost_s,10,0.3869406146999836,0.02442809467534547,0.37768246499996394,0.36946580847426996,0.4044154209256972,student-t,ok
w16_n10000,16,10000,10,validation,mse,10,0.20338654036717474,0.016550056711934776,0.19882779597777817,0.19154734300408605,0.21522573773026343,student-t,ok
w16_n10000,16,10000,10,validation,centered_residual_variance,10,0.2023123378087735,0.015578159078235499,0.19734501289485884,0.19116839412984812,0.21345628148769888,student-t,ok
w16_n10000,16,10000,10,validation,ncv_vrr_vs_mc,10,321.0007500388267,20.317293180710905,328.06029744238606,306.46663405137446,335.53486602627896,student-t,ok
w16_n10000,16,10000,10,validation,generalization_gap_ratio,10,1.579060648186843,0.14406905844218126,1.64057136267825,1.4759998522935374,1.6821214440801486,student-t,ok
w16_n10000,16,10000,10,validation,generalization_gap_log,10,0.45282356849484223,0.09598978925115813,0.4950116149346787,0.3841566098513576,0.5214905271383269,student-t,ok
w16_n10000,16,10000,10,validation,ncv_setup_cost_s,10,0.3869406146999836,0.02442809467534547,0.37768246499996394,0.36946580847426996,0.4044154209256972,student-t,ok
w16_n10000,16,10000,10,test,mse,10,0.2011844403038343,0.007782203518475548,0.20150069014661695,0.19561738727322361,0.206751493334445,student-t,ok
w16_n10000,16,10000,10,test,centered_residual_variance,10,0.19990165977720875,0.007256740697662657,0.20119636772159522,0.1947105002042974,0.2050928193501201,student-t,ok
w16_n10000,16,10000,10,test,ncv_vrr_vs_mc,10,320.21746688783435,13.385432943395939,321.39170438040276,310.64210499236884,329.79282878329985,student-t,ok
w16_n10000,16,10000,10,test,generalization_gap_ratio,10,1.579060648186843,0.14406905844218126,1.64057136267825,1.4759998522935374,1.6821214440801486,student-t,ok
w16_n10000,16,10000,10,test,generalization_gap_log,10,0.45282356849484223,0.09598978925115813,0.4950116149346787,0.3841566098513576,0.5214905271383269,student-t,ok
w16_n10000,16,10000,10,test,ncv_setup_cost_s,10,0.3869406146999836,0.02442809467534547,0.37768246499996394,0.36946580847426996,0.4044154209256972,student-t,ok
w16_n10000,16,10000,25,training,mse,10,0.12610697917659436,0.011421158191279377,0.12489761569007082,0.11793677479027923,0.1342771835629095,student-t,ok
w16_n10000,16,10000,25,training,centered_residual_variance,10,0.1252207829129106,0.011088335587103553,0.12446745279966502,0.1172886654749558,0.1331529003508654,student-t,ok
w16_n10000,16,10000,25,training,ncv_vrr_vs_mc,10,511.9880138677548,37.05219396424115,511.56094279061506,485.4824710340703,538.4935567014393,student-t,ok
w16_n10000,16,10000,25,training,generalization_gap_ratio,10,1.7324609011927983,0.1454573724880892,1.7546066258895618,1.6284069652590962,1.8365148371265003,student-t,ok
w16_n10000,16,10000,25,training,generalization_gap_log,10,0.546224768271294,0.08686206964086689,0.5621101562714829,0.48408738688679503,0.6083621496557929,student-t,ok
w16_n10000,16,10000,25,training,ncv_setup_cost_s,10,0.9520984161999764,0.04779548215553823,0.9297336884999936,0.9179075879658144,0.9862892444341383,student-t,ok
w16_n10000,16,10000,25,validation,mse,10,0.21738161563808855,0.014302045092313165,0.21784814454870055,0.2071505489117985,0.22761268236437862,student-t,ok
w16_n10000,16,10000,25,validation,centered_residual_variance,10,0.2163487585971233,0.014569316441638133,0.216883113860521,0.20592649746532551,0.22677101972892108,student-t,ok
w16_n10000,16,10000,25,validation,ncv_vrr_vs_mc,10,299.7532036678959,14.3241684887563,297.82176149596376,289.5063108171767,310.00009651861507,student-t,ok
w16_n10000,16,10000,25,validation,generalization_gap_ratio,10,1.7324609011927983,0.1454573724880892,1.7546066258895618,1.6284069652590962,1.8365148371265003,student-t,ok
w16_n10000,16,10000,25,validation,generalization_gap_log,10,0.546224768271294,0.08686206964086689,0.5621101562714829,0.48408738688679503,0.6083621496557929,student-t,ok
w16_n10000,16,10000,25,validation,ncv_setup_cost_s,10,0.9520984161999764,0.04779548215553823,0.9297336884999936,0.9179075879658144,0.9862892444341383,student-t,ok
w16_n10000,16,10000,25,test,mse,10,0.2121055214208591,0.00872583029998335,0.21225790652674897,0.20586343845543792,0.21834760438628026,student-t,ok
w16_n10000,16,10000,25,test,centered_residual_variance,10,0.2110751992892867,0.008586881908635881,0.2116117448904809,0.20493251401518947,0.21721788456338392,student-t,ok
w16_n10000,16,10000,25,test,ncv_vrr_vs_mc,10,303.33688381006806,13.33786063665424,301.5240804925503,293.79555309276316,312.87821452737296,student-t,ok
w16_n10000,16,10000,25,test,generalization_gap_ratio,10,1.7324609011927983,0.1454573724880892,1.7546066258895618,1.6284069652590962,1.8365148371265003,student-t,ok
w16_n10000,16,10000,25,test,generalization_gap_log,10,0.546224768271294,0.08686206964086689,0.5621101562714829,0.48408738688679503,0.6083621496557929,student-t,ok
w16_n10000,16,10000,25,test,ncv_setup_cost_s,10,0.9520984161999764,0.04779548215553823,0.9297336884999936,0.9179075879658144,0.9862892444341383,student-t,ok
w16_n10000,16,10000,50,training,mse,10,0.11211203137387239,0.02626555528196739,0.11157461172232641,0.09332278501376276,0.13090127773398202,student-t,ok
w16_n10000,16,10000,50,training,centered_residual_variance,10,0.10988025857504348,0.022593609054126884,0.1088818810384206,0.09371776430737247,0.1260427528427145,student-t,ok
w16_n10000,16,10000,50,training,ncv_vrr_vs_mc,10,597.7148390547133,98.4026169195327,593.0957069367387,527.3218474757398,668.1078306336867,student-t,ok
w16_n10000,16,10000,50,training,generalization_gap_ratio,10,2.018353662328326,0.23453085201244767,1.9887612702846011,1.8505803976780375,2.186126926978614,student-t,ok
w16_n10000,16,10000,50,training,generalization_gap_log,10,0.6961311959058492,0.11727245185610048,0.6874994946523969,0.6122395375904753,0.780022854221223,student-t,ok
w16_n10000,16,10000,50,training,ncv_setup_cost_s,10,1.8165556936999678,0.08290236967606625,1.7757451139999603,1.7572509110308607,1.875860476369075,student-t,ok
w16_n10000,16,10000,50,validation,mse,10,0.22260144055083148,0.035186915614155226,0.21287120865281178,0.19743023746643854,0.24777264363522442,student-t,ok
w16_n10000,16,10000,50,validation,centered_residual_variance,10,0.22014761552238662,0.03220101252583036,0.21171630894102825,0.197112398832786,0.24318283221198725,student-t,ok
w16_n10000,16,10000,50,validation,ncv_vrr_vs_mc,10,298.16532780717387,34.03318556928013,308.3672121284185,273.81945347800814,322.5112021363396,student-t,ok
w16_n10000,16,10000,50,validation,generalization_gap_ratio,10,2.018353662328326,0.23453085201244767,1.9887612702846011,1.8505803976780375,2.186126926978614,student-t,ok
w16_n10000,16,10000,50,validation,generalization_gap_log,10,0.6961311959058492,0.11727245185610048,0.6874994946523969,0.6122395375904753,0.780022854221223,student-t,ok
w16_n10000,16,10000,50,validation,ncv_setup_cost_s,10,1.8165556936999678,0.08290236967606625,1.7757451139999603,1.7572509110308607,1.875860476369075,student-t,ok
w16_n10000,16,10000,50,test,mse,10,0.2175567200581196,0.02914760793845199,0.21186553797166358,0.1967057774268226,0.2384076626894166,student-t,ok
w16_n10000,16,10000,50,test,centered_residual_variance,10,0.2151028480350461,0.02525579747518806,0.20977902500105017,0.19703593889537382,0.23316975717471836,student-t,ok
w16_n10000,16,10000,50,test,ncv_vrr_vs_mc,10,300.5968500044701,32.716876367344334,307.190097989161,277.1926065533019,324.00109345563834,student-t,ok
w16_n10000,16,10000,50,test,generalization_gap_ratio,10,2.018353662328326,0.23453085201244767,1.9887612702846011,1.8505803976780375,2.186126926978614,student-t,ok
w16_n10000,16,10000,50,test,generalization_gap_log,10,0.6961311959058492,0.11727245185610048,0.6874994946523969,0.6122395375904753,0.780022854221223,student-t,ok
w16_n10000,16,10000,50,test,ncv_setup_cost_s,10,1.8165556936999678,0.08290236967606625,1.7757451139999603,1.7572509110308607,1.875860476369075,student-t,ok
w16_n10000,16,10000,100,training,mse,10,0.06859898169895691,0.017659299751546235,0.0743343508059969,0.055966279667082265,0.08123168373083155,student-t,ok
w16_n10000,16,10000,100,training,centered_residual_variance,10,0.0661066028969254,0.017495320501783766,0.07268398604462742,0.05359120455380423,0.07862200124004656,student-t,ok
w16_n10000,16,10000,100,training,ncv_vrr_vs_mc,10,1049.9492726933693,365.4714137477212,872.2176687380047,788.5067729340748,1311.3917724526636,student-t,ok
w16_n10000,16,10000,100,training,generalization_gap_ratio,10,2.3265583814941238,0.30238221862343867,2.3736346539515996,2.1102471731591157,2.542869589829132,student-t,ok
w16_n10000,16,10000,100,training,generalization_gap_log,10,0.8361184599349208,0.13869921830677798,0.8641194730687487,0.7368990162664344,0.9353379036034073,student-t,ok
w16_n10000,16,10000,100,training,ncv_setup_cost_s,10,3.418563017899976,0.14727140576640718,3.354338886500045,3.3132114007329685,3.5239146350669834,student-t,ok
w16_n10000,16,10000,100,validation,mse,10,0.1594222198549839,0.04708646725058042,0.1699436925029557,0.12573859032951964,0.19310584938044814,student-t,ok
w16_n10000,16,10000,100,validation,centered_residual_variance,10,0.15741126288533505,0.04784565520557769,0.16892796958454576,0.12318454301333377,0.19163798275733634,student-t,ok
w16_n10000,16,10000,100,validation,ncv_vrr_vs_mc,10,452.5148071160129,157.6190560777436,375.54874687783445,339.7609268382215,565.2686873938043,student-t,ok
w16_n10000,16,10000,100,validation,generalization_gap_ratio,10,2.3265583814941238,0.30238221862343867,2.3736346539515996,2.1102471731591157,2.542869589829132,student-t,ok
w16_n10000,16,10000,100,validation,generalization_gap_log,10,0.8361184599349208,0.13869921830677798,0.8641194730687487,0.7368990162664344,0.9353379036034073,student-t,ok
w16_n10000,16,10000,100,validation,ncv_setup_cost_s,10,3.418563017899976,0.14727140576640718,3.354338886500045,3.3132114007329685,3.5239146350669834,student-t,ok
w16_n10000,16,10000,100,test,mse,10,0.15678451538472657,0.04329478450183807,0.1777839851289404,0.125813292298825,0.18775573847062813,student-t,ok
w16_n10000,16,10000,100,test,centered_residual_variance,10,0.1546009442055517,0.04391976402240486,0.17677440048931914,0.12318263770352245,0.18601925070758096,student-t,ok
w16_n10000,16,10000,100,test,ncv_vrr_vs_mc,10,453.68293214033827,160.19981913578238,364.9597637269301,339.0828851863049,568.2829790943716,student-t,ok
w16_n10000,16,10000,100,test,generalization_gap_ratio,10,2.3265583814941238,0.30238221862343867,2.3736346539515996,2.1102471731591157,2.542869589829132,student-t,ok
w16_n10000,16,10000,100,test,generalization_gap_log,10,0.8361184599349208,0.13869921830677798,0.8641194730687487,0.7368990162664344,0.9353379036034073,student-t,ok
w16_n10000,16,10000,100,test,ncv_setup_cost_s,10,3.418563017899976,0.14727140576640718,3.354338886500045,3.3132114007329685,3.5239146350669834,student-t,ok
w16_n10000,16,10000,200,training,mse,10,0.04598917813211815,0.061018621157000824,0.025630284857154254,0.002339086094649903,0.0896392701695864,student-t,ok
w16_n10000,16,10000,200,training,centered_residual_variance,10,0.03946442748960425,0.04392425288875674,0.02424932130677364,0.008042909846030205,0.0708859451331783,student-t,ok
w16_n10000,16,10000,200,training,ncv_vrr_vs_mc,10,2487.2179003097795,1033.1856910220617,2594.4738085360814,1748.1213810870743,3226.314419532485,student-t,ok
w16_n10000,16,10000,200,training,generalization_gap_ratio,10,2.3563658985121725,0.4509877280002902,2.4443080711082557,2.033748712779145,2.6789830842452,student-t,ok
w16_n10000,16,10000,200,training,generalization_gap_log,10,0.8362297673277814,0.22944446274342203,0.8937029965095282,0.6720950863675456,1.0003644482880172,student-t,ok
w16_n10000,16,10000,200,training,ncv_setup_cost_s,10,6.477427330799992,0.28151812538041426,6.366233648000048,6.2760413956531975,6.678813265946787,student-t,ok
w16_n10000,16,10000,200,validation,mse,10,0.08753254738888283,0.07208324365661718,0.063322307761741,0.035967301234355625,0.13909779354341004,student-t,ok
w16_n10000,16,10000,200,validation,centered_residual_variance,10,0.08089218704782863,0.054957218641188556,0.06242558474993374,0.04157816115991465,0.12020621293574262,student-t,ok
w16_n10000,16,10000,200,validation,ncv_vrr_vs_mc,10,1001.7319602835593,357.01453258628436,1045.241355805712,746.3391488660718,1257.1247717010467,student-t,ok
w16_n10000,16,10000,200,validation,generalization_gap_ratio,10,2.3563658985121725,0.4509877280002902,2.4443080711082557,2.033748712779145,2.6789830842452,student-t,ok
w16_n10000,16,10000,200,validation,generalization_gap_log,10,0.8362297673277814,0.22944446274342203,0.8937029965095282,0.6720950863675456,1.0003644482880172,student-t,ok
w16_n10000,16,10000,200,validation,ncv_setup_cost_s,10,6.477427330799992,0.28151812538041426,6.366233648000048,6.2760413956531975,6.678813265946787,student-t,ok
w16_n10000,16,10000,200,test,mse,10,0.08667416810841493,0.07154996407641383,0.06258950479867845,0.03549040718439933,0.13785792903243052,student-t,ok
w16_n10000,16,10000,200,test,centered_residual_variance,10,0.07988679813596082,0.05373942701020851,0.061802461358666114,0.0414439279013017,0.11832966837061995,student-t,ok
w16_n10000,16,10000,200,test,ncv_vrr_vs_mc,10,1003.542254007824,362.48631407576437,1046.101399016535,744.2351659138747,1262.8493421017733,student-t,ok
w16_n10000,16,10000,200,test,generalization_gap_ratio,10,2.3563658985121725,0.4509877280002902,2.4443080711082557,2.033748712779145,2.6789830842452,student-t,ok
w16_n10000,16,10000,200,test,generalization_gap_log,10,0.8362297673277814,0.22944446274342203,0.8937029965095282,0.6720950863675456,1.0003644482880172,student-t,ok
w16_n10000,16,10000,200,test,ncv_setup_cost_s,10,6.477427330799992,0.28151812538041426,6.366233648000048,6.2760413956531975,6.678813265946787,student-t,ok
w16_n20000,16,20000,0,training,mse,10,104.13881357253993,9.643403028940886,106.07974248525761,97.24033861872864,111.03728852635122,student-t,ok
w16_n20000,16,20000,0,training,centered_residual_variance,10,65.76337715431578,1.7982592293624735,65.78269083826127,64.47697999586585,67.0497743127657,student-t,ok
w16_n20000,16,20000,0,training,ncv_vrr_vs_mc,10,0.9743801116134779,0.01150227978021134,0.9729078529174993,0.966151876338297,0.9826083468886588,student-t,ok
w16_n20000,16,20000,0,training,generalization_gap_ratio,10,1.005407412952164,0.033925978139788024,1.0117466943933926,0.9811382301980568,1.0296765957062712,student-t,ok
w16_n20000,16,20000,0,training,generalization_gap_log,10,0.004872555919527764,0.03413612930582536,0.011677235099568754,-0.019546959922501998,0.029292071761557525,student-t,ok
w16_n20000,16,20000,0,training,ncv_setup_cost_s,10,0.0,0.0,0.0,0.0,0.0,student-t,ok
w16_n20000,16,20000,0,validation,mse,10,104.78768556223618,11.156285172691131,107.45517989495343,96.80695991897345,112.76841120549891,student-t,ok
w16_n20000,16,20000,0,validation,centered_residual_variance,10,66.39035627685712,2.0977350677882214,67.3695902021403,64.88972700921798,67.89098554449626,student-t,ok
w16_n20000,16,20000,0,validation,ncv_vrr_vs_mc,10,0.9743275552103948,0.011683742207771297,0.976791890573415,0.9659695095344847,0.982685600886305,student-t,ok
w16_n20000,16,20000,0,validation,generalization_gap_ratio,10,1.005407412952164,0.033925978139788024,1.0117466943933926,0.9811382301980568,1.0296765957062712,student-t,ok
w16_n20000,16,20000,0,validation,generalization_gap_log,10,0.004872555919527764,0.03413612930582536,0.011677235099568754,-0.019546959922501998,0.029292071761557525,student-t,ok
w16_n20000,16,20000,0,validation,ncv_setup_cost_s,10,0.0,0.0,0.0,0.0,0.0,student-t,ok
w16_n20000,16,20000,0,test,mse,10,103.7105405201554,10.445860599438907,106.65901689979722,96.23802200153992,111.18305903877089,student-t,ok
w16_n20000,16,20000,0,test,centered_residual_variance,10,65.59466818992978,0.9056133522404601,65.21862873934296,64.94683142426533,66.24250495559423,student-t,ok
w16_n20000,16,20000,0,test,ncv_vrr_vs_mc,10,0.9746683957535648,0.011842286110543908,0.9742238076237628,0.9661969346019067,0.9831398569052229,student-t,ok
w16_n20000,16,20000,0,test,generalization_gap_ratio,10,1.005407412952164,0.033925978139788024,1.0117466943933926,0.9811382301980568,1.0296765957062712,student-t,ok
w16_n20000,16,20000,0,test,generalization_gap_log,10,0.004872555919527764,0.03413612930582536,0.011677235099568754,-0.019546959922501998,0.029292071761557525,student-t,ok
w16_n20000,16,20000,0,test,ncv_setup_cost_s,10,0.0,0.0,0.0,0.0,0.0,student-t,ok
w16_n20000,16,20000,10,training,mse,10,0.1494568982597592,0.011931518873284622,0.14852877793654912,0.1409216038350357,0.15799219268448267,student-t,ok
w16_n20000,16,20000,10,training,centered_residual_variance,10,0.1490412465157268,0.011902543445116421,0.14790014027161158,0.14052667986364692,0.1575558131678067,student-t,ok
w16_n20000,16,20000,10,training,ncv_vrr_vs_mc,10,431.7046756074943,26.79930340892681,434.1167598749678,412.53360883871534,450.8757423762733,student-t,ok
w16_n20000,16,20000,10,training,generalization_gap_ratio,10,1.3023464109340268,0.11424885820542618,1.3190326239971877,1.220617701217512,1.3840751206505417,student-t,ok
w16_n20000,16,20000,10,training,generalization_gap_log,10,0.26067521125552784,0.08834645322458831,0.2768983890864397,0.1974759658233043,0.3238744566877514,student-t,ok
w16_n20000,16,20000,10,training,ncv_setup_cost_s,10,0.7094469975000266,0.024064506471103,0.7019781390000048,0.6922322866071473,0.7266617083929059,student-t,ok
w16_n20000,16,20000,10,validation,mse,10,0.1938810622213361,0.01393210358006606,0.19391677951907876,0.18391463571063724,0.20384748873203498,student-t,ok
w16_n20000,16,20000,10,validation,centered_residual_variance,10,0.19353252007188898,0.014051900449046216,0.19317860172489418,0.1834803960436515,0.20358464410012647,student-t,ok
w16_n20000,16,20000,10,validation,ncv_vrr_vs_mc,10,335.35383381143214,19.203505637194393,332.95452883710914,321.6164734350185,349.09119418784576,student-t,ok
w16_n20000,16,20000,10,validation,generalization_gap_ratio,10,1.3023464109340268,0.11424885820542618,1.3190326239971877,1.220617701217512,1.3840751206505417,student-t,ok
w16_n20000,16,20000,10,validation,generalization_gap_log,10,0.26067521125552784,0.08834645322458831,0.2768983890864397,0.1974759658233043,0.3238744566877514,student-t,ok
w16_n20000,16,20000,10,validation,ncv_setup_cost_s,10,0.7094469975000266,0.024064506471103,0.7019781390000048,0.6922322866071473,0.7266617083929059,student-t,ok
w16_n20000,16,20000,10,test,mse,10,0.190864786807605,0.01075744210494562,0.19168584311593523,0.18316937630725255,0.19856019730795743,student-t,ok
w16_n20000,16,20000,10,test,centered_residual_variance,10,0.19047386944253317,0.010727018775272717,0.1911367795040521,0.18280022248116484,0.1981475164039015,student-t,ok
w16_n20000,16,20000,10,test,ncv_vrr_vs_mc,10,336.5574674439606,18.656072561700313,337.9315411772974,323.2117170986585,349.9032177892627,student-t,ok
w16_n20000,16,20000,10,test,generalization_gap_ratio,10,1.3023464109340268,0.11424885820542618,1.3190326239971877,1.220617701217512,1.3840751206505417,student-t,ok
w16_n20000,16,20000,10,test,generalization_gap_log,10,0.26067521125552784,0.08834645322458831,0.2768983890864397,0.1974759658233043,0.3238744566877514,student-t,ok
w16_n20000,16,20000,10,test,ncv_setup_cost_s,10,0.7094469975000266,0.024064506471103,0.7019781390000048,0.6922322866071473,0.7266617083929059,student-t,ok
w16_n20000,16,20000,25,training,mse,10,0.1295082513856208,0.023803750058491332,0.12450902404166078,0.11248007439327942,0.14653642837796219,student-t,ok
w16_n20000,16,20000,25,training,centered_residual_variance,10,0.12677082551982694,0.020570412605360276,0.1236538359638635,0.11205563880391645,0.14148601223573742,student-t,ok
w16_n20000,16,20000,25,training,ncv_vrr_vs_mc,10,515.7233816315457,72.74868140265355,518.2144474017192,463.68210998989787,567.7646532731936,student-t,ok
w16_n20000,16,20000,25,training,generalization_gap_ratio,10,1.389021036821764,0.13607795553211904,1.410028102334436,1.2916767315814934,1.4863653420620344,student-t,ok
w16_n20000,16,20000,25,training,generalization_gap_log,10,0.3241162783924675,0.10084286834343058,0.3434284368546183,0.25197763610510393,0.39625492067983104,student-t,ok
w16_n20000,16,20000,25,training,ncv_setup_cost_s,10,1.7212832870000057,0.061897145804955415,1.7036787325000091,1.6770047362885576,1.7655618377114537,student-t,ok
w16_n20000,16,20000,25,validation,mse,10,0.1782019643330664,0.02448770433277483,0.18604480819345068,0.16068451592724817,0.19571941273888463,student-t,ok
w16_n20000,16,20000,25,validation,centered_residual_variance,10,0.17574460352021962,0.023139629460378962,0.18196421410530977,0.15919150978413527,0.19229769725630397,student-t,ok
w16_n20000,16,20000,25,validation,ncv_vrr_vs_mc,10,374.25214394389764,53.55649103209041,361.7472841951552,335.94013822453576,412.5641496632595,student-t,ok
w16_n20000,16,20000,25,validation,generalization_gap_ratio,10,1.389021036821764,0.13607795553211904,1.410028102334436,1.2916767315814934,1.4863653420620344,student-t,ok
w16_n20000,16,20000,25,validation,generalization_gap_log,10,0.3241162783924675,0.10084286834343058,0.3434284368546183,0.25197763610510393,0.39625492067983104,student-t,ok
w16_n20000,16,20000,25,validation,ncv_setup_cost_s,10,1.7212832870000057,0.061897145804955415,1.7036787325000091,1.6770047362885576,1.7655618377114537,student-t,ok
w16_n20000,16,20000,25,test,mse,10,0.1759472095491788,0.02886704673573103,0.17077695518163266,0.15529696831179568,0.19659745078656193,student-t,ok
w16_n20000,16,20000,25,test,centered_residual_variance,10,0.1734109040766656,0.026700796636090273,0.16649611248959054,0.15431030480812014,0.19251150334521105,student-t,ok
w16_n20000,16,20000,25,test,ncv_vrr_vs_mc,10,375.76331973659694,52.244380238613005,380.82201811582644,338.3899415347478,413.1366979384461,student-t,ok
w16_n20000,16,20000,25,test,generalization_gap_ratio,10,1.389021036821764,0.13607795553211904,1.410028102334436,1.2916767315814934,1.4863653420620344,student-t,ok
w16_n20000,16,20000,25,test,generalization_gap_log,10,0.3241162783924675,0.10084286834343058,0.3434284368546183,0.25197763610510393,0.39625492067983104,student-t,ok
w16_n20000,16,20000,25,test,ncv_setup_cost_s,10,1.7212832870000057,0.061897145804955415,1.7036787325000091,1.6770047362885576,1.7655618377114537,student-t,ok
w16_n20000,16,20000,50,training,mse,10,0.06246557079008346,0.029113294536821644,0.05087030452742632,0.04163917448761008,0.08329196709255685,student-t,ok
w16_n20000,16,20000,50,training,centered_residual_variance,10,0.061584177038199156,0.029402636497362872,0.04971132464035892,0.04055079796606551,0.08261755611033281,student-t,ok
w16_n20000,16,20000,50,training,ncv_vrr_vs_mc,10,1194.2744886902203,367.179281896476,1305.7992267963227,931.6102536562267,1456.938723724214,student-t,ok
w16_n20000,16,20000,50,training,generalization_gap_ratio,10,1.359658656689178,0.12664373017440747,1.2851736091204633,1.26906318971103,1.4502541236673259,student-t,ok
w16_n20000,16,20000,50,training,generalization_gap_log,10,0.3034146054431059,0.09159808235067965,0.25085768624094923,0.23788928465987755,0.3689399262263342,student-t,ok
w16_n20000,16,20000,50,training,ncv_setup_cost_s,10,3.3138125327000125,0.12182100030166028,3.28925882850001,3.2266670388419656,3.4009580265580595,student-t,ok
w16_n20000,16,20000,50,validation,mse,10,0.08717037439222845,0.04913947872049528,0.06604971473569793,0.052018108933723634,0.12232263985073327,student-t,ok
w16_n20000,16,20000,50,validation,centered_residual_variance,10,0.08617017426929625,0.049418509791238005,0.06426022860590413,0.05081830200735524,0.12152204653123727,student-t,ok
w16_n20000,16,20000,50,validation,ncv_vrr_vs_mc,10,899.7194176896566,294.4321339071539,1010.4931152927801,689.0953573594945,1110.3434780198186,student-t,ok
w16_n20000,16,20000,50,validation,generalization_gap_ratio,10,1.359658656689178,0.12664373017440747,1.2851736091204633,1.26906318971103,1.4502541236673259,student-t,ok
w16_n20000,16,20000,50,validation,generalization_gap_log,10,0.3034146054431059,0.09159808235067965,0.25085768624094923,0.23788928465987755,0.3689399262263342,student-t,ok
w16_n20000,16,20000,50,validation,ncv_setup_cost_s,10,3.3138125327000125,0.12182100030166028,3.28925882850001,3.2266670388419656,3.4009580265580595,student-t,ok
w16_n20000,16,20000,50,test,mse,10,0.08517836290324188,0.04930695538051946,0.06400806299896937,0.04990629185939986,0.12045043394708389,student-t,ok
w16_n20000,16,20000,50,test,centered_residual_variance,10,0.0842739322430216,0.04963049208211436,0.06375503322035327,0.0487704169853587,0.1197774475006845,student-t,ok
w16_n20000,16,20000,50,test,ncv_vrr_vs_mc,10,916.0112701602668,305.1273557742503,1003.7010758123578,697.736309006589,1134.2862313139447,student-t,ok
w16_n20000,16,20000,50,test,generalization_gap_ratio,10,1.359658656689178,0.12664373017440747,1.2851736091204633,1.26906318971103,1.4502541236673259,student-t,ok
w16_n20000,16,20000,50,test,generalization_gap_log,10,0.3034146054431059,0.09159808235067965,0.25085768624094923,0.23788928465987755,0.3689399262263342,student-t,ok
w16_n20000,16,20000,50,test,ncv_setup_cost_s,10,3.3138125327000125,0.12182100030166028,3.28925882850001,3.2266670388419656,3.4009580265580595,student-t,ok
w16_n20000,16,20000,100,training,mse,10,0.0331616353426117,0.009091244800835029,0.030332006513084608,0.02665815059046446,0.039665120094758935,student-t,ok
w16_n20000,16,20000,100,training,centered_residual_variance,10,0.03180218751460851,0.00810317094200181,0.028837026387528948,0.0260055282209867,0.03759884680823032,student-t,ok
w16_n20000,16,20000,100,training,ncv_vrr_vs_mc,10,2117.4250021395537,455.62343357672427,2207.2708648188745,1791.4916324083777,2443.3583718707296,student-t,ok
w16_n20000,16,20000,100,training,generalization_gap_ratio,10,1.2896967917670548,0.12828864481346866,1.3177608085338925,1.1979246237421222,1.3814689597919874,student-t,ok
w16_n20000,16,20000,100,training,generalization_gap_log,10,0.24983663447970456,0.10144882232862551,0.2753662159473666,0.17726451882433134,0.32240875013507775,student-t,ok
w16_n20000,16,20000,100,training,ncv_setup_cost_s,10,6.338890995500037,0.17796114910976862,6.2880473115000655,6.211585258489889,6.466196732510185,student-t,ok
w16_n20000,16,20000,100,validation,mse,10,0.042395528661588036,0.011310773057450709,0.03887414057212793,0.03430428904307374,0.05048676828010233,student-t,ok
w16_n20000,16,20000,100,validation,centered_residual_variance,10,0.041078677749309414,0.010963968413245208,0.03864232232689216,0.033235527228050225,0.0489218282705686,student-t,ok
w16_n20000,16,20000,100,validation,ncv_vrr_vs_mc,10,1652.680342429624,340.66129263507435,1663.537641712216,1408.9859341462302,1896.3747507130179,student-t,ok
w16_n20000,16,20000,100,validation,generalization_gap_ratio,10,1.2896967917670548,0.12828864481346866,1.3177608085338925,1.1979246237421222,1.3814689597919874,student-t,ok
w16_n20000,16,20000,100,validation,generalization_gap_log,10,0.24983663447970456,0.10144882232862551,0.2753662159473666,0.17726451882433134,0.32240875013507775,student-t,ok
w16_n20000,16,20000,100,validation,ncv_setup_cost_s,10,6.338890995500037,0.17796114910976862,6.2880473115000655,6.211585258489889,6.466196732510185,student-t,ok
w16_n20000,16,20000,100,test,mse,10,0.04114924362539108,0.011666432059573037,0.03808858970681371,0.03280358088353794,0.04949490636724422,student-t,ok
w16_n20000,16,20000,100,test,centered_residual_variance,10,0.03986596433252962,0.011451668384784331,0.036261313077778426,0.03167393426858822,0.048057994396471015,student-t,ok
w16_n20000,16,20000,100,test,ncv_vrr_vs_mc,10,1693.0326593907841,362.27012556363576,1766.6162867753815,1433.8802232419775,1952.1850955395907,student-t,ok
w16_n20000,16,20000,100,test,generalization_gap_ratio,10,1.2896967917670548,0.12828864481346866,1.3177608085338925,1.1979246237421222,1.3814689597919874,student-t,ok
w16_n20000,16,20000,100,test,generalization_gap_log,10,0.24983663447970456,0.10144882232862551,0.2753662159473666,0.17726451882433134,0.32240875013507775,student-t,ok
w16_n20000,16,20000,100,test,ncv_setup_cost_s,10,6.338890995500037,0.17796114910976862,6.2880473115000655,6.211585258489889,6.466196732510185,student-t,ok
w16_n20000,16,20000,200,training,mse,10,0.016090895272361294,0.005865532127733925,0.014090227760222262,0.011894946357594024,0.020286844187128564,student-t,ok
w16_n20000,16,20000,200,training,centered_residual_variance,10,0.014778247585315901,0.00399194081459945,0.01379826595564766,0.011922585155366025,0.017633910015265777,student-t,ok
w16_n20000,16,20000,200,training,ncv_vrr_vs_mc,10,4609.172449756489,1147.2106173150783,4767.405798980522,3788.5074120572785,5429.837487455699,student-t,ok
w16_n20000,16,20000,200,training,generalization_gap_ratio,10,1.4498175924684649,0.21179399471931776,1.3935586697138014,1.2983092957028863,1.6013258892340434,student-t,ok
w16_n20000,16,20000,200,training,generalization_gap_log,10,0.3624851756248463,0.1386277489095685,0.3317312495080092,0.2633168580832192,0.46165349316647336,student-t,ok
w16_n20000,16,20000,200,training,ncv_setup_cost_s,10,12.216053526999996,0.1954329028832144,12.16719553750005,12.076249250268594,12.355857803731398,student-t,ok
w16_n20000,16,20000,200,validation,mse,10,0.022744025774712844,0.006831746459960921,0.020274634516723795,0.01785688876473916,0.02763116278468653,student-t,ok
w16_n20000,16,20000,200,validation,centered_residual_variance,10,0.02139801150366742,0.0050323493517521675,0.019760988715732876,0.017798085641634508,0.02499793736570033,student-t,ok
w16_n20000,16,20000,200,validation,ncv_vrr_vs_mc,10,3152.521495365113,626.3093770224164,3331.0437782547856,2704.4867572379426,3600.5562334922834,student-t,ok
w16_n20000,16,20000,200,validation,generalization_gap_ratio,10,1.4498175924684649,0.21179399471931776,1.3935586697138014,1.2983092957028863,1.6013258892340434,student-t,ok
w16_n20000,16,20000,200,validation,generalization_gap_log,10,0.3624851756248463,0.1386277489095685,0.3317312495080092,0.2633168580832192,0.46165349316647336,student-t,ok
w16_n20000,16,20000,200,validation,ncv_setup_cost_s,10,12.216053526999996,0.1954329028832144,12.16719553750005,12.076249250268594,12.355857803731398,student-t,ok
w16_n20000,16,20000,200,test,mse,10,0.02136173763741906,0.0061865866056059855,0.01836732058554015,0.016936120184713205,0.025787355090124916,student-t,ok
w16_n20000,16,20000,200,test,centered_residual_variance,10,0.02005507152132196,0.0043357429553643806,0.017744778948272207,0.016953467855688388,0.02315667518695553,student-t,ok
w16_n20000,16,20000,200,test,ncv_vrr_vs_mc,10,3305.9099544820115,612.4075791674293,3541.6835971534615,2867.8199634558146,3743.9999455082084,student-t,ok
w16_n20000,16,20000,200,test,generalization_gap_ratio,10,1.4498175924684649,0.21179399471931776,1.3935586697138014,1.2983092957028863,1.6013258892340434,student-t,ok
w16_n20000,16,20000,200,test,generalization_gap_log,10,0.3624851756248463,0.1386277489095685,0.3317312495080092,0.2633168580832192,0.46165349316647336,student-t,ok
w16_n20000,16,20000,200,test,ncv_setup_cost_s,10,12.216053526999996,0.1954329028832144,12.16719553750005,12.076249250268594,12.355857803731398,student-t,ok
w32_n5000,32,5000,0,training,mse,10,98.50815630063273,8.596870384165847,98.22922187677408,92.35832570158502,104.65798689968045,student-t,ok
w32_n5000,32,5000,0,training,centered_residual_variance,10,65.02082884897781,2.303106321652987,65.37607032206446,63.373285836598654,66.66837186135697,student-t,ok
w32_n5000,32,5000,0,training,ncv_vrr_vs_mc,10,0.9856961401425625,0.008780232583639523,0.9837051773790474,0.9794151401278273,0.9919771401572977,student-t,ok
w32_n5000,32,5000,0,training,generalization_gap_ratio,10,1.006140965889202,0.04302905674983513,1.0020736394926464,0.9753598329858038,1.0369220987926002,student-t,ok
w32_n5000,32,5000,0,training,generalization_gap_log,10,0.005302304674079763,0.04264964029356097,0.0020508195458740493,-0.0252074100470838,0.03581201939524333,student-t,ok
w32_n5000,32,5000,0,training,ncv_setup_cost_s,10,0.0,0.0,0.0,0.0,0.0,student-t,ok
w32_n5000,32,5000,0,validation,mse,10,99.13136312490643,9.717295418745438,99.11280738382666,92.18002873974977,106.08269751006308,student-t,ok
w32_n5000,32,5000,0,validation,centered_residual_variance,10,65.7208893643431,2.3018603603011822,66.49671964117098,64.07423765902152,67.36754106966467,student-t,ok
w32_n5000,32,5000,0,validation,ncv_vrr_vs_mc,10,0.9843303793494516,0.008467756713435474,0.9873454693825026,0.978272911106416,0.9903878475924871,student-t,ok
w32_n5000,32,5000,0,validation,generalization_gap_ratio,10,1.006140965889202,0.04302905674983513,1.0020736394926464,0.9753598329858038,1.0369220987926002,student-t,ok
w32_n5000,32,5000,0,validation,generalization_gap_log,10,0.005302304674079763,0.04264964029356097,0.0020508195458740493,-0.0252074100470838,0.03581201939524333,student-t,ok
w32_n5000,32,5000,0,validation,ncv_setup_cost_s,10,0.0,0.0,0.0,0.0,0.0,student-t,ok
w32_n5000,32,5000,0,test,mse,10,98.16265002535623,8.50262914746737,96.82604154690671,92.08023554580798,104.24506450490448,student-t,ok
w32_n5000,32,5000,0,test,centered_residual_variance,10,64.9606911438345,0.4722944371889429,64.90519793417798,64.62283205653986,65.29855023112913,student-t,ok
w32_n5000,32,5000,0,test,ncv_vrr_vs_mc,10,0.9840941878508787,0.009246962465242434,0.9841712071843545,0.9774793093921159,0.9907090663096414,student-t,ok
w32_n5000,32,5000,0,test,generalization_gap_ratio,10,1.006140965889202,0.04302905674983513,1.0020736394926464,0.9753598329858038,1.0369220987926002,student-t,ok
w32_n5000,32,5000,0,test,generalization_gap_log,10,0.005302304674079763,0.04264964029356097,0.0020508195458740493,-0.0252074100470838,0.03581201939524333,student-t,ok
w32_n5000,32,5000,0,test,ncv_setup_cost_s,10,0.0,0.0,0.0,0.0,0.0,student-t,ok
w32_n5000,32,5000,10,training,mse,10,0.10208036205910131,0.00606138943740113,0.10257775556125973,0.09774430526527877,0.10641641885292386,student-t,ok
w32_n5000,32,5000,10,training,centered_residual_variance,10,0.10182228500601367,0.005821868190970261,0.10241981167404537,0.09765757138995215,0.1059869986220752,student-t,ok
w32_n5000,32,5000,10,training,ncv_vrr_vs_mc,10,631.4136158205546,44.487610589326,635.9656586670222,599.5890963553466,663.2381352857626,student-t,ok
w32_n5000,32,5000,10,training,generalization_gap_ratio,10,3.005762502201219,0.2798257243931128,3.008160125129982,2.805587237788362,3.2059377666140763,student-t,ok
w32_n5000,32,5000,10,training,generalization_gap_log,10,1.096625766973679,0.0932243516834142,1.1010172109141882,1.0299370831923107,1.1633144507550472,student-t,ok
w32_n5000,32,5000,10,training,ncv_setup_cost_s,10,0.23466817860003175,0.0066677903876529235,0.23446459450008206,0.22989832869865942,0.23943802850140408,student-t,ok
w32_n5000,32,5000,10,validation,mse,10,0.30575255925964767,0.0197786505411819,0.3122655285819767,0.2916037650042328,0.31990135351506255,student-t,ok
w32_n5000,32,5000,10,validation,centered_residual_variance,10,0.29806296586943576,0.02137038874878417,0.3076554512749021,0.28277551069471524,0.3133504210441563,student-t,ok
w32_n5000,32,5000,10,validation,ncv_vrr_vs_mc,10,217.848932069171,14.427489415770737,212.76848417330467,207.52812787978075,228.16973625856127,student-t,ok
w32_n5000,32,5000,10,validation,generalization_gap_ratio,10,3.005762502201219,0.2798257243931128,3.008160125129982,2.805587237788362,3.2059377666140763,student-t,ok
w32_n5000,32,5000,10,validation,generalization_gap_log,10,1.096625766973679,0.0932243516834142,1.1010172109141882,1.0299370831923107,1.1633144507550472,student-t,ok
w32_n5000,32,5000,10,validation,ncv_setup_cost_s,10,0.23466817860003175,0.0066677903876529235,0.23446459450008206,0.22989832869865942,0.23943802850140408,student-t,ok
w32_n5000,32,5000,10,test,mse,10,0.3035567821095442,0.018765393695716413,0.31299818045451855,0.29013282813605507,0.3169807360830333,student-t,ok
w32_n5000,32,5000,10,test,centered_residual_variance,10,0.29555901140492774,0.020177083672314248,0.3049861711108122,0.28112519525758983,0.30999282755226565,student-t,ok
w32_n5000,32,5000,10,test,ncv_vrr_vs_mc,10,217.3176677243651,16.82777638224389,212.48161541359167,205.27980167719687,229.35553377153332,student-t,ok
w32_n5000,32,5000,10,test,generalization_gap_ratio,10,3.005762502201219,0.2798257243931128,3.008160125129982,2.805587237788362,3.2059377666140763,student-t,ok
w32_n5000,32,5000,10,test,generalization_gap_log,10,1.096625766973679,0.0932243516834142,1.1010172109141882,1.0299370831923107,1.1633144507550472,student-t,ok
w32_n5000,32,5000,10,test,ncv_setup_cost_s,10,0.23466817860003175,0.0066677903876529235,0.23446459450008206,0.22989832869865942,0.23943802850140408,student-t,ok
w32_n5000,32,5000,25,training,mse,10,0.06211115455351099,0.007442481252783543,0.06191299454735377,0.056787124191775076,0.0674351849152469,student-t,ok
w32_n5000,32,5000,25,training,centered_residual_variance,10,0.06142231232976641,0.007153985963955457,0.06185647022458927,0.05630465906523367,0.06653996559429914,student-t,ok
w32_n5000,32,5000,25,training,ncv_vrr_vs_mc,10,1057.773633588582,142.5972859416334,1052.2389872458461,955.765680317561,1159.781586859603,student-t,ok
w32_n5000,32,5000,25,training,generalization_gap_ratio,10,4.737477401324624,0.7268326873629399,4.701517177221238,4.217532618934328,5.257422183714921,student-t,ok
w32_n5000,32,5000,25,training,generalization_gap_log,10,1.5450683601087485,0.1518352609011658,1.546771853561743,1.436451957653242,1.653684762564255,student-t,ok
w32_n5000,32,5000,25,training,ncv_setup_cost_s,10,0.6283497970000098,0.010635282169268043,0.6296165165000502,0.6207417744532773,0.6359578195467424,student-t,ok
w32_n5000,32,5000,25,validation,mse,10,0.28979188265971145,0.017497321886631022,0.2944749648911535,0.27727505261211827,0.30230871270730464,student-t,ok
w32_n5000,32,5000,25,validation,centered_residual_variance,10,0.28513750284959594,0.019049446415650272,0.29101221373512254,0.2715103498012424,0.2987646558979495,student-t,ok
w32_n5000,32,5000,25,validation,ncv_vrr_vs_mc,10,227.53187979680402,12.881396465599689,222.16493580437103,218.31708387659117,236.74667571701687,student-t,ok
w32_n5000,32,5000,25,validation,generalization_gap_ratio,10,4.737477401324624,0.7268326873629399,4.701517177221238,4.217532618934328,5.257422183714921,student-t,ok
w32_n5000,32,5000,25,validation,generalization_gap_log,10,1.5450683601087485,0.1518352609011658,1.546771853561743,1.436451957653242,1.653684762564255,student-t,ok
w32_n5000,32,5000,25,validation,ncv_setup_cost_s,10,0.6283497970000098,0.010635282169268043,0.6296165165000502,0.6207417744532773,0.6359578195467424,student-t,ok
w32_n5000,32,5000,25,test,mse,10,0.2872339085947668,0.016589200496772826,0.2939531133963911,0.27536670945486835,0.2991011077346652,student-t,ok
w32_n5000,32,5000,25,test,centered_residual_variance,10,0.2825019172423863,0.01784908368923958,0.29337225285092006,0.26973345196004045,0.2952703825247322,student-t,ok
w32_n5000,32,5000,25,test,ncv_vrr_vs_mc,10,227.1495582839602,15.362127525325258,219.00271332003973,216.16015426831675,238.13896229960366,student-t,ok
w32_n5000,32,5000,25,test,generalization_gap_ratio,10,4.737477401324624,0.7268326873629399,4.701517177221238,4.217532618934328,5.257422183714921,student-t,ok
w32_n5000,32,5000,25,test,generalization_gap_log,10,1.5450683601087485,0.1518352609011658,1.546771853561743,1.436451957653242,1.653684762564255,student-t,ok
w32_n5000,32,5000,25,test,ncv_setup_cost_s,10,0.6283497970000098,0.010635282169268043,0.6296165165000502,0.6207417744532773,0.6359578195467424,student-t,ok
w32_n5000,32,5000,50,training,mse,10,0.04749132638672429,0.007538852777401119,0.04737302337174511,0.04209835598931427,0.05288429678413431,student-t,ok
w32_n5000,32,5000,50,training,centered_residual_variance,10,0.04725691966530993,0.007548189296830421,0.04718357396119051,0.04185727032424843,0.052656569006371425,student-t,ok
w32_n5000,32,5000,50,training,ncv_vrr_vs_mc,10,1389.374758521085,239.75479190544792,1347.7332069359418,1217.8645123919632,1560.8850046502066,student-t,ok
w32_n5000,32,5000,50,training,generalization_gap_ratio,10,7.086713196443663,1.3080708775002703,7.247857050517242,6.150975660724737,8.02245073216259,student-t,ok
w32_n5000,32,5000,50,training,generalization_gap_log,10,1.942934703259295,0.18419799735093967,1.9807055006077725,1.8111673937883341,2.074702012730256,student-t,ok
w32_n5000,32,5000,50,training,ncv_setup_cost_s,10,1.173009983000054,0.014600337089413799,1.1746900290000895,1.1625655310336422,1.1834544349664657,student-t,ok
w32_n5000,32,5000,50,validation,mse,10,0.3278511361023543,0.013886191347167311,0.3289666977904241,0.3179175532245281,0.3377847189801805,student-t,ok
w32_n5000,32,5000,50,validation,centered_residual_variance,10,0.32323129345680063,0.01289292083612191,0.32523895760136967,0.3140082534985477,0.33245433341505354,student-t,ok
w32_n5000,32,5000,50,validation,ncv_vrr_vs_mc,10,200.26714595390087,6.776471854064695,202.24570027579819,195.41955001497985,205.11474189282188,student-t,ok
w32_n5000,32,5000,50,validation,generalization_gap_ratio,10,7.086713196443663,1.3080708775002703,7.247857050517242,6.150975660724737,8.02245073216259,student-t,ok
w32_n5000,32,5000,50,validation,generalization_gap_log,10,1.942934703259295,0.18419799735093967,1.9807055006077725,1.8111673937883341,2.074702012730256,student-t,ok
w32_n5000,32,5000,50,validation,ncv_setup_cost_s,10,1.173009983000054,0.014600337089413799,1.1746900290000895,1.1625655310336422,1.1834544349664657,student-t,ok
w32_n5000,32,5000,50,test,mse,10,0.32695330536559064,0.011859724761003701,0.32536509246038087,0.31846936935489534,0.33543724137628594,student-t,ok
w32_n5000,32,5000,50,test,centered_residual_variance,10,0.32223407615867344,0.011083051853817994,0.321772038837009,0.3143057384758138,0.3301624138415331,student-t,ok
w32_n5000,32,5000,50,test,ncv_vrr_vs_mc,10,198.58503351488264,6.783777637094467,198.27671636804303,193.73221133361776,203.43785569614752,student-t,ok
w32_n5000,32,5000,50,test,generalization_gap_ratio,10,7.086713196443663,1.3080708775002703,7.247857050517242,6.150975660724737,8.02245073216259,student-t,ok
w32_n5000,32,5000,50,test,generalization_gap_log,10,1.942934703259295,0.18419799735093967,1.9807055006077725,1.8111673937883341,2.074702012730256,student-t,ok
w32_n5000,32,5000,50,test,ncv_setup_cost_s,10,1.173009983000054,0.014600337089413799,1.1746900290000895,1.1625655310336422,1.1834544349664657,student-t,ok
w32_n5000,32,5000,100,training,mse,10,0.046997859200498066,0.013425043077431724,0.04231553791428802,0.03739416192210362,0.05660155647889251,student-t,ok
w32_n5000,32,5000,100,training,centered_residual_variance,10,0.04641584047470036,0.01362877123138222,0.04148759205298104,0.03666640485443677,0.05616527609496395,student-t,ok
w32_n5000,32,5000,100,training,ncv_vrr_vs_mc,10,1482.9381213159536,411.7914563347808,1531.658157434258,1188.3602592071506,1777.5159834247565,student-t,ok
w32_n5000,32,5000,100,training,generalization_gap_ratio,10,8.517496368113234,1.9062476161006288,9.018243805516992,7.153848971445533,9.881143764780935,student-t,ok
w32_n5000,32,5000,100,training,generalization_gap_log,10,2.1182259689801,0.23428970006675062,2.19923810353385,1.9506252140395541,2.285826723920646,student-t,ok
w32_n5000,32,5000,100,training,ncv_setup_cost_s,10,2.0915774562000364,0.022260340247823484,2.0864020405000474,2.0756533680744993,2.1075015443255736,student-t,ok
w32_n5000,32,5000,100,validation,mse,10,0.3785136542612401,0.023167391805435006,0.37530644696930865,0.361940700539894,0.3950866079825862,student-t,ok
w32_n5000,32,5000,100,validation,centered_residual_variance,10,0.3758433892445291,0.022797581200200305,0.3715557575626005,0.3595349820935388,0.3921517963955194,student-t,ok
w32_n5000,32,5000,100,validation,ncv_vrr_vs_mc,10,172.54801700715606,9.742332957710788,173.7902577488925,165.57877184559203,179.5172621687201,student-t,ok
w32_n5000,32,5000,100,validation,generalization_gap_ratio,10,8.517496368113234,1.9062476161006288,9.018243805516992,7.153848971445533,9.881143764780935,student-t,ok
w32_n5000,32,5000,100,validation,generalization_gap_log,10,2.1182259689801,0.23428970006675062,2.19923810353385,1.9506252140395541,2.285826723920646,student-t,ok
w32_n5000,32,5000,100,validation,ncv_setup_cost_s,10,2.0915774562000364,0.022260340247823484,2.0864020405000474,2.0756533680744993,2.1075015443255736,student-t,ok
w32_n5000,32,5000,100,test,mse,10,0.3762121702378444,0.020135188074538436,0.37269110738251554,0.3618083243957052,0.39061601607998364,student-t,ok
w32_n5000,32,5000,100,test,centered_residual_variance,10,0.37343779462958454,0.019609047387744435,0.36951795609925764,0.35941032716125554,0.38746526209791354,student-t,ok
w32_n5000,32,5000,100,test,ncv_vrr_vs_mc,10,171.59087792964104,8.766516251559004,171.85428015556505,165.31968998778424,177.86206587149783,student-t,ok
w32_n5000,32,5000,100,test,generalization_gap_ratio,10,8.517496368113234,1.9062476161006288,9.018243805516992,7.153848971445533,9.881143764780935,student-t,ok
w32_n5000,32,5000,100,test,generalization_gap_log,10,2.1182259689801,0.23428970006675062,2.19923810353385,1.9506252140395541,2.285826723920646,student-t,ok
w32_n5000,32,5000,100,test,ncv_setup_cost_s,10,2.0915774562000364,0.022260340247823484,2.0864020405000474,2.0756533680744993,2.1075015443255736,student-t,ok
w32_n5000,32,5000,200,training,mse,10,0.030156423050203354,0.007269332259406643,0.028141096364879582,0.024956256016641476,0.03535659008376523,student-t,ok
w32_n5000,32,5000,200,training,centered_residual_variance,10,0.029320533200155284,0.006832045553074603,0.027604517182258252,0.024433182231857198,0.03420788416845337,student-t,ok
w32_n5000,32,5000,200,training,ncv_vrr_vs_mc,10,2289.4235978901343,506.88161918138707,2357.488189053907,1926.8223310991366,2652.024864681132,student-t,ok
w32_n5000,32,5000,200,training,generalization_gap_ratio,10,12.499984140774073,2.811837995002351,12.584654949656645,10.488516412578434,14.511451868969711,student-t,ok
w32_n5000,32,5000,200,training,generalization_gap_log,10,2.5031776060321738,0.2239875600066909,2.5322896155260475,2.342946558129869,2.6634086539344786,student-t,ok
w32_n5000,32,5000,200,training,ncv_setup_cost_s,10,3.771826454600057,0.03825498237722454,3.7681296680000287,3.7444604887687234,3.7991924204313907,student-t,ok
w32_n5000,32,5000,200,validation,mse,10,0.359830438891963,0.021387896552601586,0.3612261569794427,0.3445304593888733,0.3751304183950527,student-t,ok
w32_n5000,32,5000,200,validation,centered_residual_variance,10,0.358357345642187,0.022263701990884635,0.3603593944646296,0.34243085267053486,0.3742838386138392,student-t,ok
w32_n5000,32,5000,200,validation,ncv_vrr_vs_mc,10,181.04594857745525,11.221149984485184,181.13655162777638,173.01882144312117,189.07307571178933,student-t,ok
w32_n5000,32,5000,200,validation,generalization_gap_ratio,10,12.499984140774073,2.811837995002351,12.584654949656645,10.488516412578434,14.511451868969711,student-t,ok
w32_n5000,32,5000,200,validation,generalization_gap_log,10,2.5031776060321738,0.2239875600066909,2.5322896155260475,2.342946558129869,2.6634086539344786,student-t,ok
w32_n5000,32,5000,200,validation,ncv_setup_cost_s,10,3.771826454600057,0.03825498237722454,3.7681296680000287,3.7444604887687234,3.7991924204313907,student-t,ok
w32_n5000,32,5000,200,test,mse,10,0.3570533262756834,0.020546686394612445,0.3513312399441394,0.3423551122684839,0.37175154028288293,student-t,ok
w32_n5000,32,5000,200,test,centered_residual_variance,10,0.3555045536430557,0.021095849242273396,0.35050438884233975,0.34041349220027944,0.370595615085832,student-t,ok
w32_n5000,32,5000,200,test,ncv_vrr_vs_mc,10,180.35144896756486,10.163801384176942,182.23063085649966,173.08070345647968,187.62219447865004,student-t,ok
w32_n5000,32,5000,200,test,generalization_gap_ratio,10,12.499984140774073,2.811837995002351,12.584654949656645,10.488516412578434,14.511451868969711,student-t,ok
w32_n5000,32,5000,200,test,generalization_gap_log,10,2.5031776060321738,0.2239875600066909,2.5322896155260475,2.342946558129869,2.6634086539344786,student-t,ok
w32_n5000,32,5000,200,test,ncv_setup_cost_s,10,3.771826454600057,0.03825498237722454,3.7681296680000287,3.7444604887687234,3.7991924204313907,student-t,ok
w32_n10000,32,10000,0,training,mse,10,98.25396923384037,8.678708573558094,97.25021505251561,92.04559512083877,104.46234334684196,student-t,ok
w32_n10000,32,10000,0,training,centered_residual_variance,10,64.79328754510334,1.8276759133963978,64.63180027485299,63.48584695857898,66.10072813162769,student-t,ok
w32_n10000,32,10000,0,training,ncv_vrr_vs_mc,10,0.9841005469359387,0.008916192304935512,0.9832869174323959,0.9777222871956406,0.9904788066762369,student-t,ok
w32_n10000,32,10000,0,training,generalization_gap_ratio,10,1.0086609630891477,0.03910474462960557,1.0184271295092082,0.98068711396214,1.0366348122161553,student-t,ok
w32_n10000,32,10000,0,training,generalization_gap_log,10,0.007943813892084331,0.03892589735772396,0.018254044403508238,-0.01990209560386875,0.03578972338803742,student-t,ok
w32_n10000,32,10000,0,training,ncv_setup_cost_s,10,0.0,0.0,0.0,0.0,0.0,student-t,ok
w32_n10000,32,10000,0,validation,mse,10,99.13136312490643,9.717295418745438,99.11280738382666,92.18002873974977,106.08269751006308,student-t,ok
w32_n10000,32,10000,0,validation,centered_residual_variance,10,65.7208893643431,2.3018603603011822,66.49671964117098,64.07423765902152,67.36754106966467,student-t,ok
w32_n10000,32,10000,0,validation,ncv_vrr_vs_mc,10,0.9843303793494516,0.008467756713435474,0.9873454693825026,0.978272911106416,0.9903878475924871,student-t,ok
w32_n10000,32,10000,0,validation,generalization_gap_ratio,10,1.0086609630891477,0.03910474462960557,1.0184271295092082,0.98068711396214,1.0366348122161553,student-t,ok
w32_n10000,32,10000,0,validation,generalization_gap_log,10,0.007943813892084331,0.03892589735772396,0.018254044403508238,-0.01990209560386875,0.03578972338803742,student-t,ok
w32_n10000,32,10000,0,validation,ncv_setup_cost_s,10,0.0,0.0,0.0,0.0,0.0,student-t,ok
w32_n10000,32,10000,0,test,mse,10,98.16265002535623,8.50262914746737,96.82604154690671,92.08023554580798,104.24506450490448,student-t,ok
w32_n10000,32,10000,0,test,centered_residual_variance,10,64.9606911438345,0.4722944371889429,64.90519793417798,64.62283205653986,65.29855023112913,student-t,ok
w32_n10000,32,10000,0,test,ncv_vrr_vs_mc,10,0.9840941878508787,0.009246962465242434,0.9841712071843545,0.9774793093921159,0.9907090663096414,student-t,ok
w32_n10000,32,10000,0,test,generalization_gap_ratio,10,1.0086609630891477,0.03910474462960557,1.0184271295092082,0.98068711396214,1.0366348122161553,student-t,ok
w32_n10000,32,10000,0,test,generalization_gap_log,10,0.007943813892084331,0.03892589735772396,0.018254044403508238,-0.01990209560386875,0.03578972338803742,student-t,ok
w32_n10000,32,10000,0,test,ncv_setup_cost_s,10,0.0,0.0,0.0,0.0,0.0,student-t,ok
w32_n10000,32,10000,10,training,mse,10,0.1236369993244135,0.010484597668330136,0.12167290414578111,0.1161367699760496,0.13113722867277738,student-t,ok
w32_n10000,32,10000,10,training,centered_residual_variance,10,0.12280733867588689,0.009784931743546183,0.12128146016631852,0.11580762017868955,0.12980705717308422,student-t,ok
w32_n10000,32,10000,10,training,ncv_vrr_vs_mc,10,521.4141688940324,33.16559242498331,520.1613058673614,497.6889333122122,545.1394044758525,student-t,ok
w32_n10000,32,10000,10,training,generalization_gap_ratio,10,1.8253173640796232,0.15136142529801652,1.8281583206887624,1.717039923195124,1.9335948049641223,student-t,ok
w32_n10000,32,10000,10,training,generalization_gap_log,10,0.5986278791841644,0.08361477476616376,0.6033055661431588,0.5388134726140075,0.6584422857543213,student-t,ok
w32_n10000,32,10000,10,training,ncv_setup_cost_s,10,0.41912298160001454,0.015818091831266493,0.42155025150003667,0.4078074003692399,0.4304385628307892,student-t,ok
w32_n10000,32,10000,10,validation,mse,10,0.22463301180314196,0.013445878342472068,0.22376543543202038,0.21501440987401318,0.23425161373227074,student-t,ok
w32_n10000,32,10000,10,validation,centered_residual_variance,10,0.2224542966022332,0.01300663034227476,0.22167753315370006,0.21314991376347936,0.23175867944098705,student-t,ok
w32_n10000,32,10000,10,validation,ncv_vrr_vs_mc,10,291.39840370495847,14.425878826703581,292.2478778556835,281.0787516615801,301.71805574833684,student-t,ok
w32_n10000,32,10000,10,validation,generalization_gap_ratio,10,1.8253173640796232,0.15136142529801652,1.8281583206887624,1.717039923195124,1.9335948049641223,student-t,ok
w32_n10000,32,10000,10,validation,generalization_gap_log,10,0.5986278791841644,0.08361477476616376,0.6033055661431588,0.5388134726140075,0.6584422857543213,student-t,ok
w32_n10000,32,10000,10,validation,ncv_setup_cost_s,10,0.41912298160001454,0.015818091831266493,0.42155025150003667,0.4078074003692399,0.4304385628307892,student-t,ok
w32_n10000,32,10000,10,test,mse,10,0.22213565629756526,0.0108344233916208,0.22142052511262,0.2143851767021592,0.22988613589297133,student-t,ok
w32_n10000,32,10000,10,test,centered_residual_variance,10,0.22009553028695977,0.009324508057150991,0.22013427115718442,0.2134251790534977,0.22676588152042185,student-t,ok
w32_n10000,32,10000,10,test,ncv_vrr_vs_mc,10,290.96071101895836,13.730554979570053,289.6206921506551,281.13846369151304,300.7829583464037,student-t,ok
w32_n10000,32,10000,10,test,generalization_gap_ratio,10,1.8253173640796232,0.15136142529801652,1.8281583206887624,1.717039923195124,1.9335948049641223,student-t,ok
w32_n10000,32,10000,10,test,generalization_gap_log,10,0.5986278791841644,0.08361477476616376,0.6033055661431588,0.5388134726140075,0.6584422857543213,student-t,ok
w32_n10000,32,10000,10,test,ncv_setup_cost_s,10,0.41912298160001454,0.015818091831266493,0.42155025150003667,0.4078074003692399,0.4304385628307892,student-t,ok
w32_n10000,32,10000,25,training,mse,10,0.10527316247920793,0.009480989558394947,0.10547650876215842,0.09849087112317434,0.11205545383524151,student-t,ok
w32_n10000,32,10000,25,training,centered_residual_variance,10,0.10355171502568569,0.008825520755214165,0.1034593699108069,0.0972383178046558,0.10986511224671558,student-t,ok
w32_n10000,32,10000,25,training,ncv_vrr_vs_mc,10,618.8376523261572,43.08098419621879,617.0284626570597,588.0193727653791,649.6559318869354,student-t,ok
w32_n10000,32,10000,25,training,generalization_gap_ratio,10,2.1893980982195935,0.1741266738721978,2.198108670146932,2.064835379551415,2.313960816887772,student-t,ok
w32_n10000,32,10000,25,training,generalization_gap_log,10,0.7807795152541794,0.07958165604323933,0.7875131060047669,0.723850228015066,0.8377088024932928,student-t,ok
w32_n10000,32,10000,25,training,ncv_setup_cost_s,10,1.0566938690000256,0.02622803746723696,1.054552249000153,1.0379314612677804,1.0754562767322708,student-t,ok
w32_n10000,32,10000,25,validation,mse,10,0.22932166171713264,0.012855888420256574,0.225347899355609,0.2201251131533138,0.2385182102809515,student-t,ok
w32_n10000,32,10000,25,validation,centered_residual_variance,10,0.22675163497217643,0.012273922223538848,0.2233853675386383,0.2179713999462211,0.23553186999813175,student-t,ok
w32_n10000,32,10000,25,validation,ncv_vrr_vs_mc,10,285.7437244329311,12.537094953632646,289.3926470820646,276.77522697704,294.7122218888222,student-t,ok
w32_n10000,32,10000,25,validation,generalization_gap_ratio,10,2.1893980982195935,0.1741266738721978,2.198108670146932,2.064835379551415,2.313960816887772,student-t,ok
w32_n10000,32,10000,25,validation,generalization_gap_log,10,0.7807795152541794,0.07958165604323933,0.7875131060047669,0.723850228015066,0.8377088024932928,student-t,ok
w32_n10000,32,10000,25,validation,ncv_setup_cost_s,10,1.0566938690000256,0.02622803746723696,1.054552249000153,1.0379314612677804,1.0754562767322708,student-t,ok
w32_n10000,32,10000,25,test,mse,10,0.22593384873967795,0.011144646031001574,0.22403885170784776,0.2179614492368024,0.2339062482425535,student-t,ok
w32_n10000,32,10000,25,test,centered_residual_variance,10,0.22355668355323105,0.009656541139469286,0.22083586751924686,0.21664881016132187,0.23046455694514023,student-t,ok
w32_n10000,32,10000,25,test,ncv_vrr_vs_mc,10,286.4616795888982,13.320307107675507,290.4632506919163,276.93290590977244,295.990453268024,student-t,ok
w32_n10000,32,10000,25,test,generalization_gap_ratio,10,2.1893980982195935,0.1741266738721978,2.198108670146932,2.064835379551415,2.313960816887772,student-t,ok
w32_n10000,32,10000,25,test,generalization_gap_log,10,0.7807795152541794,0.07958165604323933,0.7875131060047669,0.723850228015066,0.8377088024932928,student-t,ok
w32_n10000,32,10000,25,test,ncv_setup_cost_s,10,1.0566938690000256,0.02622803746723696,1.054552249000153,1.0379314612677804,1.0754562767322708,student-t,ok
w32_n10000,32,10000,50,training,mse,10,0.08095281183911315,0.012965475723300724,0.07771263816213274,0.07167786924125498,0.09022775443697133,student-t,ok
w32_n10000,32,10000,50,training,centered_residual_variance,10,0.07981867515210521,0.011378449594661392,0.07717103457072383,0.07167902265532507,0.08795832764888535,student-t,ok
w32_n10000,32,10000,50,training,ncv_vrr_vs_mc,10,811.1745492418515,98.16461305693262,824.8880162781436,740.9518153696367,881.3972831140663,student-t,ok
w32_n10000,32,10000,50,training,generalization_gap_ratio,10,2.8276884938931954,0.3470655894535947,2.9596874334591314,2.579412727652787,3.075964260133604,student-t,ok
w32_n10000,32,10000,50,training,generalization_gap_log,10,1.031997923144098,0.13199245409624027,1.0850527710764184,0.9375762095703367,1.1264196367178596,student-t,ok
w32_n10000,32,10000,50,training,ncv_setup_cost_s,10,1.996253671000011,0.028257052844059726,1.9989444410001624,1.9760397931056348,2.0164675488943873,student-t,ok
w32_n10000,32,10000,50,validation,mse,10,0.22513463859882304,0.013874227845258831,0.22238705655776012,0.21520961389470664,0.23505966330293945,student-t,ok
w32_n10000,32,10000,50,validation,centered_residual_variance,10,0.2233084418393507,0.014656219174041854,0.22091113948635532,0.2128240142377802,0.2337928694409212,student-t,ok
w32_n10000,32,10000,50,validation,ncv_vrr_vs_mc,10,290.54531025363497,17.57257628543184,288.23795603106066,277.97464645215496,303.115974055115,student-t,ok
w32_n10000,32,10000,50,validation,generalization_gap_ratio,10,2.8276884938931954,0.3470655894535947,2.9596874334591314,2.579412727652787,3.075964260133604,student-t,ok
w32_n10000,32,10000,50,validation,generalization_gap_log,10,1.031997923144098,0.13199245409624027,1.0850527710764184,0.9375762095703367,1.1264196367178596,student-t,ok
w32_n10000,32,10000,50,validation,ncv_setup_cost_s,10,1.996253671000011,0.028257052844059726,1.9989444410001624,1.9760397931056348,2.0164675488943873,student-t,ok
w32_n10000,32,10000,50,test,mse,10,0.22296057091218413,0.012968477088796814,0.22555281383162212,0.213683481266791,0.23223766055757727,student-t,ok
w32_n10000,32,10000,50,test,centered_residual_variance,10,0.22127811565245106,0.013356361357422247,0.22244404105630017,0.21172355031677934,0.2308326809881228,student-t,ok
w32_n10000,32,10000,50,test,ncv_vrr_vs_mc,10,289.9303528181197,19.143536382166833,287.6179985252441,276.23589186243595,303.6248137738034,student-t,ok
w32_n10000,32,10000,50,test,generalization_gap_ratio,10,2.8276884938931954,0.3470655894535947,2.9596874334591314,2.579412727652787,3.075964260133604,student-t,ok
w32_n10000,32,10000,50,test,generalization_gap_log,10,1.031997923144098,0.13199245409624027,1.0850527710764184,0.9375762095703367,1.1264196367178596,student-t,ok
w32_n10000,32,10000,50,test,ncv_setup_cost_s,10,1.996253671000011,0.028257052844059726,1.9989444410001624,1.9760397931056348,2.0164675488943873,student-t,ok
w32_n10000,32,10000,100,training,mse,10,0.06532267215675097,0.02267460482105819,0.06254754847264055,0.04910223700785127,0.08154310730565067,student-t,ok
w32_n10000,32,10000,100,training,centered_residual_variance,10,0.062107325341824664,0.019131384285596183,0.05925080245238867,0.048421557472344785,0.07579309321130455,student-t,ok
w32_n10000,32,10000,100,training,ncv_vrr_vs_mc,10,1113.732636817216,330.50132258055544,1086.3323413088272,877.3062332767772,1350.1590403576547,student-t,ok
w32_n10000,32,10000,100,training,generalization_gap_ratio,10,3.464638212528818,0.7953837683928362,3.412855937753205,2.895654940912031,4.0336214841456055,student-t,ok
w32_n10000,32,10000,100,training,generalization_gap_log,10,1.2191076327984782,0.2290900898991349,1.2275123492936602,1.0552264548996917,1.3829888106972648,student-t,ok
w32_n10000,32,10000,100,training,ncv_setup_cost_s,10,3.69305560009999,0.032007266057947605,3.6878288995001185,3.670158981284197,3.715952218915783,student-t,ok
w32_n10000,32,10000,100,validation,mse,10,0.2121202029234688,0.030990106499155293,0.21623856221571436,0.1899512162225317,0.23428918962440592,student-t,ok
w32_n10000,32,10000,100,validation,centered_residual_variance,10,0.2078612545608646,0.027062658580860877,0.2120275597041986,0.1885017948511195,0.2272207142706097,student-t,ok
w32_n10000,32,10000,100,validation,ncv_vrr_vs_mc,10,316.6232460433845,47.491150462851216,304.1260289901546,282.65012358729194,350.596368499477,student-t,ok
w32_n10000,32,10000,100,validation,generalization_gap_ratio,10,3.464638212528818,0.7953837683928362,3.412855937753205,2.895654940912031,4.0336214841456055,student-t,ok
w32_n10000,32,10000,100,validation,generalization_gap_log,10,1.2191076327984782,0.2290900898991349,1.2275123492936602,1.0552264548996917,1.3829888106972648,student-t,ok
w32_n10000,32,10000,100,validation,ncv_setup_cost_s,10,3.69305560009999,0.032007266057947605,3.6878288995001185,3.670158981284197,3.715952218915783,student-t,ok
w32_n10000,32,10000,100,test,mse,10,0.21099862102962297,0.030629312784800102,0.21818973664251645,0.18908773060388065,0.2329095114553653,student-t,ok
w32_n10000,32,10000,100,test,centered_residual_variance,10,0.2068330116098347,0.026994072682949552,0.2138538256841073,0.18752261529581266,0.22614340792385673,student-t,ok
w32_n10000,32,10000,100,test,ncv_vrr_vs_mc,10,314.79906561832314,49.342041832054136,295.8629405012391,279.50189523906977,350.0962359975765,student-t,ok
w32_n10000,32,10000,100,test,generalization_gap_ratio,10,3.464638212528818,0.7953837683928362,3.412855937753205,2.895654940912031,4.0336214841456055,student-t,ok
w32_n10000,32,10000,100,test,generalization_gap_log,10,1.2191076327984782,0.2290900898991349,1.2275123492936602,1.0552264548996917,1.3829888106972648,student-t,ok
w32_n10000,32,10000,100,test,ncv_setup_cost_s,10,3.69305560009999,0.032007266057947605,3.6878288995001185,3.670158981284197,3.715952218915783,student-t,ok
w32_n10000,32,10000,200,training,mse,10,0.03624299529285048,0.019955472648827608,0.027606293429611087,0.021967710121602937,0.05051828046409802,student-t,ok
w32_n10000,32,10000,200,training,centered_residual_variance,10,0.031427847745807924,0.01302959269158999,0.026433039718600088,0.022107038631894123,0.040748656859721726,student-t,ok
w32_n10000,32,10000,200,training,ncv_vrr_vs_mc,10,2310.6747294644915,784.7978493308718,2401.539525734897,1749.2641681547273,2872.0852907742556,student-t,ok
w32_n10000,32,10000,200,training,generalization_gap_ratio,10,3.6572819944524846,1.1167019255353352,4.166447954855543,2.8584415601100437,4.4561224287949255,student-t,ok
w32_n10000,32,10000,200,training,generalization_gap_log,10,1.2460546901578344,0.3528049016746879,1.4268671687677865,0.9936732672845451,1.498436113031124,student-t,ok
w32_n10000,32,10000,200,training,ncv_setup_cost_s,10,6.922263169500036,0.055144825991648334,6.903138503500031,6.8828149373983605,6.961711401601712,student-t,ok
w32_n10000,32,10000,200,validation,mse,10,0.1171412237401085,0.03748073202751566,0.10238827650862714,0.0903291232433893,0.1439533242368277,student-t,ok
w32_n10000,32,10000,200,validation,centered_residual_variance,10,0.11193404930465799,0.034114612239990266,0.09994039595120757,0.08752992584426958,0.1363381727650464,student-t,ok
w32_n10000,32,10000,200,validation,ncv_vrr_vs_mc,10,617.6827268107198,152.33953042929153,645.0965136417426,508.7055916657979,726.6598619556418,student-t,ok
w32_n10000,32,10000,200,validation,generalization_gap_ratio,10,3.6572819944524846,1.1167019255353352,4.166447954855543,2.8584415601100437,4.4561224287949255,student-t,ok
w32_n10000,32,10000,200,validation,generalization_gap_log,10,1.2460546901578344,0.3528049016746879,1.4268671687677865,0.9936732672845451,1.498436113031124,student-t,ok
w32_n10000,32,10000,200,validation,ncv_setup_cost_s,10,6.922263169500036,0.055144825991648334,6.903138503500031,6.8828149373983605,6.961711401601712,student-t,ok
w32_n10000,32,10000,200,test,mse,10,0.11768421409056326,0.036679514862815066,0.1019986474609611,0.09144526982579487,0.14392315835533165,student-t,ok
w32_n10000,32,10000,200,test,centered_residual_variance,10,0.11241974408587524,0.03370483242177797,0.10041978828398053,0.08830875944837241,0.13653072872337807,student-t,ok
w32_n10000,32,10000,200,test,ncv_vrr_vs_mc,10,608.9758808564399,154.4159972133867,639.4863961268813,498.5133308574968,719.4384308553829,student-t,ok
w32_n10000,32,10000,200,test,generalization_gap_ratio,10,3.6572819944524846,1.1167019255353352,4.166447954855543,2.8584415601100437,4.4561224287949255,student-t,ok
w32_n10000,32,10000,200,test,generalization_gap_log,10,1.2460546901578344,0.3528049016746879,1.4268671687677865,0.9936732672845451,1.498436113031124,student-t,ok
w32_n10000,32,10000,200,test,ncv_setup_cost_s,10,6.922263169500036,0.055144825991648334,6.903138503500031,6.8828149373983605,6.961711401601712,student-t,ok
w32_n20000,32,20000,0,training,mse,10,98.54791083976039,8.29980123390587,96.46969518395318,92.61059070890198,104.4852309706188,student-t,ok
w32_n20000,32,20000,0,training,centered_residual_variance,10,65.14565242246968,1.5440081003679353,64.82361901478097,64.04113556499684,66.25016927994253,student-t,ok
w32_n20000,32,20000,0,training,ncv_vrr_vs_mc,10,0.9835129281303694,0.009288912263600242,0.9824747704828598,0.9768680405936474,0.9901578156670914,student-t,ok
w32_n20000,32,20000,0,training,generalization_gap_ratio,10,1.005242560710248,0.03548255015136697,1.0119111619761796,0.9798598734180172,1.030625248002479,student-t,ok
w32_n20000,32,20000,0,training,generalization_gap_log,10,0.004656305885335459,0.03586072968759675,0.011840481296173325,-0.020996914749834117,0.03030952652050503,student-t,ok
w32_n20000,32,20000,0,training,ncv_setup_cost_s,10,0.0,0.0,0.0,0.0,0.0,student-t,ok
w32_n20000,32,20000,0,validation,mse,10,99.13136312490643,9.717295418745438,99.11280738382666,92.18002873974977,106.08269751006308,student-t,ok
w32_n20000,32,20000,0,validation,centered_residual_variance,10,65.7208893643431,2.3018603603011822,66.49671964117098,64.07423765902152,67.36754106966467,student-t,ok
w32_n20000,32,20000,0,validation,ncv_vrr_vs_mc,10,0.9843303793494516,0.008467756713435474,0.9873454693825026,0.978272911106416,0.9903878475924871,student-t,ok
w32_n20000,32,20000,0,validation,generalization_gap_ratio,10,1.005242560710248,0.03548255015136697,1.0119111619761796,0.9798598734180172,1.030625248002479,student-t,ok
w32_n20000,32,20000,0,validation,generalization_gap_log,10,0.004656305885335459,0.03586072968759675,0.011840481296173325,-0.020996914749834117,0.03030952652050503,student-t,ok
w32_n20000,32,20000,0,validation,ncv_setup_cost_s,10,0.0,0.0,0.0,0.0,0.0,student-t,ok
w32_n20000,32,20000,0,test,mse,10,98.16265002535623,8.50262914746737,96.82604154690671,92.08023554580798,104.24506450490448,student-t,ok
w32_n20000,32,20000,0,test,centered_residual_variance,10,64.9606911438345,0.4722944371889429,64.90519793417798,64.62283205653986,65.29855023112913,student-t,ok
w32_n20000,32,20000,0,test,ncv_vrr_vs_mc,10,0.9840941878508787,0.009246962465242434,0.9841712071843545,0.9774793093921159,0.9907090663096414,student-t,ok
w32_n20000,32,20000,0,test,generalization_gap_ratio,10,1.005242560710248,0.03548255015136697,1.0119111619761796,0.9798598734180172,1.030625248002479,student-t,ok
w32_n20000,32,20000,0,test,generalization_gap_log,10,0.004656305885335459,0.03586072968759675,0.011840481296173325,-0.020996914749834117,0.03030952652050503,student-t,ok
w32_n20000,32,20000,0,test,ncv_setup_cost_s,10,0.0,0.0,0.0,0.0,0.0,student-t,ok
w32_n20000,32,20000,10,training,mse,10,0.14870400436216832,0.009433272299087178,0.14841464694526948,0.14195584787711454,0.1554521608472221,student-t,ok
w32_n20000,32,20000,10,training,centered_residual_variance,10,0.1463303081763135,0.008029894059794455,0.14760015211861144,0.14058606800642673,0.1520745483462003,student-t,ok
w32_n20000,32,20000,10,training,ncv_vrr_vs_mc,10,438.79623601831463,21.21769632666397,444.82677248431224,423.61801042224715,453.9744616143821,student-t,ok
w32_n20000,32,20000,10,training,generalization_gap_ratio,10,1.3751472364369037,0.08290594850644414,1.3686389901012492,1.3158398936267706,1.434454579247037,student-t,ok
w32_n20000,32,20000,10,training,generalization_gap_log,10,0.31695389707643784,0.05950436754431672,0.3138165924871587,0.2743870368181942,0.3595207573346815,student-t,ok
w32_n20000,32,20000,10,training,ncv_setup_cost_s,10,0.7559146505999934,0.019535698662570114,0.7575983349998978,0.741939653648762,0.7698896475512248,student-t,ok
w32_n20000,32,20000,10,validation,mse,10,0.204201725014301,0.013692954022178093,0.20409657945126622,0.1944063757913971,0.2139970742372049,student-t,ok
w32_n20000,32,20000,10,validation,centered_residual_variance,10,0.20217189298848745,0.014087978893442665,0.19953352549743902,0.19209395999589426,0.21224982598108064,student-t,ok
w32_n20000,32,20000,10,validation,ncv_vrr_vs_mc,10,320.95230400752797,18.499288761452977,319.76581412184413,307.7187100364771,334.18589797857885,student-t,ok
w32_n20000,32,20000,10,validation,generalization_gap_ratio,10,1.3751472364369037,0.08290594850644414,1.3686389901012492,1.3158398936267706,1.434454579247037,student-t,ok
w32_n20000,32,20000,10,validation,generalization_gap_log,10,0.31695389707643784,0.05950436754431672,0.3138165924871587,0.2743870368181942,0.3595207573346815,student-t,ok
w32_n20000,32,20000,10,validation,ncv_setup_cost_s,10,0.7559146505999934,0.019535698662570114,0.7575983349998978,0.741939653648762,0.7698896475512248,student-t,ok
w32_n20000,32,20000,10,test,mse,10,0.20217220523655544,0.01074797797135821,0.20100226736143306,0.19448356496952376,0.2098608455035871,student-t,ok
w32_n20000,32,20000,10,test,centered_residual_variance,10,0.20004186539140587,0.00960632552912426,0.19920466717528776,0.19316991408314452,0.2069138166996672,student-t,ok
w32_n20000,32,20000,10,test,ncv_vrr_vs_mc,10,320.24883258644235,16.14229517655885,321.1555372054253,308.70133025367403,331.79633491921066,student-t,ok
w32_n20000,32,20000,10,test,generalization_gap_ratio,10,1.3751472364369037,0.08290594850644414,1.3686389901012492,1.3158398936267706,1.434454579247037,student-t,ok
w32_n20000,32,20000,10,test,generalization_gap_log,10,0.31695389707643784,0.05950436754431672,0.3138165924871587,0.2743870368181942,0.3595207573346815,student-t,ok
w32_n20000,32,20000,10,test,ncv_setup_cost_s,10,0.7559146505999934,0.019535698662570114,0.7575983349998978,0.741939653648762,0.7698896475512248,student-t,ok
w32_n20000,32,20000,25,training,mse,10,0.12927515774094,0.045836272420508306,0.11317681112519534,0.09648586372097667,0.16206445176090334,student-t,ok
w32_n20000,32,20000,25,training,centered_residual_variance,10,0.11973485728135207,0.03088624164394956,0.10969955343538948,0.09764017102187401,0.1418295435408301,student-t,ok
w32_n20000,32,20000,25,training,ncv_vrr_vs_mc,10,556.3050387466827,93.74581524544544,581.9681488538204,489.2433224050033,623.3667550883622,student-t,ok
w32_n20000,32,20000,25,training,generalization_gap_ratio,10,1.4869858473123903,0.13377811937967832,1.5008428590626939,1.3912867457463693,1.5826849488784112,student-t,ok
w32_n20000,32,20000,25,training,generalization_gap_log,10,0.392805760110999,0.09560945746800838,0.4060156048970713,0.32441087443515065,0.46120064578684733,student-t,ok
w32_n20000,32,20000,25,training,ncv_setup_cost_s,10,1.85622807069999,0.027710249574952366,1.8509971059999089,1.8364053523003772,1.876050789099603,student-t,ok
w32_n20000,32,20000,25,validation,mse,10,0.1879269609779666,0.044021669918901586,0.1786459309810865,0.15643575538911927,0.21941816656681393,student-t,ok
w32_n20000,32,20000,25,validation,centered_residual_variance,10,0.17849282021726368,0.02977367167253322,0.17670880429625882,0.1571940185702139,0.19979162186431346,student-t,ok
w32_n20000,32,20000,25,validation,ncv_vrr_vs_mc,10,370.87984549908845,56.99939494578859,369.8245496929561,330.1049346884692,411.6547563097077,student-t,ok
w32_n20000,32,20000,25,validation,generalization_gap_ratio,10,1.4869858473123903,0.13377811937967832,1.5008428590626939,1.3912867457463693,1.5826849488784112,student-t,ok
w32_n20000,32,20000,25,validation,generalization_gap_log,10,0.392805760110999,0.09560945746800838,0.4060156048970713,0.32441087443515065,0.46120064578684733,student-t,ok
w32_n20000,32,20000,25,validation,ncv_setup_cost_s,10,1.85622807069999,0.027710249574952366,1.8509971059999089,1.8364053523003772,1.876050789099603,student-t,ok
w32_n20000,32,20000,25,test,mse,10,0.1847616132080147,0.045278152288079854,0.17181273084406884,0.15237157427914533,0.2171516521368841,student-t,ok
w32_n20000,32,20000,25,test,centered_residual_variance,10,0.17540623582690307,0.030423391546960506,0.1679753529888232,0.15364265258073534,0.1971698190730708,student-t,ok
w32_n20000,32,20000,25,test,ncv_vrr_vs_mc,10,372.43804413070507,52.565081269444875,379.2437100555826,334.8352502316984,410.0408380297117,student-t,ok
w32_n20000,32,20000,25,test,generalization_gap_ratio,10,1.4869858473123903,0.13377811937967832,1.5008428590626939,1.3912867457463693,1.5826849488784112,student-t,ok
w32_n20000,32,20000,25,test,generalization_gap_log,10,0.392805760110999,0.09560945746800838,0.4060156048970713,0.32441087443515065,0.46120064578684733,student-t,ok
w32_n20000,32,20000,25,test,ncv_setup_cost_s,10,1.85622807069999,0.027710249574952366,1.8509971059999089,1.8364053523003772,1.876050789099603,student-t,ok
w32_n20000,32,20000,50,training,mse,10,0.06165783404502999,0.031097806326515154,0.049518021973779455,0.03941180352881914,0.08390386456124083,student-t,ok
w32_n20000,32,20000,50,training,centered_residual_variance,10,0.0578840186516002,0.026174634933532132,0.048626448704446976,0.03915981279063698,0.07660822451256341,student-t,ok
w32_n20000,32,20000,50,training,ncv_vrr_vs_mc,10,1311.3786666294282,525.1881159835212,1306.1306390860125,935.6817209268938,1687.0756123319625,student-t,ok
w32_n20000,32,20000,50,training,generalization_gap_ratio,10,1.5355165825721255,0.192745129513419,1.563615147720923,1.3976350230824912,1.6733981420617599,student-t,ok
w32_n20000,32,20000,50,training,generalization_gap_log,10,0.4213099351816622,0.13186102972598437,0.44668697873982216,0.3269822369387762,0.5156376334245483,student-t,ok
w32_n20000,32,20000,50,training,ncv_setup_cost_s,10,3.5563770116000115,0.02541331074528773,3.5527337280001348,3.5381974242547916,3.5745565989452315,student-t,ok
w32_n20000,32,20000,50,validation,mse,10,0.09015398154719334,0.034264356299559505,0.08225444544934819,0.065642737639664,0.11466522545472269,student-t,ok
w32_n20000,32,20000,50,validation,centered_residual_variance,10,0.08653494457198543,0.030167391338330535,0.08129657148098998,0.06495449284299107,0.1081153963009798,student-t,ok
w32_n20000,32,20000,50,validation,ncv_vrr_vs_mc,10,837.9103500541784,293.08101275192956,804.6108356826965,628.2528235732091,1047.5678765351477,student-t,ok
w32_n20000,32,20000,50,validation,generalization_gap_ratio,10,1.5355165825721255,0.192745129513419,1.563615147720923,1.3976350230824912,1.6733981420617599,student-t,ok
w32_n20000,32,20000,50,validation,generalization_gap_log,10,0.4213099351816622,0.13186102972598437,0.44668697873982216,0.3269822369387762,0.5156376334245483,student-t,ok
w32_n20000,32,20000,50,validation,ncv_setup_cost_s,10,3.5563770116000115,0.02541331074528773,3.5527337280001348,3.5381974242547916,3.5745565989452315,student-t,ok
w32_n20000,32,20000,50,test,mse,10,0.09079720759421285,0.03908649033068854,0.08087828670589074,0.06283641680599919,0.11875799838242651,student-t,ok
w32_n20000,32,20000,50,test,centered_residual_variance,10,0.08675523264245162,0.03421993647392054,0.07992411347843348,0.062275764763955126,0.11123470052094811,student-t,ok
w32_n20000,32,20000,50,test,ncv_vrr_vs_mc,10,849.0698376249856,326.3574561099065,802.6176627241525,615.6077775817458,1082.5318976682252,student-t,ok
w32_n20000,32,20000,50,test,generalization_gap_ratio,10,1.5355165825721255,0.192745129513419,1.563615147720923,1.3976350230824912,1.6733981420617599,student-t,ok
w32_n20000,32,20000,50,test,generalization_gap_log,10,0.4213099351816622,0.13186102972598437,0.44668697873982216,0.3269822369387762,0.5156376334245483,student-t,ok
w32_n20000,32,20000,50,test,ncv_setup_cost_s,10,3.5563770116000115,0.02541331074528773,3.5527337280001348,3.5381974242547916,3.5745565989452315,student-t,ok
w32_n20000,32,20000,100,training,mse,10,0.025530154079044312,0.008094356141131654,0.022961089351433532,0.019739800514099723,0.0313205076439889,student-t,ok
w32_n20000,32,20000,100,training,centered_residual_variance,10,0.024349716005099137,0.0077537264832828355,0.02150655277660288,0.018803034218275123,0.02989639779192315,student-t,ok
w32_n20000,32,20000,100,training,ncv_vrr_vs_mc,10,2837.335618204572,747.5793819056971,3015.6977113153685,2302.5495445970505,3372.121691812093,student-t,ok
w32_n20000,32,20000,100,training,generalization_gap_ratio,10,1.387822530897711,0.15206853348075067,1.396188442308238,1.2790392552914247,1.4966058065039973,student-t,ok
w32_n20000,32,20000,100,training,generalization_gap_log,10,0.32229360366867754,0.11025125140752373,0.33284900561204905,0.24342460958239748,0.4011625977549576,student-t,ok
w32_n20000,32,20000,100,training,ncv_setup_cost_s,10,6.786068602,0.037159305639647366,6.778617786000041,6.759486436089604,6.812650767910396,student-t,ok
w32_n20000,32,20000,100,validation,mse,10,0.03464097972284112,0.00860091968266552,0.03227878213555816,0.028488252430147326,0.04079370701553492,student-t,ok
w32_n20000,32,20000,100,validation,centered_residual_variance,10,0.033557474234336054,0.008502978213631435,0.030282262613044057,0.027474810047896703,0.039640138420775406,student-t,ok
w32_n20000,32,20000,100,validation,ncv_vrr_vs_mc,10,2017.7301518089616,407.6731669037265,2090.026112597863,1726.0983364854494,2309.3619671324736,student-t,ok
w32_n20000,32,20000,100,validation,generalization_gap_ratio,10,1.387822530897711,0.15206853348075067,1.396188442308238,1.2790392552914247,1.4966058065039973,student-t,ok
w32_n20000,32,20000,100,validation,generalization_gap_log,10,0.32229360366867754,0.11025125140752373,0.33284900561204905,0.24342460958239748,0.4011625977549576,student-t,ok
w32_n20000,32,20000,100,validation,ncv_setup_cost_s,10,6.786068602,0.037159305639647366,6.778617786000041,6.759486436089604,6.812650767910396,student-t,ok
w32_n20000,32,20000,100,test,mse,10,0.03389398975056485,0.008401728161352057,0.03118440293821984,0.027883755488253444,0.039904224012876265,student-t,ok
w32_n20000,32,20000,100,test,centered_residual_variance,10,0.032793797868490134,0.008038623886122065,0.029689741454188182,0.027043312757051973,0.0385442829799283,student-t,ok
w32_n20000,32,20000,100,test,ncv_vrr_vs_mc,10,2040.5175465274679,423.7853813661363,2137.0670603793797,1737.3597473177904,2343.675345737145,student-t,ok
w32_n20000,32,20000,100,test,generalization_gap_ratio,10,1.387822530897711,0.15206853348075067,1.396188442308238,1.2790392552914247,1.4966058065039973,student-t,ok
w32_n20000,32,20000,100,test,generalization_gap_log,10,0.32229360366867754,0.11025125140752373,0.33284900561204905,0.24342460958239748,0.4011625977549576,student-t,ok
w32_n20000,32,20000,100,test,ncv_setup_cost_s,10,6.786068602,0.037159305639647366,6.778617786000041,6.759486436089604,6.812650767910396,student-t,ok
w32_n20000,32,20000,200,training,mse,10,0.016885298600754828,0.01391978460539433,0.010385199351398387,0.006927684553661851,0.026842912647847807,student-t,ok
w32_n20000,32,20000,200,training,centered_residual_variance,10,0.014859236762983757,0.010390450259162234,0.010059273387716571,0.0074263564139473714,0.022292117112020143,student-t,ok
w32_n20000,32,20000,200,training,ncv_vrr_vs_mc,10,5622.603601387103,2250.5822271989964,6213.06246109941,4012.634062705461,7232.573140068744,student-t,ok
w32_n20000,32,20000,200,training,generalization_gap_ratio,10,1.629450953869766,0.388595856237186,1.6516366407427392,1.3514662244789113,1.9074356832606205,student-t,ok
w32_n20000,32,20000,200,training,generalization_gap_log,10,0.4626598159223046,0.23868024887326944,0.49982508386174823,0.29191825157201434,0.6334013802725948,student-t,ok
w32_n20000,32,20000,200,training,ncv_setup_cost_s,10,13.067811497499974,0.0638261608956093,13.076075125999978,13.022153012521706,13.113469982478243,student-t,ok
w32_n20000,32,20000,200,validation,mse,10,0.02429904807968653,0.013950003343037564,0.018345999459015154,0.014319816849930746,0.034278279309442314,student-t,ok
w32_n20000,32,20000,200,validation,centered_residual_variance,10,0.02216507298315169,0.01014647968785765,0.018193459597895034,0.014906718667151646,0.029423427299151733,student-t,ok
w32_n20000,32,20000,200,validation,ncv_vrr_vs_mc,10,3329.7225676832795,1067.8999298126632,3522.363790056839,2565.7929780062027,4093.6521573603563,student-t,ok
w32_n20000,32,20000,200,validation,generalization_gap_ratio,10,1.629450953869766,0.388595856237186,1.6516366407427392,1.3514662244789113,1.9074356832606205,student-t,ok
w32_n20000,32,20000,200,validation,generalization_gap_log,10,0.4626598159223046,0.23868024887326944,0.49982508386174823,0.29191825157201434,0.6334013802725948,student-t,ok
w32_n20000,32,20000,200,validation,ncv_setup_cost_s,10,13.067811497499974,0.0638261608956093,13.076075125999978,13.022153012521706,13.113469982478243,student-t,ok
w32_n20000,32,20000,200,test,mse,10,0.02291008222915711,0.013609765157662384,0.017702739250193614,0.013174242734984394,0.03264592172332983,student-t,ok
w32_n20000,32,20000,200,test,centered_residual_variance,10,0.020854631516005726,0.009874919871925925,0.017119464943904393,0.013790539389716566,0.027918723642294887,student-t,ok
w32_n20000,32,20000,200,test,ncv_vrr_vs_mc,10,3509.612484565108,1093.7446963578807,3698.906549419357,2727.1946626567105,4292.030306473505,student-t,ok
w32_n20000,32,20000,200,test,generalization_gap_ratio,10,1.629450953869766,0.388595856237186,1.6516366407427392,1.3514662244789113,1.9074356832606205,student-t,ok
w32_n20000,32,20000,200,test,generalization_gap_log,10,0.4626598159223046,0.23868024887326944,0.49982508386174823,0.29191825157201434,0.6334013802725948,student-t,ok
w32_n20000,32,20000,200,test,ncv_setup_cost_s,10,13.067811497499974,0.0638261608956093,13.076075125999978,13.022153012521706,13.113469982478243,student-t,ok
