config_id,replication,checkpoint,split,train_seed,validation_seed,test_seed,pilot_seed,network_init_seed,train_paths,validation_paths,test_paths,hidden_width,parameter_count,parameter_count_formula,parameter_to_training_path_ratio,mse,payoff_mean,network_output_mean,analytic_eh,payoff_variance,network_output_variance,payoff_network_covariance,payoff_network_correlation,centered_residual_mean,centered_residual_variance,ncv_price_estimate,estimator_variance_at_reporting_n,standard_error,ncv_vrr_vs_mc,generalization_gap_ratio,generalization_gap_log,optimizer_cumulative_runtime_s,training_data_generation_runtime_s,validation_tuning_overhead_runtime_s,total_ncv_setup_runtime_s,ncv_setup_cost_s,setup_cost_excludes_validation_generation_and_evaluation_runtime,inference_runtime_per_observation_s,training_continuous_no_reinit_between_checkpoints,parameters_per_training_path,paths_per_parameter
w32_n5000,0,0,training,1042,2042,3042,4042,5042,5000,10000,50000,32,8129,8129,1.6258,100.27226314269456,5.971022191743278,0.10824589250166082,0.09314692038365258,64.6456298399956,1.269548370706477,0.0009391714916074019,0.00010366942491353716,5.8627762992416175,65.91329986771886,5.95592321962527,0.0013182659973543771,0.03630793298102189,0.9807676139676311,0.9933372000308393,-0.006685095509877055,0.0,0.013711933000081444,0.49656077900010587,0.013711933000081444,0.0,True,3.030253399992944e-07,True,,
w32_n5000,0,0,validation,1042,2042,3042,4042,5042,5000,10000,50000,32,8129,8129,1.6258,99.60416911091973,5.803972742783505,0.09226090905092175,0.09314692038365258,66.18471350736219,1.3525628075821807,0.2750302770246847,0.029068521236874433,5.711711833732584,66.98721576089501,5.804858754116236,0.0013397443152179003,0.0366025178808494,0.9880200685396855,0.9933372000308393,-0.006685095509877055,0.0,0.013711933000081444,0.49656077900010587,0.013711933000081444,0.0,True,3.030253399992944e-07,True,,
w32_n5000,0,0,test,1042,2042,3042,4042,5042,5000,10000,50000,32,8129,8129,1.6258,97.5849640361665,5.793550941149976,0.09265442258576771,0.09314692038365258,64.00267943636368,1.3214596612774188,0.1190472279796464,0.0129447376824858,5.70089651856421,65.0860446416818,5.794043438947862,0.001301720892833636,0.03607936935193901,0.9833548772047469,0.9933372000308393,-0.006685095509877055,0.0,0.013711933000081444,0.49656077900010587,0.013711933000081444,0.0,True,3.030253399992944e-07,True,,
w32_n5000,0,10,training,1042,2042,3042,4042,5042,5000,10000,50000,32,8129,8129,1.6258,0.09153590213707144,5.971022191743278,5.9723010137773676,5.867862204522484,64.6456298399956,64.42431441806461,64.48919584039675,0.9992921437451374,-0.0012788220340891321,0.09155257726672991,5.866583382488395,1.8310515453345982e-06,0.0013531635323694613,706.1038779023837,3.471803855330338,1.2446743019218658,0.20808479499999066,0.013711933000081444,0.49656077900010587,0.2217967280000721,0.2217967280000721,True,3.050773599989043e-07,True,,
w32_n5000,0,10,validation,1042,2042,3042,4042,5042,5000,10000,50000,32,8129,8129,1.6258,0.31779469794062515,5.803972742783505,5.888895271031595,5.867862204522484,66.18471350736219,64.42820561600897,65.15115259992113,0.9977120985781,-0.08492252824808937,0.3106139235289306,5.7829396762743945,6.2122784705786114e-06,0.002492444276323668,213.07709826857695,3.471803855330338,1.2446743019218658,0.20808479499999066,0.013711933000081444,0.49656077900010587,0.2217967280000721,0.2217967280000721,True,3.050773599989043e-07,True,,
w32_n5000,0,10,test,1042,2042,3042,4042,5042,5000,10000,50000,32,8129,8129,1.6258,0.31775966680527773,5.793550941149976,5.880309583736327,5.867862204522484,64.00267943636368,62.31265180253393,63.00254621468978,0.9976332306344312,-0.08675864258634938,0.3102388095180422,5.781103561936135,6.204776190360844e-06,0.0024909388170649325,206.301331338243,3.471803855330338,1.2446743019218658,0.20808479499999066,0.013711933000081444,0.49656077900010587,0.2217967280000721,0.2217967280000721,True,3.050773599989043e-07,True,,
w32_n5000,0,25,training,1042,2042,3042,4042,5042,5000,10000,50000,32,8129,8129,1.6258,0.04935757858687752,5.971022191743278,5.943696865809375,5.827398301280051,64.6456298399956,64.14382442400776,64.37041681736402,0.9996300676224532,0.027325325933902918,0.04862062927533859,5.8547236272139545,9.724125855067718e-07,0.000986109824262375,1329.5926195012296,6.078236670054376,1.8047146325411085,0.600024142000052,0.013711933000081444,0.49656077900010587,0.6137360750001335,0.6137360750001335,True,3.075711799988312e-07,True,,
w32_n5000,0,25,validation,1042,2042,3042,4042,5042,5000,10000,50000,32,8129,8129,1.6258,0.3000070441118496,5.803972742783505,5.846281012280728,5.827398301280051,66.18471350736219,64.0724031540222,64.97943489112622,0.9978415335424856,-0.0423082694972221,0.29824687913191317,5.785090031782829,5.9649375826382635e-06,0.0024423221701156184,221.91250986431615,6.078236670054376,1.8047146325411085,0.600024142000052,0.013711933000081444,0.49656077900010587,0.6137360750001335,0.6137360750001335,True,3.075711799988312e-07,True,,
w32_n5000,0,25,test,1042,2042,3042,4042,5042,5000,10000,50000,32,8129,8129,1.6258,0.2964166052602265,5.793550941149976,5.840087113923786,5.827398301280051,64.00267943636368,61.98758468078036,62.84800362106138,0.9977920781088444,-0.04653617277380874,0.29425687502129316,5.780862128506242,5.8851375004258635e-06,0.0024259302340392773,217.5061480950353,6.078236670054376,1.8047146325411085,0.600024142000052,0.013711933000081444,0.49656077900010587,0.6137360750001335,0.6137360750001335,True,3.075711799988312e-07,True,,
w32_n5000,0,50,training,1042,2042,3042,4042,5042,5000,10000,50000,32,8129,8129,1.6258,0.036120786028041155,5.971022191743278,5.975718057153174,5.850919230335556,64.6456298399956,64.99444399242167,64.80198393817498,0.9997251095488106,-0.004695865409896558,0.036105956067306745,5.84622336492566,7.221191213461349e-07,0.0008497759241977469,1790.4422671840282,9.18435088016513,2.2175010444402887,1.1429316070000368,0.013711933000081444,0.49656077900010587,1.1566435400001183,1.1566435400001183,True,3.068989400003375e-07,True,,
w32_n5000,0,50,validation,1042,2042,3042,4042,5042,5000,10000,50000,32,8129,8129,1.6258,0.33174597294889613,5.803972742783505,5.873327868758547,5.850919230335556,66.18471350736219,64.97011443691838,65.41392970398852,0.9975497805173559,-0.06935512597504154,0.3269685363035127,5.781564104360515,6.539370726070254e-06,0.002557219334759976,202.4192121223719,9.18435088016513,2.2175010444402887,1.1429316070000368,0.013711933000081444,0.49656077900010587,1.1566435400001183,1.1566435400001183,True,3.068989400003375e-07,True,,
w32_n5000,0,50,test,1042,2042,3042,4042,5042,5000,10000,50000,32,8129,8129,1.6258,0.3235177435032017,5.793550941149976,5.862224124528866,5.850919230335556,64.00267943636368,62.84655676378946,63.265214043301555,0.9975281483716656,-0.06867318337888821,0.3188081135500823,5.7822460469566686,6.376162271001647e-06,0.0025251063880560847,200.75611854310398,9.18435088016513,2.2175010444402887,1.1429316070000368,0.013711933000081444,0.49656077900010587,1.1566435400001183,1.1566435400001183,True,3.068989400003375e-07,True,,
w32_n5000,0,100,training,1042,2042,3042,4042,5042,5000,10000,50000,32,8129,8129,1.6258,0.04020596658007661,5.971022191743278,5.9543085283997295,5.816839372911258,64.6456298399956,64.5750863263079,64.59039077967218,0.9996911071327222,0.016713663343547864,0.03993460695910696,5.833553036254806,7.986921391821391e-07,0.0008936957755199133,1618.787181408665,9.06151521151479,2.204036347960572,2.0532319989999905,0.013711933000081444,0.49656077900010587,2.066943932000072,2.066943932000072,True,3.0452771999989637e-07,True,,
w32_n5000,0,100,validation,1042,2042,3042,4042,5042,5000,10000,50000,32,8129,8129,1.6258,0.36432697775901945,5.803972742783505,5.835239937579425,5.816839372911258,66.18471350736219,64.51236365286968,65.1668457406877,0.9973012805680188,-0.031267194795919544,0.3633856788564991,5.7855721781153395,7.267713577129982e-06,0.0026958697255486923,182.13352192533299,9.06151521151479,2.204036347960572,2.0532319989999905,0.013711933000081444,0.49656077900010587,2.066943932000072,2.066943932000072,True,3.0452771999989637e-07,True,,
w32_n5000,0,100,test,1042,2042,3042,4042,5042,5000,10000,50000,32,8129,8129,1.6258,0.3567495307017863,5.793550941149976,5.828931833744704,5.816839372911258,64.00267943636368,62.38652179189585,63.016848197510896,0.9972687570956064,-0.03538089259472782,0.35550483323765136,5.781458480316531,7.110096664753027e-06,0.0026664764511904145,180.0332188270941,9.06151521151479,2.204036347960572,2.0532319989999905,0.013711933000081444,0.49656077900010587,2.066943932000072,2.066943932000072,True,3.0452771999989637e-07,True,,
w32_n5000,0,200,training,1042,2042,3042,4042,5042,5000,10000,50000,32,8129,8129,1.6258,0.023304610680289668,5.971022191743278,5.957400872263708,5.8121998688611045,64.6456298399956,64.7236325375299,64.6730693412253,0.9998214399376276,0.013621319479569618,0.023123695074940165,5.825821188340674,4.624739014988033e-07,0.0006800543371663792,2795.6444517405002,14.395107469093565,2.6668883897600337,3.701325429999997,0.013711933000081444,0.49656077900010587,3.7150373630000786,3.7150373630000786,True,3.038154000000759e-07,True,,
w32_n5000,0,200,validation,1042,2042,3042,4042,5042,5000,10000,50000,32,8129,8129,1.6258,0.3354723752681555,5.803972742783505,5.835358376775257,5.8121998688611045,66.18471350736219,64.65803968649477,65.25411621226648,0.9975112414944302,-0.031385633991750914,0.33452076932402375,5.780814234869354,6.690415386480475e-06,0.002586583728874918,197.8493402400803,14.395107469093565,2.6668883897600337,3.701325429999997,0.013711933000081444,0.49656077900010587,3.7150373630000786,3.7150373630000786,True,3.038154000000759e-07,True,,
w32_n5000,0,200,test,1042,2042,3042,4042,5042,5000,10000,50000,32,8129,8129,1.6258,0.33390564563941444,5.793550941149976,5.822081758344879,5.8121998688611045,64.00267943636368,62.53431515694437,63.101948146616266,0.9974347403122578,-0.02853081719490182,0.3330983000756071,5.7836690516662035,6.661966001512142e-06,0.0025810784570625012,192.14351866051632,14.395107469093565,2.6668883897600337,3.701325429999997,0.013711933000081444,0.49656077900010587,3.7150373630000786,3.7150373630000786,True,3.038154000000759e-07,True,,
w16_n5000,0,0,training,1042,2042,3042,4042,170042,5000,10000,50000,16,4065,4065,0.813,113.69304779785769,5.971022191743278,-0.9882163554749168,-1.0158172975012112,64.6456298399956,1.3847560039399542,0.37764209141663196,0.03991390140167348,6.959238547218195,65.2751016611023,5.943421249716984,0.001305502033222046,0.03613173166652888,0.9903566320834734,1.000792350750539,0.0007920370064023514,0.0,0.013711933000081444,0.49656077900010587,0.013711933000081444,0.0,True,1.981242600004407e-07,True,,
w16_n5000,0,0,validation,1042,2042,3042,4042,170042,5000,10000,50000,16,4065,4065,0.813,113.78313256961138,5.803972742783505,-1.0158427994056136,-1.0158172975012112,66.18471350736219,1.461746725723464,0.18324184765237697,0.018629866838728658,6.819815542189118,67.2799765377809,5.803998244687907,0.001345599530755618,0.03668241446191373,0.9837208172954153,1.000792350750539,0.0007920370064023514,0.0,0.013711933000081444,0.49656077900010587,0.013711933000081444,0.0,True,1.981242600004407e-07,True,,
w16_n5000,0,0,test,1042,2042,3042,4042,170042,5000,10000,50000,16,4065,4065,0.813,111.45015968898606,5.793550941149976,-1.0232346270282873,-1.0158172975012112,64.00267943636368,1.4286191388677236,0.2242023554457633,0.023446761240750166,6.816785568178265,64.98289386433987,5.800968270677053,0.0012996578772867975,0.036050768054048415,0.9849158083045283,1.000792350750539,0.0007920370064023514,0.0,0.013711933000081444,0.49656077900010587,0.013711933000081444,0.0,True,1.981242600004407e-07,True,,
w16_n5000,0,10,training,1042,2042,3042,4042,170042,5000,10000,50000,16,4065,4065,0.813,0.12206363984219802,5.971022191743278,5.990497089545683,5.8450860861680045,64.6456298399956,64.28920675779665,64.40656394392624,0.9990598620712645,-0.019474897802405963,0.12170870993977176,5.825611188365598,2.4341741987954352e-06,0.001560184027220967,531.1503989483239,2.2337222312871803,0.8036693559815181,0.19586100700007592,0.013711933000081444,0.49656077900010587,0.20957294000015736,0.20957294000015736,True,1.9897764000006645e-07,True,,
w16_n5000,0,10,validation,1042,2042,3042,4042,170042,5000,10000,50000,16,4065,4065,0.813,0.2726562659473493,5.803972742783505,5.864206298645329,5.8450860861680045,66.18471350736219,64.51604935448529,65.21585388582143,0.9980227831347626,-0.06023355586182355,0.2690550902046103,5.78485253030618,5.3811018040922065e-06,0.002319720199526703,245.98944943591368,2.2337222312871803,0.8036693559815181,0.19586100700007592,0.013711933000081444,0.49656077900010587,0.20957294000015736,0.20957294000015736,True,1.9897764000006645e-07,True,,
w16_n5000,0,10,test,1042,2042,3042,4042,170042,5000,10000,50000,16,4065,4065,0.813,0.2757056584514563,5.793550941149976,5.860068906463455,5.8450860861680045,64.00267943636368,62.54753841593652,63.13946570391465,0.9979222670135722,-0.06651796531347726,0.2712864444709007,5.778568120854527,5.425728889418015e-06,0.0023293194047656956,235.92288055966196,2.2337222312871803,0.8036693559815181,0.19586100700007592,0.013711933000081444,0.49656077900010587,0.20957294000015736,0.20957294000015736,True,1.9897764000006645e-07,True,,
w16_n5000,0,25,training,1042,2042,3042,4042,170042,5000,10000,50000,16,4065,4065,0.813,0.06861670760739719,5.971022191743278,5.9566713962152615,5.802957221995432,64.6456298399956,64.23974503708841,64.40847521495972,0.9994740623040452,0.01435079552801687,0.0684244471645431,5.817308017523448,1.368488943290862e-06,0.0011698243215504036,944.7738713115151,3.2855040627098067,1.1895200839125637,0.5325200180000138,0.013711933000081444,0.49656077900010587,0.5462319510000953,0.5462319510000953,True,1.9550559999970574e-07,True,,
w16_n5000,0,25,validation,1042,2042,3042,4042,170042,5000,10000,50000,16,4065,4065,0.813,0.22544047161387434,5.803972742783505,5.823464560689771,5.802957221995432,66.18471350736219,64.661738444576,65.31068445149235,0.9983474207345855,-0.019491817906264725,0.22508304895347875,5.783465404089168,4.501660979069575e-06,0.002121711803961503,294.0457480698227,3.2855040627098067,1.1895200839125637,0.5325200180000138,0.013711933000081444,0.49656077900010587,0.5462319510000953,0.5462319510000953,True,1.9550559999970574e-07,True,,
w16_n5000,0,25,test,1042,2042,3042,4042,170042,5000,10000,50000,16,4065,4065,0.813,0.22400060358229007,5.793550941149976,5.816745330109769,5.802957221995432,64.00267943636368,62.5998276047393,63.18951997392906,0.9982961809254355,-0.02319438895979197,0.22346709324493688,5.779762833035639,4.4693418648987375e-06,0.0021140818018465456,286.4076249750646,3.2855040627098067,1.1895200839125637,0.5325200180000138,0.013711933000081444,0.49656077900010587,0.5462319510000953,0.5462319510000953,True,1.9550559999970574e-07,True,,
w16_n5000,0,50,training,1042,2042,3042,4042,170042,5000,10000,50000,16,4065,4065,0.813,0.05609344403911,5.971022191743278,5.990826031869444,5.829005456863525,64.6456298399956,65.17626739589666,64.88309242072903,0.9995792052325848,-0.019803840126166265,0.0557123944342541,5.80920161673736,1.114247888685082e-06,0.0010555794089906652,1160.3455657660445,4.290497996471588,1.456402809296415,0.9978088390000721,0.013711933000081444,0.49656077900010587,1.0115207720001536,1.0115207720001536,True,1.9605802000114637e-07,True,,
w16_n5000,0,50,validation,1042,2042,3042,4042,170042,5000,10000,50000,16,4065,4065,0.813,0.24066880926499262,5.803972742783505,5.850979081388767,5.829005456863525,66.18471350736219,65.59373183246663,65.76998113906339,0.9982003106572966,-0.04700633860526191,0.23848306170209027,5.7819991182582635,4.769661234041805e-06,0.0021839554102686723,277.5237496323291,4.290497996471588,1.456402809296415,0.9978088390000721,0.013711933000081444,0.49656077900010587,1.0115207720001536,1.0115207720001536,True,1.9605802000114637e-07,True,,
w16_n5000,0,50,test,1042,2042,3042,4042,170042,5000,10000,50000,16,4065,4065,0.813,0.2390030673171937,5.793550941149976,5.842357188879077,5.829005456863525,64.00267943636368,63.52804161399953,63.64704765017419,0.9981514717756751,-0.04880624772910013,0.2366257500147997,5.780199209134425,4.732515000295994e-06,0.0021754344394387054,270.48061942692476,4.290497996471588,1.456402809296415,0.9978088390000721,0.013711933000081444,0.49656077900010587,1.0115207720001536,1.0115207720001536,True,1.9605802000114637e-07,True,,
w16_n5000,0,100,training,1042,2042,3042,4042,170042,5000,10000,50000,16,4065,4065,0.813,0.04023481810673417,5.971022191743278,5.964191205930408,5.796642850781295,64.6456298399956,64.7376419106001,64.67153777780858,0.9996895774315794,0.006830985812869916,0.04019619497855422,5.803473836594164,8.039238995710845e-07,0.0008966180343775628,1608.2524695306568,6.869086756756237,1.9270311653392367,1.7924497070000598,0.013711933000081444,0.49656077900010587,1.8061616400001412,1.8061616400001412,True,1.9641787999944426e-07,True,,
w16_n5000,0,100,validation,1042,2042,3042,4042,170042,5000,10000,50000,16,4065,4065,0.813,0.2763764562174637,5.803972742783505,5.819619196171033,5.796642850781295,66.18471350736219,65.42089736978431,65.66472580825332,0.9979184221259535,-0.015646453387526797,0.27615926063991963,5.780996397393768,5.523185212798393e-06,0.0023501457854351064,239.66139449388066,6.869086756756237,1.9270311653392367,1.7924497070000598,0.013711933000081444,0.49656077900010587,1.8061616400001412,1.8061616400001412,True,1.9641787999944426e-07,True,,
w16_n5000,0,100,test,1042,2042,3042,4042,170042,5000,10000,50000,16,4065,4065,0.813,0.28061288778216875,5.793550941149976,5.809968672474108,5.796642850781295,64.00267943636368,63.28898932228865,63.505659902896475,0.997813269471641,-0.016417731324130835,0.2803489528593946,5.780225119457163,5.606979057187892e-06,0.002367906049062735,228.29648116596817,6.869086756756237,1.9270311653392367,1.7924497070000598,0.013711933000081444,0.49656077900010587,1.8061616400001412,1.8061616400001412,True,1.9641787999944426e-07,True,,
w16_n5000,0,200,training,1042,2042,3042,4042,170042,5000,10000,50000,16,4065,4065,0.813,0.03832024943689013,5.971022191743278,5.9405863361853095,5.774408092629262,64.6456298399956,64.16278311045062,64.3855057810176,0.9997166594199647,0.030435855557968444,0.03740138841102684,5.80484394818723,7.480277682205368e-07,0.0008648859856770352,1728.4286115147668,8.11743321759656,2.094013997994168,3.2435047270000723,0.013711933000081444,0.49656077900010587,3.2572166600001538,3.2572166600001538,True,1.9904481999901691e-07,True,,
w16_n5000,0,200,validation,1042,2042,3042,4042,170042,5000,10000,50000,16,4065,4065,0.813,0.3110620656855978,5.803972742783505,5.7971497937301155,5.774408092629262,66.18471350736219,64.73689769938476,65.30528229451669,0.9976851838265066,0.006822949053389741,0.31104661771358405,5.781231041682651,6.220932354271681e-06,0.002494179695665828,212.78068861146073,8.11743321759656,2.094013997994168,3.2435047270000723,0.013711933000081444,0.49656077900010587,3.2572166600001538,3.2572166600001538,True,1.9904481999901691e-07,True,,
w16_n5000,0,200,test,1042,2042,3042,4042,170042,5000,10000,50000,16,4065,4065,0.813,0.3156475551432643,5.793550941149976,5.784537755946476,5.774408092629262,64.00267943636368,62.64250591153801,63.16480635940669,0.9975657499834377,0.009013185203501374,0.3155726290883335,5.783421277832764,6.31145258176667e-06,0.002512260452613676,202.81441904915135,8.11743321759656,2.094013997994168,3.2435047270000723,0.013711933000081444,0.49656077900010587,3.2572166600001538,3.2572166600001538,True,1.9904481999901691e-07,True,,
w8_n5000,0,0,training,1042,2042,3042,4042,90042,5000,10000,50000,8,2033,2033,0.4066,103.27834521090237,5.971022191743278,-0.17044278204775046,-0.15110391233926357,64.6456298399956,1.1691738293338094,0.12046785456852005,0.0138567712504799,6.141464973791028,65.57386796019237,5.990361061451765,0.0013114773592038476,0.03621432533133605,0.9858443897077984,0.9904393275368049,-0.00960666909946084,0.0,0.013711933000081444,0.49656077900010587,0.013711933000081444,0.0,True,1.524644799997077e-07,True,,
w8_n5000,0,0,validation,1042,2042,3042,4042,90042,5000,10000,50000,8,2033,2033,0.4066,102.29093477980014,5.803972742783505,-0.1555159645239753,-0.15110391233926357,66.18471350736219,1.1658927582511682,0.2842494638023982,0.032358732742878295,5.9594887073074805,66.78210733800857,5.808384794968217,0.0013356421467601715,0.036546438222625356,0.9910545825153023,0.9904393275368049,-0.00960666909946084,0.0,0.013711933000081444,0.49656077900010587,0.013711933000081444,0.0,True,1.524644799997077e-07,True,,
w8_n5000,0,0,test,1042,2042,3042,4042,90042,5000,10000,50000,8,2033,2033,0.4066,99.92642378107425,5.793550941149976,-0.14870498696454257,-0.15110391233926357,64.00267943636368,1.1477462724772833,0.2665575483833086,0.031100613918175538,5.94225592811452,64.61731061207435,5.791152015775257,0.001292346212241487,0.0359492171297441,0.9904881343731471,0.9904393275368049,-0.00960666909946084,0.0,0.013711933000081444,0.49656077900010587,0.013711933000081444,0.0,True,1.524644799997077e-07,True,,
w8_n5000,0,10,training,1042,2042,3042,4042,90042,5000,10000,50000,8,2033,2033,0.4066,0.14911625707879653,5.971022191743278,6.006152621384145,5.852320586890347,64.6456298399956,64.06762150477799,64.28266982622154,0.9988609149318523,-0.03513042964086767,0.14791169233051077,5.817190157249479,2.9582338466102153e-06,0.0017199516989177966,437.0555756710838,2.000430370257504,0.6933623425396983,0.2227812260000519,0.013711933000081444,0.49656077900010587,0.23649315900013335,0.23649315900013335,True,1.5195233999975243e-07,True,,
w8_n5000,0,10,validation,1042,2042,3042,4042,90042,5000,10000,50000,8,2033,2033,0.4066,0.29829668935955006,5.803972742783505,5.875294449393619,5.852320586890347,66.18471350736219,64.44181972207333,65.1666470009935,0.9978439568811946,-0.07132170661011256,0.29323922744851594,5.780998880280234,5.864784548970319e-06,0.0024217317252268715,225.70211387895657,2.000430370257504,0.6933623425396983,0.2227812260000519,0.013711933000081444,0.49656077900010587,0.23649315900013335,0.23649315900013335,True,1.5195233999975243e-07,True,,
w8_n5000,0,10,test,1042,2042,3042,4042,90042,5000,10000,50000,8,2033,2033,0.4066,0.29340044734033216,5.793550941149976,5.868411455640982,5.852320586890347,64.00267943636368,62.48445094132269,63.09966413546688,0.9977965332396954,-0.07486051449100367,0.28780210675260937,5.777460072399343,5.756042135052187e-06,0.002399175303109839,222.3843326184526,2.000430370257504,0.6933623425396983,0.2227812260000519,0.013711933000081444,0.49656077900010587,0.23649315900013335,0.23649315900013335,True,1.5195233999975243e-07,True,,
w8_n5000,0,25,training,1042,2042,3042,4042,90042,5000,10000,50000,8,2033,2033,0.4066,0.08620669099013678,5.971022191743278,5.9708509606459925,5.802975092537941,64.6456298399956,64.17698753139757,64.36819673247092,0.999337290018812,0.00017123109728490356,0.08622390645133834,5.803146323635225,1.7244781290267668e-06,0.0013131938657436558,749.7413710486344,2.3584512314188792,0.8580051457327067,0.5271211689999973,0.013711933000081444,0.49656077900010587,0.5408331020000787,0.5408331020000787,True,1.4562458000000333e-07,True,,
w8_n5000,0,25,validation,1042,2042,3042,4042,90042,5000,10000,50000,8,2033,2033,0.4066,0.20331427652223488,5.803972742783505,5.828266962219069,5.802975092537941,66.18471350736219,64.70477695892208,65.34337306221293,0.9985148551396199,-0.024294219435563067,0.20274434185843754,5.7786808731023775,4.0548868371687505e-06,0.0020136749581719368,326.44419519028764,2.3584512314188792,0.8580051457327067,0.5271211689999973,0.013711933000081444,0.49656077900010587,0.5408331020000787,0.5408331020000787,True,1.4562458000000333e-07,True,,
w8_n5000,0,25,test,1042,2042,3042,4042,90042,5000,10000,50000,8,2033,2033,0.4066,0.1970749401111392,5.793550941149976,5.816794198525745,5.802975092537941,64.00267943636368,62.76393748442467,63.2850391494591,0.9984972764217277,-0.02324325737576798,0.19653862187014043,5.779731835162173,3.930772437402809e-06,0.0019826175721512226,325.6493753103264,2.3584512314188792,0.8580051457327067,0.5271211689999973,0.013711933000081444,0.49656077900010587,0.5408331020000787,0.5408331020000787,True,1.4562458000000333e-07,True,,
w8_n5000,0,50,training,1042,2042,3042,4042,90042,5000,10000,50000,8,2033,2033,0.4066,0.08493421092546258,5.971022191743278,5.947956066334467,5.770674412169165,64.6456298399956,64.1110462509973,64.33612852119954,0.9993529656231952,0.023066125408810756,0.08441904859380639,5.793740537577976,1.6883809718761278e-06,0.0012993771476658067,765.770651491783,2.4980182504687183,0.9154977177090101,0.9397086740000304,0.013711933000081444,0.49656077900010587,0.9534206070001119,0.9534206070001119,True,1.4350202000059653e-07,True,,
w8_n5000,0,50,validation,1042,2042,3042,4042,90042,5000,10000,50000,8,2033,2033,0.4066,0.2121672089809651,5.803972742783505,5.791907280079932,5.770674412169165,66.18471350736219,64.6491203823623,65.310895525925,0.9984480703492247,0.012065462703574342,0.2120428378745013,5.782739874872739,4.2408567574900256e-06,0.0020593340567984656,312.128974365708,2.4980182504687183,0.9154977177090101,0.9397086740000304,0.013711933000081444,0.49656077900010587,0.9534206070001119,0.9534206070001119,True,1.4350202000059653e-07,True,,
w8_n5000,0,50,test,1042,2042,3042,4042,90042,5000,10000,50000,8,2033,2033,0.4066,0.2090534317632229,5.793550941149976,5.7836750667210515,5.770674412169165,64.00267943636368,62.7847009918023,63.28921017504841,0.9983979550509523,0.009875874428925492,0.20896007806904843,5.780550286598092,4.179201561380969e-06,0.00204430955615361,306.29142192038586,2.4980182504687183,0.9154977177090101,0.9397086740000304,0.013711933000081444,0.49656077900010587,0.9534206070001119,0.9534206070001119,True,1.4350202000059653e-07,True,,
w8_n5000,0,100,training,1042,2042,3042,4042,90042,5000,10000,50000,8,2033,2033,0.4066,0.08342576450809727,5.971022191743278,5.943771915403237,5.768642401488502,64.6456298399956,64.29496255736015,64.42894633523144,0.9993623172456788,0.02725027634004149,0.08269972689286711,5.795892677828543,1.6539945378573423e-06,0.0012860771896963815,781.6909712862827,2.9669014283515516,1.08751811809133,1.67211949,0.013711933000081444,0.49656077900010587,1.6858314230000815,1.6858314230000815,True,1.436655200018322e-07,True,,
w8_n5000,0,100,validation,1042,2042,3042,4042,90042,5000,10000,50000,8,2033,2033,0.4066,0.24751601988039396,5.803972742783505,5.796133936781326,5.768642401488502,66.18471350736219,64.96751798732264,65.45237608687593,0.9981560256525951,0.00783880600217927,0.24747932093294756,5.776481207490681,4.9495864186589515e-06,0.00222476659869276,267.4353285674902,2.9669014283515516,1.08751811809133,1.67211949,0.013711933000081444,0.49656077900010587,1.6858314230000815,1.6858314230000815,True,1.436655200018322e-07,True,,
w8_n5000,0,100,test,1042,2042,3042,4042,90042,5000,10000,50000,8,2033,2033,0.4066,0.24102962953568632,5.793550941149976,5.781261063311256,5.768642401488502,64.00267943636368,63.069007984830606,63.41540200754388,0.9981312938060141,0.012289877838722159,0.2408834061065177,5.780932279327223,4.817668122130354e-06,0.002194918705130182,265.6998274429163,2.9669014283515516,1.08751811809133,1.67211949,0.013711933000081444,0.49656077900010587,1.6858314230000815,1.6858314230000815,True,1.436655200018322e-07,True,,
w8_n5000,0,200,training,1042,2042,3042,4042,90042,5000,10000,50000,8,2033,2033,0.4066,0.07630060475071543,5.971022191743278,5.917558075104581,5.737385357093199,64.6456298399956,63.75381990242084,64.16299642902841,0.9994520111166644,0.05346411663869658,0.07345688435963124,5.790849473731896,1.4691376871926249e-06,0.0012120799013235987,880.0486217670576,3.6278456451895376,1.2886389859204477,3.013158143999931,0.013711933000081444,0.49656077900010587,3.0268700770000123,3.0268700770000123,True,1.4133500000298226e-07,True,,
w8_n5000,0,200,validation,1042,2042,3042,4042,90042,5000,10000,50000,8,2033,2033,0.4066,0.2768068166702111,5.803972742783505,5.762052590615375,5.737385357093199,66.18471350736219,64.44020522163949,65.17492085189338,0.9979831492627753,0.04192015216813083,0.2750770252149333,5.77930550926133,5.5015405042986665e-06,0.0023455362935368676,240.60429421776794,3.6278456451895376,1.2886389859204477,3.013158143999931,0.013711933000081444,0.49656077900010587,3.0268700770000123,3.0268700770000123,True,1.4133500000298226e-07,True,,
w8_n5000,0,200,test,1042,2042,3042,4042,90042,5000,10000,50000,8,2033,2033,0.4066,0.2707739332896791,5.793550941149976,5.749502954256029,5.737385357093199,64.00267943636368,62.614117192572124,63.17397877200693,0.9979367616786611,0.04404798689394771,0.2688390849219681,5.781433343987146,5.376781698439362e-06,0.0023187888430038993,238.07058953106008,3.6278456451895376,1.2886389859204477,3.013158143999931,0.013711933000081444,0.49656077900010587,3.0268700770000123,3.0268700770000123,True,1.4133500000298226e-07,True,,
w32_n10000,0,0,training,1042,2042,3042,4042,5042,10000,10000,50000,32,8129,8129,0.8129,97.3452292267323,5.853542085833857,0.12028934891806857,0.09314692038365258,63.23333893978233,1.2957178678916712,0.02378318862552862,0.0026274944000865635,5.733252736915787,64.48149043042294,5.826399657299441,0.0012896298086084587,0.035911416132038826,0.9806432592933411,1.023205450355723,0.022940298042862108,0.0,0.028953027000056863,0.49656077900010587,0.028953027000056863,0.0,True,3.058971400014343e-07,True,,
w32_n10000,0,0,validation,1042,2042,3042,4042,5042,10000,10000,50000,32,8129,8129,0.8129,99.60416911091973,5.803972742783505,0.09226090905092175,0.09314692038365258,66.18471350736219,1.3525628075821807,0.2750302770246847,0.029068521236874433,5.711711833732584,66.98721576089501,5.804858754116236,0.0013397443152179003,0.0366025178808494,0.9880200685396855,1.023205450355723,0.022940298042862108,0.0,0.028953027000056863,0.49656077900010587,0.028953027000056863,0.0,True,3.058971400014343e-07,True,,
w32_n10000,0,0,test,1042,2042,3042,4042,5042,10000,10000,50000,32,8129,8129,0.8129,97.5849640361665,5.793550941149976,0.09265442258576771,0.09314692038365258,64.00267943636368,1.3214596612774188,0.1190472279796464,0.0129447376824858,5.70089651856421,65.0860446416818,5.794043438947862,0.001301720892833636,0.03607936935193901,0.9833548772047469,1.023205450355723,0.022940298042862108,0.0,0.028953027000056863,0.49656077900010587,0.028953027000056863,0.0,True,3.058971400014343e-07,True,,
w32_n10000,0,10,training,1042,2042,3042,4042,5042,10000,10000,50000,32,8129,8129,0.8129,0.1094097488387341,5.853542085833857,5.84105666780155,5.802943755825412,63.23333893978233,62.94454789279766,63.03431102146288,0.999136658645877,0.012485418032306492,0.10926478965425812,5.815429173857718,2.1852957930851623e-06,0.0014782746000270594,578.7165210299572,2.0607973114774683,0.7230929523256626,0.3982175769999685,0.028953027000056863,0.49656077900010587,0.4271706040000254,0.4271706040000254,True,3.061718800017843e-07,True,,
w32_n10000,0,10,validation,1042,2042,3042,4042,5042,10000,10000,50000,32,8129,8129,0.8129,0.2254713162562883,5.803972742783505,5.8246632786760095,5.802943755825412,66.18471350736219,64.96633663291567,65.46299220786234,0.9983269993956527,-0.020690535892504025,0.22506572455322463,5.782253219932908,4.501314491064493e-06,0.002121630149452183,294.06838219699915,2.0607973114774683,0.7230929523256626,0.3982175769999685,0.028953027000056863,0.49656077900010587,0.4271706040000254,0.4271706040000254,True,3.061718800017843e-07,True,,
w32_n10000,0,10,test,1042,2042,3042,4042,5042,10000,10000,50000,32,8129,8129,0.8129,0.21835004352759044,5.793550941149976,5.813278495314779,5.802943755825412,64.00267943636368,62.95435237985727,63.36953329489105,0.9983171925327782,-0.019727554164801337,0.21796522643879407,5.7832162016606095,4.359304528775882e-06,0.002087894759985733,293.6371112129485,2.0607973114774683,0.7230929523256626,0.3982175769999685,0.028953027000056863,0.49656077900010587,0.4271706040000254,0.4271706040000254,True,3.061718800017843e-07,True,,
w32_n10000,0,25,training,1042,2042,3042,4042,5042,10000,10000,50000,32,8129,8129,0.8129,0.09275189556357571,5.853542085833857,5.840921754426597,5.798525807340333,63.23333893978233,62.94576222837504,63.04324964258516,0.9992687028903415,0.012620331407260668,0.09260188298704532,5.811146138747594,1.8520376597409064e-06,0.0013608959033448908,682.8515457793494,2.391448960686384,0.8718994419436656,1.0377821449999374,0.028953027000056863,0.49656077900010587,1.0667351719999942,1.0667351719999942,True,3.052932399987185e-07,True,,
w32_n10000,0,25,validation,1042,2042,3042,4042,5042,10000,10000,50000,32,8129,8129,0.8129,0.22181142424720515,5.803972742783505,5.822935010227906,5.798525807340333,66.18471350736219,65.02943743232873,65.49633846781498,0.9983508145066908,-0.01896226744440025,0.22147400406097828,5.779563539895932,4.429480081219566e-06,0.002104633003927185,298.8373908169358,2.391448960686384,0.8718994419436656,1.0377821449999374,0.028953027000056863,0.49656077900010587,1.0667351719999942,1.0667351719999942,True,3.052932399987185e-07,True,,
w32_n10000,0,25,test,1042,2042,3042,4042,5042,10000,10000,50000,32,8129,8129,0.8129,0.2162746473514446,5.793550941149976,5.811723926789097,5.798525807340333,64.00267943636368,63.032706156309935,63.40971844187754,0.9983291919306113,-0.018172985639119565,0.21594870891858342,5.7803528217012135,4.3189741783716685e-06,0.0020782141801007105,296.3790788880977,2.391448960686384,0.8718994419436656,1.0377821449999374,0.028953027000056863,0.49656077900010587,1.0667351719999942,1.0667351719999942,True,3.052932399987185e-07,True,,
w32_n10000,0,50,training,1042,2042,3042,4042,5042,10000,10000,50000,32,8129,8129,0.8129,0.06802212753920542,5.853542085833857,5.848445480744316,5.793887812000281,63.23333893978233,63.1529694787858,63.159152733058555,0.9994621457542091,0.0050966050895400305,0.0680029524510118,5.798984417089821,1.3600590490202362e-06,0.001166215695752821,929.8616701287283,3.032219282290972,1.1092947878203019,1.9873492550000265,0.028953027000056863,0.49656077900010587,2.0163022820000833,2.0163022820000833,True,3.0460384000434715e-07,True,,
w32_n10000,0,50,validation,1042,2042,3042,4042,5042,10000,10000,50000,32,8129,8129,0.8129,0.20625800674683442,5.803972742783505,5.8127828745315115,5.793887812000281,66.18471350736219,65.16076461808109,65.56963855850852,0.9984604280056896,-0.008810131748005483,0.20620100842625982,5.785077680252275,4.124020168525196e-06,0.002030768368998591,320.97182265251,3.032219282290972,1.1092947878203019,1.9873492550000265,0.028953027000056863,0.49656077900010587,2.0163022820000833,2.0163022820000833,True,3.0460384000434715e-07,True,,
w32_n10000,0,50,test,1042,2042,3042,4042,5042,10000,10000,50000,32,8129,8129,0.8129,0.2003304155485372,5.793550941149976,5.803738264564575,5.793887812000281,64.00267943636368,63.25003960518192,63.526244201471336,0.998443975664107,-0.010187323414597186,0.20023063860295565,5.783700488585683,4.004612772059113e-06,0.002001152860742805,319.6447850484902,3.032219282290972,1.1092947878203019,1.9873492550000265,0.028953027000056863,0.49656077900010587,2.0163022820000833,2.0163022820000833,True,3.0460384000434715e-07,True,,
w32_n10000,0,100,training,1042,2042,3042,4042,5042,10000,10000,50000,32,8129,8129,0.8129,0.10918622040691209,5.853542085833857,5.986112146811157,5.935433309162142,63.23333893978233,66.15685584942966,64.64928711390823,0.9995470793602961,-0.13257006097730079,0.09162056139552642,5.802863248184841,1.8324112279105284e-06,0.0013536658479516015,690.1653731066293,2.350814140160847,0.8547617107803164,3.6675132369998664,0.028953027000056863,0.49656077900010587,3.6964662639999233,3.6964662639999233,True,3.035929599991505e-07,True,,
w32_n10000,0,100,validation,1042,2042,3042,4042,5042,10000,10000,50000,32,8129,8129,0.8129,0.2566765108432878,5.803972742783505,5.961716957044293,5.935433309162142,66.18471350736219,68.54657777481124,67.24973741340868,0.998432841017768,-0.15774421426078694,0.2318164553560703,5.777689094901355,4.636329107121406e-06,0.0021532136696392687,285.5048120104434,2.350814140160847,0.8547617107803164,3.6675132369998664,0.028953027000056863,0.49656077900010587,3.6964662639999233,3.6964662639999233,True,3.035929599991505e-07,True,,
w32_n10000,0,100,test,1042,2042,3042,4042,5042,10000,10000,50000,32,8129,8129,0.8129,0.2526868975159051,5.793550941149976,5.944730151668577,5.935433309162142,64.00267943636368,66.38543741733933,65.0791402565767,0.9984040140922109,-0.15117921051859995,0.22983634054968893,5.784254098643542,4.596726810993779e-06,0.0021439978570403887,278.4706686648919,2.350814140160847,0.8547617107803164,3.6675132369998664,0.028953027000056863,0.49656077900010587,3.6964662639999233,3.6964662639999233,True,3.035929599991505e-07,True,,
w32_n10000,0,200,training,1042,2042,3042,4042,5042,10000,10000,50000,32,8129,8129,0.8129,0.02253900836885917,5.853542085833857,5.862282047257888,5.805695498332631,63.23333893978233,63.345299195843594,63.278086633848,0.9998229135503908,-0.008739961424030511,0.022464867929958637,5.796955536908601,4.4929735859917277e-07,0.0006702964706748595,2814.765665969297,4.252477617028123,1.4475017817885774,6.861280490999889,0.028953027000056863,0.49656077900010587,6.890233517999945,6.890233517999945,True,3.005264400007945e-07,True,,
w32_n10000,0,200,validation,1042,2042,3042,4042,5042,10000,10000,50000,32,8129,8129,0.8129,0.09584662859858316,5.803972742783505,5.826100325164252,5.805695498332631,66.18471350736219,65.83087499884013,65.9601109854261,0.9992812009278932,-0.022127582380746743,0.09536653535010142,5.783567915951884,1.9073307070020285e-06,0.0013810614421531102,694.0035439516656,4.252477617028123,1.4475017817885774,6.861280490999889,0.028953027000056863,0.49656077900010587,6.890233517999945,6.890233517999945,True,3.005264400007945e-07,True,,
w32_n10000,0,200,test,1042,2042,3042,4042,5042,10000,10000,50000,32,8129,8129,0.8129,0.0958144639844284,5.793550941149976,5.816597118202434,5.805695498332631,64.00267943636368,63.68815241830741,63.797773305629256,0.9992568130449181,-0.023046177052455267,0.09528524341256353,5.782649321280175,1.9057048682512705e-06,0.0013804726973943638,671.6956072541743,4.252477617028123,1.4475017817885774,6.861280490999889,0.028953027000056863,0.49656077900010587,6.890233517999945,6.890233517999945,True,3.005264400007945e-07,True,,
w32_n20000,0,0,training,1042,2042,3042,4042,5042,20000,10000,50000,32,8129,8129,0.40645,95.26634464047007,5.753746557906496,0.10920043589285583,0.09314692038365258,62.018958877148705,1.3009638966293287,-0.04434568693009543,-0.0049369249895873735,5.644546122013639,63.408614147638225,5.737693042397292,0.0012681722829527644,0.03561140664102956,0.9780841248595357,1.0455336508062776,0.044527425696920656,0.0,0.05751390499995068,0.49656077900010587,0.05751390499995068,0.0,True,3.116611799987368e-07,True,,
w32_n20000,0,0,validation,1042,2042,3042,4042,5042,20000,10000,50000,32,8129,8129,0.40645,99.60416911091973,5.803972742783505,0.09226090905092175,0.09314692038365258,66.18471350736219,1.3525628075821807,0.2750302770246847,0.029068521236874433,5.711711833732584,66.98721576089501,5.804858754116236,0.0013397443152179003,0.0366025178808494,0.9880200685396855,1.0455336508062776,0.044527425696920656,0.0,0.05751390499995068,0.49656077900010587,0.05751390499995068,0.0,True,3.116611799987368e-07,True,,
w32_n20000,0,0,test,1042,2042,3042,4042,5042,20000,10000,50000,32,8129,8129,0.40645,97.5849640361665,5.793550941149976,0.09265442258576771,0.09314692038365258,64.00267943636368,1.3214596612774188,0.1190472279796464,0.0129447376824858,5.70089651856421,65.0860446416818,5.794043438947862,0.001301720892833636,0.03607936935193901,0.9833548772047469,1.0455336508062776,0.044527425696920656,0.0,0.05751390499995068,0.49656077900010587,0.05751390499995068,0.0,True,3.116611799987368e-07,True,,
w32_n20000,0,10,training,1042,2042,3042,4042,5042,20000,10000,50000,32,8129,8129,0.40645,0.1325117555311579,5.753746557906496,5.791946157358286,5.829285132574965,62.018958877148705,62.66328965193687,62.27559471499887,0.9989621944054023,-0.03819959945178997,0.13105909908783508,5.791085533123175,2.6211819817567017e-06,0.0016190064798377744,473.21368229140614,1.3970112364200526,0.33433512349233674,0.6974392829999942,0.05751390499995068,0.49656077900010587,0.7549531879999449,0.7549531879999449,True,2.9983639999954904e-07,True,,
w32_n20000,0,10,validation,1042,2042,3042,4042,5042,20000,10000,50000,32,8129,8129,0.40645,0.18512041143477465,5.803972742783505,5.852724336497847,5.829285132574965,66.18471350736219,66.1179738072705,66.0599626724453,0.9986187343327706,-0.04875159371434103,0.18276196974206066,5.780533538860624,3.655239394841213e-06,0.001911868038030139,362.13613587537577,1.3970112364200526,0.33433512349233674,0.6974392829999942,0.05751390499995068,0.49656077900010587,0.7549531879999449,0.7549531879999449,True,2.9983639999954904e-07,True,,
w32_n20000,0,10,test,1042,2042,3042,4042,5042,20000,10000,50000,32,8129,8129,0.40645,0.18404452861209378,5.793550941149976,5.840309500650084,5.829285132574965,64.00267943636368,64.15788205288007,63.9893498431411,0.9985817168807067,-0.04675855950010492,0.18186180296162813,5.78252657307486,3.6372360592325623e-06,0.0019071539159786141,351.93030308771273,1.3970112364200526,0.33433512349233674,0.6974392829999942,0.05751390499995068,0.49656077900010587,0.7549531879999449,0.7549531879999449,True,2.9983639999954904e-07,True,,
w32_n20000,0,25,training,1042,2042,3042,4042,5042,20000,10000,50000,32,8129,8129,0.40645,0.11227453856294456,5.753746557906496,5.833503078810859,5.865258075353139,62.018958877148705,62.94621842278511,62.42962928403055,0.9991799210902559,-0.07975652090436278,0.10591873187277005,5.785501554448776,2.118374637455401e-06,0.0014554637190446903,585.5334347435928,1.5079623982730863,0.41075933444271534,1.7884916779999003,0.05751390499995068,0.49656077900010587,1.846005582999851,1.846005582999851,True,3.011067399984313e-07,True,,
w32_n20000,0,25,validation,1042,2042,3042,4042,5042,20000,10000,50000,32,8129,8129,0.40645,0.169305782436382,5.803972742783505,5.886793005723499,5.865258075353139,66.18471350736219,66.49958820099202,66.26091943779402,0.9987783809378236,-0.08282026293999342,0.16246283276620893,5.782437812413145,3.2492566553241785e-06,0.0018025694592231885,407.38372205170685,1.5079623982730863,0.41075933444271534,1.7884916779999003,0.05751390499995068,0.49656077900010587,1.846005582999851,1.846005582999851,True,3.011067399984313e-07,True,,
w32_n20000,0,25,test,1042,2042,3042,4042,5042,20000,10000,50000,32,8129,8129,0.40645,0.16529443913915606,5.793550941149976,5.877701703872435,5.865258075353139,64.00267943636368,64.58402130203766,64.21424224290197,0.9987797826518913,-0.08415076272245758,0.1582162525974366,5.781107312630682,3.1643250519487322e-06,0.0017788549833948613,404.52657919544635,1.5079623982730863,0.41075933444271534,1.7884916779999003,0.05751390499995068,0.49656077900010587,1.846005582999851,1.846005582999851,True,3.011067399984313e-07,True,,
w32_n20000,0,50,training,1042,2042,3042,4042,5042,20000,10000,50000,32,8129,8129,0.40645,0.05625015576728292,5.753746557906496,5.795833146599982,5.82436085224716,62.018958877148705,62.68867078966027,62.32657403395481,0.9995775392129242,-0.0420865886934865,0.05448159889937318,5.782274263553673,1.0896319779874636e-06,0.0010438543854328838,1138.3468938144956,1.633984170103184,0.49102130857153514,3.487088854999911,0.05751390499995068,0.49656077900010587,3.5446027599998615,3.5446027599998615,True,2.950546999954895e-07,True,,
w32_n20000,0,50,validation,1042,2042,3042,4042,5042,20000,10000,50000,32,8129,8129,0.40645,0.09191186408957862,5.803972742783505,5.846268184327505,5.82436085224716,66.18471350736219,66.5316665317267,66.31312403308873,0.9993242825897413,-0.04229544154399884,0.09013197291146796,5.7820654107031615,1.8026394582293593e-06,0.0013426240941638726,734.3089402067351,1.633984170103184,0.49102130857153514,3.487088854999911,0.05751390499995068,0.49656077900010587,3.5446027599998615,3.5446027599998615,True,2.950546999954895e-07,True,,
w32_n20000,0,50,test,1042,2042,3042,4042,5042,20000,10000,50000,32,8129,8129,0.40645,0.08860036220770495,5.793550941149976,5.836506680949872,5.82436085224716,64.00267943636368,64.42661931592009,64.1712709252599,0.9993299218681283,-0.042955739799894636,0.08675690176398397,5.781405112447266,1.7351380352796794e-06,0.00131724638366544,737.7243554694755,1.633984170103184,0.49102130857153514,3.487088854999911,0.05751390499995068,0.49656077900010587,3.5446027599998615,3.5446027599998615,True,2.950546999954895e-07,True,,
w32_n20000,0,100,training,1042,2042,3042,4042,5042,20000,10000,50000,32,8129,8129,0.40645,0.018741237826319396,5.753746557906496,5.751336795040439,5.781004638089397,62.018958877148705,61.66326369905457,61.83174310425781,0.9998526467800479,0.0024097628660565327,0.018736367687633145,5.7834144009554525,3.747273537526629e-07,0.0006121497804889445,3310.0844257066988,1.4552976216459634,0.37521043066518583,6.710116991999939,0.05751390499995068,0.49656077900010587,6.76763089699989,6.76763089699989,True,2.988977199993315e-07,True,,
w32_n20000,0,100,validation,1042,2042,3042,4042,5042,20000,10000,50000,32,8129,8129,0.40645,0.02727407883534398,5.803972742783505,5.805038147646621,5.781004638089397,66.18471350736219,65.7977307097874,65.97758427291734,0.9997976363203275,-0.0010654048631159227,0.027275671314953138,5.779939233226281,5.455134262990628e-07,0.0007385888073204622,2426.510891084035,1.4552976216459634,0.37521043066518583,6.710116991999939,0.05751390499995068,0.49656077900010587,6.76763089699989,6.76763089699989,True,2.988977199993315e-07,True,,
w32_n20000,0,100,test,1042,2042,3042,4042,5042,20000,10000,50000,32,8129,8129,0.40645,0.026754326520224987,5.793550941149976,5.791872538594598,5.781004638089397,64.00267943636368,63.61718999990929,63.79655869587352,0.9997949382278101,0.00167840255537972,0.02675204452597761,5.782683040644777,5.350408905195522e-07,0.0007314648935660222,2392.4406739908713,1.4552976216459634,0.37521043066518583,6.710116991999939,0.05751390499995068,0.49656077900010587,6.76763089699989,6.76763089699989,True,2.988977199993315e-07,True,,
w32_n20000,0,200,training,1042,2042,3042,4042,5042,20000,10000,50000,32,8129,8129,0.40645,0.010079944093015561,5.753746557906496,5.75689225166459,5.786131113305885,62.018958877148705,62.216481972318064,62.112685148617786,0.9999202035853754,-0.003145693758094544,0.010070552231407412,5.78298541954779,2.0141104462814826e-07,0.00044878841855394203,6158.446672241849,1.7798565078546924,0.5765327474897662,12.950255066999944,0.05751390499995068,0.49656077900010587,13.007768971999894,13.007768971999894,True,2.992983000012828e-07,True,,
w32_n20000,0,200,validation,1042,2042,3042,4042,5042,20000,10000,50000,32,8129,8129,0.40645,0.01794085409276521,5.803972742783505,5.807440519677492,5.786131113305885,66.18471350736219,66.13947226396401,66.15312757482401,0.9998645531903481,-0.003467776893986457,0.017930621678346605,5.782663336411899,3.586124335669321e-07,0.0005988425782849213,3691.155537974918,1.7798565078546924,0.5765327474897662,12.950255066999944,0.05751390499995068,0.49656077900010587,13.007768971999894,13.007768971999894,True,2.992983000012828e-07,True,,
w32_n20000,0,200,test,1042,2042,3042,4042,5042,20000,10000,50000,32,8129,8129,0.40645,0.016454359854671315,5.793550941149976,5.7979230445434045,5.786131113305885,64.00267943636368,64.05540623661754,64.02082504985158,0.9998717400804231,-0.004372103393426915,0.01643557327805407,5.781759009912458,3.287114655610814e-07,0.0005733336424465962,3894.155582745905,1.7798565078546924,0.5765327474897662,12.950255066999944,0.05751390499995068,0.49656077900010587,13.007768971999894,13.007768971999894,True,2.992983000012828e-07,True,,
w32_n5000,1,0,training,101042,102042,103042,104042,105042,5000,10000,50000,32,8129,8129,1.6258,97.5520726230026,5.976893669444407,0.3951862694873364,0.3986851219331622,64.9787643443886,1.505291514818253,0.03707937775951491,0.003749180991901865,5.58170739995707,66.40989710368783,5.9803925218902325,0.0013281979420737566,0.03644445008603857,0.9784500078796273,1.0090046706842994,0.008964370383849628,0.0,0.013736999999991895,0.504678025000203,0.013736999999991895,0.0,True,3.0683373999636386e-07,True,,
w32_n5000,1,0,validation,101042,102042,103042,104042,105042,5000,10000,50000,32,8129,8129,1.6258,98.43049691154361,5.883383946560313,0.3919200516533746,0.3986851219331622,66.56472414419001,1.433130830194506,-0.14164717151218212,-0.01450250149838472,5.491463894906937,68.28114931740888,5.8901490168401,0.0013656229863481775,0.03695433650261059,0.9748623860263399,1.0090046706842994,0.008964370383849628,0.0,0.013736999999991895,0.504678025000203,0.013736999999991895,0.0,True,3.0683373999636386e-07,True,,
w32_n5000,1,0,test,101042,102042,103042,104042,105042,5000,10000,50000,32,8129,8129,1.6258,93.19951234271062,5.722123845007932,0.39726739293405516,0.3986851219331622,63.06517778214507,1.4276012331087558,-0.17696701326241798,-0.018650653421385437,5.324856452073877,64.84671304177866,5.7235415740070374,0.0012969342608355732,0.036012973507273366,0.9725269766798234,1.0090046706842994,0.008964370383849628,0.0,0.013736999999991895,0.504678025000203,0.013736999999991895,0.0,True,3.0683373999636386e-07,True,,
w32_n5000,1,10,training,101042,102042,103042,104042,105042,5000,10000,50000,32,8129,8129,1.6258,0.1011608079958871,5.976893669444407,5.982589702582635,5.873632983226828,64.9787643443886,64.80758197215917,64.8425988618134,0.9992215221964011,-0.005696033138228178,0.10114859292095948,5.867936950088599,2.0229718584191895e-06,0.0014223121522433779,642.4089793830838,3.1744093618032228,1.1551215872608291,0.21572186799994597,0.013736999999991895,0.504678025000203,0.22945886799993787,0.22945886799993787,True,3.0377563999991254e-07,True,,
w32_n5000,1,10,validation,101042,102042,103042,104042,105042,5000,10000,50000,32,8129,8129,1.6258,0.32112581594972234,5.883383946560313,5.971996694880893,5.873632983226828,66.56472414419001,65.03719607971571,65.64430764831413,0.9976865080194838,-0.08861274832058097,0.31330492727752346,5.785020234906247,6.266098545550469e-06,0.0025032176384706282,212.45987007803237,3.1744093618032228,1.1551215872608291,0.21572186799994597,0.013736999999991895,0.504678025000203,0.22945886799993787,0.22945886799993787,True,3.0377563999991254e-07,True,,
w32_n5000,1,10,test,101042,102042,103042,104042,105042,5000,10000,50000,32,8129,8129,1.6258,0.31656682919331186,5.722123845007932,5.81229081814873,5.873632983226828,63.06517778214507,61.64607118578837,62.201403026463616,0.9975913319832956,-0.09016697314079952,0.30844291500623827,5.783466010086029,6.168858300124766e-06,0.0024837186435111296,204.4630455553488,3.1744093618032228,1.1551215872608291,0.21572186799994597,0.013736999999991895,0.504678025000203,0.22945886799993787,0.22945886799993787,True,3.0377563999991254e-07,True,,
w32_n5000,1,25,training,101042,102042,103042,104042,105042,5000,10000,50000,32,8129,8129,1.6258,0.06194723173367954,5.976893669444407,5.984453121567268,5.860178254063366,64.9787643443886,64.96753721044081,64.94219954395936,0.9995236341365736,-0.007559452122860583,0.0619024669106638,5.852618801940506,1.238049338213276e-06,0.0011126766548343126,1049.695877842226,4.9232542027366835,1.5939697351806819,0.609072956999853,0.013736999999991895,0.504678025000203,0.6228099569998449,0.6228099569998449,True,3.0383778000214076e-07,True,,
w32_n5000,1,25,validation,101042,102042,103042,104042,105042,5000,10000,50000,32,8129,8129,1.6258,0.30498196898074104,5.883383946560313,5.959103448160159,5.860178254063366,66.56472414419001,65.18152005883279,65.72348287455958,0.9977833658938292,-0.07571950159984592,0.2992784539036023,5.78445875246352,5.985569078072046e-06,0.0024465422698314544,222.4173617444259,4.9232542027366835,1.5939697351806819,0.609072956999853,0.013736999999991895,0.504678025000203,0.6228099569998449,0.6228099569998449,True,3.0383778000214076e-07,True,,
w32_n5000,1,25,test,101042,102042,103042,104042,105042,5000,10000,50000,32,8129,8129,1.6258,0.3012586384556177,5.722123845007932,5.798345532650184,5.860178254063366,63.06517778214507,61.771349671086924,62.270536325673696,0.9976868517241493,-0.0762216876422525,0.29545480188462225,5.783956566421115,5.909096037692445e-06,0.002430863228915285,213.45118569700074,4.9232542027366835,1.5939697351806819,0.609072956999853,0.013736999999991895,0.504678025000203,0.6228099569998449,0.6228099569998449,True,3.0383778000214076e-07,True,,
w32_n5000,1,50,training,101042,102042,103042,104042,105042,5000,10000,50000,32,8129,8129,1.6258,0.04459778732849197,5.976893669444407,5.974012494550022,5.840481496738236,64.9787643443886,65.03868120727309,64.9864235729104,0.999657087520614,0.0028811748943841694,0.04459840584088813,5.843362671632621,8.919681168177626e-07,0.0009444406370004219,1456.975044718204,7.337580204858225,1.9930091159099048,1.1577083449999463,0.013736999999991895,0.504678025000203,1.1714453449999382,1.1714453449999382,True,3.043381000043155e-07,True,,
w32_n5000,1,50,validation,101042,102042,103042,104042,105042,5000,10000,50000,32,8129,8129,1.6258,0.3272398414820196,5.883383946560313,5.936357470015879,5.840481496738236,66.56472414419001,65.13981028659254,65.69003416843924,0.9975947956178722,-0.05297352345556635,0.3244660939041126,5.787507973282669,6.489321878082252e-06,0.0025474147440262356,205.15155634061864,7.337580204858225,1.9930091159099048,1.1577083449999463,0.013736999999991895,0.504678025000203,1.1714453449999382,1.1714453449999382,True,3.043381000043155e-07,True,,
w32_n5000,1,50,test,101042,102042,103042,104042,105042,5000,10000,50000,32,8129,8129,1.6258,0.331667112204419,5.722123845007932,5.77807790372658,5.840481496738236,63.06517778214507,61.70755923941375,62.22209709759246,0.9974259146093191,-0.05595405871864983,0.3285428263738564,5.784527438019587,6.570856527477128e-06,0.002563368199747576,191.95420724353835,7.337580204858225,1.9930091159099048,1.1577083449999463,0.013736999999991895,0.504678025000203,1.1714453449999382,1.1714453449999382,True,3.043381000043155e-07,True,,
w32_n5000,1,100,training,101042,102042,103042,104042,105042,5000,10000,50000,32,8129,8129,1.6258,0.04038099128369796,5.976893669444407,5.989065295880649,5.846905355801673,64.9787643443886,65.29596409600869,65.11724377471273,0.9996940708170476,-0.012171626436242028,0.040240890971788894,5.834733729365431,8.048178194357779e-07,0.0008971163912423949,1614.744673271333,9.215103975922894,2.2208438743921395,2.061462125999924,0.013736999999991895,0.504678025000203,2.075199125999916,2.075199125999916,True,3.046987800007628e-07,True,,
w32_n5000,1,100,validation,101042,102042,103042,104042,105042,5000,10000,50000,32,8129,8129,1.6258,0.37211503333011275,5.883383946560313,5.9411659245746025,5.846905355801673,66.56472414419001,65.50847443104918,65.85219270878828,0.9972394013449719,-0.05778197801428963,0.36881315766263517,5.789123377787383,7.3762631532527035e-06,0.0027159276782073383,180.48359382307837,9.215103975922894,2.2208438743921395,2.061462125999924,0.013736999999991895,0.504678025000203,2.075199125999916,2.075199125999916,True,3.046987800007628e-07,True,,
w32_n5000,1,100,test,101042,102042,103042,104042,105042,5000,10000,50000,32,8129,8129,1.6258,0.3737054941328284,5.722123845007932,5.782658172473214,5.846905355801673,63.06517778214507,62.00616421432403,62.35064675308407,0.9970770439551704,-0.06053432746528264,0.3700484903009604,5.786371028336391,7.400969806019207e-06,0.0027204723497986903,170.4240915315022,9.215103975922894,2.2208438743921395,2.061462125999924,0.013736999999991895,0.504678025000203,2.075199125999916,2.075199125999916,True,3.046987800007628e-07,True,,
w32_n5000,1,200,training,101042,102042,103042,104042,105042,5000,10000,50000,32,8129,8129,1.6258,0.028742983803576407,5.976893669444407,5.944989949960522,5.803432195595259,64.9787643443886,64.41041048632754,64.68072207404644,0.9997953255454802,0.03190371948388476,0.027730682623194662,5.835335915079144,5.546136524638933e-07,0.0007447238766575792,2343.208251571805,12.829043332830041,2.551711610986188,3.7418713649999518,0.013736999999991895,0.504678025000203,3.7556083649999437,3.7556083649999437,True,3.0282480000096255e-07,True,,
w32_n5000,1,200,validation,101042,102042,103042,104042,105042,5000,10000,50000,32,8129,8129,1.6258,0.36874498473091377,5.883383946560313,5.897036999071732,5.803432195595259,66.56472414419001,64.74274643099709,65.46943756837764,0.9972888935485112,-0.013653052511419855,0.3685954384318773,5.789779143083839,7.371908768637547e-06,0.0027151259213225353,180.59020053904518,12.829043332830041,2.551711610986188,3.7418713649999518,0.013736999999991895,0.504678025000203,3.7556083649999437,3.7556083649999437,True,3.0282480000096255e-07,True,,
w32_n5000,1,200,test,101042,102042,103042,104042,105042,5000,10000,50000,32,8129,8129,1.6258,0.3731513065005053,5.722123845007932,5.741235581729843,5.803432195595259,63.06517778214507,61.31288129854487,62.00263278839993,0.997101698776487,-0.01911173672191122,0.3727935038900554,5.7843204588733474,7.4558700778011075e-06,0.002730543916109226,169.16919722062622,12.829043332830041,2.551711610986188,3.7418713649999518,0.013736999999991895,0.504678025000203,3.7556083649999437,3.7556083649999437,True,3.0282480000096255e-07,True,,
w16_n5000,1,0,training,101042,102042,103042,104042,270042,5000,10000,50000,16,4065,4065,0.813,88.9727506685902,5.976893669444407,1.0876580610099955,1.0874216920486224,64.9787643443886,1.3482682726774133,0.6229452774231887,0.06655428408189674,4.889235608434411,65.08114206221961,5.9766573004830335,0.0013016228412443922,0.03607801049454352,0.998426921922588,1.0088827497751518,0.008843530233839431,0.0,0.013736999999991895,0.504678025000203,0.013736999999991895,0.0,True,1.9673402000080387e-07,True,,
w16_n5000,1,0,validation,101042,102042,103042,104042,270042,5000,10000,50000,16,4065,4065,0.813,89.76307334958625,5.883383946560313,1.073830004054872,1.0874216920486224,66.56472414419001,1.412213360212972,0.669504743942355,0.06905282212283431,4.80955394250544,66.63792801651829,5.896975634554064,0.0013327585603303657,0.03650696591515605,0.9989014683603288,1.0088827497751518,0.008843530233839431,0.0,0.013736999999991895,0.504678025000203,0.013736999999991895,0.0,True,1.9673402000080387e-07,True,,
w16_n5000,1,0,test,101042,102042,103042,104042,270042,5000,10000,50000,16,4065,4065,0.813,84.41295700898634,5.722123845007932,1.0929144787879725,1.0874216920486224,63.06517778214507,1.356862969036907,0.718701702873655,0.07769371115630813,4.629209366219959,62.98463734543466,5.716631058268582,0.0012596927469086933,0.03549215049709856,1.0012787314511107,1.0088827497751518,0.008843530233839431,0.0,0.013736999999991895,0.504678025000203,0.013736999999991895,0.0,True,1.9673402000080387e-07,True,,
w16_n5000,1,10,training,101042,102042,103042,104042,270042,5000,10000,50000,16,4065,4065,0.813,0.110049325491423,5.976893669444407,5.9763297364498476,5.851051424588819,64.9787643443886,64.45087612635396,64.65978472453361,0.9991578790755823,0.0005639329945587587,0.11007102167533571,5.851615357583378,2.2014204335067143e-06,0.0014837184481924844,590.3348888324963,2.3836608723796653,0.8686374875657996,0.24050302899991038,0.013736999999991895,0.504678025000203,0.2542400289999023,0.2542400289999023,True,1.969602400004078e-07,True,,
w16_n5000,1,10,validation,101042,102042,103042,104042,270042,5000,10000,50000,16,4065,4065,0.813,0.2623202712056791,5.883383946560313,5.940991282523771,5.851051424588819,66.56472414419001,64.96740924304912,65.63655290921669,0.9981042900748882,-0.057607335963458094,0.25902756880575295,5.79344408862536,5.180551376115059e-06,0.002276082462503294,256.9793032111863,2.3836608723796653,0.8686374875657996,0.24050302899991038,0.013736999999991895,0.504678025000203,0.2542400289999023,0.2542400289999023,True,1.969602400004078e-07,True,,
w16_n5000,1,10,test,101042,102042,103042,104042,270042,5000,10000,50000,16,4065,4065,0.813,0.2593562887018972,5.722123845007932,5.790706634933802,5.851051424588819,63.06517778214507,61.632036316549815,62.22127815795571,0.9980237067660823,-0.06858278992587151,0.2546577827835366,5.782468634662949,5.093155655670733e-06,0.0022568020860657526,247.6467716510024,2.3836608723796653,0.8686374875657996,0.24050302899991038,0.013736999999991895,0.504678025000203,0.2542400289999023,0.2542400289999023,True,1.969602400004078e-07,True,,
w16_n5000,1,25,training,101042,102042,103042,104042,270042,5000,10000,50000,16,4065,4065,0.813,0.07307299824840705,5.976893669444407,5.994376276810849,5.849192649736944,64.9787643443886,65.07510246495482,64.99054244813635,0.9994406452240795,-0.017482607366441662,0.072781913070692,5.831710042370502,1.45563826141384e-06,0.0012064983470414868,892.7872544553161,3.368458471069907,1.21445521273041,0.5637817560000258,0.013736999999991895,0.504678025000203,0.5775187560000177,0.5775187560000177,True,1.9646693999675335e-07,True,,
w16_n5000,1,25,validation,101042,102042,103042,104042,270042,5000,10000,50000,16,4065,4065,0.813,0.2461433599563232,5.883383946560313,5.941601699545289,5.849192649736944,66.56472414419001,65.68901006360488,66.00547793838406,0.9981861812644665,-0.05821775298497621,0.24277833102680615,5.790974896751967,4.855566620536123e-06,0.002203535028207204,274.1790169767677,3.368458471069907,1.21445521273041,0.5637817560000258,0.013736999999991895,0.504678025000203,0.5775187560000177,0.5775187560000177,True,1.9646693999675335e-07,True,,
w16_n5000,1,25,test,101042,102042,103042,104042,270042,5000,10000,50000,16,4065,4065,0.813,0.2472379897860418,5.722123845007932,5.789117288323206,5.849192649736944,63.06517778214507,62.244460805018164,62.53344193186499,0.9980841681563922,-0.06699344331527537,0.24275472343327348,5.7821992064216685,4.85509446866547e-06,0.0022034278905073046,259.78970415164724,3.368458471069907,1.21445521273041,0.5637817560000258,0.013736999999991895,0.504678025000203,0.5775187560000177,0.5775187560000177,True,1.9646693999675335e-07,True,,
w16_n5000,1,50,training,101042,102042,103042,104042,270042,5000,10000,50000,16,4065,4065,0.813,0.07038193300470451,5.976893669444407,5.983425734968507,5.834028587516004,64.9787643443886,65.01490215163408,64.96165658011539,0.9994588327469244,-0.006532065524099383,0.07035333579185168,5.827496521991905,1.4070667158370336e-06,0.0011861984302118402,923.6060182936546,3.922064467962804,1.3666181651614475,1.0298334940000586,0.013736999999991895,0.504678025000203,1.0435704940000505,1.0435704940000505,True,1.9691315999807558e-07,True,,
w16_n5000,1,50,validation,101042,102042,103042,104042,270042,5000,10000,50000,16,4065,4065,0.813,0.2760424786242901,5.883383946560313,5.9255968321447625,5.834028587516004,66.56472414419001,65.64006239754467,65.96524928101091,0.9979496888119526,-0.0422128855844505,0.2742879797128955,5.7918157019315535,5.4857595942579095e-06,0.00234216984744017,242.68188570955635,3.922064467962804,1.3666181651614475,1.0298334940000586,0.013736999999991895,0.504678025000203,1.0435704940000505,1.0435704940000505,True,1.9691315999807558e-07,True,,
w16_n5000,1,50,test,101042,102042,103042,104042,270042,5000,10000,50000,16,4065,4065,0.813,0.2757135678429159,5.722123845007932,5.773997331007309,5.834028587516004,63.06517778214507,62.24259087450481,62.51737024339668,0.9978426396121465,-0.05187348599937803,0.2730281698565854,5.782155101516625,5.460563397131708e-06,0.0023367848418567997,230.98414282772202,3.922064467962804,1.3666181651614475,1.0298334940000586,0.013736999999991895,0.504678025000203,1.0435704940000505,1.0435704940000505,True,1.9691315999807558e-07,True,,
w16_n5000,1,100,training,101042,102042,103042,104042,270042,5000,10000,50000,16,4065,4065,0.813,0.07103810205948723,5.976893669444407,5.9858513300368354,5.829585446051857,64.9787643443886,64.92768904161788,64.91774066460945,0.9994537452159823,-0.008957660592428822,0.0709720567875556,5.820627785459427,1.419441135751112e-06,0.0011914030114747536,915.5541953489238,4.615268428028535,1.5293700305165445,1.8051007290000598,0.013736999999991895,0.504678025000203,1.8188377290000517,1.8188377290000517,True,1.9996924000224681e-07,True,,
w16_n5000,1,100,validation,101042,102042,103042,104042,270042,5000,10000,50000,16,4065,4065,0.813,0.3278599096222202,5.883383946560313,5.921184062330153,5.829585446051857,66.56472414419001,65.65670646269777,65.94748344982352,0.9975544551828317,-0.037800115769839555,0.32646370724073115,5.791785330282018,6.529274144814623e-06,0.002555244439347168,203.89624533395937,4.615268428028535,1.5293700305165445,1.8051007290000598,0.013736999999991895,0.504678025000203,1.8188377290000517,1.8188377290000517,True,1.9996924000224681e-07,True,,
w16_n5000,1,100,test,101042,102042,103042,104042,270042,5000,10000,50000,16,4065,4065,0.813,0.3257982972932345,5.722123845007932,5.767418960730654,5.829585446051857,63.06517778214507,62.11695901543739,62.429191836367565,0.9974423585966267,-0.04529511572272344,0.3237531248473966,5.784290330329132,6.475062496947932e-06,0.002544614410268859,194.7940357699136,4.615268428028535,1.5293700305165445,1.8051007290000598,0.013736999999991895,0.504678025000203,1.8188377290000517,1.8188377290000517,True,1.9996924000224681e-07,True,,
w16_n5000,1,200,training,101042,102042,103042,104042,270042,5000,10000,50000,16,4065,4065,0.813,0.048586837141542064,5.976893669444407,5.959665761772574,5.801195923597679,64.9787643443886,65.09456965977407,65.01251715394228,0.9996290695201584,0.01722790767183263,0.0482996962780485,5.818423831269512,9.659939255609698e-07,0.0009828498998122601,1345.3244916970727,6.633652068090471,1.8921554923738504,3.2515259429999332,0.013736999999991895,0.504678025000203,3.265262942999925,3.265262942999925,True,1.928298399980122e-07,True,,
w16_n5000,1,200,validation,101042,102042,103042,104042,270042,5000,10000,50000,16,4065,4065,0.813,0.3223081726859654,5.883383946560313,5.888684055630599,5.801195923597679,66.56472414419001,65.79985950277566,66.02113566710227,0.9975816207285526,-0.005300109070286671,0.3223123127610847,5.795895814527392,6.446246255221694e-06,0.002538945894504586,206.5224364963413,6.633652068090471,1.8921554923738504,3.2515259429999332,0.013736999999991895,0.504678025000203,3.265262942999925,3.265262942999925,True,1.928298399980122e-07,True,,
w16_n5000,1,200,test,101042,102042,103042,104042,270042,5000,10000,50000,16,4065,4065,0.813,0.3247107370509932,5.722123845007932,5.739765921111444,5.801195923597679,63.06517778214507,62.414662191565334,62.57771699569446,0.9974280800913211,-0.017642076103513843,0.3244059823213975,5.783553847494165,6.48811964642795e-06,0.0025471787621656927,194.40201851661524,6.633652068090471,1.8921554923738504,3.2515259429999332,0.013736999999991895,0.504678025000203,3.265262942999925,3.265262942999925,True,1.928298399980122e-07,True,,
w8_n5000,1,0,training,101042,102042,103042,104042,190042,5000,10000,50000,8,2033,2033,0.4066,108.63696874796376,5.976893669444407,-0.48556368231496316,-0.49789473002298223,64.9787643443886,0.8486858756949303,-0.5297704513980447,-0.07133924682326057,6.46245735175937,66.88699112287964,5.964562621736388,0.0013377398224575928,0.03657512573399568,0.9714708832546318,1.0061730694474864,0.006154094104982813,0.0,0.013736999999991895,0.504678025000203,0.013736999999991895,0.0,True,1.4133987999684905e-07,True,,
w8_n5000,1,0,validation,101042,102042,103042,104042,190042,5000,10000,50000,8,2033,2033,0.4066,109.30759230060936,5.883383946560313,-0.49556828650004425,-0.49789473002298223,66.56472414419001,0.8655023302809065,-0.5965982883889227,-0.07860059145303556,6.378952233060356,68.62342305124876,5.881057503037375,0.0013724684610249753,0.03704684144464917,0.970000055148498,1.0061730694474864,0.006154094104982813,0.0,0.013736999999991895,0.504678025000203,0.013736999999991895,0.0,True,1.4133987999684905e-07,True,,
w8_n5000,1,0,test,101042,102042,103042,104042,190042,5000,10000,50000,8,2033,2033,0.4066,103.59944654980741,5.722123845007932,-0.49735454677860175,-0.49789473002298223,63.06517778214507,0.8604274879106488,-0.49661409526065664,-0.0674166381010928,6.2194783917865335,64.91883346057702,5.7215836617635505,0.0012983766692115403,0.03603299417494389,0.9714465652011814,1.0061730694474864,0.006154094104982813,0.0,0.013736999999991895,0.504678025000203,0.013736999999991895,0.0,True,1.4133987999684905e-07,True,,
w8_n5000,1,10,training,101042,102042,103042,104042,190042,5000,10000,50000,8,2033,2033,0.4066,0.16529744750347794,5.976893669444407,6.010023687142802,5.84835514826654,64.9787643443886,64.26828445484938,64.54140805163401,0.9987444018543261,-0.03313001769839477,0.16423269596997606,5.8152251305681455,3.284653919399521e-06,0.001812361420743534,395.6505978338661,1.8200503448635872,0.5988641627190775,0.18936706499994216,0.013736999999991895,0.504678025000203,0.20310406499993405,0.20310406499993405,True,1.4802831999986665e-07,True,,
w8_n5000,1,10,validation,101042,102042,103042,104042,190042,5000,10000,50000,8,2033,2033,0.4066,0.30084967633377574,5.883383946560313,5.934012061471606,5.84835514826654,66.56472414419001,65.10248101748728,65.6844444298664,0.997795848967309,-0.05062811491129286,0.2983163019444992,5.7977270333552475,5.966326038889984e-06,0.002442606402777571,223.1347187877589,1.8200503448635872,0.5988641627190775,0.18936706499994216,0.013736999999991895,0.504678025000203,0.20310406499993405,0.20310406499993405,True,1.4802831999986665e-07,True,,
w8_n5000,1,10,test,101042,102042,103042,104042,190042,5000,10000,50000,8,2033,2033,0.4066,0.3013226619788693,5.722123845007932,5.789971241384406,5.84835514826654,63.06517778214507,61.759405192844305,62.263928823849504,0.9976774506772739,-0.06784739637647466,0.29672532729034873,5.780507751890065,5.934506545806974e-06,0.002436084264923316,212.5372254470046,1.8200503448635872,0.5988641627190775,0.18936706499994216,0.013736999999991895,0.504678025000203,0.20310406499993405,0.20310406499993405,True,1.4802831999986665e-07,True,,
w8_n5000,1,25,training,101042,102042,103042,104042,190042,5000,10000,50000,8,2033,2033,0.4066,0.08939291576922752,5.976893669444407,5.999187324309502,5.823516706705436,64.9787643443886,64.79712193452089,64.84348629372458,0.9993158462492526,-0.022293654865095113,0.08891369146027553,5.80122305184034,1.7782738292055105e-06,0.0013335193396443528,730.8071825295829,2.3208525220634137,0.8419345845856178,0.4752517520000765,0.013736999999991895,0.504678025000203,0.4889887520000684,0.4889887520000684,True,1.4714888000071368e-07,True,,
w8_n5000,1,25,validation,101042,102042,103042,104042,190042,5000,10000,50000,8,2033,2033,0.4066,0.20746777401761402,5.883383946560313,5.911998857775304,5.823516706705436,66.56472414419001,65.77385499572023,66.06595475603685,0.998456156185179,-0.028614911214991025,0.20666962783655593,5.794901795490445,4.133392556731119e-06,0.002033074655965963,322.0827600117059,2.3208525220634137,0.8419345845856178,0.4752517520000765,0.013736999999991895,0.504678025000203,0.4889887520000684,0.4889887520000684,True,1.4714888000071368e-07,True,,
w8_n5000,1,25,test,101042,102042,103042,104042,190042,5000,10000,50000,8,2033,2033,0.4066,0.20962333007872366,5.722123845007932,5.762851005305464,5.823516706705436,63.06517778214507,62.35786788819752,62.60753844123698,0.9983577368345902,-0.04072716029753307,0.2079687878685801,5.782789546407903,4.159375757371602e-06,0.0020394547696312372,303.24347431402686,2.3208525220634137,0.8419345845856178,0.4752517520000765,0.013736999999991895,0.504678025000203,0.4889887520000684,0.4889887520000684,True,1.4714888000071368e-07,True,,
w8_n5000,1,50,training,101042,102042,103042,104042,190042,5000,10000,50000,8,2033,2033,0.4066,0.0803366752618279,5.976893669444407,5.9729925714348315,5.794033458854053,64.9787643443886,64.67395470910347,64.78619076464555,0.9993831255820772,0.003901098009575874,0.0803375242009878,5.797934556863629,1.6067504840197562e-06,0.0012675766185993476,808.822091427976,2.732771937292374,1.0053164557114576,0.9122876540000107,0.013736999999991895,0.504678025000203,0.9260246540000026,0.9260246540000026,True,1.5067904000261477e-07,True,,
w8_n5000,1,50,validation,101042,102042,103042,104042,190042,5000,10000,50000,8,2033,2033,0.4066,0.2195418116908938,5.883383946560313,5.882422999145015,5.794033458854053,66.56472414419001,65.73781199447457,66.04148664705457,0.9983599491224523,0.0009609474152976496,0.2195628445554144,5.794994406269351,4.3912568911082874e-06,0.0020955326032081408,303.1693467033311,2.732771937292374,1.0053164557114576,0.9122876540000107,0.013736999999991895,0.504678025000203,0.9260246540000026,0.9260246540000026,True,1.5067904000261477e-07,True,,
w8_n5000,1,50,test,101042,102042,103042,104042,190042,5000,10000,50000,8,2033,2033,0.4066,0.22185781195724688,5.722123845007932,5.732710048665444,5.794033458854053,63.06517778214507,62.327293487236055,62.58536054506412,0.9982488351658652,-0.010586203657513192,0.22175017925295365,5.78344725519654,4.435003585059073e-06,0.002105944820041369,284.3974151209398,2.732771937292374,1.0053164557114576,0.9122876540000107,0.013736999999991895,0.504678025000203,0.9260246540000026,0.9260246540000026,True,1.5067904000261477e-07,True,,
w8_n5000,1,100,training,101042,102042,103042,104042,190042,5000,10000,50000,8,2033,2033,0.4066,0.07899117564605028,5.976893669444407,5.97051220029267,5.789445838943808,64.9787643443886,64.63286359480344,64.76633084672268,0.9993943061683409,0.006381469151736605,0.07896624574666491,5.795827308095545,1.5793249149332982e-06,0.001256711945886287,822.8675901960671,3.0378304978630255,1.1111436086285678,1.6422916799999712,0.013736999999991895,0.504678025000203,1.656028679999963,1.656028679999963,True,1.5422424000007596e-07,True,,
w8_n5000,1,100,validation,101042,102042,103042,104042,190042,5000,10000,50000,8,2033,2033,0.4066,0.23996180243962661,5.883383946560313,5.879914039756339,5.789445838943808,66.56472414419001,65.91227329199788,66.11851183831277,0.9982006689379327,0.003469906803973805,0.23997375956235456,5.7929157457477825,4.799475191247091e-06,0.0021907704560832227,277.38334501899527,3.0378304978630255,1.1111436086285678,1.6422916799999712,0.013736999999991895,0.504678025000203,1.656028679999963,1.656028679999963,True,1.5422424000007596e-07,True,,
w8_n5000,1,100,test,101042,102042,103042,104042,190042,5000,10000,50000,8,2033,2033,0.4066,0.2418706789114102,5.722123845007932,5.728891899402307,5.789445838943808,63.06517778214507,62.504488966012694,62.66391851960624,0.9980840889025835,-0.006768054394376377,0.24182970894530392,5.782677784549432,4.836594178906078e-06,0.0021992258135321344,260.783416798508,3.0378304978630255,1.1111436086285678,1.6422916799999712,0.013736999999991895,0.504678025000203,1.656028679999963,1.656028679999963,True,1.5422424000007596e-07,True,,
w8_n5000,1,200,training,101042,102042,103042,104042,190042,5000,10000,50000,8,2033,2033,0.4066,0.08953878862715947,5.976893669444407,5.9029404144047035,5.720282244119879,64.9787643443886,63.58584249683155,64.2402601596098,0.9994046180285592,0.07395325503970271,0.08408652200059219,5.794235499159582,1.6817304400118439e-06,0.001296815499603488,772.760756401971,3.037294495471067,1.1109671505659147,2.99324462200002,0.013736999999991895,0.504678025000203,3.006981622000012,3.006981622000012,True,1.479287399979512e-07,True,,
w8_n5000,1,200,validation,101042,102042,103042,104042,190042,5000,10000,50000,8,2033,2033,0.4066,0.27195566982841884,5.883383946560313,5.813478768047998,5.720282244119879,66.56472414419001,64.96656658254176,65.63209754066081,0.9980430119589148,0.0699051785123148,0.2670956454101213,5.790187422632193,5.341912908202427e-06,0.0023112578627670316,249.2168078666385,3.037294495471067,1.1109671505659147,2.99324462200002,0.013736999999991895,0.504678025000203,3.006981622000012,3.006981622000012,True,1.479287399979512e-07,True,,
w8_n5000,1,200,test,101042,102042,103042,104042,190042,5000,10000,50000,8,2033,2033,0.4066,0.2742865717111383,5.722123845007932,5.659180951309467,5.720282244119879,63.06517778214507,61.58569401138441,62.1902708115411,0.9979015929016628,0.06294289369846372,0.27033017044741114,5.783225137818342,5.406603408948223e-06,0.002325210401006374,233.2894536994105,3.037294495471067,1.1109671505659147,2.99324462200002,0.013736999999991895,0.504678025000203,3.006981622000012,3.006981622000012,True,1.479287399979512e-07,True,,
w32_n10000,1,0,training,101042,102042,103042,104042,105042,10000,10000,50000,32,8129,8129,0.8129,95.91429402925615,5.883062947587057,0.38900674509651856,0.3986851219331622,64.08756991682034,1.4672215260541066,-0.09071132583320157,-0.009354633290892115,5.494056202490538,65.73621409454087,5.8927413244237,0.0013147242818908173,0.03625912687711629,0.9749203053380976,1.0262338675142617,0.02589566182100308,0.0,0.02995671200005745,0.504678025000203,0.02995671200005745,0.0,True,3.023224999969898e-07,True,,
w32_n10000,1,0,validation,101042,102042,103042,104042,105042,10000,10000,50000,32,8129,8129,0.8129,98.43049691154361,5.883383946560313,0.3919200516533746,0.3986851219331622,66.56472414419001,1.433130830194506,-0.14164717151218212,-0.01450250149838472,5.491463894906937,68.28114931740888,5.8901490168401,0.0013656229863481775,0.03695433650261059,0.9748623860263399,1.0262338675142617,0.02589566182100308,0.0,0.02995671200005745,0.504678025000203,0.02995671200005745,0.0,True,3.023224999969898e-07,True,,
w32_n10000,1,0,test,101042,102042,103042,104042,105042,10000,10000,50000,32,8129,8129,0.8129,93.19951234271062,5.722123845007932,0.39726739293405516,0.3986851219331622,63.06517778214507,1.4276012331087558,-0.17696701326241798,-0.018650653421385437,5.324856452073877,64.84671304177866,5.7235415740070374,0.0012969342608355732,0.036012973507273366,0.9725269766798234,1.0262338675142617,0.02589566182100308,0.0,0.02995671200005745,0.504678025000203,0.02995671200005745,0.0,True,3.023224999969898e-07,True,,
w32_n10000,1,10,training,101042,102042,103042,104042,105042,10000,10000,50000,32,8129,8129,0.8129,0.12335046410898119,5.883062947587057,5.8769708347143315,5.810643321255708,64.08756991682034,63.770860669462714,63.86755245172255,0.9990385161966783,0.006092112872725274,0.12332568283801096,5.816735434128433,2.4665136567602193e-06,0.0015705138193471012,519.6611803966231,1.8330033320926116,0.6059557866914921,0.4027549550000913,0.02995671200005745,0.504678025000203,0.43271166700014874,0.43271166700014874,True,3.053511200005232e-07,True,,
w32_n10000,1,10,validation,101042,102042,103042,104042,105042,10000,10000,50000,32,8129,8129,0.8129,0.2261018117269326,5.883383946560313,5.908539820994664,5.810643321255708,66.56472414419001,65.66664624856837,66.00293942494785,0.9983177449299967,-0.025155874434350977,0.225491542862662,5.7854874468213575,4.50983085725324e-06,0.0021236362346817405,295.1983178576766,1.8330033320926116,0.6059557866914921,0.4027549550000913,0.02995671200005745,0.504678025000203,0.43271166700014874,0.43271166700014874,True,3.053511200005232e-07,True,,
w32_n10000,1,10,test,101042,102042,103042,104042,105042,10000,10000,50000,32,8129,8129,0.8129,0.22647620368484037,5.722123845007932,5.750838194035137,5.810643321255708,63.06517778214507,62.22650415311509,62.53301286614568,0.998221316715857,-0.028714349027206522,0.22565620296884345,5.781928972228503,4.513124059376869e-06,0.0021244114618822947,279.47460319029005,1.8330033320926116,0.6059557866914921,0.4027549550000913,0.02995671200005745,0.504678025000203,0.43271166700014874,0.43271166700014874,True,3.053511200005232e-07,True,,
w32_n10000,1,25,training,101042,102042,103042,104042,105042,10000,10000,50000,32,8129,8129,0.8129,0.10136797274127417,5.883062947587057,5.850778476324805,5.775085198373505,64.08756991682034,63.35987025480981,63.673552226200826,0.9992290171276029,0.03228447126225026,0.10033571922851395,5.807369669635755,2.0067143845702788e-06,0.0014165854667369275,638.7313551902819,2.256204940438983,0.8136841719030584,1.0267697220001537,0.02995671200005745,0.504678025000203,1.0567264340002112,1.0567264340002112,True,3.019870600019203e-07,True,,
w32_n10000,1,25,validation,101042,102042,103042,104042,105042,10000,10000,50000,32,8129,8129,0.8129,0.22870692090114694,5.883383946560313,5.870100528580133,5.775085198373505,66.56472414419001,65.13082013264612,65.73349547489774,0.9983237094819789,0.013283417980179272,0.22855332704061485,5.788368616353684,4.571066540812297e-06,0.0021380052714650394,291.2437329444834,2.256204940438983,0.8136841719030584,1.0267697220001537,0.02995671200005745,0.504678025000203,1.0567264340002112,1.0567264340002112,True,3.019870600019203e-07,True,,
w32_n10000,1,25,test,101042,102042,103042,104042,105042,10000,10000,50000,32,8129,8129,0.8129,0.22558832664686393,5.722123845007932,5.712003927603253,5.775085198373505,63.06517778214507,61.774271116112054,62.306979237265026,0.9982471276976554,0.01011991740467677,0.225490423727061,5.785205115778181,4.50980847454122e-06,0.0021236309647726507,279.68007128533617,2.256204940438983,0.8136841719030584,1.0267697220001537,0.02995671200005745,0.504678025000203,1.0567264340002112,1.0567264340002112,True,3.019870600019203e-07,True,,
w32_n10000,1,50,training,101042,102042,103042,104042,105042,10000,10000,50000,32,8129,8129,0.8129,0.08058829711173288,5.883062947587057,5.860794327650254,5.7781030339304955,64.08756991682034,63.37294376756919,63.690206634335055,0.9993872745619726,0.02226861993680246,0.08010041571941505,5.800371653867297,1.602008314388301e-06,0.001265704671077855,800.0903533548897,2.892805647372161,1.0622268434304079,1.973607549999997,0.02995671200005745,0.504678025000203,2.0035642620000544,2.0035642620000544,True,3.0665566000152466e-07,True,,
w32_n10000,1,50,validation,101042,102042,103042,104042,105042,10000,10000,50000,32,8129,8129,0.8129,0.23312628099692648,5.883383946560313,5.871073507822294,5.7781030339304955,66.56472414419001,65.23541369886871,65.78356990458016,0.9982829624083458,0.01231043873801886,0.23299803389839377,5.790413472668514,4.659960677967876e-06,0.0021586942066832613,285.68792204151254,2.892805647372161,1.0622268434304079,1.973607549999997,0.02995671200005745,0.504678025000203,2.0035642620000544,2.0035642620000544,True,3.0665566000152466e-07,True,,
w32_n10000,1,50,test,101042,102042,103042,104042,105042,10000,10000,50000,32,8129,8129,0.8129,0.23141642007812255,5.722123845007932,5.717032530529878,5.7781030339304955,63.06517778214507,61.83555545763839,62.334669056642966,0.9981957414982282,0.005091314478052923,0.23139512649753805,5.78319434840855,4.627902529950761e-06,0.0021512560354245984,272.54324123726116,2.892805647372161,1.0622268434304079,1.973607549999997,0.02995671200005745,0.504678025000203,2.0035642620000544,2.0035642620000544,True,3.0665566000152466e-07,True,,
w32_n10000,1,100,training,101042,102042,103042,104042,105042,10000,10000,50000,32,8129,8129,0.8129,0.0628827617383883,5.883062947587057,5.96035709163018,5.871896312844619,64.08756991682034,65.36984985200534,64.7002528501919,0.9996094014450247,-0.07729414404312349,0.05691406844187336,5.794602168801496,1.1382813688374673e-06,0.0010669026988612727,1126.0409187277362,3.442257450801943,1.2361274918550558,3.6553912890001357,0.02995671200005745,0.504678025000203,3.685348001000193,3.685348001000193,True,3.0318289999740954e-07,True,,
w32_n10000,1,100,validation,101042,102042,103042,104042,105042,10000,10000,50000,32,8129,8129,0.8129,0.21645865512097048,5.883383946560313,5.9672463062983185,5.871896312844619,66.56472414419001,67.40334983032264,66.87931363505102,0.9984561554718501,-0.08386235973800649,0.20944670441058477,5.788033953106613,4.188934088211695e-06,0.0020466885664926393,317.81222975798727,3.442257450801943,1.2361274918550558,3.6553912890001357,0.02995671200005745,0.504678025000203,3.685348001000193,3.685348001000193,True,3.0318289999740954e-07,True,,
w32_n10000,1,100,test,101042,102042,103042,104042,105042,10000,10000,50000,32,8129,8129,0.8129,0.21609877791615895,5.722123845007932,5.809195452678495,5.871896312844619,63.06517778214507,63.85346058273222,63.35505844069693,0.998376302703539,-0.08707160767056335,0.20852148348349211,5.7848247051740564,4.170429669669842e-06,0.0020421629880276065,302.4397137819984,3.442257450801943,1.2361274918550558,3.6553912890001357,0.02995671200005745,0.504678025000203,3.685348001000193,3.685348001000193,True,3.0318289999740954e-07,True,,
w32_n10000,1,200,training,101042,102042,103042,104042,105042,10000,10000,50000,32,8129,8129,0.8129,0.06676085329492741,5.883062947587057,5.7603404407627545,5.667715504469224,64.08756991682034,62.311110771201356,63.1734877389435,0.9996896730002961,0.12272250682430208,0.05170521013469997,5.790438011293526,1.0341042026939993e-06,0.0010169091418086472,1239.4799237806487,2.662224354508,0.9791619968527786,6.86517502300012,0.02995671200005745,0.504678025000203,6.895131735000177,6.895131735000177,True,3.0989517999842063e-07,True,,
w32_n10000,1,200,validation,101042,102042,103042,104042,105042,10000,10000,50000,32,8129,8129,0.8129,0.1777323695694914,5.883383946560313,5.764335421142505,5.667715504469224,66.56472414419001,64.51082263250534,65.45598530045622,0.9988746841607129,0.11904852541780854,0.1635761757829151,5.786764029887032,3.2715235156583024e-06,0.0018087353359898463,406.93410165383284,2.662224354508,0.9791619968527786,6.86517502300012,0.02995671200005745,0.504678025000203,6.895131735000177,6.895131735000177,True,3.0989517999842063e-07,True,,
w32_n10000,1,200,test,101042,102042,103042,104042,105042,10000,10000,50000,32,8129,8129,0.8129,0.18223880728778072,5.722123845007932,5.607716042661967,5.667715504469224,63.06517778214507,61.0893079323045,61.992666334669295,0.9987640487891423,0.11440780234596432,0.16915304511104975,5.782123306815189,3.3830609022209952e-06,0.0018393098983643281,372.8291012481773,2.662224354508,0.9791619968527786,6.86517502300012,0.02995671200005745,0.504678025000203,6.895131735000177,6.895131735000177,True,3.0989517999842063e-07,True,,
w32_n20000,1,0,training,101042,102042,103042,104042,105042,20000,10000,50000,32,8129,8129,0.40645,95.96988814616566,5.853106532074607,0.38807282675833793,0.3986851219331622,64.37704174703583,1.44917381873057,-0.14019225508009955,-0.01451437280963974,5.4650337053162685,66.1066000759266,5.863718827249431,0.0013221320015185318,0.03636113311653711,0.9738368282909077,1.0256393834869366,0.025316206882771315,0.0,0.05682341200008523,0.504678025000203,0.05682341200008523,0.0,True,3.078012800006036e-07,True,,
w32_n20000,1,0,validation,101042,102042,103042,104042,105042,20000,10000,50000,32,8129,8129,0.40645,98.43049691154361,5.883383946560313,0.3919200516533746,0.3986851219331622,66.56472414419001,1.433130830194506,-0.14164717151218212,-0.01450250149838472,5.491463894906937,68.28114931740888,5.8901490168401,0.0013656229863481775,0.03695433650261059,0.9748623860263399,1.0256393834869366,0.025316206882771315,0.0,0.05682341200008523,0.504678025000203,0.05682341200008523,0.0,True,3.078012800006036e-07,True,,
w32_n20000,1,0,test,101042,102042,103042,104042,105042,20000,10000,50000,32,8129,8129,0.40645,93.19951234271062,5.722123845007932,0.39726739293405516,0.3986851219331622,63.06517778214507,1.4276012331087558,-0.17696701326241798,-0.018650653421385437,5.324856452073877,64.84671304177866,5.7235415740070374,0.0012969342608355732,0.036012973507273366,0.9725269766798234,1.0256393834869366,0.025316206882771315,0.0,0.05682341200008523,0.504678025000203,0.05682341200008523,0.0,True,3.078012800006036e-07,True,,
w32_n20000,1,10,training,101042,102042,103042,104042,105042,20000,10000,50000,32,8129,8129,0.40645,0.16417186178284102,5.853106532074607,5.7848263218086915,5.727452671625163,64.37704174703583,63.10305211318162,63.66028810483301,0.9987985634372977,0.0682802102659155,0.15951765055141096,5.7957328818910785,3.1903530110282192e-06,0.001786155931330806,403.573156478303,1.3292304241193422,0.28460014628189984,0.737272356999938,0.05682341200008523,0.504678025000203,0.7940957690000232,0.7940957690000232,True,3.352535599969997e-07,True,,
w32_n20000,1,10,validation,101042,102042,103042,104042,105042,20000,10000,50000,32,8129,8129,0.40645,0.21822223346606778,5.883383946560313,5.829079093358531,5.727452671625163,66.56472414419001,65.0557994847933,65.70261444156196,0.9984298897619439,0.05430485320178184,0.21529474585938665,5.781757524826944,4.305894917187733e-06,0.002075065039266898,309.1795105286256,1.3292304241193422,0.28460014628189984,0.737272356999938,0.05682341200008523,0.504678025000203,0.7940957690000232,0.7940957690000232,True,3.352535599969997e-07,True,,
w32_n20000,1,10,test,101042,102042,103042,104042,105042,20000,10000,50000,32,8129,8129,0.40645,0.21750921021300834,5.722123845007932,5.66886881548498,5.727452671625163,63.06517778214507,61.58906883030119,62.219784603427314,0.9983478158184297,0.053255029522951636,0.2146774055916297,5.780707701148115,4.293548111832594e-06,0.0020720878629615575,293.76718806687495,1.3292304241193422,0.28460014628189984,0.737272356999938,0.05682341200008523,0.504678025000203,0.7940957690000232,0.7940957690000232,True,3.352535599969997e-07,True,,
w32_n20000,1,25,training,101042,102042,103042,104042,105042,20000,10000,50000,32,8129,8129,0.40645,0.12657438936269347,5.853106532074607,5.882214759944435,5.818322290289074,64.37704174703583,64.89008484512705,64.57069660253026,0.9990352050781601,-0.02910822786982739,0.12573338710232682,5.789214062419246,2.5146677420465363e-06,0.0015857703938611466,512.0123081918031,1.4464146551532613,0.3690878427623967,1.8541944490000333,0.05682341200008523,0.504678025000203,1.9110178610001185,1.9110178610001185,True,3.053004200000942e-07,True,,
w32_n20000,1,25,validation,101042,102042,103042,104042,105042,20000,10000,50000,32,8129,8129,0.40645,0.1830790517412749,5.883383946560313,5.9187595179796295,5.818322290289074,66.56472414419001,66.93351462785542,66.65819648338842,0.9986416517263725,-0.03537557141931704,0.18184580526855856,5.782946718869757,3.6369161053711713e-06,0.0019070700315854086,366.0503691349055,1.4464146551532613,0.3690878427623967,1.8541944490000333,0.05682341200008523,0.504678025000203,1.9110178610001185,1.9110178610001185,True,3.053004200000942e-07,True,,
w32_n20000,1,25,test,101042,102042,103042,104042,105042,20000,10000,50000,32,8129,8129,0.40645,0.1840464225779719,5.722123845007932,5.755498169299676,5.818322290289074,63.06517778214507,63.389218449099225,63.13572999773178,0.99855662071814,-0.03337432429174458,0.18293623578075696,5.784947965997329,3.6587247156151392e-06,0.0019127793170188607,344.73857796946584,1.4464146551532613,0.3690878427623967,1.8541944490000333,0.05682341200008523,0.504678025000203,1.9110178610001185,1.9110178610001185,True,3.053004200000942e-07,True,,
w32_n20000,1,50,training,101042,102042,103042,104042,105042,20000,10000,50000,32,8129,8129,0.40645,0.07004198126362313,5.853106532074607,5.849411146127749,5.782031786266671,64.37704174703583,64.44005668398329,64.37353330202072,0.9994564663904308,0.0036953859468578363,0.07003182697767579,5.785727172213529,1.4006365395535158e-06,0.0011834849131076898,919.2540666910982,1.6027658709939197,0.4717308061877348,3.535400579999987,0.05682341200008523,0.504678025000203,3.592223992000072,3.592223992000072,True,3.0789564000315293e-07,True,,
w32_n20000,1,50,validation,101042,102042,103042,104042,105042,20000,10000,50000,32,8129,8129,0.40645,0.11226089710613073,5.883383946560313,5.881872353302264,5.782031786266671,66.56472414419001,66.57582100045514,66.51413765273463,0.9991567604218577,0.0015115932580479854,0.11226983917587059,5.78354337952472,2.2453967835174118e-06,0.0014984648089019013,592.8994343700487,1.6027658709939197,0.4717308061877348,3.535400579999987,0.05682341200008523,0.504678025000203,3.592223992000072,3.592223992000072,True,3.0789564000315293e-07,True,,
w32_n20000,1,50,test,101042,102042,103042,104042,105042,20000,10000,50000,32,8129,8129,0.40645,0.11474246779776123,5.722123845007932,5.720507013854892,5.782031786266671,63.06517778214507,63.03240115139668,62.99141839252199,0.9990900864749511,0.0016168311530380317,0.11474214849775376,5.7836486174197095,2.2948429699550753e-06,0.0015148739122300163,549.6252127733137,1.6027658709939197,0.4717308061877348,3.535400579999987,0.05682341200008523,0.504678025000203,3.592223992000072,3.592223992000072,True,3.0789564000315293e-07,True,,
w32_n20000,1,100,training,101042,102042,103042,104042,105042,20000,10000,50000,32,8129,8129,0.40645,0.026712467824993986,5.853106532074607,5.814712741426008,5.747219352014556,64.37704174703583,63.48366640933586,63.917734254862346,0.9998270062934422,0.03839379064859991,0.02523964664695783,5.785613142663156,5.047929329391566e-07,0.0007104878133642804,2550.6316569132828,1.2840324320935996,0.25000546358865045,6.711827803999995,0.05682341200008523,0.504678025000203,6.76865121600008,6.76865121600008,True,3.0166435999944954e-07,True,,
w32_n20000,1,100,validation,101042,102042,103042,104042,105042,20000,10000,50000,32,8129,8129,0.40645,0.034299675028549054,5.883383946560313,5.847180558559735,5.747219352014556,66.56472414419001,65.68492170083222,66.10832677803374,0.9997726539076564,0.036203388000578096,0.03299228895472412,5.7834227400151335,6.598457790944825e-07,0.0008123089185122139,2017.5842978199516,1.2840324320935996,0.25000546358865045,6.711827803999995,0.05682341200008523,0.504678025000203,6.76865121600008,6.76865121600008,True,3.0166435999944954e-07,True,,
w32_n20000,1,100,test,101042,102042,103042,104042,105042,20000,10000,50000,32,8129,8129,0.40645,0.03375863355348231,5.722123845007932,5.687584771637526,5.747219352014556,63.06517778214507,62.236670315183474,62.63464088001879,0.9997619518334823,0.034539073370405425,0.03256633729094188,5.781758425384961,6.513267458188376e-07,0.0008070481682147836,1936.5142975315878,1.2840324320935996,0.25000546358865045,6.711827803999995,0.05682341200008523,0.504678025000203,6.76865121600008,6.76865121600008,True,3.0166435999944954e-07,True,,
w32_n20000,1,200,training,101042,102042,103042,104042,105042,20000,10000,50000,32,8129,8129,0.40645,0.03280634481001256,5.853106532074607,5.912896722986298,5.8430270932090504,64.37704174703583,65.80978507670692,65.0787969421076,0.999836004003955,-0.05979019091169096,0.029232939527732472,5.783236902297359,5.846587905546495e-07,0.0007646298389120382,2202.2089734069723,1.1670934593511195,0.1545164352315543,12.90080951699997,0.05682341200008523,0.504678025000203,12.957632929000056,12.957632929000056,True,3.0740394000076774e-07,True,,
w32_n20000,1,200,validation,101042,102042,103042,104042,105042,20000,10000,50000,32,8129,8129,0.40645,0.0382880704529832,5.883383946560313,5.944555096648202,5.8430270932090504,66.56472414419001,68.04423163427556,67.28720308132696,0.9998037261328545,-0.06117115008788849,0.03454961581148936,5.781855943121162,6.909923162297872e-07,0.0008312594758736813,1926.6415148400617,1.1670934593511195,0.1545164352315543,12.90080951699997,0.05682341200008523,0.504678025000203,12.957632929000056,12.957632929000056,True,3.0740394000076774e-07,True,,
w32_n20000,1,200,test,101042,102042,103042,104042,105042,20000,10000,50000,32,8129,8129,0.40645,0.036529892584136595,5.722123845007932,5.782740246781782,5.8430270932090504,63.06517778214507,64.45335352036415,63.74283755048259,0.9998015850159422,-0.06061640177385144,0.032856201544158484,5.782410691435199,6.571240308831697e-07,0.0008106318713714442,1919.4299650672021,1.1670934593511195,0.1545164352315543,12.90080951699997,0.05682341200008523,0.504678025000203,12.957632929000056,12.957632929000056,True,3.0740394000076774e-07,True,,
w32_n5000,2,0,training,201042,202042,203042,204042,205042,5000,10000,50000,32,8129,8129,1.6258,83.9669696140679,5.59882832250013,0.9601145482710872,0.9734831314271145,61.973110383404354,1.0468508744505292,0.2790823818552053,0.034648813226535645,4.638713774229042,62.46179649414448,5.612196905656157,0.0012492359298828897,0.03534453182435565,0.9921762399071257,1.0085169802606582,0.008480915415312573,0.0,0.015560361000098055,0.5046916419998979,0.015560361000098055,0.0,True,3.1050990000039747e-07,True,,
w32_n5000,2,0,validation,201042,202042,203042,204042,205042,5000,10000,50000,32,8129,8129,1.6258,84.6821146368182,5.654056332469638,0.9754724379007373,0.9734831314271145,62.122101272981304,1.0405960604031337,0.18172501517771822,0.022602191826140452,4.678583894568901,62.799247303029,5.652067025996016,0.00125598494606058,0.035439877906964914,0.9892172906662364,1.0085169802606582,0.008480915415312573,0.0,0.015560361000098055,0.5046916419998979,0.015560361000098055,0.0,True,3.1050990000039747e-07,True,,
w32_n5000,2,0,test,201042,202042,203042,204042,205042,5000,10000,50000,32,8129,8129,1.6258,86.97985963686877,5.7128787208969625,0.970241581687536,0.9734831314271145,64.09674711647645,1.0427965755294135,0.32550065924910837,0.03981384115711573,4.742637139209426,64.48854237350766,5.71612027063654,0.001289770847470153,0.035913379783447746,0.9939245757058365,1.0085169802606582,0.008480915415312573,0.0,0.015560361000098055,0.5046916419998979,0.015560361000098055,0.0,True,3.1050990000039747e-07,True,,
w32_n5000,2,10,training,201042,202042,203042,204042,205042,5000,10000,50000,32,8129,8129,1.6258,0.09756007125877302,5.59882832250013,5.62091869548288,5.890083786755836,61.973110383404354,61.99674166608761,61.93638027225535,0.9992168317310361,-0.02209037298274911,0.0970915049812523,5.867993413773087,1.9418300996250457e-06,0.001393495640332271,638.2959085387639,2.8293796222495073,1.040057472871256,0.2310641609999493,0.015560361000098055,0.5046916419998979,0.24662452200004736,0.24662452200004736,True,3.1412905999786743e-07,True,,
w32_n5000,2,10,validation,201042,202042,203042,204042,205042,5000,10000,50000,32,8129,8129,1.6258,0.2760344775647822,5.654056332469638,5.765616933681331,5.890083786755836,62.122101272981304,61.1418818630537,61.500184032352884,0.9978929305481706,-0.11156060121169223,0.26361507132920087,5.7785231855441435,5.2723014265840176e-06,0.00229614926051945,235.65458894193347,2.8293796222495073,1.040057472871256,0.2310641609999493,0.015560361000098055,0.5046916419998979,0.24662452200004736,0.24662452200004736,True,3.1412905999786743e-07,True,,
w32_n5000,2,10,test,201042,202042,203042,204042,205042,5000,10000,50000,32,8129,8129,1.6258,0.2815719230143655,5.7128787208969625,5.8206904726242845,5.890083786755836,64.09674711647645,63.00147507829357,63.4141341232436,0.9979130751143941,-0.10781175172732321,0.26995394828281716,5.782272035028513,5.399078965656343e-06,0.002323591824235992,237.43585720526494,2.8293796222495073,1.040057472871256,0.2310641609999493,0.015560361000098055,0.5046916419998979,0.24662452200004736,0.24662452200004736,True,3.1412905999786743e-07,True,,
w32_n5000,2,25,training,201042,202042,203042,204042,205042,5000,10000,50000,32,8129,8129,1.6258,0.06714168339449927,5.59882832250013,5.619186019923607,5.875158352582233,61.973110383404354,61.91786816000227,61.91211897386871,0.9994613951152604,-0.02035769742347748,0.06674059566924727,5.854800655158755,1.3348119133849454e-06,0.001155340604923477,928.5669353406794,3.8799332403120066,1.3558179473820025,0.6259919640001499,0.015560361000098055,0.5046916419998979,0.641552325000248,0.641552325000248,True,3.018403799978842e-07,True,,
w32_n5000,2,25,validation,201042,202042,203042,204042,205042,5000,10000,50000,32,8129,8129,1.6258,0.2605052492128224,5.654056332469638,5.750535595739852,5.875158352582233,62.122101272981304,60.91451567424225,61.39269741201978,0.9980062223089256,-0.0964792632702135,0.25122212318397763,5.778679089312019,5.024442463679553e-06,0.00224152681529344,247.2795806581389,3.8799332403120066,1.3558179473820025,0.6259919640001499,0.015560361000098055,0.5046916419998979,0.641552325000248,0.641552325000248,True,3.018403799978842e-07,True,,
w32_n5000,2,25,test,201042,202042,203042,204042,205042,5000,10000,50000,32,8129,8129,1.6258,0.2681580679826101,5.7128787208969625,5.805717249802605,5.875158352582233,64.09674711647645,62.80819760991001,63.32270022998392,0.9980062605502616,-0.09283852890564287,0.25954426641857453,5.78231982367659,5.190885328371491e-06,0.0022783514497046963,246.95882517822903,3.8799332403120066,1.3558179473820025,0.6259919640001499,0.015560361000098055,0.5046916419998979,0.641552325000248,0.641552325000248,True,3.018403799978842e-07,True,,
w32_n5000,2,50,training,201042,202042,203042,204042,205042,5000,10000,50000,32,8129,8129,1.6258,0.052547729397842,5.59882832250013,5.577799784712613,5.831132996735467,61.973110383404354,61.63325726782374,61.77712584902055,0.9995821498600569,0.021028537787516906,0.05211595318699836,5.852161534522984,1.0423190637399673e-06,0.0010209402841204608,1189.1389602150673,5.753805776659012,1.7498615100686998,1.1682377270001325,0.015560361000098055,0.5046916419998979,1.1837980880002306,1.1837980880002306,True,2.9930828000033215e-07,True,,
w32_n5000,2,50,validation,201042,202042,203042,204042,205042,5000,10000,50000,32,8129,8129,1.6258,0.30234942895961786,5.654056332469638,5.708878189503009,5.831132996735467,62.122101272981304,60.583111933291725,61.2029196379645,0.9976386886721115,-0.054821857033371384,0.2993739303440649,5.776311139702096,5.987478606881298e-06,0.0024469324892365334,207.50671643848725,5.753805776659012,1.7498615100686998,1.1682377270001325,0.015560361000098055,0.5046916419998979,1.1837980880002306,1.1837980880002306,True,2.9930828000033215e-07,True,,
w32_n5000,2,50,test,201042,202042,203042,204042,205042,5000,10000,50000,32,8129,8129,1.6258,0.3095604703659416,5.7128787208969625,5.763815245778896,5.831132996735467,64.09674711647645,62.431177152173525,63.110476094204735,0.9976603207354643,-0.05093652488193422,0.30697208024049855,5.780196471853533,6.139441604809971e-06,0.002477789661131463,208.80318192540372,5.753805776659012,1.7498615100686998,1.1682377270001325,0.015560361000098055,0.5046916419998979,1.1837980880002306,1.1837980880002306,True,2.9930828000033215e-07,True,,
w32_n5000,2,100,training,201042,202042,203042,204042,205042,5000,10000,50000,32,8129,8129,1.6258,0.056166550427203255,5.59882832250013,5.5800997661131175,5.831646083860792,61.973110383404354,61.520416463492204,61.718849944951145,0.9995546519862263,0.018728556387011493,0.055826956994260636,5.850374640247804,1.1165391398852128e-06,0.001056664156619885,1110.0929321613496,6.2549955043665415,1.8333804251922439,2.069942330999993,0.015560361000098055,0.5046916419998979,2.085502692000091,2.085502692000091,True,3.00256040000022e-07,True,,
w32_n5000,2,100,validation,201042,202042,203042,204042,205042,5000,10000,50000,32,8129,8129,1.6258,0.351321520417933,5.654056332469638,5.706555121056571,5.831646083860792,62.122101272981304,60.59615719225857,61.18482910379965,0.997236442934356,-0.0524987885869327,0.3486002576406016,5.77914729527386,6.972005152812032e-06,0.0026404554820735064,178.20440436113412,6.2549955043665415,1.8333804251922439,2.069942330999993,0.015560361000098055,0.5046916419998979,2.085502692000091,2.085502692000091,True,3.00256040000022e-07,True,,
w32_n5000,2,100,test,201042,202042,203042,204042,205042,5000,10000,50000,32,8129,8129,1.6258,0.3555637687585039,5.7128787208969625,5.7629460529165355,5.831646083860792,64.09674711647645,62.434114703140516,63.088898863656134,0.9972957620678116,-0.05006733201957308,0.35306409230479185,5.781578751841219,7.061281846095837e-06,0.0026573072547403766,181.54422529364228,6.2549955043665415,1.8333804251922439,2.069942330999993,0.015560361000098055,0.5046916419998979,2.085502692000091,2.085502692000091,True,3.00256040000022e-07,True,,
w32_n5000,2,200,training,201042,202042,203042,204042,205042,5000,10000,50000,32,8129,8129,1.6258,0.026481383337339504,5.59882832250013,5.6214467983818555,5.86084466062888,61.973110383404354,62.34000350933865,62.14356945493014,0.9997954063390588,-0.022618475881725185,0.02597498288270386,5.838226184747155,5.194996576540771e-07,0.0007207632466032637,2385.8768517099124,12.340266566483251,2.512867620065907,3.729990573000123,0.015560361000098055,0.5046916419998979,3.745550934000221,3.745550934000221,True,3.0037785999866175e-07,True,,
w32_n5000,2,200,validation,201042,202042,203042,204042,205042,5000,10000,50000,32,8129,8129,1.6258,0.32678732943199734,5.654056332469638,5.733839928250486,5.86084466062888,62.122101272981304,61.38724682807246,61.59444707419113,0.9974230820775757,-0.07978359578084769,0.32045395267154286,5.781061064848032,6.409079053430857e-06,0.0025316158976888374,193.85656115359225,12.340266566483251,2.512867620065907,3.729990573000123,0.015560361000098055,0.5046916419998979,3.745550934000221,3.745550934000221,True,3.0037785999866175e-07,True,,
w32_n5000,2,200,test,201042,202042,203042,204042,205042,5000,10000,50000,32,8129,8129,1.6258,0.3308163133936116,5.7128787208969625,5.794722216612911,5.86084466062888,64.09674711647645,63.17607690987078,63.47434979412791,0.9974794084762337,-0.08184349571594934,0.32412443809136693,5.7790011649129305,6.482488761827339e-06,0.0025460732043339485,197.75351557542328,12.340266566483251,2.512867620065907,3.729990573000123,0.015560361000098055,0.5046916419998979,3.745550934000221,3.745550934000221,True,3.0037785999866175e-07,True,,
w16_n5000,2,0,training,201042,202042,203042,204042,370042,5000,10000,50000,16,4065,4065,0.813,99.29902111671767,5.59882832250013,-0.41916671023315494,-0.42212078592913316,61.973110383404354,1.4317856506974462,0.1547600280955189,0.016429265588093666,6.0179950327332845,63.09537597791076,5.595874246804152,0.0012619075195582153,0.03552333767480493,0.9822131879379036,1.0074007679487686,0.007373516636814259,0.0,0.015560361000098055,0.5046916419998979,0.015560361000098055,0.0,True,1.9518111999786925e-07,True,,
w16_n5000,2,0,validation,201042,202042,203042,204042,370042,5000,10000,50000,16,4065,4065,0.813,100.03391012954236,5.654056332469638,-0.39939987647393854,-0.42212078592913316,62.122101272981304,1.4818561302492765,0.10401987776049809,0.010841521861587298,6.053456208943577,63.39591764770959,5.631335423014444,0.0012679183529541917,0.035607841172334384,0.9799069652748483,1.0074007679487686,0.007373516636814259,0.0,0.015560361000098055,0.5046916419998979,0.015560361000098055,0.0,True,1.9518111999786925e-07,True,,
w16_n5000,2,0,test,201042,202042,203042,204042,370042,5000,10000,50000,16,4065,4065,0.813,102.9764770941491,5.7128787208969625,-0.42027624502123,-0.42212078592913316,64.09674711647645,1.4511518502390672,0.09285223232168113,0.00962759747843809,6.133154965918192,65.36219450207217,5.711034179989059,0.0013072438900414434,0.036155827884885215,0.980639459931909,1.0074007679487686,0.007373516636814259,0.0,0.015560361000098055,0.5046916419998979,0.015560361000098055,0.0,True,1.9518111999786925e-07,True,,
w16_n5000,2,10,training,201042,202042,203042,204042,370042,5000,10000,50000,16,4065,4065,0.813,0.12429474984519484,5.59882832250013,5.618667451497982,5.852745354427867,61.973110383404354,61.83774010500416,61.84346227220696,0.9989996675328146,-0.019839128997852017,0.12392594399460034,5.8329062254300155,2.478518879892007e-06,0.0015743312484645686,500.08181003732864,2.153168857683605,0.7669406443284776,0.1807170629999746,0.015560361000098055,0.5046916419998979,0.19627742400007264,0.19627742400007264,True,1.9682678000208398e-07,True,,
w16_n5000,2,10,validation,201042,202042,203042,204042,370042,5000,10000,50000,16,4065,4065,0.813,0.2676275845402476,5.654056332469638,5.7279806306670995,5.852745354427867,62.122101272981304,61.21752351066559,61.53871789103525,0.9979010896538572,-0.07392429819746114,0.2621890015764182,5.778821056230406,5.2437800315283645e-06,0.0022899301368225983,236.93633561846815,2.153168857683605,0.7669406443284776,0.1807170629999746,0.015560361000098055,0.5046916419998979,0.19627742400007264,0.19627742400007264,True,1.9682678000208398e-07,True,,
w16_n5000,2,10,test,201042,202042,203042,204042,370042,5000,10000,50000,16,4065,4065,0.813,0.27357847232305327,5.7128787208969625,5.781038607615348,5.852745354427867,64.09674711647645,63.022991498482895,63.42540026701612,0.9979199726670992,-0.06815988671838517,0.2689380809272087,5.784585467709483,5.378761618544174e-06,0.0023192157335065176,238.3327303277106,2.153168857683605,0.7669406443284776,0.1807170629999746,0.015560361000098055,0.5046916419998979,0.19627742400007264,0.19627742400007264,True,1.9682678000208398e-07,True,,
w16_n5000,2,25,training,201042,202042,203042,204042,370042,5000,10000,50000,16,4065,4065,0.813,0.08072797382569961,5.59882832250013,5.637885699403271,5.865525208770265,61.973110383404354,62.56649748419861,62.230194764400046,0.9993752543817349,-0.039057376903141046,0.07921833880290621,5.826467831867125,1.5843667760581242e-06,0.001258716320724461,782.3076237131446,2.858984737527954,1.0504665749306663,0.5155801860000793,0.015560361000098055,0.5046916419998979,0.5311405470001773,0.5311405470001773,True,1.9507412000166368e-07,True,,
w16_n5000,2,25,validation,201042,202042,203042,204042,370042,5000,10000,50000,16,4065,4065,0.813,0.23080004505923135,5.654056332469638,5.739774222809083,5.865525208770265,62.122101272981304,61.97691036307403,61.937768400118415,0.9981999046411641,-0.08571789033944464,0.22347483581856822,5.779807318430821,4.469496716371364e-06,0.0021141184253421954,277.982534567857,2.858984737527954,1.0504665749306663,0.5155801860000793,0.015560361000098055,0.5046916419998979,0.5311405470001773,0.5311405470001773,True,1.9507412000166368e-07,True,,
w16_n5000,2,25,test,201042,202042,203042,204042,370042,5000,10000,50000,16,4065,4065,0.813,0.24080986242023167,5.7128787208969625,5.794863598436795,5.865525208770265,64.09674711647645,63.826933450019666,63.84479377118031,0.9981722774041656,-0.08198487753983237,0.23409302413549307,5.783540331230434,4.6818604827098615e-06,0.002163760726769451,273.8088730033119,2.858984737527954,1.0504665749306663,0.5155801860000793,0.015560361000098055,0.5046916419998979,0.5311405470001773,0.5311405470001773,True,1.9507412000166368e-07,True,,
w16_n5000,2,50,training,201042,202042,203042,204042,370042,5000,10000,50000,16,4065,4065,0.813,0.07448376076364885,5.59882832250013,5.598328379202754,5.82019969395324,61.973110383404354,61.884883833471825,61.89174790318685,0.9993987710919658,0.0004999432973757455,0.07449841050244864,5.820699637250616,1.4899682100489727e-06,0.0012206425398325969,831.8715790770784,3.433733793978027,1.233648238788405,0.9787238260000777,0.015560361000098055,0.5046916419998979,0.9942841870001757,0.9942841870001757,True,1.986998600023071e-07,True,,
w16_n5000,2,50,validation,201042,202042,203042,204042,370042,5000,10000,50000,16,4065,4065,0.813,0.2557574064367157,5.654056332469638,5.695349536790569,5.82019969395324,62.122101272981304,61.360029111401055,61.61402634945012,0.9979613982579797,-0.04129320432092975,0.2540776854821738,5.778906489632311,5.081553709643476e-06,0.002254230181157966,244.50042181031998,3.433733793978027,1.233648238788405,0.9787238260000777,0.015560361000098055,0.5046916419998979,0.9942841870001757,0.9942841870001757,True,1.986998600023071e-07,True,,
w16_n5000,2,50,test,201042,202042,203042,204042,370042,5000,10000,50000,16,4065,4065,0.813,0.26726045279478905,5.7128787208969625,5.752415535693871,5.82019969395324,64.09674711647645,63.256802935020865,63.54392372218732,0.9979353663632634,-0.03953681479690837,0.26570260712264643,5.780662879156332,5.314052142452929e-06,0.0023052227967059777,241.2349197871809,3.433733793978027,1.233648238788405,0.9787238260000777,0.015560361000098055,0.5046916419998979,0.9942841870001757,0.9942841870001757,True,1.986998600023071e-07,True,,
w16_n5000,2,100,training,201042,202042,203042,204042,370042,5000,10000,50000,16,4065,4065,0.813,0.06862237895453271,5.59882832250013,5.597531025449954,5.812273601972494,61.973110383404354,61.83934986808788,61.87191291431639,0.9994462414463531,0.0012972970501755165,0.06863442285946826,5.81357089902267,1.3726884571893652e-06,0.0011716178801936088,902.9450209014911,4.527313138177512,1.5101286372958658,1.7630531770000744,0.015560361000098055,0.5046916419998979,1.7786135380001724,1.7786135380001724,True,1.9424378000167053e-07,True,,
w16_n5000,2,100,validation,201042,202042,203042,204042,370042,5000,10000,50000,16,4065,4065,0.813,0.31067499781385194,5.654056332469638,5.687245731798114,5.812273601972494,62.122101272981304,61.36464449090206,61.58857067092754,0.9975115783262551,-0.033189399328475665,0.3096044220282697,5.779084202644019,6.1920884405653945e-06,0.002488390733097476,200.64991599929084,4.527313138177512,1.5101286372958658,1.7630531770000744,0.015560361000098055,0.5046916419998979,1.7786135380001724,1.7786135380001724,True,1.9424378000167053e-07,True,,
w16_n5000,2,100,test,201042,202042,203042,204042,370042,5000,10000,50000,16,4065,4065,0.813,0.320022188826692,5.7128787208969625,5.74479756031695,5.812273601972494,64.09674711647645,63.21860325322314,63.49817030649387,0.9975180621573313,-0.03191883941998882,0.31900975671190723,5.7803547625525065,6.380195134238145e-06,0.0025259048149600064,200.92409641991367,4.527313138177512,1.5101286372958658,1.7630531770000744,0.015560361000098055,0.5046916419998979,1.7786135380001724,1.7786135380001724,True,1.9424378000167053e-07,True,,
w16_n5000,2,200,training,201042,202042,203042,204042,370042,5000,10000,50000,16,4065,4065,0.813,0.048288896017798615,5.59882832250013,5.650423821193799,5.870951732958528,61.973110383404354,62.30433813917323,62.115906297429845,0.9996363403882282,-0.05159549869366983,0.045635927717893696,5.819356234264858,9.127185543578739e-07,0.0009553630484574301,1357.989493858912,6.951252263604749,1.9389218251595404,3.225421476000065,0.015560361000098055,0.5046916419998979,3.240981837000163,3.240981837000163,True,1.9633268000234238e-07,True,,
w16_n5000,2,200,validation,201042,202042,203042,204042,370042,5000,10000,50000,16,4065,4065,0.813,0.33566829775069695,5.654056332469638,5.7474657062547685,5.870951732958528,62.122101272981304,62.08650396091491,61.94081477484402,0.997367568889042,-0.09340937378512952,0.3269756842081878,5.777542359173399,6.539513684163756e-06,0.0025572472864710907,189.98997256758614,6.951252263604749,1.9389218251595404,3.225421476000065,0.015560361000098055,0.5046916419998979,3.240981837000163,3.240981837000163,True,1.9633268000234238e-07,True,,
w16_n5000,2,200,test,201042,202042,203042,204042,370042,5000,10000,50000,16,4065,4065,0.813,0.3516056966333085,5.7128787208969625,5.802789524200738,5.870951732958528,64.09674711647645,63.863514518097,63.8083665099593,0.9973170058862719,-0.08991080330377531,0.34352861465487133,5.781040929654753,6.870572293097427e-06,0.0026211776538604603,186.58342968276963,6.951252263604749,1.9389218251595404,3.225421476000065,0.015560361000098055,0.5046916419998979,3.240981837000163,3.240981837000163,True,1.9633268000234238e-07,True,,
w8_n5000,2,0,training,201042,202042,203042,204042,290042,5000,10000,50000,8,2033,2033,0.4066,90.28889025819795,5.59882832250013,0.47394413087827814,0.46207439417510876,61.973110383404354,1.1239023525436904,-0.4701234983304337,-0.0563308133874634,5.1248841916218515,64.03725973260892,5.58695858579696,0.0012807451946521783,0.035787500536530605,0.9677664322642235,1.011015602702766,0.010955372859669044,0.0,0.015560361000098055,0.5046916419998979,0.015560361000098055,0.0,True,1.424678200010021e-07,True,,
w8_n5000,2,0,validation,201042,202042,203042,204042,290042,5000,10000,50000,8,2033,2033,0.4066,91.2834768017559,5.654056332469638,0.4616616281555398,0.46207439417510876,62.122101272981304,1.1310598792607887,-0.537892889408909,-0.06416968920638759,5.192394704314099,64.32894693105992,5.654469098489208,0.0012865789386211984,0.035868913262339,0.9656943605738852,1.011015602702766,0.010955372859669044,0.0,0.015560361000098055,0.5046916419998979,0.015560361000098055,0.0,True,1.424678200010021e-07,True,,
w8_n5000,2,0,test,201042,202042,203042,204042,290042,5000,10000,50000,8,2033,2033,0.4066,94.0611522281899,5.7128787208969625,0.45097846033916394,0.46207439417510876,64.09674711647645,1.118567896012645,-0.5797851806750272,-0.06847277681737941,5.261900260557797,66.37488537383916,5.723974654732908,0.0013274977074767833,0.03643484194389737,0.9656777070946082,1.011015602702766,0.010955372859669044,0.0,0.015560361000098055,0.5046916419998979,0.015560361000098055,0.0,True,1.424678200010021e-07,True,,
w8_n5000,2,10,training,201042,202042,203042,204042,290042,5000,10000,50000,8,2033,2033,0.4066,0.13852740173885564,5.59882832250013,5.613967274337683,5.846432764269254,61.973110383404354,61.47208645684962,61.653435480601026,0.9988876824477403,-0.01513895183755352,0.13832587905192634,5.831293812431701,2.7665175810385267e-06,0.001663285177303798,448.0225306223442,1.7725858834901478,0.572439431559291,0.19990045999998074,0.015560361000098055,0.5046916419998979,0.2154608210000788,0.2154608210000788,True,1.471627399996578e-07,True,,
w8_n5000,2,10,validation,201042,202042,203042,204042,290042,5000,10000,50000,8,2033,2033,0.4066,0.24555171679886406,5.654056332469638,5.7180266958648565,5.846432764269254,62.122101272981304,61.06748425171663,61.474050933463104,0.9980763145792338,-0.06397036339521796,0.24148365777172498,5.782462400874036,4.8296731554345e-06,0.002197651736612173,257.2517819475199,1.7725858834901478,0.572439431559291,0.19990045999998074,0.015560361000098055,0.5046916419998979,0.2154608210000788,0.2154608210000788,True,1.471627399996578e-07,True,,
w8_n5000,2,10,test,201042,202042,203042,204042,290042,5000,10000,50000,8,2033,2033,0.4066,0.2538244206935114,5.7128787208969625,5.772725542862601,5.846432764269254,64.09674711647645,62.931357868704026,63.38892860081534,0.9980719842720459,-0.05984682196563994,0.2502477835497954,5.786585942303615,5.004955670995907e-06,0.002237175824783539,256.13312616502037,1.7725858834901478,0.572439431559291,0.19990045999998074,0.015560361000098055,0.5046916419998979,0.2154608210000788,0.2154608210000788,True,1.471627399996578e-07,True,,
w8_n5000,2,25,training,201042,202042,203042,204042,290042,5000,10000,50000,8,2033,2033,0.4066,0.09578376116507893,5.59882832250013,5.595306070275623,5.8095931451391865,61.973110383404354,61.49135974858239,61.6843398094899,0.9992317518474753,0.0035222522245064894,0.09579051300694734,5.813115397363693,1.9158102601389467e-06,0.0013841279782371811,646.9650118577993,2.0034690984854455,0.6948802272094274,0.5039123930000642,0.015560361000098055,0.5046916419998979,0.5194727540001622,0.5194727540001622,True,1.4468152000063128e-07,True,,
w8_n5000,2,25,validation,201042,202042,203042,204042,290042,5000,10000,50000,8,2033,2033,0.4066,0.1918998056309459,5.654056332469638,5.681408030966073,5.8095931451391865,62.122101272981304,61.19570356761366,61.56331701664696,0.9984779458573876,-0.02735169849643428,0.19117080730103617,5.782241446642752,3.823416146020723e-06,0.001955355759451646,324.95600217431627,2.0034690984854455,0.6948802272094274,0.5039123930000642,0.015560361000098055,0.5046916419998979,0.5194727540001622,0.5194727540001622,True,1.4468152000063128e-07,True,,
w8_n5000,2,25,test,201042,202042,203042,204042,290042,5000,10000,50000,8,2033,2033,0.4066,0.206648470454626,5.7128787208969625,5.736860569562576,5.8095931451391865,64.09674711647645,63.03175819880968,63.46121392617386,0.9984140172731614,-0.02398184866561286,0.20607746293846452,5.785611296473574,4.121549258769291e-06,0.002030159909654727,311.03229922631556,2.0034690984854455,0.6948802272094274,0.5039123930000642,0.015560361000098055,0.5046916419998979,0.5194727540001622,0.5194727540001622,True,1.4468152000063128e-07,True,,
w8_n5000,2,50,training,201042,202042,203042,204042,290042,5000,10000,50000,8,2033,2033,0.4066,0.10079286842719827,5.59882832250013,5.638390520027905,5.845863515363352,61.973110383404354,62.76835386502852,62.32110834898443,0.9992246796283655,-0.03956219752777615,0.09924755046406436,5.806301317835576,1.984951009281287e-06,0.0014088828940977626,624.4296216241995,2.1077178386215523,0.7456057690737286,0.9318738259999009,0.015560361000098055,0.5046916419998979,0.9474341869999989,0.9474341869999989,True,1.4951572000427404e-07,True,,
w8_n5000,2,50,validation,201042,202042,203042,204042,290042,5000,10000,50000,8,2033,2033,0.4066,0.21244292678984084,5.654056332469638,5.718515496378225,5.845863515363352,62.122101272981304,62.4263058153165,62.17004915722121,0.9983304652814132,-0.06445916390858701,0.20830877385543228,5.781404351454764,4.1661754771086454e-06,0.002041121132394804,298.2212420687305,2.1077178386215523,0.7456057690737286,0.9318738259999009,0.015560361000098055,0.5046916419998979,0.9474341869999989,0.9474341869999989,True,1.4951572000427404e-07,True,,
w8_n5000,2,50,test,201042,202042,203042,204042,290042,5000,10000,50000,8,2033,2033,0.4066,0.22547180629095326,5.7128787208969625,5.772841664791307,5.845863515363352,64.09674711647645,64.25952570483079,64.06719606602151,0.9982721713042632,-0.05996294389434572,0.22188068926426213,5.785900571469005,4.437613785285243e-06,0.0021065644507788604,288.87934019411927,2.1077178386215523,0.7456057690737286,0.9318738259999009,0.015560361000098055,0.5046916419998979,0.9474341869999989,0.9474341869999989,True,1.4951572000427404e-07,True,,
w8_n5000,2,100,training,201042,202042,203042,204042,290042,5000,10000,50000,8,2033,2033,0.4066,0.09840475781757659,5.59882832250013,5.5414033994663,5.748985349113524,61.973110383404354,60.691355629014666,61.28466992557732,0.9992790568828605,0.05742492303382946,0.09512616126438822,5.806410272147354,1.9025232252877645e-06,0.0013793198415479146,651.4833517896284,2.5272126326407927,0.9271169691640241,1.6663218189999043,0.015560361000098055,0.5046916419998979,1.6818821800000023,1.6818821800000023,True,1.4736833999904774e-07,True,,
w8_n5000,2,100,validation,201042,202042,203042,204042,290042,5000,10000,50000,8,2033,2033,0.4066,0.24868974706853733,5.654056332469638,5.623872335211698,5.748985349113524,62.122101272981304,60.56718359134818,61.220740705302994,0.9980603933703396,0.030183997257939882,0.24780345372344245,5.779169346371464,4.956069074468849e-06,0.0022262230513739743,250.69102282291755,2.5272126326407927,0.9271169691640241,1.6663218189999043,0.015560361000098055,0.5046916419998979,1.6818821800000023,1.6818821800000023,True,1.4736833999904774e-07,True,,
w8_n5000,2,100,test,201042,202042,203042,204042,290042,5000,10000,50000,8,2033,2033,0.4066,0.26803842542947887,5.7128787208969625,5.678446130259328,5.748985349113524,64.09674711647645,62.36627236069999,63.09808065894091,0.9979832690578407,0.03443259063763429,0.26685815929464585,5.783417939751158,5.337163185892917e-06,0.002310230115354944,240.19032165213045,2.5272126326407927,0.9271169691640241,1.6663218189999043,0.015560361000098055,0.5046916419998979,1.6818821800000023,1.6818821800000023,True,1.4736833999904774e-07,True,,
w8_n5000,2,200,training,201042,202042,203042,204042,290042,5000,10000,50000,8,2033,2033,0.4066,0.09083640299511658,5.59882832250013,5.60893157265028,5.8134088335431775,61.973110383404354,62.153268401810635,62.01781315369392,0.9992699228584413,-0.010103250150150362,0.09075247782708543,5.803305583393026,1.8150495565417085e-06,0.0013472377505628725,682.8806426804607,3.0224326745098837,1.1060620284894551,3.022898510999994,0.015560361000098055,0.5046916419998979,3.038458872000092,3.038458872000092,True,1.512167999999292e-07,True,,
w8_n5000,2,200,validation,201042,202042,203042,204042,290042,5000,10000,50000,8,2033,2033,0.4066,0.2745469124473878,5.654056332469638,5.685806994237598,5.8134088335431775,62.122101272981304,62.069698324882516,61.95911671666137,0.9977973172623267,-0.031750661767959,0.2735661645411386,5.781658171775218,5.471323290822771e-06,0.0023390859947472584,227.0825464734673,3.0224326745098837,1.1060620284894551,3.022898510999994,0.015560361000098055,0.5046916419998979,3.038458872000092,3.038458872000092,True,1.512167999999292e-07,True,,
w8_n5000,2,200,test,201042,202042,203042,204042,290042,5000,10000,50000,8,2033,2033,0.4066,0.28508384362833616,5.7128787208969625,5.742367744622924,5.8134088335431775,64.09674711647645,63.91576422630546,63.86414570863777,0.9977807460346881,-0.029489023725962262,0.28421992550653596,5.783919809817215,5.684398510130719e-06,0.0023841976659100057,225.5181335448013,3.0224326745098837,1.1060620284894551,3.022898510999994,0.015560361000098055,0.5046916419998979,3.038458872000092,3.038458872000092,True,1.512167999999292e-07,True,,
w32_n10000,2,0,training,201042,202042,203042,204042,205042,10000,10000,50000,32,8129,8129,0.8129,85.19207046268117,5.698376493779046,0.9741712851737498,0.9734831314271145,62.45538164750748,1.0550239641444987,0.31508098881041047,0.03881558216831701,4.724205208605296,62.88024363403116,5.6976883400324105,0.0012576048726806231,0.03546272511638979,0.9932433151977524,0.9940140458719529,-0.0060039417695116086,0.0,0.02727246099993863,0.5046916419998979,0.02727246099993863,0.0,True,3.067458400028045e-07,True,,
w32_n10000,2,0,validation,201042,202042,203042,204042,205042,10000,10000,50000,32,8129,8129,0.8129,84.6821146368182,5.654056332469638,0.9754724379007373,0.9734831314271145,62.122101272981304,1.0405960604031337,0.18172501517771822,0.022602191826140452,4.678583894568901,62.799247303029,5.652067025996016,0.00125598494606058,0.035439877906964914,0.9892172906662364,0.9940140458719529,-0.0060039417695116086,0.0,0.02727246099993863,0.5046916419998979,0.02727246099993863,0.0,True,3.067458400028045e-07,True,,
w32_n10000,2,0,test,201042,202042,203042,204042,205042,10000,10000,50000,32,8129,8129,0.8129,86.97985963686877,5.7128787208969625,0.970241581687536,0.9734831314271145,64.09674711647645,1.0427965755294135,0.32550065924910837,0.03981384115711573,4.742637139209426,64.48854237350766,5.71612027063654,0.001289770847470153,0.035913379783447746,0.9939245757058365,0.9940140458719529,-0.0060039417695116086,0.0,0.02727246099993863,0.5046916419998979,0.02727246099993863,0.0,True,3.067458400028045e-07,True,,
w32_n10000,2,10,training,201042,202042,203042,204042,205042,10000,10000,50000,32,8129,8129,0.8129,0.11422565769084793,5.698376493779046,5.667978719758542,5.786464604691129,62.45538164750748,61.598194876161585,61.97013177967359,0.9991104322241573,0.03039777402050386,0.1133129643218785,5.816862378711632,2.26625928643757e-06,0.0015054100060905567,551.1759578550588,1.8384223387972212,0.608907779255468,0.37098514900003465,0.02727246099993863,0.5046916419998979,0.3982576099999733,0.3982576099999733,True,3.0505310000080496e-07,True,,
w32_n10000,2,10,validation,201042,202042,203042,204042,205042,10000,10000,50000,32,8129,8129,0.8129,0.20999500076265945,5.654056332469638,5.660448310336711,5.786464604691129,62.122101272981304,60.46921203148165,61.19066908178364,0.9983779452633105,-0.006391977867072153,0.20997514089569583,5.780072626824057,4.199502817913917e-06,0.0020492688495934146,295.85455215310543,1.8384223387972212,0.608907779255468,0.37098514900003465,0.02727246099993863,0.5046916419998979,0.3982576099999733,0.3982576099999733,True,3.0505310000080496e-07,True,,
w32_n10000,2,10,test,201042,202042,203042,204042,205042,10000,10000,50000,32,8129,8129,0.8129,0.2190636277506419,5.7128787208969625,5.718476014550142,5.786464604691129,64.09674711647645,62.23159127251041,63.05465085509941,0.9983749537106865,-0.00559729365318044,0.21903667878797775,5.780867311037948,4.380733575759555e-06,0.0020930202043362017,292.63019997906633,1.8384223387972212,0.608907779255468,0.37098514900003465,0.02727246099993863,0.5046916419998979,0.3982576099999733,0.3982576099999733,True,3.0505310000080496e-07,True,,
w32_n10000,2,25,training,201042,202042,203042,204042,205042,10000,10000,50000,32,8129,8129,0.8129,0.10562380665079506,5.698376493779046,5.651399394482355,5.7544086571614805,62.45538164750748,61.273403090609094,61.81267871829699,0.9992096752066213,0.04697709929669136,0.10342730152261612,5.8013857564581714,2.0685460304523225e-06,0.0014382440788865854,603.8577892690216,2.041446092114307,0.7136584254108748,1.0098094810000475,0.02727246099993863,0.5046916419998979,1.0370819419999862,1.0370819419999862,True,3.0406446000142753e-07,True,,
w32_n10000,2,25,validation,201042,202042,203042,204042,205042,10000,10000,50000,32,8129,8129,0.8129,0.2156253073215027,5.654056332469638,5.629706221145665,5.7544086571614805,62.122101272981304,60.117483048490996,61.012265218341895,0.9983749737591308,0.02435011132397347,0.21505388478849174,5.778758768485455,4.301077695769835e-06,0.0020739039745778574,288.86760792105287,2.041446092114307,0.7136584254108748,1.0098094810000475,0.02727246099993863,0.5046916419998979,1.0370819419999862,1.0370819419999862,True,3.0406446000142753e-07,True,,
w32_n10000,2,25,test,201042,202042,203042,204042,205042,10000,10000,50000,32,8129,8129,0.8129,0.22207962815001567,5.7128787208969625,5.686837427209766,5.7544086571614805,64.09674711647645,61.90586491653263,62.89060306285891,0.9983937794958908,0.026041293687196113,0.22140590729125867,5.780449950848676,4.428118145825174e-06,0.002104309422548208,289.4988119362028,2.041446092114307,0.7136584254108748,1.0098094810000475,0.02727246099993863,0.5046916419998979,1.0370819419999862,1.0370819419999862,True,3.0406446000142753e-07,True,,
w32_n10000,2,50,training,201042,202042,203042,204042,205042,10000,10000,50000,32,8129,8129,0.8129,0.10567485519305829,5.698376493779046,5.7877433511147744,5.890457842806814,62.45538164750748,64.34844278652106,63.35306312210329,0.9993409038657212,-0.08936685733572851,0.09769818982197606,5.8010909854710855,1.9539637964395214e-06,0.001397842550661383,639.2685653778498,2.0923848833993963,0.7383045079610743,1.936394871999937,0.02727246099993863,0.5046916419998979,1.9636673329998757,1.9636673329998757,True,2.9810837999775686e-07,True,,
w32_n10000,2,50,validation,201042,202042,203042,204042,205042,10000,10000,50000,32,8129,8129,0.8129,0.22111246956137534,5.654056332469638,5.762280542931248,5.890457842806814,62.122101272981304,63.22706722974066,62.56987378539874,0.9983680897710329,-0.10822421046160943,0.2094209319245291,5.782233632345205,4.188418638490582e-06,0.0020465626397671247,296.6374979907396,2.0923848833993963,0.7383045079610743,1.936394871999937,0.02727246099993863,0.5046916419998979,1.9636673329998757,1.9636673329998757,True,2.9810837999775686e-07,True,,
w32_n10000,2,50,test,201042,202042,203042,204042,205042,10000,10000,50000,32,8129,8129,0.8129,0.22547902623369026,5.7128787208969625,5.821209702700433,5.890457842806814,64.09674711647645,65.0536757747626,64.46833759583495,0.9983723763560016,-0.10833098180346913,0.21374769956917805,5.782126861003345,4.274953991383561e-06,0.0020675961867307555,299.8710500541876,2.0923848833993963,0.7383045079610743,1.936394871999937,0.02727246099993863,0.5046916419998979,1.9636673329998757,1.9636673329998757,True,2.9810837999775686e-07,True,,
w32_n10000,2,100,training,201042,202042,203042,204042,205042,10000,10000,50000,32,8129,8129,0.8129,0.04289365346490278,5.698376493779046,5.682355829710093,5.780188789200478,62.45538164750748,62.419067957327584,62.415904174460884,0.9996585692444608,0.01602066406895338,0.042641255913283875,5.796209453269431,8.528251182656775e-07,0.0009234853102598208,1464.6703130535839,3.3547443406993103,1.210375565045964,3.6117805720000433,0.02727246099993863,0.5046916419998979,3.639053032999982,3.639053032999982,True,3.033839799991256e-07,True,,
w32_n10000,2,100,validation,201042,202042,203042,204042,205042,10000,10000,50000,32,8129,8129,0.8129,0.14389724121329997,5.654056332469638,5.654871118614577,5.780188789200478,62.122101272981304,61.49942399429711,61.738807149422364,0.9988485454930472,-0.0008147861449387596,0.14391096843368137,5.77937400305554,2.8782193686736273e-06,0.0016965315701965664,431.6703719606271,3.3547443406993103,1.210375565045964,3.6117805720000433,0.02727246099993863,0.5046916419998979,3.639053032999982,3.639053032999982,True,3.033839799991256e-07,True,,
w32_n10000,2,100,test,201042,202042,203042,204042,205042,10000,10000,50000,32,8129,8129,0.8129,0.14901077017732506,5.7128787208969625,5.71180119219861,5.780188789200478,64.09674711647645,63.27535912374859,63.61154682543206,0.9988508696608318,0.0010775286983521833,0.1490125893610165,5.781266317898831,2.98025178722033e-06,0.0017263405768330681,430.14316703931416,3.3547443406993103,1.210375565045964,3.6117805720000433,0.02727246099993863,0.5046916419998979,3.639053032999982,3.639053032999982,True,3.033839799991256e-07,True,,
w32_n10000,2,200,training,201042,202042,203042,204042,205042,10000,10000,50000,32,8129,8129,0.8129,0.029806498245705325,5.698376493779046,5.6994476850665885,5.788337634689328,62.45538164750748,62.600239830538186,62.512906573208795,0.999762310138882,-0.0010711912875434424,0.029808331628093623,5.787266443401784,5.961666325618724e-07,0.0007721182762775872,2095.2323808906103,2.3235149103727806,0.8430810867259988,6.795656020000024,0.02727246099993863,0.5046916419998979,6.822928480999963,6.822928480999963,True,3.032206200032306e-07,True,,
w32_n10000,2,200,validation,201042,202042,203042,204042,205042,10000,10000,50000,32,8129,8129,0.8129,0.06925584309989645,5.654056332469638,5.661664586289615,5.788337634689328,62.122101272981304,61.96418520760953,62.00854080126465,0.9994430935803268,-0.007608253819976805,0.06920487806151342,5.780729380869351,1.3840975612302684e-06,0.001176476757624335,897.6549487994688,2.3235149103727806,0.8430810867259988,6.795656020000024,0.02727246099993863,0.5046916419998979,6.822928480999963,6.822928480999963,True,3.032206200032306e-07,True,,
w32_n10000,2,200,test,201042,202042,203042,204042,205042,10000,10000,50000,32,8129,8129,0.8129,0.07347026513685731,5.7128787208969625,5.720228840888856,5.788337634689328,64.09674711647645,63.796616774068255,63.90997309065878,0.9994286978911939,-0.007350119991893975,0.0734177092271466,5.7809875146974345,1.468354184542932e-06,0.0012117566523617406,873.0420465472154,2.3235149103727806,0.8430810867259988,6.795656020000024,0.02727246099993863,0.5046916419998979,6.822928480999963,6.822928480999963,True,3.032206200032306e-07,True,,
w32_n20000,2,0,training,201042,202042,203042,204042,205042,20000,10000,50000,32,8129,8129,0.40645,85.99865928071752,5.718698009604212,0.9735148713060289,0.9734831314271145,62.97759685927639,1.0508923025372405,0.27170932177979423,0.03339891747240708,4.7451831382981835,63.48507051825405,5.718666269725299,0.001269701410365081,0.035632869802544404,0.9920064094623358,0.9846911026879868,-0.015427288325221894,0.0,0.06432139200001075,0.5046916419998979,0.06432139200001075,0.0,True,3.0198294000001623e-07,True,,
w32_n20000,2,0,validation,201042,202042,203042,204042,205042,20000,10000,50000,32,8129,8129,0.40645,84.6821146368182,5.654056332469638,0.9754724379007373,0.9734831314271145,62.122101272981304,1.0405960604031337,0.18172501517771822,0.022602191826140452,4.678583894568901,62.799247303029,5.652067025996016,0.00125598494606058,0.035439877906964914,0.9892172906662364,0.9846911026879868,-0.015427288325221894,0.0,0.06432139200001075,0.5046916419998979,0.06432139200001075,0.0,True,3.0198294000001623e-07,True,,
w32_n20000,2,0,test,201042,202042,203042,204042,205042,20000,10000,50000,32,8129,8129,0.40645,86.97985963686877,5.7128787208969625,0.970241581687536,0.9734831314271145,64.09674711647645,1.0427965755294135,0.32550065924910837,0.03981384115711573,4.742637139209426,64.48854237350766,5.71612027063654,0.001289770847470153,0.035913379783447746,0.9939245757058365,0.9846911026879868,-0.015427288325221894,0.0,0.06432139200001075,0.5046916419998979,0.06432139200001075,0.0,True,3.0198294000001623e-07,True,,
w32_n20000,2,10,training,201042,202042,203042,204042,205042,20000,10000,50000,32,8129,8129,0.40645,0.1613315613721955,5.718698009604212,5.620224425083513,5.691263646518904,62.97759685927639,61.103049064782624,61.96450191371519,0.9988918729569791,0.09847358452069979,0.15164209662867154,5.789737231039604,3.0328419325734308e-06,0.0017415056510311504,415.30418175033975,1.2676946630066397,0.23720002497232964,0.6683413040000232,0.06432139200001075,0.5046916419998979,0.732662696000034,0.732662696000034,True,3.075864799984629e-07,True,,
w32_n20000,2,10,validation,201042,202042,203042,204042,205042,20000,10000,50000,32,8129,8129,0.40645,0.20451915932606038,5.654056332469638,5.5694312928045075,5.691263646518904,62.122101272981304,60.03006533027062,60.97739455175711,0.9985306203218026,0.08462503966513056,0.19737749973770918,5.775888686184035,3.9475499947541835e-06,0.0019868442301182506,314.7375022762679,1.2676946630066397,0.23720002497232964,0.6683413040000232,0.06432139200001075,0.5046916419998979,0.732662696000034,0.732662696000034,True,3.075864799984629e-07,True,,
w32_n20000,2,10,test,201042,202042,203042,204042,205042,20000,10000,50000,32,8129,8129,0.40645,0.22096715360741648,5.7128787208969625,5.624928370354199,5.691263646518904,64.09674711647645,61.74084639148985,62.812178676898135,0.9984804665249893,0.08795035054276375,0.21323615416990485,5.779213997061668,4.264723083398097e-06,0.002065120597785538,300.5904292637199,1.2676946630066397,0.23720002497232964,0.6683413040000232,0.06432139200001075,0.5046916419998979,0.732662696000034,0.732662696000034,True,3.075864799984629e-07,True,,
w32_n20000,2,25,training,201042,202042,203042,204042,205042,20000,10000,50000,32,8129,8129,0.40645,0.10184902929244456,5.718698009604212,5.806725811194249,5.8725414861417375,62.97759685927639,64.37610508371522,63.62979855115492,0.9993213302358824,-0.08802780159003559,0.09410484068170395,5.784513684551702,1.882096813634079e-06,0.001371895336253491,669.2280269862953,1.4001602947430816,0.3365867263120764,1.7619962819999273,0.06432139200001075,0.5046916419998979,1.826317673999938,1.826317673999938,True,3.1003644000065835e-07,True,,
w32_n20000,2,25,validation,201042,202042,203042,204042,205042,20000,10000,50000,32,8129,8129,0.40645,0.14260496687340593,5.654056332469638,5.742299690773472,5.8725414861417375,62.122101272981304,63.23717743508108,62.61222357415888,0.998963959620743,-0.08824335830383377,0.13483155974464153,5.784298127837904,2.6966311948928308e-06,0.0016421422578122855,460.73857923645477,1.4001602947430816,0.3365867263120764,1.7619962819999273,0.06432139200001075,0.5046916419998979,1.826317673999938,1.826317673999938,True,3.1003644000065835e-07,True,,
w32_n20000,2,25,test,201042,202042,203042,204042,205042,20000,10000,50000,32,8129,8129,0.40645,0.14821116560160702,5.7128787208969625,5.8005132602754585,5.8725414861417375,64.09674711647645,65.10312201661564,64.52966748464966,0.9989425780518306,-0.08763453937849612,0.14053416379280162,5.7849069467632415,2.8106832758560323e-06,0.0016765092531376116,456.0937026741649,1.4001602947430816,0.3365867263120764,1.7619962819999273,0.06432139200001075,0.5046916419998979,1.826317673999938,1.826317673999938,True,3.1003644000065835e-07,True,,
w32_n20000,2,50,training,201042,202042,203042,204042,205042,20000,10000,50000,32,8129,8129,0.40645,0.03371768117853777,5.718698009604212,5.694865350284067,5.758943225068406,62.97759685927639,62.782069874266476,62.86325769522374,0.9997375996272159,0.023832659320146617,0.03315134309542238,5.782775884388553,6.630268619084476e-07,0.0008142646141816846,1899.6997098429022,1.5244644244479262,0.42164315129190955,3.4563412529998914,0.06432139200001075,0.5046916419998979,3.520662644999902,3.520662644999902,True,3.072153800030719e-07,True,,
w32_n20000,2,50,validation,201042,202042,203042,204042,205042,20000,10000,50000,32,8129,8129,0.40645,0.05140140543155825,5.654056332469638,5.631767403752217,5.758943225068406,62.122101272981304,61.76053331231342,61.91586244261826,0.9995933064260449,0.02228892871742089,0.05090970005819382,5.781232153785827,1.0181940011638763e-06,0.0010090559950586867,1220.240960012941,1.5244644244479262,0.42164315129190955,3.4563412529998914,0.06432139200001075,0.5046916419998979,3.520662644999902,3.520662644999902,True,3.072153800030719e-07,True,,
w32_n20000,2,50,test,201042,202042,203042,204042,205042,20000,10000,50000,32,8129,8129,0.40645,0.05073712061359218,5.7128787208969625,5.690305158447262,5.758943225068406,64.09674711647645,63.72409412234749,63.88530633968046,0.9996112875903581,0.022573562449700216,0.050228559463110924,5.781516787518107,1.0045711892622184e-06,0.0010022829886126064,1276.101640214282,1.5244644244479262,0.42164315129190955,3.4563412529998914,0.06432139200001075,0.5046916419998979,3.520662644999902,3.520662644999902,True,3.072153800030719e-07,True,,
w32_n20000,2,100,training,201042,202042,203042,204042,205042,20000,10000,50000,32,8129,8129,0.40645,0.023609672980576785,5.718698009604212,5.672411447128953,5.735345012178444,62.97759685927639,62.054515988564305,62.505322273655445,0.9998555466422688,0.046286562475260314,0.02146830052982713,5.781631574653705,4.293660105965426e-07,0.0006552602617254785,2933.5157094423025,1.2951046972762166,0.2585915392010746,6.659923858999946,0.06432139200001075,0.5046916419998979,6.724245250999957,6.724245250999957,True,3.0342501999712115e-07,True,,
w32_n20000,2,100,validation,201042,202042,203042,204042,205042,20000,10000,50000,32,8129,8129,0.40645,0.030576998378300368,5.654056332469638,5.609624682202989,5.735345012178444,62.122101272981304,61.13918991782728,61.6163427517035,0.99979971457974,0.044431650266648685,0.028605687401622754,5.779776662445093,5.721137480324551e-07,0.0007563820119704429,2171.669584470717,1.2951046972762166,0.2585915392010746,6.659923858999946,0.06432139200001075,0.5046916419998979,6.724245250999957,6.724245250999957,True,3.0342501999712115e-07,True,,
w32_n20000,2,100,test,201042,202042,203042,204042,205042,20000,10000,50000,32,8129,8129,0.40645,0.032370190324148354,5.7128787208969625,5.666823782770617,5.735345012178444,64.09674711647645,62.99203639242009,63.52926688545174,0.9997997518259419,0.04605493812634584,0.030249737993086674,5.781399950304791,6.049947598617335e-07,0.0007778140908094514,2118.919083898354,1.2951046972762166,0.2585915392010746,6.659923858999946,0.06432139200001075,0.5046916419998979,6.724245250999957,6.724245250999957,True,3.0342501999712115e-07,True,,
w32_n20000,2,200,training,201042,202042,203042,204042,205042,20000,10000,50000,32,8129,8129,0.40645,0.01032495860289528,5.718698009604212,5.735355334077151,5.799031785167465,62.97759685927639,63.37063128815045,63.16909007644133,0.9999253117506809,-0.016657324472938283,0.010047994544025732,5.782374460694526,2.0095989088051464e-07,0.00044828550152833924,6267.678249956971,1.7544595029345191,0.562160833947738,12.928701244999957,0.06432139200001075,0.5046916419998979,12.993022636999967,12.993022636999967,True,3.0958664000081627e-07,True,,
w32_n20000,2,200,validation,201042,202042,203042,204042,205042,20000,10000,50000,32,8129,8129,0.40645,0.018114721738255138,5.654056332469638,5.6707300324676915,5.799031785167465,62.122101272981304,62.36082678678861,62.23254478322705,0.9998585378783329,-0.01667369999805298,0.01783849331596165,5.782358085169411,3.56769866319233e-07,0.0005973021566336698,3482.4746783628448,1.7544595029345191,0.562160833947738,12.928701244999957,0.06432139200001075,0.5046916419998979,12.993022636999967,12.993022636999967,True,3.0958664000081627e-07,True,,
w32_n20000,2,200,test,201042,202042,203042,204042,205042,20000,10000,50000,32,8129,8129,0.40645,0.018655859730744073,5.7128787208969625,5.7298850961938,5.799031785167465,64.09674711647645,64.26371199986184,64.17104605303405,0.9998577565396728,-0.01700637529683808,0.01836701027021256,5.782025409870626,3.673402054042512e-07,0.0006060859719579816,3489.775754109962,1.7544595029345191,0.562160833947738,12.928701244999957,0.06432139200001075,0.5046916419998979,12.993022636999967,12.993022636999967,True,3.0958664000081627e-07,True,,
w32_n5000,3,0,training,301042,302042,303042,304042,305042,5000,10000,50000,32,8129,8129,1.6258,90.52437390713388,5.784882908457819,0.7593706637476642,0.7736981709158628,65.17227882981237,1.3929250536796791,0.6417734833532488,0.06735757458535174,5.025512244710154,65.28165691678555,5.799210415626018,0.001305633138335711,0.036133545886554104,0.9983245203608633,0.935027617315068,-0.06717921289429875,0.0,0.013780379000081666,0.5109379440000339,0.013780379000081666,0.0,True,3.091634599968529e-07,True,,
w32_n5000,3,0,validation,301042,302042,303042,304042,305042,5000,10000,50000,32,8129,8129,1.6258,84.6427896433257,5.635392762531766,0.7802625931812773,0.7736981709158628,60.65914045137112,1.4126750855264896,0.49760359703746154,0.053754427661162445,4.855130169350488,61.07660834282269,5.628828340266351,0.0012215321668564538,0.034950424415970315,0.9931648481672669,0.935027617315068,-0.06717921289429875,0.0,0.013780379000081666,0.5109379440000339,0.013780379000081666,0.0,True,3.091634599968529e-07,True,,
w32_n5000,3,0,test,301042,302042,303042,304042,305042,5000,10000,50000,32,8129,8129,1.6258,90.36347726942465,5.8085178957563945,0.7810148599683173,0.7736981709158628,64.79443323621241,1.405738476337316,0.5555897190689681,0.05821475673726046,5.027503035788076,65.08899227441181,5.801201206703938,0.0013017798454882362,0.036080186328346975,0.9954745183800426,0.935027617315068,-0.06717921289429875,0.0,0.013780379000081666,0.5109379440000339,0.013780379000081666,0.0,True,3.091634599968529e-07,True,,
w32_n5000,3,10,training,301042,302042,303042,304042,305042,5000,10000,50000,32,8129,8129,1.6258,0.10284803208756076,5.784882908457819,5.78863290500875,5.880464552699287,65.17227882981237,64.9959721693468,65.03269822931883,0.9992107504368285,-0.0037499965509310185,0.10285454052153309,5.8767145561483565,2.0570908104306617e-06,0.001434256187168339,633.6354087952806,2.933097050567509,1.076058878628755,0.21750405600005251,0.013780379000081666,0.5109379440000339,0.23128443500013418,0.23128443500013418,True,3.0315547999634874e-07,True,,
w32_n5000,3,10,validation,301042,302042,303042,304042,305042,5000,10000,50000,32,8129,8129,1.6258,0.30166325957269696,5.635392762531766,5.7350716624628415,5.880464552699287,60.65914045137112,59.77373314865698,60.070558523945834,0.9976043949198659,-0.09967889993107623,0.29175655213644114,5.780785652768211,5.835131042728823e-06,0.0024156015902314734,207.9101223509237,2.933097050567509,1.076058878628755,0.21750405600005251,0.013780379000081666,0.5109379440000339,0.23128443500013418,0.23128443500013418,True,3.0315547999634874e-07,True,,
w32_n5000,3,10,test,301042,302042,303042,304042,305042,5000,10000,50000,32,8129,8129,1.6258,0.3158469156271711,5.8085178957563945,5.905700232966934,5.880464552699287,64.79443323621241,63.54921749902062,64.01862104904943,0.9976595494553047,-0.09718233721054155,0.30640863713421035,5.783282215488745,6.128172742684207e-06,0.002475514641985421,211.4641213845148,2.933097050567509,1.076058878628755,0.21750405600005251,0.013780379000081666,0.5109379440000339,0.23128443500013418,0.23128443500013418,True,3.0315547999634874e-07,True,,
w32_n5000,3,25,training,301042,302042,303042,304042,305042,5000,10000,50000,32,8129,8129,1.6258,0.06338598617072011,5.784882908457819,5.760983807107463,5.837067698927829,65.17227882981237,64.6713193397694,64.89038539248973,0.9995235695306509,0.023899101350356534,0.06282738460228593,5.860966800278185,1.2565476920457186e-06,0.0011209583810497688,1037.3228050534053,4.479780151705793,1.499573971942804,0.6118213209999794,0.013780379000081666,0.5109379440000339,0.6256017000000611,0.6256017000000611,True,3.0573068000194326e-07,True,,
w32_n5000,3,25,validation,301042,302042,303042,304042,305042,5000,10000,50000,32,8129,8129,1.6258,0.2839552827438898,5.635392762531766,5.695251337803668,5.837067698927829,60.65914045137112,59.29286473043173,59.83580245403259,0.9977271189485043,-0.05985857527190375,0.28040027373768145,5.7772091236559255,5.608005474753629e-06,0.00236812277442569,216.33053221666478,4.479780151705793,1.499573971942804,0.6118213209999794,0.013780379000081666,0.5109379440000339,0.6256017000000611,0.6256017000000611,True,3.0573068000194326e-07,True,,
w32_n5000,3,25,test,301042,302042,303042,304042,305042,5000,10000,50000,32,8129,8129,1.6258,0.3026032880886373,5.8085178957563945,5.862022536560502,5.837067698927829,64.79443323621241,63.09428926682066,63.794487983300684,0.997744361472956,-0.05350464080410808,0.2997465364317893,5.783563058123721,5.994930728635786e-06,0.002448454763444852,216.1640765145492,4.479780151705793,1.499573971942804,0.6118213209999794,0.013780379000081666,0.5109379440000339,0.6256017000000611,0.6256017000000611,True,3.0573068000194326e-07,True,,
w32_n5000,3,50,training,301042,302042,303042,304042,305042,5000,10000,50000,32,8129,8129,1.6258,0.05536924607274019,5.784882908457819,5.785327960546949,5.849994292664722,65.17227882981237,65.1576614905075,65.13728009814683,0.9995750837871615,-0.0004450520891301327,0.05538012402618336,5.849549240575593,1.1076024805236672e-06,0.001052426947832327,1176.817133869172,5.824621727384748,1.762094057838339,1.1533693199999107,0.013780379000081666,0.5109379440000339,1.1671496989999923,1.1671496989999923,True,3.0302424000183234e-07,True,,
w32_n5000,3,50,validation,301042,302042,303042,304042,305042,5000,10000,50000,32,8129,8129,1.6258,0.32250491370419515,5.635392762531766,5.7071598099459315,5.849994292664722,60.65914045137112,59.70971455587654,60.02573443201185,0.9973942472215891,-0.07176704741416541,0.3173861432239705,5.778227245250557,6.347722864479411e-06,0.002519468766323451,191.1209476103866,5.824621727384748,1.762094057838339,1.1533693199999107,0.013780379000081666,0.5109379440000339,1.1671496989999923,1.1671496989999923,True,3.0302424000183234e-07,True,,
w32_n5000,3,50,test,301042,302042,303042,304042,305042,5000,10000,50000,32,8129,8129,1.6258,0.34535490224100956,5.8085178957563945,5.874290890788213,5.849994292664722,64.79443323621241,63.52828292228576,63.99084026120998,0.9973909118468447,-0.0657729950318196,0.3410356360782753,5.784221297632903,6.820712721565506e-06,0.002611649425471479,189.99314552963796,5.824621727384748,1.762094057838339,1.1533693199999107,0.013780379000081666,0.5109379440000339,1.1671496989999923,1.1671496989999923,True,3.0302424000183234e-07,True,,
w32_n5000,3,100,training,301042,302042,303042,304042,305042,5000,10000,50000,32,8129,8129,1.6258,0.0553811272979648,5.784882908457819,5.807657971822152,5.864367992670662,65.17227882981237,65.41053015395171,65.26396779264883,0.9995814445853503,-0.02277506336433379,0.05487339846640866,5.841592929306328,1.0974679693281732e-06,0.0010476010544707242,1187.684390820231,6.937412550395597,1.9369288736447223,2.072626911000043,0.013780379000081666,0.5109379440000339,2.0864072900001247,2.0864072900001247,True,3.0837018000056557e-07,True,,
w32_n5000,3,100,validation,301042,302042,303042,304042,305042,5000,10000,50000,32,8129,8129,1.6258,0.3842017275719572,5.635392762531766,5.720591680751758,5.864367992670662,60.65914045137112,60.071919607235166,60.177039744321604,0.996889309849899,-0.08519891821999229,0.3769805699630966,5.77916907445067,7.5396113992619315e-06,0.002745835282616554,160.9078697538952,6.937412550395597,1.9369288736447223,2.072626911000043,0.013780379000081666,0.5109379440000339,2.0864072900001247,2.0864072900001247,True,3.0837018000056557e-07,True,,
w32_n5000,3,100,test,301042,302042,303042,304042,305042,5000,10000,50000,32,8129,8129,1.6258,0.3972694616537161,5.8085178957563945,5.888712732350495,5.864367992670662,64.79443323621241,63.90319906492155,64.1533931171876,0.996986973171723,-0.08019483659410112,0.3908460667586967,5.784173156076561,7.816921335173934e-06,0.0027958757724859547,165.7799290998511,6.937412550395597,1.9369288736447223,2.072626911000043,0.013780379000081666,0.5109379440000339,2.0864072900001247,2.0864072900001247,True,3.0837018000056557e-07,True,,
w32_n5000,3,200,training,301042,302042,303042,304042,305042,5000,10000,50000,32,8129,8129,1.6258,0.02753920892618276,5.784882908457819,5.793028634650686,5.8396836887091546,65.17227882981237,65.03549552252107,65.09014800029605,0.9997895170121229,-0.00814572619286797,0.02747835174132184,5.831537962516286,5.495670348264368e-07,0.0007413278861788735,2371.768126536009,13.711487198599116,2.6182339631542866,3.743777553999962,0.013780379000081666,0.5109379440000339,3.7575579330000437,3.7575579330000437,True,3.0595687999721123e-07,True,,
w32_n5000,3,200,validation,301042,302042,303042,304042,305042,5000,10000,50000,32,8129,8129,1.6258,0.3776035106509014,5.635392762531766,5.6940288665872565,5.8396836887091546,60.65914045137112,59.76729009619764,60.02611390467142,0.9969200245842854,-0.05863610405549077,0.3742027382259177,5.781047584653663,7.484054764518354e-06,0.002735700050173329,162.10234254018027,13.711487198599116,2.6182339631542866,3.743777553999962,0.013780379000081666,0.5109379440000339,3.7575579330000437,3.7575579330000437,True,3.0595687999721123e-07,True,,
w32_n5000,3,200,test,301042,302042,303042,304042,305042,5000,10000,50000,32,8129,8129,1.6258,0.3900797463836948,5.8085178957563945,5.864516612477229,5.8396836887091546,64.79443323621241,63.54580318395267,63.97664239551162,0.9970321426550579,-0.05599871672083582,0.38695162914189724,5.783684971988318,7.739032582837944e-06,0.0027819116777564926,167.4484053211001,13.711487198599116,2.6182339631542866,3.743777553999962,0.013780379000081666,0.5109379440000339,3.7575579330000437,3.7575579330000437,True,3.0595687999721123e-07,True,,
w16_n5000,3,0,training,301042,302042,303042,304042,470042,5000,10000,50000,16,4065,4065,0.813,116.20569405161324,5.784882908457819,-1.265761815960044,-1.258435801886355,65.17227882981237,1.3182564233412795,-0.008434624699323164,-0.0009099852686697493,7.050644724417864,66.50740450255228,5.7922089225315085,0.0013301480900510456,0.03647119534716466,0.9799251574659079,0.9388452987461164,-0.0631045644159209,0.0,0.013780379000081666,0.5109379440000339,0.013780379000081666,0.0,True,1.9735233999654156e-07,True,,
w16_n5000,3,0,validation,301042,302042,303042,304042,470042,5000,10000,50000,16,4065,4065,0.813,109.09916954788663,5.635392762531766,-1.2455585791962918,-1.258435801886355,60.65914045137112,1.300869826093202,0.10107815570512048,0.011378689927814321,6.880951341728057,61.75785396605407,5.622515539841703,0.0012351570793210814,0.03514480159740671,0.9822093313785342,0.9388452987461164,-0.0631045644159209,0.0,0.013780379000081666,0.5109379440000339,0.013780379000081666,0.0,True,1.9735233999654156e-07,True,,
w16_n5000,3,0,test,301042,302042,303042,304042,470042,5000,10000,50000,16,4065,4065,0.813,115.64063186207045,5.8085178957563945,-1.258981323476829,-1.258435801886355,64.79443323621241,1.3126459955915066,0.2073393677928765,0.022482215857273547,7.067499219233222,65.69240049621817,5.8090634173468665,0.0013138480099243635,0.03624704139546238,0.9863307284674815,0.9388452987461164,-0.0631045644159209,0.0,0.013780379000081666,0.5109379440000339,0.013780379000081666,0.0,True,1.9735233999654156e-07,True,,
w16_n5000,3,10,training,301042,302042,303042,304042,470042,5000,10000,50000,16,4065,4065,0.813,0.1515040352960676,5.784882908457819,5.82198314167161,5.863666267665569,65.17227882981237,64.81767040840576,64.91989579934935,0.9988485685531077,-0.03710023321379065,0.15015763951945382,5.826566034451779,3.0031527903890765e-06,0.0017329607007630255,434.0257281506407,1.7820276653179867,0.5777518537979098,0.2310058680000111,0.013780379000081666,0.5109379440000339,0.24478624700009277,0.24478624700009277,True,2.0001328000034846e-07,True,,
w16_n5000,3,10,validation,301042,302042,303042,304042,470042,5000,10000,50000,16,4065,4065,0.813,0.2699843823049052,5.635392762531766,5.72530396566701,5.863666267665569,60.65914045137112,60.32464092292337,60.36092741189189,0.9978388414634375,-0.08991120313524414,0.26192655051072916,5.773755064530325,5.2385310102145835e-06,0.002288783740377099,231.58836068009217,1.7820276653179867,0.5777518537979098,0.2310058680000111,0.013780379000081666,0.5109379440000339,0.24478624700009277,0.24478624700009277,True,2.0001328000034846e-07,True,,
w16_n5000,3,10,test,301042,302042,303042,304042,470042,5000,10000,50000,16,4065,4065,0.813,0.2908192287177528,5.8085178957563945,5.887783760691435,5.863666267665569,64.79443323621241,63.998952521579355,64.25442195779057,0.9978097431760129,-0.07926586493504101,0.2845418422106969,5.784400402730529,5.690836844213938e-06,0.002385547493598469,227.71495655192103,1.7820276653179867,0.5777518537979098,0.2310058680000111,0.013780379000081666,0.5109379440000339,0.24478624700009277,0.24478624700009277,True,2.0001328000034846e-07,True,,
w16_n5000,3,25,training,301042,302042,303042,304042,470042,5000,10000,50000,16,4065,4065,0.813,0.09250219558738526,5.784882908457819,5.7960908954394,5.827992471450103,65.17227882981237,65.13711911497836,65.10850144458219,0.9992909926904818,-0.011207986981581616,0.09239505562633123,5.8167844844685215,1.8479011125266245e-06,0.0013593752655270083,705.3654374470578,2.3479119467973297,0.853526399898657,0.543256890000066,0.013780379000081666,0.5109379440000339,0.5570372690001477,0.5570372690001477,True,1.9589282000197271e-07,True,,
w16_n5000,3,25,validation,301042,302042,303042,304042,470042,5000,10000,50000,16,4065,4065,0.813,0.2171870101246051,5.635392762531766,5.687845764748659,5.827992471450103,60.65914045137112,60.65040291336928,60.54754311317175,0.9982321520769393,-0.05245300221689428,0.21445713839687933,5.775539469233209,4.289142767937587e-06,0.0020710245696122457,282.8497148885476,2.3479119467973297,0.853526399898657,0.543256890000066,0.013780379000081666,0.5109379440000339,0.5570372690001477,0.5570372690001477,True,1.9589282000197271e-07,True,,
w16_n5000,3,25,test,301042,302042,303042,304042,470042,5000,10000,50000,16,4065,4065,0.813,0.23996045916870357,5.8085178957563945,5.851863115278214,5.827992471450103,64.79443323621241,64.38672042990036,64.4715336266356,0.9981619285062525,-0.04334521952182069,0.23808641284156568,5.784647251928282,4.761728256831313e-06,0.0021821384595921756,272.14670699973874,2.3479119467973297,0.853526399898657,0.543256890000066,0.013780379000081666,0.5109379440000339,0.5570372690001477,0.5570372690001477,True,1.9589282000197271e-07,True,,
w16_n5000,3,50,training,301042,302042,303042,304042,470042,5000,10000,50000,16,4065,4065,0.813,0.07322447424374852,5.784882908457819,5.752060828771283,5.779692391913537,65.17227882981237,64.40392724253894,64.7520222273495,0.9994606666560499,0.03282207968653622,0.07216161765232969,5.812514471600074,1.4432323530465937e-06,0.0012013460588217676,903.1432629990152,3.302762191944284,1.1947591462218736,0.9860325919999013,0.013780379000081666,0.5109379440000339,0.999812970999983,0.999812970999983,True,1.9738460000098713e-07,True,,
w16_n5000,3,50,validation,301042,302042,303042,304042,470042,5000,10000,50000,16,4065,4065,0.813,0.24184302505725064,5.635392762531766,5.6403432593790175,5.779692391913537,60.65914045137112,60.17972131174659,60.298509530604676,0.9980064892968206,-0.004950496847252792,0.2418427019084069,5.774741895066285,4.836854038168138e-06,0.002199284892452121,250.8206366067832,3.302762191944284,1.1947591462218736,0.9860325919999013,0.013780379000081666,0.5109379440000339,0.999812970999983,0.999812970999983,True,1.9738460000098713e-07,True,,
w16_n5000,3,50,test,301042,302042,303042,304042,470042,5000,10000,50000,16,4065,4065,0.813,0.2631035945269406,5.8085178957563945,5.802283766748665,5.779692391913537,64.79443323621241,63.869025344467694,64.20019429455895,0.9979811775117986,0.006234129007729081,0.26306999156228683,5.785926520921267,5.261399831245737e-06,0.0022937741456485502,246.30111876850498,3.302762191944284,1.1947591462218736,0.9860325919999013,0.013780379000081666,0.5109379440000339,0.999812970999983,0.999812970999983,True,1.9738460000098713e-07,True,,
w16_n5000,3,100,training,301042,302042,303042,304042,470042,5000,10000,50000,16,4065,4065,0.813,0.060564906232996825,5.784882908457819,5.759892929229424,5.78340817172343,65.17227882981237,64.58205470586212,64.8471905690119,0.9995482956509776,0.02498997922839507,0.05995239765069134,5.808398150951825,1.1990479530138268e-06,0.0010950104807780732,1087.067096290866,5.294238633642657,1.6666191790343134,1.784171774000015,0.013780379000081666,0.5109379440000339,1.7979521530000966,1.7979521530000966,True,1.9864033999965613e-07,True,,
w16_n5000,3,100,validation,301042,302042,303042,304042,470042,5000,10000,50000,16,4065,4065,0.813,0.3206450664216767,5.635392762531766,5.646882745158093,5.78340817172343,60.65914045137112,60.48893879569235,60.413767072916215,0.9973550892368456,-0.011489982626328006,0.3205451012310465,5.771918189097102,6.410902024620931e-06,0.002531975913120212,189.23745899847168,5.294238633642657,1.6666191790343134,1.784171774000015,0.013780379000081666,0.5109379440000339,1.7979521530000966,1.7979521530000966,True,1.9864033999965613e-07,True,,
w16_n5000,3,100,test,301042,302042,303042,304042,470042,5000,10000,50000,16,4065,4065,0.813,0.342377668873659,5.8085178957563945,5.808872955533781,5.78340817172343,64.79443323621241,64.29798296090074,64.37501590330959,0.9973551326775595,-0.00035505977738775244,0.34238439049402336,5.783053111946042,6.847687809880467e-06,0.0026168087071623074,189.244705761034,5.294238633642657,1.6666191790343134,1.784171774000015,0.013780379000081666,0.5109379440000339,1.7979521530000966,1.7979521530000966,True,1.9864033999965613e-07,True,,
w16_n5000,3,200,training,301042,302042,303042,304042,470042,5000,10000,50000,16,4065,4065,0.813,0.05754026324319361,5.784882908457819,5.841488681855062,5.853911311367717,65.17227882981237,65.25151138306234,65.18472164691478,0.9995834896221018,-0.05660577339724327,0.05434691904510256,5.797305537970473,1.0869383809020511e-06,0.0010425633702092411,1199.189944433204,6.448114491432396,1.8637877611621352,3.245795259000033,0.013780379000081666,0.5109379440000339,3.259575638000115,3.259575638000115,True,1.9415549999848735e-07,True,,
w16_n5000,3,200,validation,301042,302042,303042,304042,470042,5000,10000,50000,16,4065,4065,0.813,0.37102620525927155,5.635392762531766,5.712144480628224,5.853911311367717,60.65914045137112,60.9431331670991,60.618550861126046,0.9969997167129736,-0.07675171809645828,0.3651718962181351,5.777159593271258,7.303437924362702e-06,0.0027024873587794453,166.1111960684303,6.448114491432396,1.8637877611621352,3.245795259000033,0.013780379000081666,0.5109379440000339,3.259575638000115,3.259575638000115,True,1.9415549999848735e-07,True,,
w16_n5000,3,200,test,301042,302042,303042,304042,470042,5000,10000,50000,16,4065,4065,0.813,0.38714402805256526,5.8085178957563945,5.879123461895559,5.853911311367717,64.79443323621241,64.81929576041624,64.61578123560771,0.9970515149063615,-0.0706055661391666,0.3821665254132413,5.78330574522855,7.643330508264826e-06,0.002764657394373637,169.54502534241954,6.448114491432396,1.8637877611621352,3.245795259000033,0.013780379000081666,0.5109379440000339,3.259575638000115,3.259575638000115,True,1.9415549999848735e-07,True,,
w8_n5000,3,0,training,301042,302042,303042,304042,390042,5000,10000,50000,8,2033,2033,0.4066,110.10961926161411,5.784882908457819,-0.7559792508445939,-0.7284689042947818,65.17227882981237,1.6196644106951976,-0.2741331380078117,-0.026681949896836844,6.540862159302413,67.34020951652317,5.812393255007631,0.0013468041903304635,0.03669883091231196,0.9678062972735649,0.9403188855976342,-0.06153622124948185,0.0,0.013780379000081666,0.5109379440000339,0.013780379000081666,0.0,True,1.4807709999786312e-07,True,,
w8_n5000,3,0,validation,301042,302042,303042,304042,390042,5000,10000,50000,8,2033,2033,0.4066,103.53815447766078,5.635392762531766,-0.7334633495576945,-0.7284689042947818,60.65914045137112,1.5734305182283415,-0.374776772006705,-0.03836195711611663,6.36885611208946,62.98212451361287,5.640387207794678,0.0012596424902722573,0.035491442493540006,0.9631167719383671,0.9403188855976342,-0.06153622124948185,0.0,0.013780379000081666,0.5109379440000339,0.013780379000081666,0.0,True,1.4807709999786312e-07,True,,
w8_n5000,3,0,test,301042,302042,303042,304042,390042,5000,10000,50000,8,2033,2033,0.4066,109.77921019998215,5.8085178957563945,-0.7311702791197604,-0.7284689042947818,64.79443323621241,1.5678917938230565,-0.32535200295619016,-0.03227948472396142,6.5396881748761535,67.01302903594787,5.811219270581373,0.0013402605807189573,0.03660956952381381,0.9668930679354111,0.9403188855976342,-0.06153622124948185,0.0,0.013780379000081666,0.5109379440000339,0.013780379000081666,0.0,True,1.4807709999786312e-07,True,,
w8_n5000,3,10,training,301042,302042,303042,304042,390042,5000,10000,50000,8,2033,2033,0.4066,0.21191194339464822,5.784882908457819,5.84639812427547,5.879051224574592,65.17227882981237,64.35312531756236,64.65861734593304,0.9984127957857458,-0.06151521581765096,0.20816945550865773,5.817536008756941,4.163389110173154e-06,0.0020404384602759167,313.0732060117334,1.6436946116835356,0.4969465200620052,0.20021836199998688,0.013780379000081666,0.5109379440000339,0.21399874100006855,0.21399874100006855,True,1.5136021999751394e-07,True,,
w8_n5000,3,10,validation,301042,302042,303042,304042,390042,5000,10000,50000,8,2033,2033,0.4066,0.3483185195091697,5.635392762531766,5.7437332581835525,5.879051224574592,60.65914045137112,59.996958699796444,60.159742316602326,0.9972251509518484,-0.10834049565178681,0.33661451796289116,5.770710728922805,6.7322903592578235e-06,0.002594665750970214,180.20357772583733,1.6436946116835356,0.4969465200620052,0.20021836199998688,0.013780379000081666,0.5109379440000339,0.21399874100006855,0.21399874100006855,True,1.5136021999751394e-07,True,,
w8_n5000,3,10,test,301042,302042,303042,304042,390042,5000,10000,50000,8,2033,2033,0.4066,0.3775940417657815,5.8085178957563945,5.9008363485232715,5.879051224574592,64.79443323621241,63.64611553436607,64.03573502197973,0.9971663160188972,-0.09231845276687667,0.36907872661904384,5.786732771807716,7.381574532380877e-06,0.002716905322675208,175.55721466193313,1.6436946116835356,0.4969465200620052,0.20021836199998688,0.013780379000081666,0.5109379440000339,0.21399874100006855,0.21399874100006855,True,1.5136021999751394e-07,True,,
w8_n5000,3,25,training,301042,302042,303042,304042,390042,5000,10000,50000,8,2033,2033,0.4066,0.11313253784007508,5.784882908457819,5.7694229728679165,5.793545165313845,65.17227882981237,64.39931983304385,64.72934127570115,0.9991463212774694,0.01545993558990256,0.11291611145392191,5.8090051009037476,2.2583222290784383e-06,0.00150277151592597,577.1743110052763,1.904032288632614,0.6439738945408315,0.5046105290000469,0.013780379000081666,0.5109379440000339,0.5183909080001285,0.5183909080001285,True,1.4826846000232764e-07,True,,
w8_n5000,3,25,validation,301042,302042,303042,304042,390042,5000,10000,50000,8,2033,2033,0.4066,0.21540800494245396,5.635392762531766,5.655679370530801,5.793545165313845,60.65914045137112,60.22548780145624,60.33480514627648,0.9982277191687309,-0.020286607999035793,0.21501796027437484,5.773258557314809,4.300359205487497e-06,0.002073730745658051,282.11197043245454,1.904032288632614,0.6439738945408315,0.5046105290000469,0.013780379000081666,0.5109379440000339,0.5183909080001285,0.5183909080001285,True,1.4826846000232764e-07,True,,
w8_n5000,3,25,test,301042,302042,303042,304042,390042,5000,10000,50000,8,2033,2033,0.4066,0.24215914113306725,5.8085178957563945,5.8182909995619845,5.793545165313845,64.79443323621241,63.89931573602402,64.22584025164605,0.998143178982144,-0.00977310380559024,0.2420684689444513,5.783772061508254,4.841369378889026e-06,0.0022003112004643855,267.6698601794401,1.904032288632614,0.6439738945408315,0.5046105290000469,0.013780379000081666,0.5109379440000339,0.5183909080001285,0.5183909080001285,True,1.4826846000232764e-07,True,,
w8_n5000,3,50,training,301042,302042,303042,304042,390042,5000,10000,50000,8,2033,2033,0.4066,0.09144500525485033,5.784882908457819,5.790471434869216,5.806896496751934,65.17227882981237,65.16494029669698,65.12289353323499,0.9992984977414584,-0.005588526411397163,0.09143206003940735,5.801307970340537,1.828641200788147e-06,0.0013522726059445806,712.7946018248197,2.3747488159017367,0.8648916701678543,0.9339875929999835,0.013780379000081666,0.5109379440000339,0.9477679720000651,0.9477679720000651,True,1.5345591999903263e-07,True,,
w8_n5000,3,50,validation,301042,302042,303042,304042,390042,5000,10000,50000,8,2033,2033,0.4066,0.21715891794908393,5.635392762531766,5.668774548909379,5.806896496751934,60.65914045137112,60.94233701875574,60.69270564461071,0.9982258686074291,-0.03338178637761435,0.21606618090541388,5.77351471037432,4.3213236181082774e-06,0.0020787793577261337,280.74333612591386,2.3747488159017367,0.8648916701678543,0.9339875929999835,0.013780379000081666,0.5109379440000339,0.9477679720000651,0.9477679720000651,True,1.5345591999903263e-07,True,,
w8_n5000,3,50,test,301042,302042,303042,304042,390042,5000,10000,50000,8,2033,2033,0.4066,0.24367363231161754,5.8085178957563945,5.8335686631835575,5.806896496751934,64.79443323621241,64.68598307406138,64.61868267894593,0.9981232249114335,-0.025050767427164375,0.2430509523819754,5.78184572932477,4.861019047639508e-06,0.0022047718810887236,266.58785987549805,2.3747488159017367,0.8648916701678543,0.9339875929999835,0.013780379000081666,0.5109379440000339,0.9477679720000651,0.9477679720000651,True,1.5345591999903263e-07,True,,
w8_n5000,3,100,training,301042,302042,303042,304042,390042,5000,10000,50000,8,2033,2033,0.4066,0.0901900455499942,5.784882908457819,5.812020656182747,5.828820432921048,65.17227882981237,65.64234946850846,65.36257840791298,0.9993224956965395,-0.02713774772492794,0.08947148249491127,5.80168268519612,1.7894296498982253e-06,0.0013376956492035942,728.4139818910352,2.849193861365165,1.0470360986080058,1.6675271970000267,0.013780379000081666,0.5109379440000339,1.6813075760001084,1.6813075760001084,True,1.5156417999605765e-07,True,,
w8_n5000,3,100,validation,301042,302042,303042,304042,390042,5000,10000,50000,8,2033,2033,0.4066,0.2569689241372881,5.635392762531766,5.6920370158931695,5.828820432921048,60.65914045137112,61.36453945430257,60.884947087201084,0.9979368674780281,-0.05664425336140464,0.2537857312715442,5.772176179559643,5.0757146254308835e-06,0.002252934669587843,239.01714311301217,2.849193861365165,1.0470360986080058,1.6675271970000267,0.013780379000081666,0.5109379440000339,1.6813075760001084,1.6813075760001084,True,1.5156417999605765e-07,True,,
w8_n5000,3,100,test,301042,302042,303042,304042,390042,5000,10000,50000,8,2033,2033,0.4066,0.2766090107726484,5.8085178957563945,5.8556370985107495,5.828820432921048,64.79443323621241,65.16405742348735,64.84204819015493,0.9978926367378835,-0.047119202754356077,0.27439427939002997,5.781701230166692,5.487885587800599e-06,0.002342623654751356,236.13623935691533,2.849193861365165,1.0470360986080058,1.6675271970000267,0.013780379000081666,0.5109379440000339,1.6813075760001084,1.6813075760001084,True,1.5156417999605765e-07,True,,
w8_n5000,3,200,training,301042,302042,303042,304042,390042,5000,10000,50000,8,2033,2033,0.4066,0.09926859394705186,5.784882908457819,5.8571044334199085,5.868741846266674,65.17227882981237,66.30553409520185,65.69187073272155,0.9993216291808972,-0.0722215249620891,0.09407145957111644,5.796520321304584,1.881429191422329e-06,0.0013716519935546075,692.7954464291396,2.974039179390811,1.0899210219225428,3.0246139539999604,0.013780379000081666,0.5109379440000339,3.038394333000042,3.038394333000042,True,1.5477958000246873e-07,True,,
w8_n5000,3,200,validation,301042,302042,303042,304042,390042,5000,10000,50000,8,2033,2033,0.4066,0.29522868768156973,5.635392762531766,5.729789010535882,5.868741846266674,60.65914045137112,62.17351832019751,61.27315605042864,0.9977446376915303,-0.0943962480041169,0.28634667071138614,5.774345598262557,5.726933414227723e-06,0.002393101212700316,211.8381202081813,2.974039179390811,1.0899210219225428,3.0246139539999604,0.013780379000081666,0.5109379440000339,3.038394333000042,3.038394333000042,True,1.5477958000246873e-07,True,,
w8_n5000,3,200,test,301042,302042,303042,304042,390042,5000,10000,50000,8,2033,2033,0.4066,0.31212770433307413,5.8085178957563945,5.897130196141668,5.868741846266674,64.79443323621241,65.99181112479772,65.24098135541179,0.9977152572410507,-0.08861230038527479,0.30428165018650766,5.780129545881399,6.085633003730153e-06,0.002466907579081582,212.94229604873328,2.974039179390811,1.0899210219225428,3.0246139539999604,0.013780379000081666,0.5109379440000339,3.038394333000042,3.038394333000042,True,1.5477958000246873e-07,True,,
w32_n10000,3,0,training,301042,302042,303042,304042,305042,10000,10000,50000,32,8129,8129,0.8129,90.3805829766773,5.790122380822062,0.7563721678083529,0.7736981709158628,64.74641296794432,1.4051112533758414,0.5515388034984884,0.057824629679373483,5.033750213013708,65.04844661432318,5.807448383929572,0.0013009689322864637,0.036068946925110854,0.9953567892532524,0.9365151989024872,-0.06558952775559825,0.0,0.02944279300004382,0.5109379440000339,0.02944279300004382,0.0,True,3.0630469999778145e-07,True,,
w32_n10000,3,0,validation,301042,302042,303042,304042,305042,10000,10000,50000,32,8129,8129,0.8129,84.6427896433257,5.635392762531766,0.7802625931812773,0.7736981709158628,60.65914045137112,1.4126750855264896,0.49760359703746154,0.053754427661162445,4.855130169350488,61.07660834282269,5.628828340266351,0.0012215321668564538,0.034950424415970315,0.9931648481672669,0.9365151989024872,-0.06558952775559825,0.0,0.02944279300004382,0.5109379440000339,0.02944279300004382,0.0,True,3.0630469999778145e-07,True,,
w32_n10000,3,0,test,301042,302042,303042,304042,305042,10000,10000,50000,32,8129,8129,0.8129,90.36347726942465,5.8085178957563945,0.7810148599683173,0.7736981709158628,64.79443323621241,1.405738476337316,0.5555897190689681,0.05821475673726046,5.027503035788076,65.08899227441181,5.801201206703938,0.0013017798454882362,0.036080186328346975,0.9954745183800426,0.9365151989024872,-0.06558952775559825,0.0,0.02944279300004382,0.5109379440000339,0.02944279300004382,0.0,True,3.0630469999778145e-07,True,,
w32_n10000,3,10,training,301042,302042,303042,304042,305042,10000,10000,50000,32,8129,8129,0.8129,0.14258488957987742,5.790122380822062,5.82384256841326,5.853014690741782,64.74641296794432,65.33268792049245,64.96881945185481,0.998922638526634,-0.0337201875911995,0.14146198472716445,5.819294503150583,2.829239694543289e-06,0.0016820343916053825,457.6947869975084,1.5474341346404403,0.4365981622413674,0.41006632999983594,0.02944279300004382,0.5109379440000339,0.43950912299987976,0.43950912299987976,True,3.039631399997234e-07,True,,
w32_n10000,3,10,validation,301042,302042,303042,304042,305042,10000,10000,50000,32,8129,8129,0.8129,0.22064072521984035,5.635392762531766,5.71181033092235,5.853014690741782,60.65914045137112,60.96682239430765,60.705570141480706,0.9982369383500389,-0.07641756839058392,0.21482256271738256,5.776597122351198,4.296451254347651e-06,0.0020727882801549343,282.3685728541159,1.5474341346404403,0.4365981622413674,0.41006632999983594,0.02944279300004382,0.5109379440000339,0.43950912299987976,0.43950912299987976,True,3.039631399997234e-07,True,,
w32_n10000,3,10,test,301042,302042,303042,304042,305042,10000,10000,50000,32,8129,8129,0.8129,0.23645836119373592,5.8085178957563945,5.877504367294674,5.853014690741782,64.79443323621241,64.79788040860761,64.6803048914022,0.9982120558717319,-0.06898647153827998,0.23170386201567428,5.784028219203502,4.634077240313486e-06,0.002152690697781148,279.64330275957684,1.5474341346404403,0.4365981622413674,0.41006632999983594,0.02944279300004382,0.5109379440000339,0.43950912299987976,0.43950912299987976,True,3.039631399997234e-07,True,,
w32_n10000,3,25,training,301042,302042,303042,304042,305042,10000,10000,50000,32,8129,8129,0.8129,0.11685739514142875,5.790122380822062,5.815212175035755,5.83451365694712,64.74641296794432,65.17061732494805,64.90039538578625,0.9991106048196369,-0.02508979421369364,0.1162395213198752,5.809423862733427,2.324790426397504e-06,0.0015247263447574794,557.0085994226619,1.8996562223674853,0.6416729342055147,1.040164718999904,0.02944279300004382,0.5109379440000339,1.0696075119999477,1.0696075119999477,True,3.0250186000102987e-07,True,,
w32_n10000,3,25,validation,301042,302042,303042,304042,305042,10000,10000,50000,32,8129,8129,0.8129,0.22198887781007107,5.635392762531766,5.691317405327878,5.83451365694712,60.65914045137112,60.87353671949585,60.656896985204355,0.9982005297912229,-0.0559246427961119,0.2188832004582442,5.778589014151009,4.377664009164884e-06,0.002092286789416041,277.13017867235965,1.8996562223674853,0.6416729342055147,1.040164718999904,0.02944279300004382,0.5109379440000339,1.0696075119999477,1.0696075119999477,True,3.0250186000102987e-07,True,,
w32_n10000,3,25,test,301042,302042,303042,304042,305042,10000,10000,50000,32,8129,8129,0.8129,0.23679269471208775,5.8085178957563945,5.857177028451413,5.83451365694712,64.79443323621241,64.62855417274375,64.59427886842262,0.9981894749368099,-0.04865913269502025,0.23442967211089835,5.7858545242521,4.688593442217967e-06,0.0021653160144002,276.3917752082212,1.8996562223674853,0.6416729342055147,1.040164718999904,0.02944279300004382,0.5109379440000339,1.0696075119999477,1.0696075119999477,True,3.0250186000102987e-07,True,,
w32_n10000,3,50,training,301042,302042,303042,304042,305042,10000,10000,50000,32,8129,8129,0.8129,0.0856364687586989,5.790122380822062,5.793249757767927,5.813444500087941,64.74641296794432,64.16628780655898,64.413532761353,0.999345830345216,-0.0031273769458649986,0.08563525179731711,5.8103171231420765,1.7127050359463421e-06,0.0013087035706936625,756.0719634618133,2.511837199293002,0.9210144373070996,1.972546034999823,0.02944279300004382,0.5109379440000339,2.0019888279998668,2.0019888279998668,True,3.0204981999759185e-07,True,,
w32_n10000,3,50,validation,301042,302042,303042,304042,305042,10000,10000,50000,32,8129,8129,0.8129,0.21510486784419292,5.635392762531766,5.66933678388924,5.813444500087941,60.65914045137112,59.90543641568433,60.175301399195135,0.9982447389365828,-0.033944021357474416,0.2139740686651428,5.779500478730467,4.279481373302856e-06,0.0020686907389222916,283.48827888251833,2.511837199293002,0.9210144373070996,1.972546034999823,0.02944279300004382,0.5109379440000339,2.0019888279998668,2.0019888279998668,True,3.0204981999759185e-07,True,,
w32_n10000,3,50,test,301042,302042,303042,304042,305042,10000,10000,50000,32,8129,8129,0.8129,0.23295494499870295,5.8085178957563945,5.837102061831951,5.813444500087941,64.79443323621241,63.639578929188254,64.10093481605075,0.9982328708395377,-0.02858416607555745,0.23214253329913387,5.784860334012384,4.642850665982678e-06,0.0021547275154837277,279.1148710034955,2.511837199293002,0.9210144373070996,1.972546034999823,0.02944279300004382,0.5109379440000339,2.0019888279998668,2.0019888279998668,True,3.0204981999759185e-07,True,,
w32_n10000,3,100,training,301042,302042,303042,304042,305042,10000,10000,50000,32,8129,8129,0.8129,0.0638455383743869,5.790122380822062,5.806053227823517,5.817329384524935,64.74641296794432,65.00149121374831,64.8421530376969,0.9995117648104758,-0.01593084700145597,0.06359810629883302,5.80139853752348,1.2719621259766603e-06,0.0011278129835999675,1018.0556739176427,3.3834544247044667,1.2188972067322643,3.6622287599998344,0.02944279300004382,0.5109379440000339,3.6916715529998783,3.6916715529998783,True,3.050169400012237e-07,True,,
w32_n10000,3,100,validation,301042,302042,303042,304042,305042,10000,10000,50000,32,8129,8129,0.8129,0.2160184693104582,5.635392762531766,5.6732281316213555,5.817329384524935,60.65914045137112,60.71802458234923,60.581278309361245,0.9982320055270898,-0.03783536908959048,0.2146084149978124,5.779494015435345,4.292168299956248e-06,0.0020717548841395904,282.6503352722187,3.3834544247044667,1.2188972067322643,3.6622287599998344,0.02944279300004382,0.5109379440000339,3.6916715529998783,3.6916715529998783,True,3.050169400012237e-07,True,,
w32_n10000,3,100,test,301042,302042,303042,304042,305042,10000,10000,50000,32,8129,8129,0.8129,0.22570050595531102,5.8085178957563945,5.842986659202006,5.817329384524935,64.79443323621241,64.60426015172175,64.58708824364717,0.9982659995137076,-0.034468763445611596,0.22451690063985427,5.782860621079324,4.490338012797085e-06,0.0021190417675914473,288.5949033304563,3.3834544247044667,1.2188972067322643,3.6622287599998344,0.02944279300004382,0.5109379440000339,3.6916715529998783,3.6916715529998783,True,3.050169400012237e-07,True,,
w32_n10000,3,200,training,301042,302042,303042,304042,305042,10000,10000,50000,32,8129,8129,0.8129,0.03474277649582052,5.790122380822062,5.80754567156809,5.8171614798018885,64.74641296794432,64.89779477794566,64.80488254809484,0.9997350109843197,-0.01742329074602871,0.03444264970036991,5.7997381890558595,6.888529940073981e-07,0.0008299716826539313,1879.8325195999355,3.1863483503003165,1.1588755433327322,6.87666521899996,0.02944279300004382,0.5109379440000339,6.906108012000004,6.906108012000004,True,3.0301824000162015e-07,True,,
w32_n10000,3,200,validation,301042,302042,303042,304042,305042,10000,10000,50000,32,8129,8129,0.8129,0.11070258857231033,5.635392762531766,5.668732619224106,5.8171614798018885,60.65914045137112,60.78297771987004,60.66625808425644,0.9990980154045076,-0.03333985669234008,0.10960200272831742,5.7838216231095485,2.1920400545663484e-06,0.0014805539688124672,553.4491974725464,3.1863483503003165,1.1588755433327322,6.87666521899996,0.02944279300004382,0.5109379440000339,6.906108012000004,6.906108012000004,True,3.0301824000162015e-07,True,,
w32_n10000,3,200,test,301042,302042,303042,304042,305042,10000,10000,50000,32,8129,8129,0.8129,0.12025607692219634,5.8085178957563945,5.84271741014491,5.8171614798018885,64.79443323621241,64.76604575347078,64.72069506888417,0.9990808482203256,-0.034199514388517004,0.11908885191482425,5.782961965413371,2.381777038296485e-06,0.0015433006960072573,544.0847921059416,3.1863483503003165,1.1588755433327322,6.87666521899996,0.02944279300004382,0.5109379440000339,6.906108012000004,6.906108012000004,True,3.0301824000162015e-07,True,,
w32_n20000,3,0,training,301042,302042,303042,304042,305042,20000,10000,50000,32,8129,8129,0.40645,91.0083200465149,5.811934649957468,0.7714388792047187,0.7736981709158628,65.31361458622776,1.4248885811690033,0.5667502428620723,0.058748854395035126,5.0404957707527505,65.60500268167262,5.814193941668613,0.0013121000536334524,0.036222921660648146,0.9955584470157143,0.9300555114088939,-0.07251100492921127,0.0,0.056962505999990753,0.5109379440000339,0.056962505999990753,0.0,True,3.0838761999802956e-07,True,,
w32_n20000,3,0,validation,301042,302042,303042,304042,305042,20000,10000,50000,32,8129,8129,0.40645,84.6427896433257,5.635392762531766,0.7802625931812773,0.7736981709158628,60.65914045137112,1.4126750855264896,0.49760359703746154,0.053754427661162445,4.855130169350488,61.07660834282269,5.628828340266351,0.0012215321668564538,0.034950424415970315,0.9931648481672669,0.9300555114088939,-0.07251100492921127,0.0,0.056962505999990753,0.5109379440000339,0.056962505999990753,0.0,True,3.0838761999802956e-07,True,,
w32_n20000,3,0,test,301042,302042,303042,304042,305042,20000,10000,50000,32,8129,8129,0.40645,90.36347726942465,5.8085178957563945,0.7810148599683173,0.7736981709158628,64.79443323621241,1.405738476337316,0.5555897190689681,0.05821475673726046,5.027503035788076,65.08899227441181,5.801201206703938,0.0013017798454882362,0.036080186328346975,0.9954745183800426,0.9300555114088939,-0.07251100492921127,0.0,0.056962505999990753,0.5109379440000339,0.056962505999990753,0.0,True,3.0838761999802956e-07,True,,
w32_n20000,3,10,training,301042,302042,303042,304042,305042,20000,10000,50000,32,8129,8129,0.40645,0.1468950116607955,5.811934649957468,5.845428285482985,5.828435136358364,65.31361458622776,65.750456250018,65.4591451795909,0.998893264380773,-0.03349363552551633,0.14578047706393252,5.794941500832848,2.9156095412786504e-06,0.0017075156049883265,448.02717004132353,1.2756786398548896,0.24347830355964742,0.7109613359998548,0.056962505999990753,0.5109379440000339,0.7679238419998455,0.7679238419998455,True,3.085395200014318e-07,True,,
w32_n20000,3,10,validation,301042,302042,303042,304042,305042,20000,10000,50000,32,8129,8129,0.40645,0.18739082867691176,5.635392762531766,5.685239850065297,5.828435136358364,60.65914045137112,61.180644155607574,60.82743000898925,0.9984913779408686,-0.04984708753353238,0.18492458900023617,5.778588048824831,3.6984917800047236e-06,0.0019231463230874356,328.0209558897203,1.2756786398548896,0.24347830355964742,0.7109613359998548,0.056962505999990753,0.5109379440000339,0.7679238419998455,0.7679238419998455,True,3.085395200014318e-07,True,,
w32_n20000,3,10,test,301042,302042,303042,304042,305042,20000,10000,50000,32,8129,8129,0.40645,0.20022037136212303,5.8085178957563945,5.853475047796464,5.828435136358364,64.79443323621241,64.8742778958797,64.73525397109289,0.9984716540851268,-0.04495715204007045,0.1982031899063672,5.783477984318294,3.964063798127344e-06,0.0019909956800875646,326.9091343424989,1.2756786398548896,0.24347830355964742,0.7109613359998548,0.056962505999990753,0.5109379440000339,0.7679238419998455,0.7679238419998455,True,3.085395200014318e-07,True,,
w32_n20000,3,25,training,301042,302042,303042,304042,305042,20000,10000,50000,32,8129,8129,0.40645,0.25633092956417786,5.811934649957468,6.040534281425551,6.01580124185431,65.31361458622776,69.44038275304398,67.2749569985239,0.9989540599092377,-0.22859963146808332,0.2040833422239455,5.7872016103862265,4.08166684447891e-06,0.0020203135510308565,320.0340305802988,1.1744650629122733,0.1608127783246955,1.799026122999976,0.056962505999990753,0.5109379440000339,1.8559886289999667,1.8559886289999667,True,3.0616629999713043e-07,True,,
w32_n20000,3,25,validation,301042,302042,303042,304042,305042,20000,10000,50000,32,8129,8129,0.40645,0.3010517213169536,5.635392762531766,5.868072744408063,6.01580124185431,60.65914045137112,64.60143106738367,62.50681753887986,0.9985232750944398,-0.23267998187629765,0.2469364409950989,5.783121259978012,4.938728819901978e-06,0.002222325093208007,245.6467753683024,1.1744650629122733,0.1608127783246955,1.799026122999976,0.056962505999990753,0.5109379440000339,1.8559886289999667,1.8559886289999667,True,3.0616629999713043e-07,True,,
w32_n20000,3,25,test,301042,302042,303042,304042,305042,20000,10000,50000,32,8129,8129,0.40645,0.3068482350760328,5.8085178957563945,6.041406679841697,6.01580124185431,64.79443323621241,68.67485392126873,66.60833552791792,0.9985294113201356,-0.2328887840853028,0.2526161016453348,5.782912457769006,5.0523220329066964e-06,0.0022477370915893824,256.49367880429804,1.1744650629122733,0.1608127783246955,1.799026122999976,0.056962505999990753,0.5109379440000339,1.8559886289999667,1.8559886289999667,True,3.0616629999713043e-07,True,,
w32_n20000,3,50,training,301042,302042,303042,304042,305042,20000,10000,50000,32,8129,8129,0.40645,0.12088548351087756,5.811934649957468,5.686655918930855,5.656727090718701,65.31361458622776,63.11676728724006,64.16259294530272,0.999327119300113,0.1252787310266129,0.10519598286238227,5.782005821745313,2.1039196572476453e-06,0.0014504894543731247,620.8755582584483,1.1468567505213265,0.13702493978221836,3.489657201,0.056962505999990753,0.5109379440000339,3.5466197069999907,3.5466197069999907,True,2.996507800025938e-07,True,,
w32_n20000,3,50,validation,301042,302042,303042,304042,305042,20000,10000,50000,32,8129,8129,0.40645,0.13863833280448445,5.635392762531766,5.515740593144894,5.656727090718701,60.65914045137112,58.90379191654891,59.71929912167106,0.9990677714770453,0.11965216938687168,0.1243341245779576,5.776379260105573,2.4866824915591522e-06,0.0015769218406627363,487.8720195060994,1.1468567505213265,0.13702493978221836,3.489657201,0.056962505999990753,0.5109379440000339,3.5466197069999907,3.5466197069999907,True,2.996507800025938e-07,True,,
w32_n20000,3,50,test,301042,302042,303042,304042,305042,20000,10000,50000,32,8129,8129,0.40645,0.16119452878835797,5.8085178957563945,5.680817333606064,5.656727090718701,64.79443323621241,62.55556297229687,63.60255310774732,0.999016665441846,0.12770056215032966,0.14488999301470806,5.784427652869032,2.8977998602941614e-06,0.0017022925307637819,447.19743501978775,1.1468567505213265,0.13702493978221836,3.489657201,0.056962505999990753,0.5109379440000339,3.5466197069999907,3.5466197069999907,True,2.996507800025938e-07,True,,
w32_n20000,3,100,training,301042,302042,303042,304042,305042,20000,10000,50000,32,8129,8129,0.40645,0.02935741561673412,5.811934649957468,5.75550784789394,5.726952859031687,65.31361458622776,64.02423807343452,64.65583895964981,0.9998473097611279,0.05642680206352927,0.02617474036263555,5.783379661095217,5.23494807252711e-07,0.0007235294100813808,2495.291784420638,1.1364677233461025,0.12792496385974772,6.714859110999896,0.056962505999990753,0.5109379440000339,6.771821616999887,6.771821616999887,True,3.0374792000202433e-07,True,,
w32_n20000,3,100,validation,301042,302042,303042,304042,305042,20000,10000,50000,32,8129,8129,0.40645,0.03336375528927514,5.635392762531766,5.582862899151177,5.726952859031687,60.65914045137112,59.48762266026139,60.05807784107355,0.9997927792310084,0.05252986338058854,0.03060742948544039,5.779482722412276,6.121485897088079e-07,0.000782399252114167,1981.8436723092343,1.1364677233461025,0.12792496385974772,6.714859110999896,0.056962505999990753,0.5109379440000339,6.771821616999887,6.771821616999887,True,3.0374792000202433e-07,True,,
w32_n20000,3,100,test,301042,302042,303042,304042,305042,20000,10000,50000,32,8129,8129,0.40645,0.03975205481265689,5.8085178957563945,5.75312886417564,5.726952859031687,64.79443323621241,63.375909655778266,64.06682902415031,0.9997750132887542,0.0553890315807537,0.03668484369007695,5.782341890612441,7.33696873801539e-07,0.0008565610741806675,1766.2453132855778,1.1364677233461025,0.12792496385974772,6.714859110999896,0.056962505999990753,0.5109379440000339,6.771821616999887,6.771821616999887,True,3.0374792000202433e-07,True,,
w32_n20000,3,200,training,301042,302042,303042,304042,305042,20000,10000,50000,32,8129,8129,0.40645,0.008907402270527403,5.811934649957468,5.806344169623156,5.777589893549376,65.31361458622776,65.22701132733869,65.26587466046821,0.9999322213498979,0.005590480334312497,0.00887659262979055,5.783180373883688,1.7753185259581102e-07,0.00042134528903953704,7357.960121660881,1.3497438439164153,0.29991482919933143,13.00470707999989,0.056962505999990753,0.5109379440000339,13.06166958599988,13.06166958599988,True,3.012570800001413e-07,True,,
w32_n20000,3,200,validation,301042,302042,303042,304042,305042,20000,10000,50000,32,8129,8129,0.40645,0.012022711379931461,5.635392762531766,5.632372803158655,5.777589893549376,60.65914045137112,60.58922791531867,60.618176786992684,0.9999010738134904,0.0030199593731105737,0.012014792704586698,5.780609852922486,2.40295854091734e-07,0.0004901998103750489,5048.704704510985,1.3497438439164153,0.29991482919933143,13.00470707999989,0.056962505999990753,0.5109379440000339,13.06166958599988,13.06166958599988,True,3.012570800001413e-07,True,,
w32_n20000,3,200,test,301042,302042,303042,304042,305042,20000,10000,50000,32,8129,8129,0.40645,0.01432343771507387,5.8085178957563945,5.80387335013801,5.777589893549376,64.79443323621241,64.61000478182811,64.6950679330433,0.9998904926145572,0.004644545618384757,0.014302151954111691,5.78223443916776,2.860430390822338e-07,0.0005348299160314743,4530.3974845257335,1.3497438439164153,0.29991482919933143,13.00470707999989,0.056962505999990753,0.5109379440000339,13.06166958599988,13.06166958599988,True,3.012570800001413e-07,True,,
w32_n5000,4,0,training,401042,402042,403042,404042,405042,5000,10000,50000,32,8129,8129,1.6258,115.71798336094048,5.911860749561952,-1.1776098745638404,-1.1933371208762855,65.19658087385093,0.8208293276438641,0.27346323707571135,0.037381791221244715,7.089470624125792,65.47048372734338,5.896133503249506,0.0013094096745468675,0.03618576618709168,0.9958163917860584,0.989380205124648,-0.010676587337682057,0.0,0.01372516700007509,0.5005918100000599,0.01372516700007509,0.0,True,3.0623800000284976e-07,True,,
w32_n5000,4,0,validation,401042,402042,403042,404042,405042,5000,10000,50000,32,8129,8129,1.6258,114.4890821142579,5.844682358346602,-1.1859459170717763,-1.1933371208762855,64.19858353072256,0.8133014970579127,-0.026984862420143273,-0.0037344934268048542,7.030628275418378,65.06585475262075,5.8372911545420925,0.0013013170950524151,0.03607377295283119,0.9866708702253195,0.989380205124648,-0.010676587337682057,0.0,0.01372516700007509,0.5005918100000599,0.01372516700007509,0.0,True,3.0623800000284976e-07,True,,
w32_n5000,4,0,test,401042,402042,403042,404042,405042,5000,10000,50000,32,8129,8129,1.6258,115.02537402187724,5.82762604590712,-1.1977286878888782,-1.1933371208762855,65.11251283542887,0.8225751161795316,0.13200482191742527,0.01803722753340587,7.025354733795997,65.67107830777356,5.832017612919712,0.0013134215661554712,0.036241158454931754,0.9914944982366984,0.989380205124648,-0.010676587337682057,0.0,0.01372516700007509,0.5005918100000599,0.01372516700007509,0.0,True,3.0623800000284976e-07,True,,
w32_n5000,4,10,training,401042,402042,403042,404042,405042,5000,10000,50000,32,8129,8129,1.6258,0.1035098632384731,5.911860749561952,5.918372370804395,5.86396442319283,65.19658087385093,64.91194291025835,65.00251781222505,0.9992069923441639,-0.006511621242444251,0.1034881596591999,5.857452801950386,2.069763193183998e-06,0.0014386671585825534,629.9907263647535,2.5686723243001093,0.9433891600899226,0.21929422099992735,0.01372516700007509,0.5005918100000599,0.23301938800000244,0.23301938800000244,True,3.0234695999752146e-07,True,,
w32_n5000,4,10,validation,401042,402042,403042,404042,405042,5000,10000,50000,32,8129,8129,1.6258,0.2658829209927551,5.844682358346602,5.931352761728185,5.86396442319283,64.19858353072256,63.086220676868486,63.51320360286021,0.9980080416367889,-0.08667040338158345,0.2583970018706158,5.777294019811247,5.1679400374123165e-06,0.0022733103697938645,248.4494133676829,2.5686723243001093,0.9433891600899226,0.21929422099992735,0.01372516700007509,0.5005918100000599,0.23301938800000244,0.23301938800000244,True,3.0234695999752146e-07,True,,
w32_n5000,4,10,test,401042,402042,403042,404042,405042,5000,10000,50000,32,8129,8129,1.6258,0.2682337112978031,5.82762604590712,5.906882327762242,5.86396442319283,65.11251283542887,63.84049382122432,64.34552463221056,0.9980171385086576,-0.07925628185512187,0.26195739223214926,5.784708141337709,5.239147844642985e-06,0.002288918487985753,248.5614636815651,2.5686723243001093,0.9433891600899226,0.21929422099992735,0.01372516700007509,0.5005918100000599,0.23301938800000244,0.23301938800000244,True,3.0234695999752146e-07,True,,
w32_n5000,4,25,training,401042,402042,403042,404042,405042,5000,10000,50000,32,8129,8129,1.6258,0.06187875736102801,5.911860749561952,5.920841056751628,5.8508453530145585,65.19658087385093,65.16089563710717,65.14783301870978,0.9995258761284096,-0.008980307189675829,0.06181047353851474,5.841865045824883,1.2362094707702947e-06,0.001111849572006166,1054.7820966494664,4.227193339564739,1.4415382597306845,0.5960739289998855,0.01372516700007509,0.5005918100000599,0.6097990959999606,0.6097990959999606,True,3.034125399972254e-07,True,,
w32_n5000,4,25,validation,401042,402042,403042,404042,405042,5000,10000,50000,32,8129,8129,1.6258,0.26157347097708017,5.844682358346602,5.9178985441191045,5.8508453530145585,64.19858353072256,63.310093587736866,63.62621931674645,0.9980146522817089,-0.073216185772504,0.25623848496650303,5.777629167242054,5.124769699330061e-06,0.002263795419054041,250.5423162298004,4.227193339564739,1.4415382597306845,0.5960739289998855,0.01372516700007509,0.5005918100000599,0.6097990959999606,0.6097990959999606,True,3.034125399972254e-07,True,,
w32_n5000,4,25,test,401042,402042,403042,404042,405042,5000,10000,50000,32,8129,8129,1.6258,0.2645150711302629,5.82762604590712,5.893146240845853,5.8508453530145585,65.11251283542887,64.03286000117483,64.44257272843532,0.9980198802860157,-0.0655201949387335,0.2602273797330479,5.785325158075826,5.204547594660958e-06,0.0022813477583790154,250.21392023477318,4.227193339564739,1.4415382597306845,0.5960739289998855,0.01372516700007509,0.5005918100000599,0.6097990959999606,0.6097990959999606,True,3.034125399972254e-07,True,,
w32_n5000,4,50,training,401042,402042,403042,404042,405042,5000,10000,50000,32,8129,8129,1.6258,0.056024852202424494,5.911860749561952,5.920064585906001,5.839251188102995,65.19658087385093,65.60264333098948,65.37162773091009,0.9995769187175522,-0.008203836344048563,0.05596874302026865,5.831047351758947,1.119374860405373e-06,0.0010580051325042676,1164.8748454157796,5.618716519592626,1.726103260526848,1.133509043999993,0.01372516700007509,0.5005918100000599,1.1472342110000682,1.1472342110000682,True,2.986743199971897e-07,True,,
w32_n5000,4,50,validation,401042,402042,403042,404042,405042,5000,10000,50000,32,8129,8129,1.6258,0.3147877625774978,5.844682358346602,5.9093484580660895,5.839251188102995,64.19858353072256,63.78872101094946,63.838333709917656,0.997578021935022,-0.06466609971948799,0.3106371218367508,5.774585088383508,6.212742436735016e-06,0.002492537349115358,206.66745542556518,5.618716519592626,1.726103260526848,1.133509043999993,0.01372516700007509,0.5005918100000599,1.1472342110000682,1.1472342110000682,True,2.986743199971897e-07,True,,
w32_n5000,4,50,test,401042,402042,403042,404042,405042,5000,10000,50000,32,8129,8129,1.6258,0.31969808959381,5.82762604590712,5.885076570708619,5.839251188102995,65.11251283542887,64.54157347586838,64.66884122821314,0.9975693028203201,-0.05745052480150073,0.3164038548709396,5.781800663301495,6.3280770974187916e-06,0.0025155669534756555,205.78925266883402,5.618716519592626,1.726103260526848,1.133509043999993,0.01372516700007509,0.5005918100000599,1.1472342110000682,1.1472342110000682,True,2.986743199971897e-07,True,,
w32_n5000,4,100,training,401042,402042,403042,404042,405042,5000,10000,50000,32,8129,8129,1.6258,0.030741372211346096,5.911860749561952,5.868340240927991,5.788216458521163,65.19658087385093,64.5398352460698,64.85378150587975,0.9997904121819136,0.04352050863396074,0.028853108161219686,5.831736967155123,5.770621632243938e-07,0.0007596460776074565,2259.603385172869,11.663802801173487,2.456490268502455,2.0495926260000488,0.01372516700007509,0.5005918100000599,2.063317793000124,2.063317793000124,True,3.0273928000042363e-07,True,,
w32_n5000,4,100,validation,401042,402042,403042,404042,405042,5000,10000,50000,32,8129,8129,1.6258,0.3585613033106154,5.844682358346602,5.854695771463623,5.788216458521163,64.19858353072256,63.023043396943955,63.43156502155485,0.9972246794972146,-0.01001341311702133,0.35849688455681894,5.77820304540414,7.1699376911363784e-06,0.002677673932938135,179.07710302723032,11.663802801173487,2.456490268502455,2.0495926260000488,0.01372516700007509,0.5005918100000599,2.063317793000124,2.063317793000124,True,3.0273928000042363e-07,True,,
w32_n5000,4,100,test,401042,402042,403042,404042,405042,5000,10000,50000,32,8129,8129,1.6258,0.36326462089610473,5.82762604590712,5.831536358475354,5.788216458521163,65.11251283542887,63.802312228989024,64.27578423446711,0.9972337017249275,-0.003910312568234696,0.36325659548363315,5.784306145952928,7.265131909672663e-06,0.002695390863988498,179.24660871949007,11.663802801173487,2.456490268502455,2.0495926260000488,0.01372516700007509,0.5005918100000599,2.063317793000124,2.063317793000124,True,3.0273928000042363e-07,True,,
w32_n5000,4,200,training,401042,402042,403042,404042,405042,5000,10000,50000,32,8129,8129,1.6258,0.0397280680496789,5.911860749561952,5.901723977924947,5.815421949388634,65.19658087385093,65.58390388424931,65.37042575877084,0.9997013326755997,0.010136771637005187,0.039633240558569816,5.825558721025639,7.926648111713964e-07,0.0008903172531021717,1644.9974807763633,8.903209911583671,2.1864118759372717,3.713919639000096,0.01372516700007509,0.5005918100000599,3.7276448060001712,3.7276448060001712,True,3.0344759999934467e-07,True,,
w32_n5000,4,200,validation,401042,402042,403042,404042,405042,5000,10000,50000,32,8129,8129,1.6258,0.3537073292279717,5.844682358346602,5.884921531618917,5.815421949388634,64.19858353072256,64.18458437108946,64.0155222756573,0.9972572526827526,-0.040239173272315694,0.3521233504973819,5.775182776116319,7.0424670099476384e-06,0.002653764686242478,182.31845016821708,8.903209911583671,2.1864118759372717,3.713919639000096,0.01372516700007509,0.5005918100000599,3.7276448060001712,3.7276448060001712,True,3.0344759999934467e-07,True,,
w32_n5000,4,200,test,401042,402042,403042,404042,405042,5000,10000,50000,32,8129,8129,1.6258,0.35341245466070975,5.82762604590712,5.857814947125297,5.815421949388634,65.11251283542887,64.84505888908654,64.80253179472442,0.9972896256476893,-0.030188901218176824,0.3525081350666502,5.785233048170457,7.050162701333003e-06,0.0026552142477271026,184.7120856462441,8.903209911583671,2.1864118759372717,3.713919639000096,0.01372516700007509,0.5005918100000599,3.7276448060001712,3.7276448060001712,True,3.0344759999934467e-07,True,,
w16_n5000,4,0,training,401042,402042,403042,404042,570042,5000,10000,50000,16,4065,4065,0.813,97.09050715104844,5.911860749561952,0.3026800344473227,0.30122789270659667,65.19658087385093,1.1916627959937809,0.37375833410490256,0.04240350779799874,5.609180715114629,65.6407270016349,5.910408607821227,0.001312814540032698,0.03623278267029319,0.9932336805505992,0.9848988260967434,-0.015216357708151806,0.0,0.01372516700007509,0.5005918100000599,0.01372516700007509,0.0,True,2.0189859999845793e-07,True,,
w16_n5000,4,0,validation,401042,402042,403042,404042,570042,5000,10000,50000,16,4065,4065,0.813,95.62432651820508,5.844682358346602,0.2798964962815333,0.30122789270659667,64.19858353072256,1.1873576318254324,0.36099496992994473,0.04134734744722143,5.564785862065069,64.66395122268808,5.866013754771665,0.0012932790244537618,0.03596218881622421,0.992803290192353,0.9848988260967434,-0.015216357708151806,0.0,0.01372516700007509,0.5005918100000599,0.01372516700007509,0.0,True,2.0189859999845793e-07,True,,
w16_n5000,4,0,test,401042,402042,403042,404042,570042,5000,10000,50000,16,4065,4065,0.813,96.38048731071237,5.82762604590712,0.30473406928302915,0.30122789270659667,65.11251283542887,1.2015762277420625,0.2173099742675073,0.024568111167564164,5.5228919766240905,65.87946911463591,5.824119869330686,0.0013175893822927182,0.03629861405470901,0.988358189743872,0.9848988260967434,-0.015216357708151806,0.0,0.01372516700007509,0.5005918100000599,0.01372516700007509,0.0,True,2.0189859999845793e-07,True,,
w16_n5000,4,10,training,401042,402042,403042,404042,570042,5000,10000,50000,16,4065,4065,0.813,0.11841888440854711,5.911860749561952,5.914486372218204,5.841765292171331,65.19658087385093,64.7535033501374,64.91582427316928,0.9990944138118745,-0.002625622656252028,0.11843567764974404,5.839139669515079,2.3687135529948808e-06,0.0015390625565567114,550.4809206788191,2.3097053682711772,0.8371199701960399,0.19242438900005254,0.01372516700007509,0.5005918100000599,0.20614955600012763,0.20614955600012763,True,1.9840307999857032e-07,True,,
w16_n5000,4,10,validation,401042,402042,403042,404042,570042,5000,10000,50000,16,4065,4065,0.813,0.2735127330231053,5.844682358346602,5.909620917956307,5.841765292171331,64.19858353072256,62.981693237922585,63.45547705994067,0.9979280369481474,-0.0649385596097057,0.26932264876379836,5.776826732561625,5.386452975275967e-06,0.0023208733216778478,238.37053372747002,2.3097053682711772,0.8371199701960399,0.19242438900005254,0.01372516700007509,0.5005918100000599,0.20614955600012763,0.20614955600012763,True,1.9840307999857032e-07,True,,
w16_n5000,4,10,test,401042,402042,403042,404042,570042,5000,10000,50000,16,4065,4065,0.813,0.27694340963463654,5.82762604590712,5.884985785339903,5.841765292171331,65.11251283542887,63.725958793638654,64.28240644298292,0.9979337466265437,-0.0573597394327832,0.2736587431017018,5.784405552738548,5.4731748620340355e-06,0.0023394817507375507,237.9332452434404,2.3097053682711772,0.8371199701960399,0.19242438900005254,0.01372516700007509,0.5005918100000599,0.20614955600012763,0.20614955600012763,True,1.9840307999857032e-07,True,,
w16_n5000,4,25,training,401042,402042,403042,404042,570042,5000,10000,50000,16,4065,4065,0.813,0.0751600447796583,5.911860749561952,5.918274271384512,5.831881483385369,65.19658087385093,65.02269381578425,65.07207037566502,0.9994239108910032,-0.006413521822559545,0.07513393830515089,5.8254679615628095,1.5026787661030177e-06,0.0012258379852586629,867.7381000455464,3.213573640582826,1.1673836015718724,0.5301099910000175,0.01372516700007509,0.5005918100000599,0.5438351580000926,0.5438351580000926,True,1.9843433999994886e-07,True,,
w16_n5000,4,25,validation,401042,402042,403042,404042,570042,5000,10000,50000,16,4065,4065,0.813,0.2415323387289348,5.844682358346602,5.900931184474643,5.831881483385369,64.19858353072256,63.277992353379574,63.61909181829461,0.9981559416783897,-0.05624882612804129,0.2383922475129035,5.7756326572573276,4.76784495025807e-06,0.002183539546300472,269.2981177051392,3.213573640582826,1.1673836015718724,0.5301099910000175,0.01372516700007509,0.5005918100000599,0.5438351580000926,0.5438351580000926,True,1.9843433999994886e-07,True,,
w16_n5000,4,25,test,401042,402042,403042,404042,570042,5000,10000,50000,16,4065,4065,0.813,0.24333342633158675,5.82762604590712,5.874702790373204,5.831881483385369,65.11251283542887,64.07449239878937,64.47294160265778,0.9981657647998937,-0.04707674446608491,0.24112202890263976,5.784804738919283,4.822440578052795e-06,0.0021960055960886793,270.03966884220273,3.213573640582826,1.1673836015718724,0.5301099910000175,0.01372516700007509,0.5005918100000599,0.5438351580000926,0.5438351580000926,True,1.9843433999994886e-07,True,,
w16_n5000,4,50,training,401042,402042,403042,404042,570042,5000,10000,50000,16,4065,4065,0.813,0.07604962322635181,5.911860749561952,5.958970499693898,5.863036117767775,65.19658087385093,66.00742745387316,65.56508163202125,0.9994562599942027,-0.047109750131945925,0.07384506368159378,5.8159263676358295,1.4769012736318756e-06,0.0012152782700401894,882.8833996943451,3.7337247427977585,1.3174063259582478,0.980524596000123,0.01372516700007509,0.5005918100000599,0.9942497630001981,0.9942497630001981,True,1.9532736000201112e-07,True,,
w16_n5000,4,50,validation,401042,402042,403042,404042,570042,5000,10000,50000,16,4065,4065,0.813,0.28394835992067685,5.844682358346602,5.9343533477809896,5.863036117767775,64.19858353072256,64.17783690371114,64.05024268367622,0.9978505913052989,-0.08967098943438848,0.2759350670812428,5.773365128333387,5.518701341624856e-06,0.002349191635781308,232.6582996854863,3.7337247427977585,1.3174063259582478,0.980524596000123,0.01372516700007509,0.5005918100000599,0.9942497630001981,0.9942497630001981,True,1.9532736000201112e-07,True,,
w16_n5000,4,50,test,401042,402042,403042,404042,570042,5000,10000,50000,16,4065,4065,0.813,0.2783200596396822,5.82762604590712,5.90549518308731,5.863036117767775,65.11251283542887,65.01780069819857,64.92902581563746,0.997908039256086,-0.0778691371801913,0.27226190235254183,5.785166980587584,5.445238047050837e-06,0.002333503384838093,239.15396268375844,3.7337247427977585,1.3174063259582478,0.980524596000123,0.01372516700007509,0.5005918100000599,0.9942497630001981,0.9942497630001981,True,1.9532736000201112e-07,True,,
w16_n5000,4,100,training,401042,402042,403042,404042,570042,5000,10000,50000,16,4065,4065,0.813,0.06962042400486966,5.911860749561952,5.92364857194351,5.827649660551458,65.19658087385093,65.76853761335826,65.44781155844336,0.9994788911854712,-0.011787822381559265,0.06949537032243497,5.8158618381699,1.3899074064486994e-06,0.0011789433431885943,938.1427938488692,4.506415657057011,1.5055020829969583,1.7716706310000063,0.01372516700007509,0.5005918100000599,1.7853957980000814,1.7853957980000814,True,1.9891911999820876e-07,True,,
w16_n5000,4,100,validation,401042,402042,403042,404042,570042,5000,10000,50000,16,4065,4065,0.813,0.3137385687864924,5.844682358346602,5.89813735310722,5.827649660551458,64.19858353072256,63.89525046386182,63.891460885520175,0.997575574642297,-0.05345499476061791,0.31091222354398906,5.77419466579084,6.2182444708797816e-06,0.0024936408063070716,206.4845916926116,4.506415657057011,1.5055020829969583,1.7716706310000063,0.01372516700007509,0.5005918100000599,1.7853957980000814,1.7853957980000814,True,1.9891911999820876e-07,True,,
w16_n5000,4,100,test,401042,402042,403042,404042,570042,5000,10000,50000,16,4065,4065,0.813,0.3124217537300908,5.82762604590712,5.870901688036743,5.827649660551458,65.11251283542887,64.78520291049625,64.79358028114653,0.9976123999103107,-0.043275642129623704,0.31055518363203216,5.784374018421834,6.2111036726406435e-06,0.0024922085933245324,209.6648720331096,4.506415657057011,1.5055020829969583,1.7716706310000063,0.01372516700007509,0.5005918100000599,1.7853957980000814,1.7853957980000814,True,1.9891911999820876e-07,True,,
w16_n5000,4,200,training,401042,402042,403042,404042,570042,5000,10000,50000,16,4065,4065,0.813,0.04998383453094392,5.911860749561952,5.901102120238033,5.803892668316805,65.19658087385093,65.53494232907622,65.34082257044436,0.9996218176811571,0.010758629323919246,0.04987806203842208,5.814651297640724,9.975612407684416e-07,0.0009987798760329734,1307.1193668997944,6.687718902072229,1.9002728447065578,3.2382161049999922,0.01372516700007509,0.5005918100000599,3.2519412720000673,3.2519412720000673,True,1.9921415999760938e-07,True,,
w16_n5000,4,200,validation,401042,402042,403042,404042,570042,5000,10000,50000,16,4065,4065,0.813,0.33427783499064423,5.844682358346602,5.875594586281422,5.803892668316805,64.19858353072256,63.69498943098496,63.780108678496156,0.997401224369411,-0.03091222793482069,0.33335560471522147,5.772980440381985,6.66711209430443e-06,0.0025820751527220174,192.5828833313483,6.687718902072229,1.9002728447065578,3.2382161049999922,0.01372516700007509,0.5005918100000599,3.2519412720000673,3.2519412720000673,True,1.9921415999760938e-07,True,,
w16_n5000,4,200,test,401042,402042,403042,404042,570042,5000,10000,50000,16,4065,4065,0.813,0.32622084886602964,5.82762604590712,5.846489047037751,5.803892668316805,65.11251283542887,64.62492427054018,64.70578277624178,0.9974952673086971,-0.01886300113063129,0.3258715534854452,5.785029667186174,6.517431069708904e-06,0.002552925982027075,199.81036128806213,6.687718902072229,1.9002728447065578,3.2382161049999922,0.01372516700007509,0.5005918100000599,3.2519412720000673,3.2519412720000673,True,1.9921415999760938e-07,True,,
w8_n5000,4,0,training,401042,402042,403042,404042,490042,5000,10000,50000,8,2033,2033,0.4066,88.9360544523907,5.911860749561952,1.1742600155949712,1.1993359109847945,65.19658087385093,1.401435373377484,0.04676080519740276,0.004891961528918787,4.73760073396698,66.50449463683361,5.936936644951775,0.0013300898927366724,0.03647039748531228,0.9803334530977957,0.9814508611244278,-0.018723331598462973,0.0,0.01372516700007509,0.5005918100000599,0.01372516700007509,0.0,True,1.5879671999755375e-07,True,,
w8_n5000,4,0,validation,401042,402042,403042,404042,490042,5000,10000,50000,8,2033,2033,0.4066,87.28636722730786,5.844682358346602,1.2090736697202062,1.1993359109847945,64.19858353072256,1.4663572530438123,-0.06956946872254428,-0.007170279220216349,4.6356086886263945,65.80407972121145,5.834944599611189,0.001316081594424229,0.036277838888558796,0.9756018745753939,0.9814508611244278,-0.018723331598462973,0.0,0.01372516700007509,0.5005918100000599,0.01372516700007509,0.0,True,1.5879671999755375e-07,True,,
w8_n5000,4,0,test,401042,402042,403042,404042,490042,5000,10000,50000,8,2033,2033,0.4066,87.90831216922568,5.82762604590712,1.2044185536160206,1.1993359109847945,65.11251283542887,1.4593743456974713,0.018145908384959636,0.0018615003923414936,4.623207492291098,66.53559536435642,5.822543403275893,0.0013307119072871285,0.0364789241519967,0.9786117112030848,0.9814508611244278,-0.018723331598462973,0.0,0.01372516700007509,0.5005918100000599,0.01372516700007509,0.0,True,1.5879671999755375e-07,True,,
w8_n5000,4,10,training,401042,402042,403042,404042,490042,5000,10000,50000,8,2033,2033,0.4066,0.13175162873019497,5.911860749561952,5.947624618164926,5.862811899849612,65.19658087385093,65.23253899236872,65.14931059602603,0.9989995046919146,-0.035763868602973946,0.13049867416757768,5.827048031246639,2.6099734833515535e-06,0.001615541235422839,499.5957337476842,1.7937718295703464,0.5843205702470579,0.17037582499983728,0.01372516700007509,0.5005918100000599,0.18410099199991237,0.18410099199991237,True,1.5253102000315265e-07,True,,
w8_n5000,4,10,validation,401042,402042,403042,404042,490042,5000,10000,50000,8,2033,2033,0.4066,0.23633236011623485,5.844682358346602,5.93014441987881,5.862811899849612,64.19858353072256,63.817821193865086,63.89367661164129,0.9982151798761645,-0.08546206153220856,0.2290515013050303,5.777349838317404,4.581030026100606e-06,0.002140334092168932,280.2801254955698,1.7937718295703464,0.5843205702470579,0.17037582499983728,0.01372516700007509,0.5005918100000599,0.18410099199991237,0.18410099199991237,True,1.5253102000315265e-07,True,,
w8_n5000,4,10,test,401042,402042,403042,404042,490042,5000,10000,50000,8,2033,2033,0.4066,0.24694391516526165,5.82762604590712,5.903869510663119,5.862811899849612,65.11251283542887,64.55326047890114,64.71231882118465,0.9981496129950339,-0.07624346475600043,0.24113567196070138,5.786568435093612,4.822713439214027e-06,0.0021960677219097836,270.0243904437352,1.7937718295703464,0.5843205702470579,0.17037582499983728,0.01372516700007509,0.5005918100000599,0.18410099199991237,0.18410099199991237,True,1.5253102000315265e-07,True,,
w8_n5000,4,25,training,401042,402042,403042,404042,490042,5000,10000,50000,8,2033,2033,0.4066,0.09873241824257974,5.911860749561952,5.914404690566723,5.815819175435194,65.19658087385093,64.98055738604273,65.0391962820739,0.9992428271837237,-0.002543941004771364,0.0987456957458933,5.813275234430423,1.974913914917866e-06,0.0014053163042240227,660.2473189476957,2.074671017226354,0.7298025951979193,0.47655673899998874,0.01372516700007509,0.5005918100000599,0.4902819060000638,0.4902819060000638,True,1.562082800001008e-07,True,,
w8_n5000,4,25,validation,401042,402042,403042,404042,490042,5000,10000,50000,8,2033,2033,0.4066,0.20483728658855074,5.844682358346602,5.880088642083431,5.815819175435194,64.19858353072256,63.63079666740189,63.812888078029864,0.9984170693282088,-0.03540628373682966,0.20360404206470437,5.780412891698364,4.072080841294087e-06,0.002017939751651195,315.3109480523995,2.074671017226354,0.7298025951979193,0.47655673899998874,0.01372516700007509,0.5005918100000599,0.4902819060000638,0.4902819060000638,True,1.562082800001008e-07,True,,
w8_n5000,4,25,test,401042,402042,403042,404042,490042,5000,10000,50000,8,2033,2033,0.4066,0.21398353362567496,5.82762604590712,5.8577010503996885,5.815819175435194,65.11251283542887,64.31794176601656,64.60868565602459,0.9983724981248593,-0.030075004492569925,0.21308328939623483,5.785744170942623,4.2616657879246964e-06,0.0020643802430571497,305.5730602804342,2.074671017226354,0.7298025951979193,0.47655673899998874,0.01372516700007509,0.5005918100000599,0.4902819060000638,0.4902819060000638,True,1.562082800001008e-07,True,,
w8_n5000,4,50,training,401042,402042,403042,404042,490042,5000,10000,50000,8,2033,2033,0.4066,0.10724297682053843,5.911860749561952,5.914550974629888,5.809435179355031,65.19658087385093,65.2673686406231,65.1783461617631,0.9991780257845583,-0.0026902250679359716,0.10725719094781179,5.806744954287095,2.1451438189562358e-06,0.0014646309497468076,607.8527723663179,2.264067170496173,0.8171628288478949,0.8919023949999882,0.01372516700007509,0.5005918100000599,0.9056275620000633,0.9056275620000633,True,1.5248493999933998e-07,True,,
w8_n5000,4,50,validation,401042,402042,403042,404042,490042,5000,10000,50000,8,2033,2033,0.4066,0.24280530308566312,5.844682358346602,5.873434622800962,5.809435179355031,64.19858353072256,63.8128276983867,63.88470420922688,0.9981140534624094,-0.028752264454360948,0.24200281065547508,5.7806829149006695,4.840056213109502e-06,0.00220001277566961,265.2803219798891,2.264067170496173,0.8171628288478949,0.8919023949999882,0.01372516700007509,0.5005918100000599,0.9056275620000633,0.9056275620000633,True,1.5248493999933998e-07,True,,
w8_n5000,4,50,test,401042,402042,403042,404042,490042,5000,10000,50000,8,2033,2033,0.4066,0.2461686621604874,5.82762604590712,5.850717439128529,5.809435179355031,65.11251283542887,64.59595113689973,64.73141180490092,0.998114126929051,-0.023091393221408244,0.24564036252683213,5.7863437861336235,4.912807250536642e-06,0.0022164853373159593,265.0725319146865,2.264067170496173,0.8171628288478949,0.8919023949999882,0.01372516700007509,0.5005918100000599,0.9056275620000633,0.9056275620000633,True,1.5248493999933998e-07,True,,
w8_n5000,4,100,training,401042,402042,403042,404042,490042,5000,10000,50000,8,2033,2033,0.4066,0.11216087722694479,5.911860749561952,5.940322367164116,5.83009050337224,65.19658087385093,65.65201514246472,65.36861146407381,0.9991548922792877,-0.028461617602163505,0.11137308816804654,5.801628885770077,2.227461763360931e-06,0.001492468345848893,585.3890014747399,2.4684718681899622,0.9035992823342249,1.6422363379999751,0.01372516700007509,0.5005918100000599,1.6559615050000502,1.6559615050000502,True,1.6280094000194367e-07,True,,
w8_n5000,4,100,validation,401042,402042,403042,404042,490042,5000,10000,50000,8,2033,2033,0.4066,0.2768659701462214,5.844682358346602,5.888980594161938,5.83009050337224,64.19858353072256,64.36810251056492,64.14587745586232,0.997862435293539,-0.04429823581533766,0.27493112956282645,5.785792267556902,5.498622591256529e-06,0.0023449141969924033,233.5078738912033,2.4684718681899622,0.9035992823342249,1.6422363379999751,0.01372516700007509,0.5005918100000599,1.6559615050000502,1.6559615050000502,True,1.6280094000194367e-07,True,,
w8_n5000,4,100,test,401042,402042,403042,404042,490042,5000,10000,50000,8,2033,2033,0.4066,0.2798930233489449,5.82762604590712,5.870762594576606,5.83009050337224,65.11251283542887,65.15004706130902,64.99226103723178,0.9978655998590302,-0.043136548669487566,0.2780378222742753,5.786953954702752,5.560756445485506e-06,0.0023581256212266356,234.18581077504444,2.4684718681899622,0.9035992823342249,1.6422363379999751,0.01372516700007509,0.5005918100000599,1.6559615050000502,1.6559615050000502,True,1.6280094000194367e-07,True,,
w8_n5000,4,200,training,401042,402042,403042,404042,490042,5000,10000,50000,8,2033,2033,0.4066,0.09033052980911964,5.911860749561952,5.8789152701995695,5.763336772888671,65.19658087385093,64.34050987380071,64.72391388492868,0.9993327310478398,0.03294547936238222,0.08926297779426126,5.796282252251053,1.7852595558852253e-06,0.0013361360544065957,730.387698068061,3.2860140725647344,1.189675302187992,2.994753825999851,0.01372516700007509,0.5005918100000599,3.008478992999926,3.008478992999926,True,1.5543263999916234e-07,True,,
w8_n5000,4,200,validation,401042,402042,403042,404042,490042,5000,10000,50000,8,2033,2033,0.4066,0.29682739213499537,5.844682358346602,5.832122458706037,5.763336772888671,64.19858353072256,63.15219858148454,63.52704140060997,0.9977038989193935,0.012559899640564491,0.296699310987113,5.775896672529235,5.9339862197422596e-06,0.0024359774670021602,216.37591040280844,3.2860140725647344,1.189675302187992,2.994753825999851,0.01372516700007509,0.5005918100000599,3.008478992999926,3.008478992999926,True,1.5543263999916234e-07,True,,
w8_n5000,4,200,test,401042,402042,403042,404042,490042,5000,10000,50000,8,2033,2033,0.4066,0.30210426224339076,5.82762604590712,5.8064533848626425,5.763336772888671,65.11251283542887,63.86240432549679,64.33662757350885,0.9977079471448281,0.021172661044476876,0.30166201390796465,5.784509433933147,6.033240278159293e-06,0.002456265514589026,215.84591308634015,3.2860140725647344,1.189675302187992,2.994753825999851,0.01372516700007509,0.5005918100000599,3.008478992999926,3.008478992999926,True,1.5543263999916234e-07,True,,
w32_n10000,4,0,training,401042,402042,403042,404042,405042,10000,10000,50000,32,8129,8129,0.8129,114.8366582970782,5.891518189219299,-1.1838635240741304,-1.1933371208762855,64.10458677711038,0.8311910883946606,0.07683387311099553,0.010525863515043844,7.07538171329343,64.78211011928305,5.882044592417143,0.001295642202385661,0.0359950302456556,0.9895415055032146,0.9969732993978183,-0.0030312903239313694,0.0,0.030989890999990166,0.5005918100000599,0.030989890999990166,0.0,True,3.094690599982641e-07,True,,
w32_n10000,4,0,validation,401042,402042,403042,404042,405042,10000,10000,50000,32,8129,8129,0.8129,114.4890821142579,5.844682358346602,-1.1859459170717763,-1.1933371208762855,64.19858353072256,0.8133014970579127,-0.026984862420143273,-0.0037344934268048542,7.030628275418378,65.06585475262075,5.8372911545420925,0.0013013170950524151,0.03607377295283119,0.9866708702253195,0.9969732993978183,-0.0030312903239313694,0.0,0.030989890999990166,0.5005918100000599,0.030989890999990166,0.0,True,3.094690599982641e-07,True,,
w32_n10000,4,0,test,401042,402042,403042,404042,405042,10000,10000,50000,32,8129,8129,0.8129,115.02537402187724,5.82762604590712,-1.1977286878888782,-1.1933371208762855,65.11251283542887,0.8225751161795316,0.13200482191742527,0.01803722753340587,7.025354733795997,65.67107830777356,5.832017612919712,0.0013134215661554712,0.036241158454931754,0.9914944982366984,0.9969732993978183,-0.0030312903239313694,0.0,0.030989890999990166,0.5005918100000599,0.030989890999990166,0.0,True,3.094690599982641e-07,True,,
w32_n10000,4,10,training,401042,402042,403042,404042,405042,10000,10000,50000,32,8129,8129,0.8129,0.11871087519546447,5.891518189219299,5.900581408027042,5.8186957584510965,64.10458677711038,64.0981372983138,64.04204173905207,0.9990745872515645,-0.009063218807743405,0.11864059732003945,5.809632539643353,2.372811946400789e-06,0.0015403934388333357,540.3258937089197,1.7019461854228666,0.5317724112158606,0.3765069809999204,0.030989890999990166,0.5005918100000599,0.4074968719999106,0.4074968719999106,True,3.026614000009431e-07,True,,
w32_n10000,4,10,validation,401042,402042,403042,404042,405042,10000,10000,50000,32,8129,8129,0.8129,0.20203952120713076,5.844682358346602,5.8834904767759655,5.8186957584510965,64.19858353072256,63.88386677019267,63.94094839720673,0.9984371983996794,-0.0388081184293639,0.20055350650175335,5.779887640021733,4.0110701300350675e-06,0.002002765620344794,320.10701109412565,1.7019461854228666,0.5317724112158606,0.3765069809999204,0.030989890999990166,0.5005918100000599,0.4074968719999106,0.4074968719999106,True,3.026614000009431e-07,True,,
w32_n10000,4,10,test,401042,402042,403042,404042,405042,10000,10000,50000,32,8129,8129,0.8129,0.20876644907043374,5.82762604590712,5.860031737549165,5.8186957584510965,65.11251283542887,64.62389708942584,64.76434472511279,0.9984059847101338,-0.032405691642047006,0.20772047462912688,5.786290066809049,4.154409492582537e-06,0.002038236858802857,313.46218013262086,1.7019461854228666,0.5317724112158606,0.3765069809999204,0.030989890999990166,0.5005918100000599,0.4074968719999106,0.4074968719999106,True,3.026614000009431e-07,True,,
w32_n10000,4,25,training,401042,402042,403042,404042,405042,10000,10000,50000,32,8129,8129,0.8129,0.1074820638856502,5.891518189219299,5.954771447874347,5.863963132511545,64.10458677711038,65.2373197975455,64.61920756817845,0.9992381813701179,-0.06325325865504806,0.10349143829899769,5.800709873856497,2.0698287659799537e-06,0.0014386899478275206,619.4192276264,2.059710363969374,0.7225653729015141,0.996233403999895,0.030989890999990166,0.5005918100000599,1.0272232949998852,1.0272232949998852,True,3.093592599998374e-07,True,,
w32_n10000,4,25,validation,401042,402042,403042,404042,405042,10000,10000,50000,32,8129,8129,0.8129,0.22138192092609207,5.844682358346602,5.933138272315662,5.863963132511545,64.19858353072256,65.0893145351553,64.5371596178924,0.9983717313037789,-0.08845591396906102,0.21357883009299944,5.775507218542484,4.271576601859988e-06,0.0020667792823279383,300.5849573329357,2.059710363969374,0.7225653729015141,0.996233403999895,0.030989890999990166,0.5005918100000599,1.0272232949998852,1.0272232949998852,True,3.093592599998374e-07,True,,
w32_n10000,4,25,test,401042,402042,403042,404042,405042,10000,10000,50000,32,8129,8129,0.8129,0.22451342104855734,5.82762604590712,5.906425941324138,5.863963132511545,65.11251283542887,65.74067654008314,65.31744050590693,0.9983431577241827,-0.07879989541701896,0.2183083636980982,5.785163237094525,4.366167273961964e-06,0.002089537574192425,298.2593599825333,2.059710363969374,0.7225653729015141,0.996233403999895,0.030989890999990166,0.5005918100000599,1.0272232949998852,1.0272232949998852,True,3.093592599998374e-07,True,,
w32_n10000,4,50,training,401042,402042,403042,404042,405042,10000,10000,50000,32,8129,8129,0.8129,0.07303170977395211,5.891518189219299,5.898863931501945,5.808221243338747,64.10458677711038,64.26919546819214,64.15039859847671,0.9994322861623707,-0.007345742282645568,0.07298504834910399,5.800875501056101,1.45970096698208e-06,0.0012081808502794936,878.3249203382541,3.0334629610026846,1.1097048583380957,1.9387382610000259,0.030989890999990166,0.5005918100000599,1.969728152000016,1.969728152000016,True,3.031246400041709e-07,True,,
w32_n10000,4,50,validation,401042,402042,403042,404042,405042,10000,10000,50000,32,8129,8129,0.8129,0.22153898657798146,5.844682358346602,5.8727274679144434,5.808221243338747,64.19858353072256,64.12148317234116,64.0496460836014,0.9982796812787825,-0.028045109567842053,0.22077453586089532,5.780176133770905,4.4154907172179064e-06,0.002101306906955266,290.78799002060873,3.0334629610026846,1.1097048583380957,1.9387382610000259,0.030989890999990166,0.5005918100000599,1.969728152000016,1.969728152000016,True,3.031246400041709e-07,True,,
w32_n10000,4,50,test,401042,402042,403042,404042,405042,10000,10000,50000,32,8129,8129,0.8129,0.2270091318346795,5.82762604590712,5.850356277240091,5.808221243338747,65.11251283542887,64.90117885013815,64.89359734360441,0.9982592176618678,-0.022730231332972244,0.2264969983581962,5.7854910120057745,4.529939967163924e-06,0.002128365562389113,287.47627256612014,3.0334629610026846,1.1097048583380957,1.9387382610000259,0.030989890999990166,0.5005918100000599,1.969728152000016,1.969728152000016,True,3.031246400041709e-07,True,,
w32_n10000,4,100,training,401042,402042,403042,404042,405042,10000,10000,50000,32,8129,8129,0.8129,0.09501035844458539,5.891518189219299,5.860037448578639,5.758232069252113,64.10458677711038,63.04547316879483,63.52801561080976,0.9992951576903348,0.03148074064065988,0.09402872428572942,5.789712809892773,1.8805744857145885e-06,0.0013713403974632222,681.7553600143805,2.4335122499249344,0.8893355841496429,3.652670265999859,0.030989890999990166,0.5005918100000599,3.6836601569998493,3.6836601569998493,True,3.057551399979275e-07,True,,
w32_n10000,4,100,validation,401042,402042,403042,404042,405042,10000,10000,50000,32,8129,8129,0.8129,0.2312088711446575,5.844682358346602,5.821472265259392,5.758232069252113,64.19858353072256,62.7961794996594,63.38203489916761,0.9982443117543535,0.023210093087209872,0.23069323204674522,5.7814421623393235,4.613864640934905e-06,0.0021479908381869103,278.2855091202417,2.4335122499249344,0.8893355841496429,3.652670265999859,0.030989890999990166,0.5005918100000599,3.6836601569998493,3.6836601569998493,True,3.057551399979275e-07,True,,
w32_n10000,4,100,test,401042,402042,403042,404042,405042,10000,10000,50000,32,8129,8129,0.8129,0.2332286696041003,5.82762604590712,5.801277606548189,5.758232069252113,65.11251283542887,63.57340717519978,64.22669046524986,0.9982643731152407,0.026348439358930328,0.2325390801290516,5.784580508611044,4.650781602581032e-06,0.0021565670874287754,280.0067532704333,2.4335122499249344,0.8893355841496429,3.652670265999859,0.030989890999990166,0.5005918100000599,3.6836601569998493,3.6836601569998493,True,3.057551399979275e-07,True,,
w32_n10000,4,200,training,401042,402042,403042,404042,405042,10000,10000,50000,32,8129,8129,0.8129,0.02214656655185703,5.891518189219299,5.914636262691189,5.813615383083149,64.10458677711038,64.03541022576346,64.0591913601074,0.9998314685985478,-0.023118073471888528,0.0216142826590713,5.79049730961126,4.32285653181426e-07,0.0006574843368335294,2965.8438259669156,4.397398865345315,1.481013199149153,6.912698293999938,0.030989890999990166,0.5005918100000599,6.943688184999928,6.943688184999928,True,3.020238399994923e-07,True,,
w32_n10000,4,200,validation,401042,402042,403042,404042,405042,10000,10000,50000,32,8129,8129,0.8129,0.0973872866264306,5.844682358346602,5.877102616485492,5.813615383083149,64.19858353072256,63.74094689550032,63.92159228907472,0.9992533349260585,-0.03242025813889021,0.09634584807344569,5.781195124944259,1.9269169614689138e-06,0.0013881343456124532,666.3347182515134,4.397398865345315,1.481013199149153,6.912698293999938,0.030989890999990166,0.5005918100000599,6.943688184999928,6.943688184999928,True,3.020238399994923e-07,True,,
w32_n10000,4,200,test,401042,402042,403042,404042,405042,10000,10000,50000,32,8129,8129,0.8129,0.09881068160967842,5.82762604590712,5.858138962120303,5.813615383083149,65.11251283542887,64.52652906898523,64.77058015161415,0.9992551763609456,-0.030512916213184627,0.09788160118586932,5.783102466869964,1.9576320237173864e-06,0.0013991540385952458,665.2170790686743,4.397398865345315,1.481013199149153,6.912698293999938,0.030989890999990166,0.5005918100000599,6.943688184999928,6.943688184999928,True,3.020238399994923e-07,True,,
w32_n20000,4,0,training,401042,402042,403042,404042,405042,20000,10000,50000,32,8129,8129,0.40645,113.42741703704618,5.7900944641907905,-1.1937290038437627,-1.1933371208762855,64.01216246380054,0.8248322051508912,0.090067510796521,0.012395216198190478,6.983823468034553,64.65685964735839,5.790486347158267,0.0012931371929471678,0.03596021680895664,0.9900289437644504,1.009359862940941,0.00931633084925702,0.0,0.05460169000002679,0.5005918100000599,0.05460169000002679,0.0,True,3.0947870000090917e-07,True,,
w32_n20000,4,0,validation,401042,402042,403042,404042,405042,20000,10000,50000,32,8129,8129,0.40645,114.4890821142579,5.844682358346602,-1.1859459170717763,-1.1933371208762855,64.19858353072256,0.8133014970579127,-0.026984862420143273,-0.0037344934268048542,7.030628275418378,65.06585475262075,5.8372911545420925,0.0013013170950524151,0.03607377295283119,0.9866708702253195,1.009359862940941,0.00931633084925702,0.0,0.05460169000002679,0.5005918100000599,0.05460169000002679,0.0,True,3.0947870000090917e-07,True,,
w32_n20000,4,0,test,401042,402042,403042,404042,405042,20000,10000,50000,32,8129,8129,0.40645,115.02537402187724,5.82762604590712,-1.1977286878888782,-1.1933371208762855,65.11251283542887,0.8225751161795316,0.13200482191742527,0.01803722753340587,7.025354733795997,65.67107830777356,5.832017612919712,0.0013134215661554712,0.036241158454931754,0.9914944982366984,1.009359862940941,0.00931633084925702,0.0,0.05460169000002679,0.5005918100000599,0.05460169000002679,0.0,True,3.0947870000090917e-07,True,,
w32_n20000,4,10,training,401042,402042,403042,404042,405042,20000,10000,50000,32,8129,8129,0.40645,0.1446185491060628,5.7900944641907905,5.755296243295042,5.752319405369395,64.01216246380054,63.086092179829926,63.47741991998086,0.9988981384150459,0.034798220895747974,0.143414803668737,5.787117626265143,2.86829607337474e-06,0.0016936044619021112,446.342782099799,1.369537893305742,0.31447337878379855,0.7145179070000722,0.05460169000002679,0.5005918100000599,0.769119597000099,0.769119597000099,True,3.0226849999962723e-07,True,,
w32_n20000,4,10,validation,401042,402042,403042,404042,405042,20000,10000,50000,32,8129,8129,0.40645,0.19806058307565028,5.844682358346602,5.817470812180992,5.752319405369395,64.19858353072256,63.0610985901928,63.53117113604978,0.9984892007042558,0.027211546165609127,0.19733984881580877,5.779530951535004,3.9467969763161755e-06,0.0019866547199541684,325.31991848561535,1.369537893305742,0.31447337878379855,0.7145179070000722,0.05460169000002679,0.5005918100000599,0.769119597000099,0.769119597000099,True,3.0226849999962723e-07,True,,
w32_n20000,4,10,test,401042,402042,403042,404042,405042,20000,10000,50000,32,8129,8129,0.40645,0.20453537752594764,5.82762604590712,5.79441515737035,5.752319405369395,65.11251283542887,63.845034988614486,64.37705567045258,0.9984706822694043,0.03321088853676841,0.20343648313820872,5.785530293906163,4.068729662764174e-06,0.002017109234217169,320.0631068282544,1.369537893305742,0.31447337878379855,0.7145179070000722,0.05460169000002679,0.5005918100000599,0.769119597000099,0.769119597000099,True,3.0226849999962723e-07,True,,
w32_n20000,4,25,training,401042,402042,403042,404042,405042,20000,10000,50000,32,8129,8129,0.40645,0.10791217767239542,5.7900944641907905,5.748946354779043,5.742786368347851,64.01216246380054,62.650670644981815,63.278304393401015,0.9992190880133023,0.04114810941174723,0.1062243219803333,5.783934477759598,2.124486439606666e-06,0.0014575618133055852,602.6130482212158,1.4771398510652023,0.39010768496065684,1.8068382660001134,0.05460169000002679,0.5005918100000599,1.8614399560001402,1.8614399560001402,True,3.0244884000239836e-07,True,,
w32_n20000,4,25,validation,401042,402042,403042,404042,405042,20000,10000,50000,32,8129,8129,0.40645,0.1594013780551238,5.844682358346602,5.804108107453166,5.742786368347851,64.19858353072256,62.840537123469225,63.44067488444187,0.9988151639482931,0.040574250893436144,0.15777088530809102,5.783360619241287,3.1554177061618205e-06,0.0017763495450394387,406.91020656540763,1.4771398510652023,0.39010768496065684,1.8068382660001134,0.05460169000002679,0.5005918100000599,1.8614399560001402,1.8614399560001402,True,3.0244884000239836e-07,True,,
w32_n20000,4,25,test,401042,402042,403042,404042,405042,20000,10000,50000,32,8129,8129,0.40645,0.16507871626014553,5.82762604590712,5.786207850917213,5.742786368347851,65.11251283542887,63.536942660522996,64.24304448961878,0.9988050499096528,0.041418194989906315,0.16336651671425792,5.784204563337757,3.2673303342851585e-06,0.001807575817022666,398.5670634657422,1.4771398510652023,0.39010768496065684,1.8068382660001134,0.05460169000002679,0.5005918100000599,1.8614399560001402,1.8614399560001402,True,3.0244884000239836e-07,True,,
w32_n20000,4,50,training,401042,402042,403042,404042,405042,20000,10000,50000,32,8129,8129,0.40645,0.0414380985493606,5.7900944641907905,5.745157637089469,5.73875785777627,64.01216246380054,63.197375443351646,63.585058577997614,0.9997106184576943,0.04493682710132077,0.039420751156984464,5.783694684877591,7.884150231396893e-07,0.0008879273749241484,1623.8189426905183,1.4975288841039902,0.40381633903780617,3.5060293639999145,0.05460169000002679,0.5005918100000599,3.5606310539999413,3.5606310539999413,True,3.0433074000029594e-07,True,,
w32_n20000,4,50,validation,401042,402042,403042,404042,405042,20000,10000,50000,32,8129,8129,0.40645,0.06205474948001515,5.844682358346602,5.800726627859055,5.73875785777627,64.19858353072256,63.27006492237375,63.70425989849671,0.9995548056869266,0.043955730487547556,0.060128656102931506,5.782713588263817,1.2025731220586302e-06,0.001096618950255115,1067.6869847352639,1.4975288841039902,0.40381633903780617,3.5060293639999145,0.05460169000002679,0.5005918100000599,3.5606310539999413,3.5606310539999413,True,3.0433074000029594e-07,True,,
w32_n20000,4,50,test,401042,402042,403042,404042,405042,20000,10000,50000,32,8129,8129,0.40645,0.06261171819998139,5.82762604590712,5.783213069348221,5.73875785777627,65.11251283542887,64.14916700231205,64.60051970960971,0.9995586302185725,0.04441297655889816,0.060640418521530584,5.783170834335168,1.2128083704306118e-06,0.0011012757921749718,1073.7477481675107,1.4975288841039902,0.40381633903780617,3.5060293639999145,0.05460169000002679,0.5005918100000599,3.5606310539999413,3.5606310539999413,True,3.0433074000029594e-07,True,,
w32_n20000,4,100,training,401042,402042,403042,404042,405042,20000,10000,50000,32,8129,8129,0.40645,0.01982778881125274,5.7900944641907905,5.78595652561306,5.77757274283917,64.01216246380054,64.03022230132706,64.01128655413459,0.9998452826112222,0.0041379385777293096,0.019811656858422597,5.781710681416899,3.962331371684519e-07,0.0006294705212863045,3231.0352900437415,1.5120256151119262,0.413450218825432,6.759051117000126,0.05460169000002679,0.5005918100000599,6.813652807000153,6.813652807000153,True,3.0471718000171676e-07,True,,
w32_n20000,4,100,validation,401042,402042,403042,404042,405042,20000,10000,50000,32,8129,8129,0.40645,0.029980124573643796,5.844682358346602,5.839580932803666,5.77757274283917,64.19858353072256,64.09988275264422,64.13425459381304,0.9997668004933683,0.00510142554293495,0.02995709574064772,5.782674168382105,5.991419148129544e-07,0.0007740425794573283,2143.0176037930732,1.5120256151119262,0.413450218825432,6.759051117000126,0.05460169000002679,0.5005918100000599,6.813652807000153,6.813652807000153,True,3.0471718000171676e-07,True,,
w32_n20000,4,100,test,401042,402042,403042,404042,405042,20000,10000,50000,32,8129,8129,0.40645,0.029156663444506063,5.82762604590712,5.822381894487235,5.77757274283917,65.11251283542887,65.00752924867828,65.04545616959587,0.9997764571665744,0.005244151419883944,0.02912974491528969,5.782816894259055,5.825948983057938e-07,0.000763279043538989,2235.258599921775,1.5120256151119262,0.413450218825432,6.759051117000126,0.05460169000002679,0.5005918100000599,6.813652807000153,6.813652807000153,True,3.0471718000171676e-07,True,,
w32_n20000,4,200,training,401042,402042,403042,404042,405042,20000,10000,50000,32,8129,8129,0.40645,0.01565496727591344,5.7900944641907905,5.739832903530619,5.7331101862306815,64.01216246380054,62.93302524391007,63.46602915422241,0.9999327043921643,0.05026156066017121,0.013129399265880666,5.783371746890852,2.6258798531761334e-07,0.0005124333959819689,4875.482965176386,1.5488137785509595,0.4374893337757585,13.078502306000019,0.05460169000002679,0.5005918100000599,13.133103996000045,13.133103996000045,True,3.029425600016111e-07,True,,
w32_n20000,4,200,validation,401042,402042,403042,404042,405042,20000,10000,50000,32,8129,8129,0.40645,0.024246629019699116,5.844682358346602,5.796316487611184,5.7331101862306815,64.19858353072256,63.02513865294103,63.60090631056978,0.9998703187665612,0.04836587073541799,0.021909562523956358,5.7814760569661,4.3819125047912717e-07,0.0006619601577732056,2930.1627296540737,1.5488137785509595,0.4374893337757585,13.078502306000019,0.05460169000002679,0.5005918100000599,13.133103996000045,13.133103996000045,True,3.029425600016111e-07,True,,
w32_n20000,4,200,test,401042,402042,403042,404042,405042,20000,10000,50000,32,8129,8129,0.40645,0.023242021598560914,5.82762604590712,5.779622451657858,5.7331101862306815,65.11251283542887,63.87968697552817,64.4856308578286,0.9998833467207655,0.048003594249262795,0.020938095299619038,5.781113780479943,4.187619059923808e-07,0.0006471181545841384,3109.762941838056,1.5488137785509595,0.4374893337757585,13.078502306000019,0.05460169000002679,0.5005918100000599,13.133103996000045,13.133103996000045,True,3.029425600016111e-07,True,,
w32_n5000,5,0,training,501042,502042,503042,504042,505042,5000,10000,50000,32,8129,8129,1.6258,105.13200032326691,5.961754473104844,-0.029159662738891423,-0.034267836083329783,67.5712836798004,1.3488165047527279,-0.16734945774074214,-0.01752938941378951,5.990914135843736,69.2547991000346,5.956646299760406,0.0013850959820006922,0.03721687764980684,0.9756909926516073,0.9618263775658915,-0.03892132530576859,0.0,0.013792116000104215,0.5152355539999007,0.013792116000104215,0.0,True,3.050015999997413e-07,True,,
w32_n5000,5,0,validation,501042,502042,503042,504042,505042,5000,10000,50000,32,8129,8129,1.6258,101.11873103718395,5.773289707879354,-0.026547848795850256,-0.034267836083329783,65.50758151733339,1.2919248067384526,-0.3439288828504434,-0.037385590733475346,5.799837556675203,67.48736408977273,5.765569720591874,0.0013497472817954545,0.036738906921619956,0.9706643962297031,0.9618263775658915,-0.03892132530576859,0.0,0.013792116000104215,0.5152355539999007,0.013792116000104215,0.0,True,3.050015999997413e-07,True,,
w32_n5000,5,0,test,501042,502042,503042,504042,505042,5000,10000,50000,32,8129,8129,1.6258,97.67123174859331,5.733550048075523,-0.03494924270314188,-0.034267836083329783,62.61107633075215,1.289911605979345,-0.24797384143012663,-0.027593088243750633,5.768499290778666,64.39693561959174,5.734231454695335,0.001287938712391835,0.035887863023476824,0.9722679461117669,0.9618263775658915,-0.03892132530576859,0.0,0.013792116000104215,0.5152355539999007,0.013792116000104215,0.0,True,3.050015999997413e-07,True,,
w32_n5000,5,10,training,501042,502042,503042,504042,505042,5000,10000,50000,32,8129,8129,1.6258,0.10292868937234137,5.961754473104844,5.958099603892901,5.859787829670081,67.5712836798004,67.27715357754929,67.3727506694313,0.9992390317052828,0.00365486921194466,0.1029359184870824,5.863442698882025,2.058718369741648e-06,0.001434823462918574,656.4402851107802,3.1535449679002743,1.1485272066997085,0.2220206900001358,0.013792116000104215,0.5152355539999007,0.23581280600024002,0.23581280600024002,True,3.054472200028613e-07,True,,
w32_n5000,5,10,validation,501042,502042,503042,504042,505042,5000,10000,50000,32,8129,8129,1.6258,0.32459025042271755,5.773289707879354,5.843181643008564,5.859787829670081,65.50758151733339,63.978558463897,64.58320131983481,0.9976002756743683,-0.06989193512921124,0.3197373415607677,5.789895894540869,6.394746831215354e-06,0.002528783666353323,204.87935878106794,3.1535449679002743,1.1485272066997085,0.2220206900001358,0.013792116000104215,0.5152355539999007,0.23581280600024002,0.23581280600024002,True,3.054472200028613e-07,True,,
w32_n5000,5,10,test,501042,502042,503042,504042,505042,5000,10000,50000,32,8129,8129,1.6258,0.3221963270443963,5.733550048075523,5.810873655010528,5.859787829670081,62.61107633075215,61.245038102355416,61.76994536088918,0.997507518445923,-0.07732360693500372,0.316223711329184,5.782464222735077,6.32447422658368e-06,0.002514850736442161,197.99614667596822,3.1535449679002743,1.1485272066997085,0.2220206900001358,0.013792116000104215,0.5152355539999007,0.23581280600024002,0.23581280600024002,True,3.054472200028613e-07,True,,
w32_n5000,5,25,training,501042,502042,503042,504042,505042,5000,10000,50000,32,8129,8129,1.6258,0.05662724006622424,5.961754473104844,5.928241057911464,5.8149573013349505,67.5712836798004,67.00419393581075,67.25998121075203,0.9995963541217562,0.03351341519338083,0.05551519410712172,5.848470716528331,1.1103038821424344e-06,0.0010537095814988275,1217.16738573255,5.288687447090322,1.6655700954407755,0.6175219609999658,0.013792116000104215,0.5152355539999007,0.63131407700007,0.63131407700007,True,3.009831200006374e-07,True,,
w32_n5000,5,25,validation,501042,502042,503042,504042,505042,5000,10000,50000,32,8129,8129,1.6258,0.2994837737016102,5.773289707879354,5.79955397027173,5.8149573013349505,65.50758151733339,63.72124251639655,64.46500009456146,0.9977829691907112,-0.02626426239237698,0.29882384460705536,5.788693038942573,5.976476892141107e-06,0.0024446833930268164,219.21805337681118,5.288687447090322,1.6655700954407755,0.6175219609999658,0.013792116000104215,0.5152355539999007,0.63131407700007,0.63131407700007,True,3.009831200006374e-07,True,,
w32_n5000,5,25,test,501042,502042,503042,504042,505042,5000,10000,50000,32,8129,8129,1.6258,0.29427750423078797,5.733550048075523,5.766295255078379,5.8149573013349505,62.61107633075215,61.03531108586212,61.67658814837133,0.9977096554134239,-0.03274520700285542,0.2932111198715255,5.782212094332096,5.86422239743051e-06,0.0024216156584872237,213.53581800780972,5.288687447090322,1.6655700954407755,0.6175219609999658,0.013792116000104215,0.5152355539999007,0.63131407700007,0.63131407700007,True,3.009831200006374e-07,True,,
w32_n5000,5,50,training,501042,502042,503042,504042,505042,5000,10000,50000,32,8129,8129,1.6258,0.039470935507761144,5.961754473104844,5.9886149560066695,5.858684054622967,67.5712836798004,67.931191872301,67.73185917534754,0.9997175006635768,-0.02686048290182498,0.03875720140632317,5.831823571721142,7.751440281264633e-07,0.0008804226417615936,1743.4510549767474,8.479842716343232,2.137691902030769,1.1641425970001364,0.013792116000104215,0.5152355539999007,1.1779347130002407,1.1779347130002407,True,3.0251598000177185e-07,True,,
w32_n5000,5,50,validation,501042,502042,503042,504042,505042,5000,10000,50000,32,8129,8129,1.6258,0.33470732497274175,5.773289707879354,5.843310325786882,5.858684054622967,65.50758151733339,64.69271168869517,64.9352278921229,0.9974862280867588,-0.07002061790752803,0.329837421782768,5.788663436715439,6.59674843565536e-06,0.0025684136029182217,198.60566809934897,8.479842716343232,2.137691902030769,1.1641425970001364,0.013792116000104215,0.5152355539999007,1.1779347130002407,1.1779347130002407,True,3.0251598000177185e-07,True,,
w32_n5000,5,50,test,501042,502042,503042,504042,505042,5000,10000,50000,32,8129,8129,1.6258,0.3323637480483773,5.733550048075523,5.81148908548942,5.858684054622967,62.61107633075215,61.939762974174265,62.11227176225772,0.9973947077739467,-0.077939037413896,0.3262957804109809,5.780745017209072,6.525915608219618e-06,0.0025545871698220866,191.88441925878206,8.479842716343232,2.137691902030769,1.1641425970001364,0.013792116000104215,0.5152355539999007,1.1779347130002407,1.1779347130002407,True,3.0251598000177185e-07,True,,
w32_n5000,5,100,training,501042,502042,503042,504042,505042,5000,10000,50000,32,8129,8129,1.6258,0.03614603068223959,5.961754473104844,5.951065282142499,5.817955760273173,67.5712836798004,67.71250637172217,67.6238755359239,0.9997341493161704,0.010689190962345428,0.03603897967474504,5.8286449512355185,7.207795934949008e-07,0.0008489873930129356,1874.9499650000407,9.80165708822932,2.282551462017961,2.0867179080000824,0.013792116000104215,0.5152355539999007,2.1005100240001866,2.1005100240001866,True,3.018293000013728e-07,True,,
w32_n5000,5,100,validation,501042,502042,503042,504042,505042,5000,10000,50000,32,8129,8129,1.6258,0.3542909978479281,5.773289707879354,5.802097823198422,5.817955760273173,65.50758151733339,64.65169374847439,64.90288941291205,0.9973056859597269,-0.02880811531906862,0.35349643998368974,5.789147644954104,7.069928799673795e-06,0.002658933771208639,185.31327082206514,9.80165708822932,2.282551462017961,2.0867179080000824,0.013792116000104215,0.5152355539999007,2.1005100240001866,2.1005100240001866,True,3.018293000013728e-07,True,,
w32_n5000,5,100,test,501042,502042,503042,504042,505042,5000,10000,50000,32,8129,8129,1.6258,0.3522468076822747,5.733550048075523,5.770418099511706,5.817955760273173,62.61107633075215,61.9452073868424,62.102694572618724,0.9971970927983242,-0.036868051436181604,0.35089457235702093,5.781087708836992,7.017891447140419e-06,0.0026491303190180017,178.43272955230532,9.80165708822932,2.282551462017961,2.0867179080000824,0.013792116000104215,0.5152355539999007,2.1005100240001866,2.1005100240001866,True,3.018293000013728e-07,True,,
w32_n5000,5,200,training,501042,502042,503042,504042,505042,5000,10000,50000,32,8129,8129,1.6258,0.03336491627003784,5.961754473104844,5.964851478127569,5.819052572457399,67.5712836798004,67.66893292116443,67.60342730186773,0.9997535736537707,-0.0030970050227236553,0.033361997229372914,5.815955567434675,6.672399445874583e-07,0.0008168475650863253,2025.3968374623746,10.282976871777832,2.3304897970738376,3.781400597000129,0.013792116000104215,0.5152355539999007,3.795192713000233,3.795192713000233,True,3.0332968000038816e-07,True,,
w32_n5000,5,200,validation,501042,502042,503042,504042,505042,5000,10000,50000,32,8129,8129,1.6258,0.343090662333603,5.773289707879354,5.800322469906239,5.819052572457399,65.50758151733339,64.5541039712754,64.85964567854239,0.9973942500009382,-0.027032762026885586,0.3423941315239532,5.792019810430514,6.847882630479064e-06,0.002616845931742842,191.3221503702981,10.282976871777832,2.3304897970738376,3.781400597000129,0.013792116000104215,0.5152355539999007,3.795192713000233,3.795192713000233,True,3.0332968000038816e-07,True,,
w32_n5000,5,200,test,501042,502042,503042,504042,505042,5000,10000,50000,32,8129,8129,1.6258,0.34059047750572996,5.733550048075523,5.769165273471817,5.819052572457399,62.61107633075215,61.90017480298111,62.085961156965546,0.9972909689766323,-0.03561522539629331,0.3393288198020972,5.783437347061105,6.786576396041944e-06,0.0026051058320233256,184.5144670213042,10.282976871777832,2.3304897970738376,3.781400597000129,0.013792116000104215,0.5152355539999007,3.795192713000233,3.795192713000233,True,3.0332968000038816e-07,True,,
w16_n5000,5,0,training,501042,502042,503042,504042,670042,5000,10000,50000,16,4065,4065,0.813,101.40708565842337,5.961754473104844,0.14651046989772396,0.16765404814241097,67.5712836798004,1.1225063347360638,0.5451232321197015,0.062592054397092,5.8152440032071215,67.60354355029708,5.982898051349532,0.0013520708710059416,0.036770516327703937,0.999522807994929,0.9579921837801894,-0.04291565993789099,0.0,0.013792116000104215,0.5152355539999007,0.013792116000104215,0.0,True,1.999162400034038e-07,True,,
w16_n5000,5,0,validation,501042,502042,503042,504042,670042,5000,10000,50000,16,4065,4065,0.813,97.14719544069773,5.773289707879354,0.16717032082645228,0.16765404814241097,65.50758151733339,1.1099617460230973,0.44617494260568097,0.05232453623407119,5.6061193870529005,65.72519337814514,5.773773435195312,0.0013145038675629027,0.036256087317344414,0.9966890647310883,0.9579921837801894,-0.04291565993789099,0.0,0.013792116000104215,0.5152355539999007,0.013792116000104215,0.0,True,1.999162400034038e-07,True,,
w16_n5000,5,0,test,501042,502042,503042,504042,670042,5000,10000,50000,16,4065,4065,0.813,93.59886125909861,5.733550048075523,0.17388717164405193,0.16765404814241097,62.61107633075215,1.1241890853386556,0.5225008256435733,0.062279011958783465,5.559662876431472,62.690263764803646,5.727316924573882,0.001253805275296073,0.03540911288490681,0.9987368463730095,0.9579921837801894,-0.04291565993789099,0.0,0.013792116000104215,0.5152355539999007,0.013792116000104215,0.0,True,1.999162400034038e-07,True,,
w16_n5000,5,10,training,501042,502042,503042,504042,670042,5000,10000,50000,16,4065,4065,0.813,0.12144130903221567,5.961754473104844,5.982463739048429,5.861612931213496,67.5712836798004,67.29772036355672,67.37398370034616,0.9991046167443688,-0.020709265943583688,0.1210366426648266,5.840903665269912,2.420732853296532e-06,0.0015558704487509659,558.2712986092822,2.1648711989839726,0.7723608672985551,0.23378367000009348,0.013792116000104215,0.5152355539999007,0.2475757860001977,0.2475757860001977,True,1.9806217999757792e-07,True,,
w16_n5000,5,10,validation,501042,502042,503042,504042,670042,5000,10000,50000,16,4065,4065,0.813,0.26290479229075586,5.773289707879354,5.850872265500012,5.861612931213496,65.50758151733339,64.25569949857851,64.75318479286256,0.9980666006446838,-0.07758255762065822,0.2569114301868118,5.784030373592838,5.138228603736236e-06,0.002266766111387815,254.98118736756828,2.1648711989839726,0.7723608672985551,0.23378367000009348,0.013792116000104215,0.5152355539999007,0.2475757860001977,0.2475757860001977,True,1.9806217999757792e-07,True,,
w16_n5000,5,10,test,501042,502042,503042,504042,670042,5000,10000,50000,16,4065,4065,0.813,0.2564332365895736,5.733550048075523,5.813739255618958,5.861612931213496,62.61107633075215,61.71805379374477,62.039561098377625,0.9980148893260827,-0.08018920754343453,0.25000792774168445,5.78142372367006,5.000158554833689e-06,0.0022361034311573534,250.43636374380796,2.1648711989839726,0.7723608672985551,0.23378367000009348,0.013792116000104215,0.5152355539999007,0.2475757860001977,0.2475757860001977,True,1.9806217999757792e-07,True,,
w16_n5000,5,25,training,501042,502042,503042,504042,670042,5000,10000,50000,16,4065,4065,0.813,0.0724072045075992,5.961754473104844,5.957008152313167,5.818884222317106,67.5712836798004,67.21822232897912,67.35855342600081,0.9994663011337396,0.004746320791678737,0.07239915677789734,5.823630543108784,1.4479831355579468e-06,0.0012033217090861225,933.3158932650604,3.2121161010637267,1.1669299414660472,0.5579769900000429,0.013792116000104215,0.5152355539999007,0.5717691060001471,0.5717691060001471,True,1.9877731999713433e-07,True,,
w16_n5000,5,25,validation,501042,502042,503042,504042,670042,5000,10000,50000,16,4065,4065,0.813,0.23258034743187345,5.773289707879354,5.806910082121481,5.818884222317106,65.50758151733339,64.30441537267401,64.7902618624116,0.9982597374298066,-0.03362037424212816,0.23147316518421113,5.785263848074978,4.629463303684223e-06,0.002151618763555529,283.0029194321558,3.2121161010637267,1.1669299414660472,0.5579769900000429,0.013792116000104215,0.5152355539999007,0.5717691060001471,0.5717691060001471,True,1.9877731999713433e-07,True,,
w16_n5000,5,25,test,501042,502042,503042,504042,670042,5000,10000,50000,16,4065,4065,0.813,0.22660815030740902,5.733550048075523,5.771180841454137,5.818884222317106,62.61107633075215,61.77308801471069,62.07948388391707,0.9982121615818066,-0.03763079337861387,0.22519657762865766,5.781253428938492,4.503931552573154e-06,0.0021222468170722163,278.02854284045077,3.2121161010637267,1.1669299414660472,0.5579769900000429,0.013792116000104215,0.5152355539999007,0.5717691060001471,0.5717691060001471,True,1.9877731999713433e-07,True,,
w16_n5000,5,50,training,501042,502042,503042,504042,670042,5000,10000,50000,16,4065,4065,0.813,0.06938731240843221,5.961754473104844,5.924367801221237,5.780373871484686,67.5712836798004,66.47249508452936,66.98788780726294,0.9995262615459902,0.03738667188360791,0.06800314980386035,5.817760543368294,1.360062996077207e-06,0.0011662173880015712,993.6493217548663,3.9044304966747045,1.3621119331361105,1.013012751000133,0.013792116000104215,0.5152355539999007,1.0268048670002372,1.0268048670002372,True,2.0200632000069164e-07,True,,
w16_n5000,5,50,validation,501042,502042,503042,504042,670042,5000,10000,50000,16,4065,4065,0.813,0.27091793864977787,5.773289707879354,5.766202173408735,5.780373871484686,65.50758151733339,63.70313102768489,64.46990887501694,0.9980007877758584,0.007087534470618324,0.2708947949844041,5.7874614059553044,5.417895899688082e-06,0.0023276374072625835,241.81926980584763,3.9044304966747045,1.3621119331361105,1.013012751000133,0.013792116000104215,0.5152355539999007,1.0268048670002372,1.0268048670002372,True,2.0200632000069164e-07,True,,
w16_n5000,5,50,test,501042,502042,503042,504042,670042,5000,10000,50000,16,4065,4065,0.813,0.2649440453620212,5.733550048075523,5.732016762676505,5.780373871484686,62.61107633075215,61.15738549327967,61.75175741534697,0.9979281684057687,0.0015332853990193895,0.26494699333777305,5.7819071568837055,5.298939866755461e-06,0.0023019426289018286,236.3154816062817,3.9044304966747045,1.3621119331361105,1.013012751000133,0.013792116000104215,0.5152355539999007,1.0268048670002372,1.0268048670002372,True,2.0200632000069164e-07,True,,
w16_n5000,5,100,training,501042,502042,503042,504042,670042,5000,10000,50000,16,4065,4065,0.813,0.05819172376357764,5.961754473104844,5.985128127812724,5.834292358092995,67.5712836798004,68.20185841711492,67.85774258475034,0.9995861241232287,-0.023373654707879787,0.05765692741465744,5.8109187033851155,1.1531385482931487e-06,0.0010738428880861244,1171.9542943008537,5.005417010915189,1.6105207281605338,1.817898767000088,0.013792116000104215,0.5152355539999007,1.8316908830001921,1.8316908830001921,True,1.9765984000059688e-07,True,,
w16_n5000,5,100,validation,501042,502042,503042,504042,670042,5000,10000,50000,16,4065,4065,0.813,0.2912738440206892,5.773289707879354,5.821312316981388,5.834292358092995,65.50758151733339,65.39910589371155,65.30884541917597,0.9977926893306464,-0.04802260910203378,0.2889965726929918,5.786269748990961,5.779931453859836e-06,0.002404148800274192,226.67252039325643,5.005417010915189,1.6105207281605338,1.817898767000088,0.013792116000104215,0.5152355539999007,1.8316908830001921,1.8316908830001921,True,1.9765984000059688e-07,True,,
w16_n5000,5,100,test,501042,502042,503042,504042,670042,5000,10000,50000,16,4065,4065,0.813,0.29532055613211017,5.733550048075523,5.7845386145774125,5.834292358092995,62.61107633075215,62.69238573209742,62.50536774304992,0.9976640688715069,-0.05098856650188884,0.2927265767497276,5.783303791591106,5.854531534994551e-06,0.002419613922714645,213.889278609242,5.005417010915189,1.6105207281605338,1.817898767000088,0.013792116000104215,0.5152355539999007,1.8316908830001921,1.8316908830001921,True,1.9765984000059688e-07,True,,
w16_n5000,5,200,training,501042,502042,503042,504042,670042,5000,10000,50000,16,4065,4065,0.813,0.048730503091376866,5.961754473104844,5.927000533854804,5.776317174623428,67.5712836798004,67.30446622252913,67.41410886454845,0.9996495415211986,0.034753939250040604,0.04753217323262793,5.811071113873469,9.506434646525586e-07,0.0009750094690066136,1421.5904530411171,6.26678818913653,1.8352639728632625,3.2750444400001015,0.013792116000104215,0.5152355539999007,3.2888365560002057,3.2888365560002057,True,1.9620212000063476e-07,True,,
w16_n5000,5,200,validation,501042,502042,503042,504042,670042,5000,10000,50000,16,4065,4065,0.813,0.3053837412237217,5.773289707879354,5.766669631500452,5.776317174623428,65.50758151733339,64.43813396621057,64.82017251534312,0.9976838034472358,0.006620076378901283,0.30537045285774495,5.78293725100233,6.107409057154899e-06,0.002471317271649858,214.51840184370988,6.26678818913653,1.8352639728632625,3.2750444400001015,0.013792116000104215,0.5152355539999007,3.2888365560002057,3.2888365560002057,True,1.9620212000063476e-07,True,,
w16_n5000,5,200,test,501042,502042,503042,504042,670042,5000,10000,50000,16,4065,4065,0.813,0.31637786927941236,5.733550048075523,5.727485551280057,5.776317174623428,62.61107633075215,61.775055995485324,62.034892454065556,0.9974792611903519,0.006064496795467045,0.31634741810639233,5.782381671418896,6.326948362127846e-06,0.002515342593391176,197.91872083398863,6.26678818913653,1.8352639728632625,3.2750444400001015,0.013792116000104215,0.5152355539999007,3.2888365560002057,3.2888365560002057,True,1.9620212000063476e-07,True,,
w8_n5000,5,0,training,501042,502042,503042,504042,590042,5000,10000,50000,8,2033,2033,0.4066,103.86267724123871,5.961754473104844,-0.050018430497561876,-0.05253694077327259,67.5712836798004,1.7125007633790756,0.7744868421385456,0.07199752582071751,6.011772903602407,67.73481075890238,5.959235962829134,0.0013546962151780478,0.03680619805383392,0.9975857749173604,0.9651941619601874,-0.035425993778161004,0.0,0.013792116000104215,0.5152355539999007,0.013792116000104215,0.0,True,1.5912048000245704e-07,True,,
w8_n5000,5,0,validation,501042,502042,503042,504042,590042,5000,10000,50000,8,2033,2033,0.4066,100.24764971879883,5.773289707879354,-0.057121418689735755,-0.05253694077327259,65.50758151733339,1.6863599731530758,0.46667980916053453,0.04440154538836631,5.830411126569089,66.2605818721654,5.777874185795817,0.001325211637443308,0.03640345639418471,0.9886357720750966,0.9651941619601874,-0.035425993778161004,0.0,0.013792116000104215,0.5152355539999007,0.013792116000104215,0.0,True,1.5912048000245704e-07,True,,
w8_n5000,5,0,test,501042,502042,503042,504042,590042,5000,10000,50000,8,2033,2033,0.4066,97.06271187924284,5.733550048075523,-0.062399425551841296,-0.05253694077327259,62.61107633075215,1.7253788839203266,0.4327521086254998,0.04163622708660534,5.795949473627366,63.47095099742146,5.743412532854092,0.0012694190199484291,0.035628907083271995,0.9864524691507419,0.9651941619601874,-0.035425993778161004,0.0,0.013792116000104215,0.5152355539999007,0.013792116000104215,0.0,True,1.5912048000245704e-07,True,,
w8_n5000,5,10,training,501042,502042,503042,504042,590042,5000,10000,50000,8,2033,2033,0.4066,0.1658075593274267,5.961754473104844,5.982154809819569,5.831378830883591,67.5712836798004,67.16935602345724,67.2876076163871,0.9987767184925667,-0.02040033671472452,0.16542447048344927,5.810978494168867,3.3084894096689855e-06,0.0018189253447211586,408.47211710773416,2.002939261224388,0.6946157323219493,0.19391434199997093,0.013792116000104215,0.5152355539999007,0.20770645800007514,0.20770645800007514,True,1.6295928000090498e-07,True,,
w8_n5000,5,10,validation,501042,502042,503042,504042,590042,5000,10000,50000,8,2033,2033,0.4066,0.33210247038469487,5.773289707879354,5.818538177577605,5.831378830883591,65.50758151733339,64.41183434588807,64.79466390402067,0.9974947643302353,-0.04524846969825191,0.3300880551801794,5.786130361185339,6.601761103603588e-06,0.0025693892471954473,198.45486829741813,2.002939261224388,0.6946157323219493,0.19391434199997093,0.013792116000104215,0.5152355539999007,0.20770645800007514,0.20770645800007514,True,1.6295928000090498e-07,True,,
w8_n5000,5,10,test,501042,502042,503042,504042,590042,5000,10000,50000,8,2033,2033,0.4066,0.31861030564655485,5.733550048075523,5.782872280475108,5.831378830883591,62.61107633075215,61.96249983496071,62.12869610949815,0.9974753889075638,-0.04932223239958362,0.31618394671661065,5.782056598484007,6.323678934332213e-06,0.0025146926122952312,198.02104749761128,2.002939261224388,0.6946157323219493,0.19391434199997093,0.013792116000104215,0.5152355539999007,0.20770645800007514,0.20770645800007514,True,1.6295928000090498e-07,True,,
w8_n5000,5,25,training,501042,502042,503042,504042,590042,5000,10000,50000,8,2033,2033,0.4066,0.09263951737540219,5.961754473104844,5.974190670027016,5.81468409907924,67.5712836798004,67.38665364016093,67.432716980454,0.9993155115205434,-0.0124361969221712,0.09250335905332589,5.8022479021570685,1.8500671810665179e-06,0.0013601717469005588,730.4738376132615,2.4463318291826286,0.8945896900353664,0.4951192139999421,0.013792116000104215,0.5152355539999007,0.5089113300000463,0.5089113300000463,True,1.580703399986305e-07,True,,
w8_n5000,5,25,validation,501042,502042,503042,504042,590042,5000,10000,50000,8,2033,2033,0.4066,0.22662699999556352,5.773289707879354,5.803127780709024,5.81468409907924,65.50758151733339,64.79553139626354,65.03867682413252,0.9982823352051647,-0.02983807282967023,0.2257592653319081,5.78484602624957,4.515185306638162e-06,0.00212489654021982,290.1656391423185,2.4463318291826286,0.8945896900353664,0.4951192139999421,0.013792116000104215,0.5152355539999007,0.5089113300000463,0.5089113300000463,True,1.580703399986305e-07,True,,
w8_n5000,5,25,test,501042,502042,503042,504042,590042,5000,10000,50000,8,2033,2033,0.4066,0.21485918251991443,5.733550048075523,5.7678337530931,5.81468409907924,62.61107633075215,62.24432261860723,62.32085543275378,0.9982928223544679,-0.03428370501757652,0.2136880838518592,5.780400394061663,4.273761677037184e-06,0.0020673078331581835,293.0021889950482,2.4463318291826286,0.8945896900353664,0.4951192139999421,0.013792116000104215,0.5152355539999007,0.5089113300000463,0.5089113300000463,True,1.580703399986305e-07,True,,
w8_n5000,5,50,training,501042,502042,503042,504042,590042,5000,10000,50000,8,2033,2033,0.4066,0.08441101408571314,5.961754473104844,5.952753521287012,5.786806642794405,67.5712836798004,67.18930689373774,67.33812185360638,0.9993781130823923,0.009000951817833539,0.08434686632535127,5.795807594612238,1.6869373265070254e-06,0.0012988215144918971,801.111963296391,2.757877784215508,1.014461465196905,0.921376705000057,0.013792116000104215,0.5152355539999007,0.9351688210001612,0.9351688210001612,True,1.5361960000063845e-07,True,,
w8_n5000,5,50,validation,501042,502042,503042,504042,590042,5000,10000,50000,8,2033,2033,0.4066,0.23279526049009058,5.773289707879354,5.773785592055047,5.786806642794405,65.50758151733339,64.75770884897905,65.0162360349469,0.9982292767536463,-0.0004958841756937604,0.23281829641861676,5.786310758618711,4.6563659283723354e-06,0.0021578614247380057,281.36784146701297,2.757877784215508,1.014461465196905,0.921376705000057,0.013792116000104215,0.5152355539999007,0.9351688210001612,0.9351688210001612,True,1.5361960000063845e-07,True,,
w8_n5000,5,50,test,501042,502042,503042,504042,590042,5000,10000,50000,8,2033,2033,0.4066,0.21990873015534038,5.733550048075523,5.740891737769025,5.786806642794405,62.61107633075215,62.19370062184718,62.29245886283351,0.9982439570345031,-0.0073416896935011725,0.2198592269323234,5.779464953100904,4.397184538646468e-06,0.002096946479680983,284.77802457672135,2.757877784215508,1.014461465196905,0.921376705000057,0.013792116000104215,0.5152355539999007,0.9351688210001612,0.9351688210001612,True,1.5361960000063845e-07,True,,
w8_n5000,5,100,training,501042,502042,503042,504042,590042,5000,10000,50000,8,2033,2033,0.4066,0.11083133584238894,5.961754473104844,6.046264452677846,5.873931046961072,67.5712836798004,69.23315086590286,68.35036220224002,0.999315645747179,-0.08450997957300137,0.10371014122320457,5.789421067388071,2.0742028244640915e-06,0.0014402092988396137,651.5397904470474,2.450780497350584,0.8964065441710539,1.6628716620000432,0.013792116000104215,0.5152355539999007,1.6766637780001474,1.6766637780001474,True,1.496696200001679e-07,True,,
w8_n5000,5,100,validation,501042,502042,503042,504042,590042,5000,10000,50000,8,2033,2033,0.4066,0.27162327637783956,5.773289707879354,5.860572468100174,5.873931046961072,65.50758151733339,66.50431035758692,65.87393023781718,0.9980283900031849,-0.08728276022082038,0.26403139928600305,5.786648286740252,5.280627985720061e-06,0.0022979617024049947,248.10526965535084,2.450780497350584,0.8964065441710539,1.6628716620000432,0.013792116000104215,0.5152355539999007,1.6766637780001474,1.6766637780001474,True,1.496696200001679e-07,True,,
w8_n5000,5,100,test,501042,502042,503042,504042,590042,5000,10000,50000,8,2033,2033,0.4066,0.2754860293947036,5.733550048075523,5.828875117422022,5.873931046961072,62.61107633075215,63.96368160558248,63.154176723848046,0.9979522618115501,-0.0953250693464985,0.26640448863856164,5.778605977614573,5.328089772771233e-06,0.0023082655334192453,235.022602849978,2.450780497350584,0.8964065441710539,1.6628716620000432,0.013792116000104215,0.5152355539999007,1.6766637780001474,1.6766637780001474,True,1.496696200001679e-07,True,,
w8_n5000,5,200,training,501042,502042,503042,504042,590042,5000,10000,50000,8,2033,2033,0.4066,0.08291010895362066,5.961754473104844,5.964967930852983,5.80390230133373,67.5712836798004,67.43305260310377,67.46070995849395,0.9993863482897258,-0.003213457748137836,0.08291636591610481,5.800688843585593,1.6583273183220962e-06,0.001287760582686897,814.9330103078729,3.6156851194413275,1.2852813589377463,3.039550122000037,0.013792116000104215,0.5152355539999007,3.053342238000141,3.053342238000141,True,1.5132239999729792e-07,True,,
w8_n5000,5,200,validation,501042,502042,503042,504042,590042,5000,10000,50000,8,2033,2033,0.4066,0.2997768471948654,5.773289707879354,5.790737299382159,5.80390230133373,65.50758151733339,64.98520565027647,65.09664239431311,0.9977128298746485,-0.017447591502805383,0.2995023789835151,5.786454709830926,5.990047579670302e-06,0.002447457370347909,218.72140628618843,3.6156851194413275,1.2852813589377463,3.039550122000037,0.013792116000104215,0.5152355539999007,3.053342238000141,3.053342238000141,True,1.5132239999729792e-07,True,,
w8_n5000,5,200,test,501042,502042,503042,504042,590042,5000,10000,50000,8,2033,2033,0.4066,0.29452364842053685,5.733550048075523,5.758283756148634,5.80390230133373,62.61107633075215,62.51363968334173,62.41539912181647,0.9976513039855608,-0.024733708073110837,0.29391777046090023,5.779168593260619,5.878355409218005e-06,0.0024245319979777553,213.0224253966341,3.6156851194413275,1.2852813589377463,3.039550122000037,0.013792116000104215,0.5152355539999007,3.053342238000141,3.053342238000141,True,1.5132239999729792e-07,True,,
w32_n10000,5,0,training,501042,502042,503042,504042,505042,10000,10000,50000,32,8129,8129,0.8129,104.76761658283596,5.972662493623102,-0.030217927558279463,-0.034267836083329783,66.92771946047579,1.2985798492963747,-0.25680895689169964,-0.027546905787961054,6.002880421181381,68.73991722355557,5.968612585098051,0.0013747983444711113,0.03707827321317851,0.9736368934343321,0.9651716277923822,-0.035449340822462996,0.0,0.02735294200010685,0.5152355539999007,0.02735294200010685,0.0,True,3.124240199986161e-07,True,,
w32_n10000,5,0,validation,501042,502042,503042,504042,505042,10000,10000,50000,32,8129,8129,0.8129,101.11873103718395,5.773289707879354,-0.026547848795850256,-0.034267836083329783,65.50758151733339,1.2919248067384526,-0.3439288828504434,-0.037385590733475346,5.799837556675203,67.48736408977273,5.765569720591874,0.0013497472817954545,0.036738906921619956,0.9706643962297031,0.9651716277923822,-0.035449340822462996,0.0,0.02735294200010685,0.5152355539999007,0.02735294200010685,0.0,True,3.124240199986161e-07,True,,
w32_n10000,5,0,test,501042,502042,503042,504042,505042,10000,10000,50000,32,8129,8129,0.8129,97.67123174859331,5.733550048075523,-0.03494924270314188,-0.034267836083329783,62.61107633075215,1.289911605979345,-0.24797384143012663,-0.027593088243750633,5.768499290778666,64.39693561959174,5.734231454695335,0.001287938712391835,0.035887863023476824,0.9722679461117669,0.9651716277923822,-0.035449340822462996,0.0,0.02735294200010685,0.5152355539999007,0.02735294200010685,0.0,True,3.124240199986161e-07,True,,
w32_n10000,5,10,training,501042,502042,503042,504042,505042,10000,10000,50000,32,8129,8129,0.8129,0.14061534243408805,5.972662493623102,6.034076102192402,5.870175365624039,66.92771946047579,67.85771844465933,67.3242902541394,0.9990084083519027,-0.06141360856929977,0.13685739685627055,5.8087617570547385,2.737147937125411e-06,0.0016544328143280438,489.03253311740366,1.7342918040746775,0.550599147980314,0.40831387299999733,0.02735294200010685,0.5152355539999007,0.4356668150001042,0.4356668150001042,True,3.080462800016903e-07,True,,
w32_n10000,5,10,validation,501042,502042,503042,504042,505042,10000,10000,50000,32,8129,8129,0.8129,0.2438680359105931,5.773289707879354,5.857915764869641,5.870175365624039,65.50758151733339,65.92566748888443,65.59825943340749,0.9982039067497642,-0.08462605699028654,0.2367301394028102,5.785549308633752,4.734602788056204e-06,0.002175914241889189,276.7183835678329,1.7342918040746775,0.550599147980314,0.40831387299999733,0.02735294200010685,0.5152355539999007,0.4356668150001042,0.4356668150001042,True,3.080462800016903e-07,True,,
w32_n10000,5,10,test,501042,502042,503042,504042,505042,10000,10000,50000,32,8129,8129,0.8129,0.2400499358196983,5.733550048075523,5.82158072564435,5.870175365624039,62.61107633075215,63.220348610226345,62.79955987962421,0.9981655390189828,-0.08803067756882621,0.23230518173010628,5.7821446880552125,4.646103634602126e-06,0.002155482227855782,269.5207909890452,1.7342918040746775,0.550599147980314,0.40831387299999733,0.02735294200010685,0.5152355539999007,0.4356668150001042,0.4356668150001042,True,3.080462800016903e-07,True,,
w32_n10000,5,25,training,501042,502042,503042,504042,505042,10000,10000,50000,32,8129,8129,0.8129,0.12335423085826323,5.972662493623102,6.033110516563801,5.861671097929353,66.92771946047579,68.1384075272111,67.47320737454112,0.9991538173180325,-0.0604480229406995,0.11971223860468434,5.801223074988654,2.394244772093687e-06,0.001547334731754473,559.0716558353366,2.1014133088010856,0.7426101225546076,1.0905159950000325,0.02735294200010685,0.5152355539999007,1.1178689370001393,1.1178689370001393,True,3.001864400039267e-07,True,,
w32_n10000,5,25,validation,501042,502042,503042,504042,505042,10000,10000,50000,32,8129,8129,0.8129,0.25921822242247594,5.773289707879354,5.851772134245388,5.861671097929353,65.50758151733339,66.29644430400793,65.77547089088159,0.9980977228213846,-0.0784824263660337,0.2530840395781339,5.78318867156332,5.0616807915626785e-06,0.002249817946315363,258.83726854734914,2.1014133088010856,0.7426101225546076,1.0905159950000325,0.02735294200010685,0.5152355539999007,1.1178689370001393,1.1178689370001393,True,3.001864400039267e-07,True,,
w32_n10000,5,25,test,501042,502042,503042,504042,505042,10000,10000,50000,32,8129,8129,0.8129,0.25106000948333596,5.733550048075523,5.812346424006346,5.861671097929353,62.61107633075215,63.49035608412378,62.92828818856583,0.9980825248837719,-0.07879637593082216,0.24485603774425943,5.782874721998531,4.897120754885189e-06,0.0022129439113735324,255.70566651146441,2.1014133088010856,0.7426101225546076,1.0905159950000325,0.02735294200010685,0.5152355539999007,1.1178689370001393,1.1178689370001393,True,3.001864400039267e-07,True,,
w32_n10000,5,50,training,501042,502042,503042,504042,505042,10000,10000,50000,32,8129,8129,0.8129,0.09945760925972577,5.972662493623102,5.954407272087729,5.779334841036409,66.92771946047579,66.87735472074081,66.85296995582164,0.9992591850610915,0.018255221535373206,0.09913426957337758,5.797590062571783,1.9826853914675517e-06,0.001408078616934279,675.1219305745424,2.5164965625736593,0.9228676812781129,2.0309775989999252,0.02735294200010685,0.5152355539999007,2.058330541000032,2.058330541000032,True,2.991427000006297e-07,True,,
w32_n10000,5,50,validation,501042,502042,503042,504042,505042,10000,10000,50000,32,8129,8129,0.8129,0.25028473182389405,5.773289707879354,5.767581208043711,5.779334841036409,65.50758151733339,65.1990350002611,65.22816967251185,0.9980879798053063,0.005708499835642362,0.2502771725707777,5.785043340872051,5.005543451415554e-06,0.002237307187539421,261.74013732238416,2.5164965625736593,0.9228676812781129,2.0309775989999252,0.02735294200010685,0.5152355539999007,2.058330541000032,2.058330541000032,True,2.991427000006297e-07,True,,
w32_n10000,5,50,test,501042,502042,503042,504042,505042,10000,10000,50000,32,8129,8129,0.8129,0.24471580593476153,5.733550048075523,5.729821347216676,5.779334841036409,62.61107633075215,62.29896818386912,62.33266885888036,0.998044051354802,0.0037287008588468176,0.244706796860604,5.783063541895256,4.89413593721208e-06,0.002212269408822551,255.86161534539733,2.5164965625736593,0.9228676812781129,2.0309775989999252,0.02735294200010685,0.5152355539999007,2.058330541000032,2.058330541000032,True,2.991427000006297e-07,True,,
w32_n10000,5,100,training,501042,502042,503042,504042,505042,10000,10000,50000,32,8129,8129,0.8129,0.0757124410762078,5.972662493623102,6.041418735016067,5.860045042436783,66.92771946047579,67.99458642355461,67.42565688223638,0.9995050770976199,-0.06875624139296548,0.07099211955767588,5.791288801043818,1.4198423911535176e-06,0.0011915713957432502,942.7485737498221,3.151485435869689,1.147873908627552,3.73537359199986,0.02735294200010685,0.5152355539999007,3.7627265339999667,3.7627265339999667,True,3.0127468000046066e-07,True,,
w32_n10000,5,100,validation,501042,502042,503042,504042,505042,10000,10000,50000,32,8129,8129,0.8129,0.23860665536581085,5.773289707879354,5.846404804786967,5.860045042436783,65.50758151733339,66.14586912833343,65.7100832396401,0.9982397757614924,-0.07311509690761363,0.23328416638663985,5.786929945529169,4.665683327732797e-06,0.0021600192887409123,280.805948093205,3.151485435869689,1.147873908627552,3.73537359199986,0.02735294200010685,0.5152355539999007,3.7627265339999667,3.7627265339999667,True,3.0127468000046066e-07,True,,
w32_n10000,5,100,test,501042,502042,503042,504042,505042,10000,10000,50000,32,8129,8129,0.8129,0.23527689232644725,5.733550048075523,5.811782795663562,5.860045042436783,62.61107633075215,63.28625099798099,62.83408310798985,0.9981941322568704,-0.07823274758803807,0.22916111275352868,5.781812294848745,4.5832222550705735e-06,0.0021408461539939236,273.21859096614133,3.151485435869689,1.147873908627552,3.73537359199986,0.02735294200010685,0.5152355539999007,3.7627265339999667,3.7627265339999667,True,3.0127468000046066e-07,True,,
w32_n10000,5,200,training,501042,502042,503042,504042,505042,10000,10000,50000,32,8129,8129,0.8129,0.043905504410074375,5.972662493623102,5.894960406163071,5.716212184346105,66.92771946047579,66.48298449118256,66.6864161372381,0.9997216819864453,0.07770208746003053,0.03787167718214638,5.793914271806135,7.574335436429276e-07,0.0008703065802594667,1767.2235411857366,4.249077342356731,1.4467018634515327,6.981868315999918,0.02735294200010685,0.5152355539999007,7.009221258000025,7.009221258000025,True,3.0214778000299705e-07,True,,
w32_n10000,5,200,validation,501042,502042,503042,504042,505042,10000,10000,50000,32,8129,8129,0.8129,0.18655788399359055,5.773289707879354,5.705708587879979,5.716212184346105,65.50758151733339,64.98008261906719,65.15282762964983,0.9986133237941995,0.0675811199993744,0.18200887710093078,5.783793304345481,3.6401775420186156e-06,0.0019079249309180422,359.9142116623629,4.249077342356731,1.4467018634515327,6.981868315999918,0.02735294200010685,0.5152355539999007,7.009221258000025,7.009221258000025,True,3.0214778000299705e-07,True,,
w32_n10000,5,200,test,501042,502042,503042,504042,505042,10000,10000,50000,32,8129,8129,0.8129,0.18032158750495003,5.733550048075523,5.667820170194513,5.716212184346105,62.61107633075215,62.17793165806072,62.306501649030174,0.9985955973130425,0.06572987788101173,0.17600469075251235,5.781942062227116,3.520093815050247e-06,0.0018761913055576841,355.73527082180004,4.249077342356731,1.4467018634515327,6.981868315999918,0.02735294200010685,0.5152355539999007,7.009221258000025,7.009221258000025,True,3.0214778000299705e-07,True,,
w32_n20000,5,0,training,501042,502042,503042,504042,505042,20000,10000,50000,32,8129,8129,0.40645,104.27648832625023,5.93596302104712,-0.031570564158939836,-0.034267836083329783,66.74321440652494,1.298369176087232,-0.31344053815435147,-0.03367072801395266,5.96753358520606,68.66846465892088,5.933265749122729,0.0013733692931784177,0.037058997465911264,0.9719631090929622,0.9697174565450786,-0.030750531827814644,0.0,0.05486352900015845,0.5152355539999007,0.05486352900015845,0.0,True,3.0425492000176743e-07,True,,
w32_n20000,5,0,validation,501042,502042,503042,504042,505042,20000,10000,50000,32,8129,8129,0.40645,101.11873103718395,5.773289707879354,-0.026547848795850256,-0.034267836083329783,65.50758151733339,1.2919248067384526,-0.3439288828504434,-0.037385590733475346,5.799837556675203,67.48736408977273,5.765569720591874,0.0013497472817954545,0.036738906921619956,0.9706643962297031,0.9697174565450786,-0.030750531827814644,0.0,0.05486352900015845,0.5152355539999007,0.05486352900015845,0.0,True,3.0425492000176743e-07,True,,
w32_n20000,5,0,test,501042,502042,503042,504042,505042,20000,10000,50000,32,8129,8129,0.40645,97.67123174859331,5.733550048075523,-0.03494924270314188,-0.034267836083329783,62.61107633075215,1.289911605979345,-0.24797384143012663,-0.027593088243750633,5.768499290778666,64.39693561959174,5.734231454695335,0.001287938712391835,0.035887863023476824,0.9722679461117669,0.9697174565450786,-0.030750531827814644,0.0,0.05486352900015845,0.5152355539999007,0.05486352900015845,0.0,True,3.0425492000176743e-07,True,,
w32_n20000,5,10,training,501042,502042,503042,504042,505042,20000,10000,50000,32,8129,8129,0.40645,0.15192664964873645,5.93596302104712,5.973083212240759,5.82786530001933,66.74321440652494,67.37865894696706,66.98565854231205,0.9988886777343211,-0.03712019119363915,0.1505562688679275,5.790745108825691,3.0111253773585502e-06,0.0017352594553433646,443.31076286882546,1.340607457923798,0.2931228380500699,0.6753673519999666,0.05486352900015845,0.5152355539999007,0.730230881000125,0.730230881000125,True,3.0650592000256437e-07,True,,
w32_n20000,5,10,validation,501042,502042,503042,504042,505042,20000,10000,50000,32,8129,8129,0.40645,0.20367399957647206,5.773289707879354,5.818062660366642,5.82786530001933,65.50758151733339,65.88967665141686,65.59778430874655,0.9984692614690901,-0.044772952487287965,0.20168955125716886,5.783092347532042,4.0337910251433775e-06,0.002008429990102562,324.79412596742037,1.340607457923798,0.2931228380500699,0.6753673519999666,0.05486352900015845,0.5152355539999007,0.730230881000125,0.730230881000125,True,3.0650592000256437e-07,True,,
w32_n20000,5,10,test,501042,502042,503042,504042,505042,20000,10000,50000,32,8129,8129,0.40645,0.19515391537638271,5.733550048075523,5.778905335595005,5.82786530001933,62.61107633075215,63.19323944377163,62.80560754961994,0.9984757618869807,-0.04535528751948128,0.19310067528391356,5.782510012499849,3.862013505678272e-06,0.0019652006273351004,324.24058713775,1.340607457923798,0.2931228380500699,0.6753673519999666,0.05486352900015845,0.5152355539999007,0.730230881000125,0.730230881000125,True,3.0650592000256437e-07,True,,
w32_n20000,5,25,training,501042,502042,503042,504042,505042,20000,10000,50000,32,8129,8129,0.40645,0.1097266161793992,5.93596302104712,5.912668041515361,5.7621088130544,66.74321440652494,66.44570965341588,66.53986732018093,0.9991826841264122,0.023294979531759026,0.10918941957899304,5.785403792586159,2.183788391579861e-06,0.0014777646604178425,611.2608223751898,1.4937233198523017,0.4012718753514272,1.769306836999931,0.05486352900015845,0.5152355539999007,1.8241703660000894,1.8241703660000894,True,3.018899199969383e-07,True,,
w32_n20000,5,25,validation,501042,502042,503042,504042,505042,20000,10000,50000,32,8129,8129,0.40645,0.16390120539565145,5.773289707879354,5.7477498771177,5.7621088130544,65.50758151733339,64.96387495329562,65.15409561083192,0.9987573238091416,0.025539830761653816,0.163265248965214,5.787648643816055,3.26530497930428e-06,0.001807015489503142,401.2340772609285,1.4937233198523017,0.4012718753514272,1.769306836999931,0.05486352900015845,0.5152355539999007,1.8241703660000894,1.8241703660000894,True,3.018899199969383e-07,True,,
w32_n20000,5,25,test,501042,502042,503042,504042,505042,20000,10000,50000,32,8129,8129,0.40645,0.15583600867421327,5.733550048075523,5.715183305038484,5.7621088130544,62.61107633075215,62.37652819119873,62.41605137024543,0.9987576209486333,0.018366743037040712,0.1555017814600538,5.7804755560914405,3.110035629201076e-06,0.0017635293105591062,402.6389649229584,1.4937233198523017,0.4012718753514272,1.769306836999931,0.05486352900015845,0.5152355539999007,1.8241703660000894,1.8241703660000894,True,3.018899199969383e-07,True,,
w32_n20000,5,50,training,501042,502042,503042,504042,505042,20000,10000,50000,32,8129,8129,0.40645,0.08607105586869931,5.93596302104712,5.98678609284879,5.831229351033277,66.74321440652494,67.55045533771042,67.10508874919087,0.9993963414581863,-0.05082307180167029,0.08349224585363424,5.780406279231607,1.6698449170726848e-06,0.001292224793552842,799.3941679749383,1.393202461232434,0.3316050261119629,3.468335130000014,0.05486352900015845,0.5152355539999007,3.5231986590001725,3.5231986590001725,True,3.0556053999589495e-07,True,,
w32_n20000,5,50,validation,501042,502042,503042,504042,505042,20000,10000,50000,32,8129,8129,0.40645,0.11991440687714622,5.773289707879354,5.819591984725545,5.831229351033277,65.50758151733339,66.07375442189473,65.73177682748185,0.9991141199297048,-0.04630227684619134,0.1177822842644313,5.7849270741870855,2.355645685288626e-06,0.0015348112865393667,556.1751661248416,1.393202461232434,0.3316050261119629,3.468335130000014,0.05486352900015845,0.5152355539999007,3.5231986590001725,3.5231986590001725,True,3.0556053999589495e-07,True,,
w32_n20000,5,50,test,501042,502042,503042,504042,505042,20000,10000,50000,32,8129,8129,0.40645,0.1188078389328291,5.733550048075523,5.78508367504344,5.831229351033277,62.61107633075215,63.51215652575136,63.0035392045951,0.9991045390431116,-0.05153362696791581,0.11615444731330704,5.779695724065361,2.323088946266141e-06,0.0015241682801666425,539.0329667005287,1.393202461232434,0.3316050261119629,3.468335130000014,0.05486352900015845,0.5152355539999007,3.5231986590001725,3.5231986590001725,True,3.0556053999589495e-07,True,,
w32_n20000,5,100,training,501042,502042,503042,504042,505042,20000,10000,50000,32,8129,8129,0.40645,0.02231250572229028,5.93596302104712,5.96368986614646,5.812281522022626,66.74321440652494,67.44037867889458,67.08102414019807,0.9998529330943952,-0.027726845099340505,0.021544805023378633,5.784554676923285,4.3089610046757263e-07,0.0006564267670255172,3097.8797131884344,1.4891497111633596,0.3982052934181424,6.690743635999979,0.05486352900015845,0.5152355539999007,6.745607165000138,6.745607165000138,True,3.0186439999852156e-07,True,,
w32_n20000,5,100,validation,501042,502042,503042,504042,505042,20000,10000,50000,32,8129,8129,0.40645,0.03322666145167938,5.773289707879354,5.8060245800609716,5.812281522022626,65.50758151733339,66.05513065214203,65.76527693202495,0.9997642253657745,-0.03273487218161863,0.032158305425475014,5.779546649841007,6.431661085095003e-07,0.0008019763765283241,2037.0346214026533,1.4891497111633596,0.3982052934181424,6.690743635999979,0.05486352900015845,0.5152355539999007,6.745607165000138,6.745607165000138,True,3.0186439999852156e-07,True,,
w32_n20000,5,100,test,501042,502042,503042,504042,505042,20000,10000,50000,32,8129,8129,0.40645,0.029998615552291323,5.733550048075523,5.764343419083761,5.812281522022626,62.61107633075215,63.22559079945541,62.90380808266701,0.9997810589227448,-0.03079337100823753,0.029050964873537824,5.781488151014388,5.810192974707565e-07,0.0007622462184037101,2155.215036860405,1.4891497111633596,0.3982052934181424,6.690743635999979,0.05486352900015845,0.5152355539999007,6.745607165000138,6.745607165000138,True,3.0186439999852156e-07,True,,
w32_n20000,5,200,training,501042,502042,503042,504042,505042,20000,10000,50000,32,8129,8129,0.40645,0.008422631422899637,5.93596302104712,5.955394475430611,5.801586044819708,66.74321440652494,67.09995449428835,66.91756172426868,0.9999434408330969,-0.019431454383491798,0.008045452276055715,5.782154590436217,1.609090455211143e-07,0.0004011346974784334,8295.769102398532,1.801839220277777,0.5888079322742324,13.001788547999922,0.05486352900015845,0.5152355539999007,13.05665207700008,13.05665207700008,True,3.0624363999777415e-07,True,,
w32_n20000,5,200,validation,501042,502042,503042,504042,505042,20000,10000,50000,32,8129,8129,0.40645,0.015176227635724586,5.773289707879354,5.795665454396765,5.801586044819708,65.50758151733339,65.72129990709686,65.60710220156231,0.9998894830911582,-0.022375746517411456,0.014677021305643698,5.779210298302297,2.9354042611287395e-07,0.0005417937117694095,4463.274948857914,1.801839220277777,0.5888079322742324,13.001788547999922,0.05486352900015845,0.5152355539999007,13.05665207700008,13.05665207700008,True,3.0624363999777415e-07,True,,
w32_n20000,5,200,test,501042,502042,503042,504042,505042,20000,10000,50000,32,8129,8129,0.40645,0.013598094544842046,5.733550048075523,5.75292138092623,5.801586044819708,62.61107633075215,62.85298913522895,62.725421177755244,0.999896465071713,-0.019371332850706753,0.013223110470638596,5.782214711969003,2.644622094127719e-07,0.0005142588933725618,4734.973399018152,1.801839220277777,0.5888079322742324,13.001788547999922,0.05486352900015845,0.5152355539999007,13.05665207700008,13.05665207700008,True,3.0624363999777415e-07,True,,
w32_n5000,6,0,training,601042,602042,603042,604042,605042,5000,10000,50000,32,8129,8129,1.6258,95.9993399985045,5.779809183368206,0.23257779195080844,0.2216493359733957,63.562364244712285,1.152729860962143,-0.2627589526528383,-0.03069684413163841,5.547231391417397,65.2406120109801,5.768880727390793,0.001304812240219602,0.03612218487605092,0.9742760266260935,1.0273137883892738,0.02694742311951338,0.0,0.013741365999976551,0.5084302779998779,0.013741365999976551,0.0,True,3.04662680000547e-07,True,,
w32_n5000,6,0,validation,601042,602042,603042,604042,605042,5000,10000,50000,32,8129,8129,1.6258,98.62144565673358,5.775083564076728,0.2123479879127798,0.2216493359733957,66.14205700500301,1.128896600946587,-0.20661668958122906,-0.023911095149943235,5.562735576163948,67.68418698511204,5.784384912137344,0.0013536837397022407,0.0367924413392512,0.9772158010784966,1.0273137883892738,0.02694742311951338,0.0,0.013741365999976551,0.5084302779998779,0.013741365999976551,0.0,True,3.04662680000547e-07,True,,
w32_n5000,6,0,test,601042,602042,603042,604042,605042,5000,10000,50000,32,8129,8129,1.6258,96.06711905764693,5.7932943719611245,0.21613241405402328,0.2216493359733957,63.19104560872848,1.1289397660780114,-0.3218487258853976,-0.03810558540053334,5.5771619579071015,64.96368282657728,5.798811293880498,0.0012992736565315456,0.036045438775683475,0.9727134124679951,1.0273137883892738,0.02694742311951338,0.0,0.013741365999976551,0.5084302779998779,0.013741365999976551,0.0,True,3.04662680000547e-07,True,,
w32_n5000,6,10,training,601042,602042,603042,604042,605042,5000,10000,50000,32,8129,8129,1.6258,0.11121014390379295,5.779809183368206,5.822413416696078,5.902092214725409,63.562364244712285,64.06413192316023,63.75853963064242,0.9991504006914437,-0.042604233327872734,0.10941690658765463,5.859487981397535,2.1883381317530926e-06,0.0014793032588867952,580.9190391778444,2.754930859256831,1.0133923458314558,0.21937501699994755,0.013741365999976551,0.5084302779998779,0.2331163829999241,0.2331163829999241,True,3.051804599999741e-07,True,,
w32_n5000,6,10,validation,601042,602042,603042,604042,605042,5000,10000,50000,32,8129,8129,1.6258,0.30637625730295215,5.775083564076728,5.884433600585415,5.902092214725409,66.14205700500301,65.40858293294657,65.62809583315196,0.9977772208398236,-0.1093500365086873,0.2944482716456655,5.792742178216721,5.88896543291331e-06,0.002426719067571133,224.63048139266152,2.754930859256831,1.0133923458314558,0.21937501699994755,0.013741365999976551,0.5084302779998779,0.2331163829999241,0.2331163829999241,True,3.051804599999741e-07,True,,
w32_n5000,6,10,test,601042,602042,603042,604042,605042,5000,10000,50000,32,8129,8129,1.6258,0.2838474931058864,5.7932943719611245,5.910963881268776,5.902092214725409,63.19104560872848,62.908539375112554,62.914789102010126,0.9978612855788948,-0.11766950930765158,0.27000677982077925,5.784422705417757,5.400135596415585e-06,0.002323819183244597,234.03503293758925,2.754930859256831,1.0133923458314558,0.21937501699994755,0.013741365999976551,0.5084302779998779,0.2331163829999241,0.2331163829999241,True,3.051804599999741e-07,True,,
w32_n5000,6,25,training,601042,602042,603042,604042,605042,5000,10000,50000,32,8129,8129,1.6258,0.07417510786312295,5.779809183368206,5.8071434248802865,5.873640199656568,63.562364244712285,63.76848751861685,63.62870456384895,0.9994245236384892,-0.02733424151208099,0.07344263563120845,5.846305958144487,1.468852712624169e-06,0.0012119623396063795,865.4695422954336,3.8310883543001486,1.3431489284387697,0.6141775900000539,0.013741365999976551,0.5084302779998779,0.6279189560000304,0.6279189560000304,True,3.034732800006168e-07,True,,
w32_n5000,6,25,validation,601042,602042,603042,604042,605042,5000,10000,50000,32,8129,8129,1.6258,0.2841713919133677,5.775083564076728,5.857406991200213,5.873640199656568,66.14205700500301,64.89873903406664,65.38168702580545,0.9979278532246436,-0.08232342712348588,0.27742198745875774,5.791316772533081,5.548439749175155e-06,0.0023555126298059103,238.416780194237,3.8310883543001486,1.3431489284387697,0.6141775900000539,0.013741365999976551,0.5084302779998779,0.6279189560000304,0.6279189560000304,True,3.034732800006168e-07,True,,
w32_n5000,6,25,test,601042,602042,603042,604042,605042,5000,10000,50000,32,8129,8129,1.6258,0.26190432148607934,5.7932943719611245,5.883751524202598,5.873640199656568,63.19104560872848,62.40741411194297,62.67236641051947,0.9979992815347134,-0.09045715224147265,0.25372689963243505,5.783183047415095,5.074537992648701e-06,0.0022526735210963663,249.05142379570734,3.8310883543001486,1.3431489284387697,0.6141775900000539,0.013741365999976551,0.5084302779998779,0.6279189560000304,0.6279189560000304,True,3.034732800006168e-07,True,,
w32_n5000,6,50,training,601042,602042,603042,604042,605042,5000,10000,50000,32,8129,8129,1.6258,0.056463310551386266,5.779809183368206,5.8023594591180565,5.86351856350785,63.562364244712285,63.70822053691138,63.60730939640546,0.999560916235941,-0.022550275749850832,0.055965988812754504,5.840968287758,1.11931977625509e-06,0.001057979100103159,1135.7319971129784,5.778756647539036,1.7541885466616718,1.1488465600000382,0.013741365999976551,0.5084302779998779,1.1625879260000147,1.1625879260000147,True,3.0550443999800337e-07,True,,
w32_n5000,6,50,validation,601042,602042,603042,604042,605042,5000,10000,50000,32,8129,8129,1.6258,0.3262877311908844,5.775083564076728,5.847664268011933,5.86351856350785,66.14205700500301,64.79500873323214,65.3080069302201,0.9976008377256237,-0.07258070393520524,0.321051877794934,5.790937859572645,6.42103755589868e-06,0.0025339766289172202,206.01672682708943,5.778756647539036,1.7541885466616718,1.1488465600000382,0.013741365999976551,0.5084302779998779,1.1625879260000147,1.1625879260000147,True,3.0550443999800337e-07,True,,
w32_n5000,6,50,test,601042,602042,603042,604042,605042,5000,10000,50000,32,8129,8129,1.6258,0.31253760933827646,5.7932943719611245,5.8738190353424535,5.86351856350785,63.19104560872848,62.33751488282723,62.61125049121996,0.9975848946728871,-0.08052466338132887,0.3060595091157825,5.782993900126521,6.12119018231565e-06,0.002474103915019668,206.46653257495512,5.778756647539036,1.7541885466616718,1.1488465600000382,0.013741365999976551,0.5084302779998779,1.1625879260000147,1.1625879260000147,True,3.0550443999800337e-07,True,,
w32_n5000,6,100,training,601042,602042,603042,604042,605042,5000,10000,50000,32,8129,8129,1.6258,0.07618767678852437,5.779809183368206,5.760626723781781,5.815970647023156,63.562364244712285,63.206419933625064,63.346474650664604,0.999405725477581,0.019182459586424016,0.07583487700814122,5.835153106609581,1.5166975401628243e-06,0.0012315427480046417,838.1679611333526,5.542211409921051,1.7123935925773512,2.0726554249999936,0.013741365999976551,0.5084302779998779,2.08639679099997,2.08639679099997,True,3.027665599984175e-07,True,,
w32_n5000,6,100,validation,601042,602042,603042,604042,605042,5000,10000,50000,32,8129,8129,1.6258,0.42224821159273696,5.775083564076728,5.805231780386431,5.815970647023156,66.14205700500301,64.43859448827818,65.07963502924582,0.9968578438690183,-0.03014821630970289,0.42138143478955936,5.785822430713453,8.427628695791188e-06,0.002903037839193831,156.96481036957593,5.542211409921051,1.7123935925773512,2.0726554249999936,0.013741365999976551,0.5084302779998779,2.08639679099997,2.08639679099997,True,3.027665599984175e-07,True,,
w32_n5000,6,100,test,601042,602042,603042,604042,605042,5000,10000,50000,32,8129,8129,1.6258,0.4102682982702981,5.7932943719611245,5.82628773880965,5.815970647023156,63.19104560872848,61.863514969944376,62.32268632945007,0.9967840908367636,-0.032993366848524885,0.40918791977269225,5.782977280174631,8.183758395453845e-06,0.002860726899837495,154.43037918575823,5.542211409921051,1.7123935925773512,2.0726554249999936,0.013741365999976551,0.5084302779998779,2.08639679099997,2.08639679099997,True,3.027665599984175e-07,True,,
w32_n5000,6,200,training,601042,602042,603042,604042,605042,5000,10000,50000,32,8129,8129,1.6258,0.02044066991695217,5.779809183368206,5.756695849099223,5.810162571766152,63.562364244712285,63.265384912562325,63.403919365746766,0.9998457531866679,0.02311333426898331,0.019910425781078628,5.8332759060351345,3.9820851562157255e-07,0.0006310376499239744,3192.4161212623176,18.10255231101946,2.8960529399891044,3.7798563320000085,0.013741365999976551,0.5084302779998779,3.793597697999985,3.793597697999985,True,3.034422199971232e-07,True,,
w32_n5000,6,200,validation,601042,602042,603042,604042,605042,5000,10000,50000,32,8129,8129,1.6258,0.3700282964439084,5.775083564076728,5.797703743092522,5.810162571766152,66.14205700500301,64.39947492997592,65.08598917783789,0.9972579285848809,-0.022620179015794207,0.3695535793031321,5.787542392750358,7.391071586062642e-06,0.0027186525313218387,178.97826109471654,18.10255231101946,2.8960529399891044,3.7798563320000085,0.013741365999976551,0.5084302779998779,3.793597697999985,3.793597697999985,True,3.034422199971232e-07,True,,
w32_n5000,6,200,test,601042,602042,603042,604042,605042,5000,10000,50000,32,8129,8129,1.6258,0.349250025227569,5.7932943719611245,5.820796237759505,5.810162571766152,63.19104560872848,61.850503764840475,62.346524365475496,0.9972702335119136,-0.0275018657983798,0.3485006426180293,5.782660705967772,6.970012852360587e-06,0.0026400781905770495,181.32260857259996,18.10255231101946,2.8960529399891044,3.7798563320000085,0.013741365999976551,0.5084302779998779,3.793597697999985,3.793597697999985,True,3.034422199971232e-07,True,,
w16_n5000,6,0,training,601042,602042,603042,604042,770042,5000,10000,50000,16,4065,4065,0.813,106.98439135976199,5.779809183368206,-0.7929794358917771,-0.8083236536444802,63.562364244712285,1.606224669563117,0.68649433396885,0.06794129020058896,6.572788619259984,63.79560024633769,5.764464965615503,0.0012759120049267538,0.035719910483185055,0.9963440111743631,1.0340295723964739,0.03346337567385509,0.0,0.013741365999976551,0.5084302779998779,0.013741365999976551,0.0,True,1.9668194000132644e-07,True,,
w16_n5000,6,0,validation,601042,602042,603042,604042,770042,5000,10000,50000,16,4065,4065,0.813,110.6250244508317,5.775083564076728,-0.8291261825445968,-0.8083236536444802,66.14205700500301,1.6056121365885838,0.36576472707962293,0.03549299531364691,6.604209746621325,67.01613968743233,5.795886092976844,0.0013403227937486466,0.0366104191965709,0.9869571317222076,1.0340295723964739,0.03346337567385509,0.0,0.013741365999976551,0.5084302779998779,0.013741365999976551,0.0,True,1.9668194000132644e-07,True,,
w16_n5000,6,0,test,601042,602042,603042,604042,770042,5000,10000,50000,16,4065,4065,0.813,107.28309745684172,5.7932943719611245,-0.8051433684789145,-0.8083236536444802,63.19104560872848,1.5669183576172263,0.5064861120662951,0.05089985982239178,6.5984377404400405,63.74499174221311,5.79011408679556,0.0012748998348442622,0.035705739522438995,0.9913099661895823,1.0340295723964739,0.03346337567385509,0.0,0.013741365999976551,0.5084302779998779,0.013741365999976551,0.0,True,1.9668194000132644e-07,True,,
w16_n5000,6,10,training,601042,602042,603042,604042,770042,5000,10000,50000,16,4065,4065,0.813,0.13919318843375103,5.779809183368206,5.800592059969068,5.857254748213186,63.562364244712285,63.649358455732234,63.536466841083445,0.9989092254855396,-0.020782876600861463,0.13878901827759993,5.836471871612324,2.7757803655519987e-06,0.001666067335239485,457.9783403149198,2.4309532161013054,0.888283450435232,0.2158559229999355,0.013741365999976551,0.5084302779998779,0.22959728899991205,0.22959728899991205,True,1.9744797999919684e-07,True,,
w16_n5000,6,10,validation,601042,602042,603042,604042,770042,5000,10000,50000,16,4065,4065,0.813,0.3383721290824221,5.775083564076728,5.840956353063677,5.857254748213186,66.14205700500301,64.8801511707837,65.34407093220105,0.9974965730484481,-0.0658727889869493,0.3340663113846413,5.791381959226237,6.681326227692827e-06,0.0025848261503808776,197.99080227771776,2.4309532161013054,0.888283450435232,0.2158559229999355,0.013741365999976551,0.5084302779998779,0.22959728899991205,0.22959728899991205,True,1.9744797999919684e-07,True,,
w16_n5000,6,10,test,601042,602042,603042,604042,770042,5000,10000,50000,16,4065,4065,0.813,0.3038812639403433,5.7932943719611245,5.869225410287149,5.857254748213186,63.19104560872848,62.46407306581818,62.67849848537673,0.997644157208978,-0.07593103832602538,0.29812170379315084,5.78132370988716,5.962434075863016e-06,0.0024418095904191663,211.96392213219417,2.4309532161013054,0.888283450435232,0.2158559229999355,0.013741365999976551,0.5084302779998779,0.22959728899991205,0.22959728899991205,True,1.9744797999919684e-07,True,,
w16_n5000,6,25,training,601042,602042,603042,604042,770042,5000,10000,50000,16,4065,4065,0.813,0.08168270715796225,5.779809183368206,5.811820663056985,5.852940072549459,63.562364244712285,64.18758602056042,63.83463807906257,0.9993804686818896,-0.03201147968877948,0.08067410714752661,5.82092859286068,1.6134821429505322e-06,0.001270229169461374,787.8905201699656,3.439804929287334,1.2354147631749075,0.5377988909999658,0.013741365999976551,0.5084302779998779,0.5515402569999424,0.5515402569999424,True,1.9712880000042786e-07,True,,
w16_n5000,6,25,validation,601042,602042,603042,604042,770042,5000,10000,50000,16,4065,4065,0.813,0.2809725787194923,5.775083564076728,5.83692624865001,5.852940072549459,66.14205700500301,65.64068436939283,65.75278279786687,0.9979039438285918,-0.06184268457328217,0.27717577866212806,5.791097387976177,5.5435155732425614e-06,0.002354467152721091,238.62856027412448,3.439804929287334,1.2354147631749075,0.5377988909999658,0.013741365999976551,0.5084302779998779,0.5515402569999424,0.5515402569999424,True,1.9712880000042786e-07,True,,
w16_n5000,6,25,test,601042,602042,603042,604042,770042,5000,10000,50000,16,4065,4065,0.813,0.25278546031030996,5.7932943719611245,5.865494416756065,5.852940072549459,63.19104560872848,63.2332743008172,63.088371172076194,0.998041749192768,-0.07220004479494031,0.2475775653932264,5.78074002775452,4.951551307864528e-06,0.002225208149334468,255.23736574581147,3.439804929287334,1.2354147631749075,0.5377988909999658,0.013741365999976551,0.5084302779998779,0.5515402569999424,0.5515402569999424,True,1.9712880000042786e-07,True,,
w16_n5000,6,50,training,601042,602042,603042,604042,770042,5000,10000,50000,16,4065,4065,0.813,0.06986929122540254,5.779809183368206,5.790575155176785,5.830615989938737,63.562364244712285,63.88625753810299,63.68942722213556,0.9994558121103296,-0.010765971808579243,0.06976733854412825,5.8198500181301585,1.3953467708825652e-06,0.0011812479718004028,911.061903336168,4.461208101560448,1.4954196041413588,0.9944286579998334,0.013741365999976551,0.5084302779998779,1.00817002399981,1.00817002399981,True,1.9788240000252698e-07,True,,
w16_n5000,6,50,validation,601042,602042,603042,604042,770042,5000,10000,50000,16,4065,4065,0.813,0.3117014480650522,5.775083564076728,5.8133483521946525,5.830615989938737,66.14205700500301,65.57321679691363,65.70250276051661,0.9976537054509824,-0.038264788117924886,0.31026828088343084,5.792351201820812,6.2053656176686165e-06,0.0024910571285437465,213.17698611239243,4.461208101560448,1.4954196041413588,0.9944286579998334,0.013741365999976551,0.5084302779998779,1.00817002399981,1.00817002399981,True,1.9788240000252698e-07,True,,
w16_n5000,6,50,test,601042,602042,603042,604042,770042,5000,10000,50000,16,4065,4065,0.813,0.28486284474079404,5.7932943719611245,5.843502530288425,5.830615989938737,63.19104560872848,63.12779683651623,63.018247406356934,0.9977649270061885,-0.05020815832729966,0.2823476325308254,5.780407831611438,5.646952650616508e-06,0.002376331763583635,223.8058277390712,4.461208101560448,1.4954196041413588,0.9944286579998334,0.013741365999976551,0.5084302779998779,1.00817002399981,1.00817002399981,True,1.9788240000252698e-07,True,,
w16_n5000,6,100,training,601042,602042,603042,604042,770042,5000,10000,50000,16,4065,4065,0.813,0.0720349827790413,5.779809183368206,5.754608280230503,5.788164520076292,63.562364244712285,63.17353853655217,63.33224430058416,0.9994412155367298,0.025200903137702686,0.07141418009610462,5.813365423213995,1.4282836019220924e-06,0.0011951081967429109,890.0524259912266,5.041747474779168,1.6177527431757197,1.8004106789999241,0.013741365999976551,0.5084302779998779,1.8141520449999007,1.8141520449999007,True,1.975185200035412e-07,True,,
w16_n5000,6,100,validation,601042,602042,603042,604042,770042,5000,10000,50000,16,4065,4065,0.813,0.36318219252199235,5.775083564076728,5.771070219572791,5.788164520076292,66.14205700500301,64.72069252758712,65.24977356338081,0.9972833821572548,0.0040133445039369645,0.363202405828468,5.792177864580229,7.26404811656936e-06,0.0026951898108610755,182.10798151001333,5.041747474779168,1.6177527431757197,1.8004106789999241,0.013741365999976551,0.5084302779998779,1.8141520449999007,1.8141520449999007,True,1.975185200035412e-07,True,,
w16_n5000,6,100,test,601042,602042,603042,604042,770042,5000,10000,50000,16,4065,4065,0.813,0.34308998335208335,5.7932943719611245,5.801327155429947,5.788164520076292,63.19104560872848,62.36737868808791,62.60769598921414,0.9972894055109374,-0.008032783468820673,0.34303231838819426,5.780131736607473,6.860646367763885e-06,0.0026192835600148154,184.2130966132993,5.041747474779168,1.6177527431757197,1.8004106789999241,0.013741365999976551,0.5084302779998779,1.8141520449999007,1.8141520449999007,True,1.975185200035412e-07,True,,
w16_n5000,6,200,training,601042,602042,603042,604042,770042,5000,10000,50000,16,4065,4065,0.813,0.05240830376471612,5.779809183368206,5.794010748184975,5.8325676176088885,63.562364244712285,64.21310333575114,63.86162525886469,0.9996043007632436,-0.014201564816770141,0.05221706273401801,5.818366052792118,1.0443412546803602e-06,0.0010219301613517238,1217.2719206456459,7.122036096047504,1.963193653088671,3.2762059249998856,0.013741365999976551,0.5084302779998779,3.289947290999862,3.289947290999862,True,1.9894848000149068e-07,True,,
w16_n5000,6,200,validation,601042,602042,603042,604042,770042,5000,10000,50000,16,4065,4065,0.813,0.3732538311449305,5.775083564076728,5.8207276549998515,5.8325676176088885,66.14205700500301,66.06588299047633,65.91836621330685,0.997192410032527,-0.045644090923122826,0.3712075688656188,5.786923526685766,7.424151377312376e-06,0.0027247295970999354,178.18078765777312,7.122036096047504,1.963193653088671,3.2762059249998856,0.013741365999976551,0.5084302779998779,3.289947290999862,3.289947290999862,True,1.9894848000149068e-07,True,,
w16_n5000,6,200,test,601042,602042,603042,604042,770042,5000,10000,50000,16,4065,4065,0.813,0.3605111791543035,5.7932943719611245,5.845750137484325,5.8325676176088885,63.19104560872848,63.47441302808639,63.15384595483137,0.9971779942231769,-0.05245576552319886,0.35776672715222163,5.780111852085691,7.155334543044432e-06,0.0026749457084293193,176.6263903625731,7.122036096047504,1.963193653088671,3.2762059249998856,0.013741365999976551,0.5084302779998779,3.289947290999862,3.289947290999862,True,1.9894848000149068e-07,True,,
w8_n5000,6,0,training,601042,602042,603042,604042,690042,5000,10000,50000,8,2033,2033,0.4066,115.51717926777238,5.779809183368206,-1.3038786908193551,-1.3193147834562797,63.562364244712285,1.1945141513809827,-0.29736864795280876,-0.03412710960669272,7.083687874187561,65.35161569199889,5.764373090731281,0.0013070323138399777,0.03615290187301674,0.9726211597320055,1.0166303475063725,0.01649357754887792,0.0,0.013741365999976551,0.5084302779998779,0.013741365999976551,0.0,True,1.4627238000230137e-07,True,,
w8_n5000,6,0,validation,601042,602042,603042,604042,690042,5000,10000,50000,8,2033,2033,0.4066,117.43827010195136,5.775083564076728,-1.3129634254643454,-1.3193147834562797,66.14205700500301,1.1311149068301423,0.03429573889032215,0.003965043464894365,7.088046989541073,67.2045804340525,5.768732206084793,0.00134409160868105,0.03666185495417615,0.9841897170968557,1.0166303475063725,0.01649357754887792,0.0,0.013741365999976551,0.5084302779998779,0.013741365999976551,0.0,True,1.4627238000230137e-07,True,,
w8_n5000,6,0,test,601042,602042,603042,604042,690042,5000,10000,50000,8,2033,2033,0.4066,115.23043191768758,5.7932943719611245,-1.3192216328570463,-1.3193147834562797,63.19104560872848,1.1645227874405912,-0.14413623977069917,-0.016802403953939976,7.112516004818172,64.64384087571045,5.793201221361892,0.001292876817514209,0.03595659630045938,0.9775261610804464,1.0166303475063725,0.01649357754887792,0.0,0.013741365999976551,0.5084302779998779,0.013741365999976551,0.0,True,1.4627238000230137e-07,True,,
w8_n5000,6,10,training,601042,602042,603042,604042,690042,5000,10000,50000,8,2033,2033,0.4066,0.2559276418446503,5.779809183368206,5.89545438428239,5.9281147477188725,63.562364244712285,61.80232498919797,62.56104344204505,0.9981632026542986,-0.11564520091418451,0.24260234982013218,5.812469546804689,4.852046996402644e-06,0.0022027362521197685,262.0022612799837,1.5632881109560208,0.4467913664778843,0.19046438100008345,0.013741365999976551,0.5084302779998779,0.20420574700006,0.20420574700006,True,1.4526473999922018e-07,True,,
w8_n5000,6,10,validation,601042,602042,603042,604042,690042,5000,10000,50000,8,2033,2033,0.4066,0.4000886397607524,5.775083564076728,5.913395749456946,5.9281147477188725,66.14205700500301,63.28234442896605,64.52170247759254,0.9972997025517589,-0.13831218538021867,0.3809964787839785,5.789802562338654,7.61992957567957e-06,0.0027604219923192124,173.6028039316997,1.5632881109560208,0.4467913664778843,0.19046438100008345,0.013741365999976551,0.5084302779998779,0.20420574700006,0.20420574700006,True,1.4526473999922018e-07,True,,
w8_n5000,6,10,test,601042,602042,603042,604042,690042,5000,10000,50000,8,2033,2033,0.4066,0.34643368858482276,5.7932943719611245,5.939461821566212,5.9281147477188725,63.19104560872848,61.18098711555968,62.023478728761056,0.9975165509521318,-0.14616744960508632,0.3250752667661025,5.781947298113787,6.5015053353220495e-06,0.0025498049602512836,194.3889679376794,1.5632881109560208,0.4467913664778843,0.19046438100008345,0.013741365999976551,0.5084302779998779,0.20420574700006,0.20420574700006,True,1.4526473999922018e-07,True,,
w8_n5000,6,25,training,601042,602042,603042,604042,690042,5000,10000,50000,8,2033,2033,0.4066,0.12105048581790911,5.779809183368206,5.800128563583047,5.819512270784264,63.562364244712285,63.01314723195391,63.2274248678562,0.9990561261054479,-0.020319380214842083,0.1206617409537844,5.799192890569421,2.413234819075688e-06,0.0015534589853213661,526.7814283324306,1.976413951481573,0.6812840670019712,0.4809123780000846,0.013741365999976551,0.5084302779998779,0.4946537440000611,0.4946537440000611,True,1.5085114000157774e-07,True,,
w8_n5000,6,25,validation,601042,602042,603042,604042,690042,5000,10000,50000,8,2033,2033,0.4066,0.23924586900413788,5.775083564076728,5.806157729008018,5.819512270784264,66.14205700500301,65.01543036444433,65.4595916368799,0.9982198970652127,-0.031074164931289967,0.2383040956875295,5.788438105852974,4.76608191375059e-06,0.002183135798284337,277.55316925702436,1.976413951481573,0.6812840670019712,0.4809123780000846,0.013741365999976551,0.5084302779998779,0.4946537440000611,0.4946537440000611,True,1.5085114000157774e-07,True,,
w8_n5000,6,25,test,601042,602042,603042,604042,690042,5000,10000,50000,8,2033,2033,0.4066,0.2018462883304881,5.7932943719611245,5.82985178378535,5.819512270784264,63.19104560872848,62.7445258913445,62.86752882291232,0.9984140818189391,-0.036557411824224284,0.20051385424828713,5.782954858960039,4.010277084965743e-06,0.002002567623069379,315.1455336870733,1.976413951481573,0.6812840670019712,0.4809123780000846,0.013741365999976551,0.5084302779998779,0.4946537440000611,0.4946537440000611,True,1.5085114000157774e-07,True,,
w8_n5000,6,50,training,601042,602042,603042,604042,690042,5000,10000,50000,8,2033,2033,0.4066,0.09064573994161298,5.779809183368206,5.825783708880816,5.826733784359861,63.562364244712285,64.0360698632563,63.75494215753224,0.9993129141025963,-0.0459745255126095,0.08854979290408448,5.780759258847252,1.7709958580816894e-06,0.0013307876833220577,717.8149395963227,2.360981085276891,0.8590772467527299,0.901247302999991,0.013741365999976551,0.5084302779998779,0.9149886689999676,0.9149886689999676,True,1.469370600034381e-07,True,,
w8_n5000,6,50,validation,601042,602042,603042,604042,690042,5000,10000,50000,8,2033,2033,0.4066,0.21401287746307626,5.775083564076728,5.810930760377363,5.826733784359861,66.14205700500301,66.21178274466455,66.07054530938701,0.9983927115783181,-0.0358471963006355,0.2127491308935493,5.790886588059225,4.254982617870986e-06,0.002062760921161487,310.89225477540356,2.360981085276891,0.8590772467527299,0.901247302999991,0.013741365999976551,0.5084302779998779,0.9149886689999676,0.9149886689999676,True,1.469370600034381e-07,True,,
w8_n5000,6,50,test,601042,602042,603042,604042,690042,5000,10000,50000,8,2033,2033,0.4066,0.18852581217609612,5.7932943719611245,5.838465020391203,5.826733784359861,63.19104560872848,63.896120469723904,63.45033846198634,0.9985479563309155,-0.0451706484300776,0.18648915447959208,5.781563135929783,3.7297830895918416e-06,0.0019312646347903338,338.8456866838528,2.360981085276891,0.8590772467527299,0.901247302999991,0.013741365999976551,0.5084302779998779,0.9149886689999676,0.9149886689999676,True,1.469370600034381e-07,True,,
w8_n5000,6,100,training,601042,602042,603042,604042,690042,5000,10000,50000,8,2033,2033,0.4066,0.03748468680157791,5.779809183368206,5.7754333583512025,5.777058892281164,63.562364244712285,63.025172927451095,63.275032069299826,0.999712977008377,0.004375825017003049,0.03747303356371122,5.781434717298167,7.494606712742244e-07,0.0008657139662002828,1696.2161373096278,3.2367654663807386,1.1745745183126208,1.6354063829999177,0.013741365999976551,0.5084302779998779,1.6491477489998942,1.6491477489998942,True,1.4834148000318237e-07,True,,
w8_n5000,6,100,validation,601042,602042,603042,604042,690042,5000,10000,50000,8,2033,2033,0.4066,0.12132913975744525,5.775083564076728,5.763562835535114,5.777058892281164,66.14205700500301,65.19953428750465,65.61019137954148,0.9991028759762447,0.011520728541612854,0.12120853342465812,5.7885796208227775,2.4241706684931624e-06,0.0015569748451703266,545.6881222485558,3.2367654663807386,1.1745745183126208,1.6354063829999177,0.013741365999976551,0.5084302779998779,1.6491477489998942,1.6491477489998942,True,1.4834148000318237e-07,True,,
w8_n5000,6,100,test,601042,602042,603042,604042,690042,5000,10000,50000,8,2033,2033,0.4066,0.09981978763401392,5.7932943719611245,5.790093687403964,5.777058892281164,63.19104560872848,62.73663121876954,62.913932644007424,0.9992138956361213,0.0032006845571619386,0.09981153948316915,5.780259576838325,1.996230789663383e-06,0.001412880316822123,633.1036064160112,3.2367654663807386,1.1745745183126208,1.6354063829999177,0.013741365999976551,0.5084302779998779,1.6491477489998942,1.6491477489998942,True,1.4834148000318237e-07,True,,
w8_n5000,6,200,training,601042,602042,603042,604042,690042,5000,10000,50000,8,2033,2033,0.4066,0.0318182577631163,5.779809183368206,5.790351685872181,5.790843391027904,63.562364244712285,63.76459507759432,63.64762293310565,0.9997521899808923,-0.010542502503975499,0.03171345609528898,5.780300888523929,6.342691219057796e-07,0.0007964101467873068,2004.2711224449122,2.6211360024819923,0.963607812534158,2.9835474310000336,0.013741365999976551,0.5084302779998779,2.99728879700001,2.99728879700001,True,1.4221586000076059e-07,True,,
w8_n5000,6,200,validation,601042,602042,603042,604042,690042,5000,10000,50000,8,2033,2033,0.4066,0.08339998095915628,5.775083564076728,5.779907033865349,5.790843391027904,66.14205700500301,66.05646136043076,66.05756665591501,0.9993694531417443,-0.004823469788621602,0.08338505360371498,5.786019921239282,1.6677010720742996e-06,0.001291395010085721,793.2123821535355,2.6211360024819923,0.963607812534158,2.9835474310000336,0.013741365999976551,0.5084302779998779,2.99728879700001,2.99728879700001,True,1.4221586000076059e-07,True,,
w8_n5000,6,200,test,601042,602042,603042,604042,690042,5000,10000,50000,8,2033,2033,0.4066,0.07308845278276731,5.7932943719611245,5.801272781063806,5.790843391027904,63.19104560872848,63.42075755969801,63.26938845506514,0.9994248719881438,-0.007978409102680505,0.07302625829612351,5.782864981925225,1.4605251659224703e-06,0.0012085218930257202,865.3195040130227,2.6211360024819923,0.963607812534158,2.9835474310000336,0.013741365999976551,0.5084302779998779,2.99728879700001,2.99728879700001,True,1.4221586000076059e-07,True,,
w32_n10000,6,0,training,601042,602042,603042,604042,605042,10000,10000,50000,32,8129,8129,0.8129,97.15520087829893,5.790915215270975,0.22313157430212585,0.2216493359733957,64.45897922151214,1.1392914955807716,-0.2816658244011459,-0.03286813150736425,5.567783640968849,66.1616023658952,5.789432976942244,0.001323232047317904,0.0363762566424571,0.9742656906196587,1.0150917785685127,0.014979030640894703,0.0,0.027292617000057362,0.5084302779998779,0.027292617000057362,0.0,True,3.079210999976567e-07,True,,
w32_n10000,6,0,validation,601042,602042,603042,604042,605042,10000,10000,50000,32,8129,8129,0.8129,98.62144565673358,5.775083564076728,0.2123479879127798,0.2216493359733957,66.14205700500301,1.128896600946587,-0.20661668958122906,-0.023911095149943235,5.562735576163948,67.68418698511204,5.784384912137344,0.0013536837397022407,0.0367924413392512,0.9772158010784966,1.0150917785685127,0.014979030640894703,0.0,0.027292617000057362,0.5084302779998779,0.027292617000057362,0.0,True,3.079210999976567e-07,True,,
w32_n10000,6,0,test,601042,602042,603042,604042,605042,10000,10000,50000,32,8129,8129,0.8129,96.06711905764693,5.7932943719611245,0.21613241405402328,0.2216493359733957,63.19104560872848,1.1289397660780114,-0.3218487258853976,-0.03810558540053334,5.5771619579071015,64.96368282657728,5.798811293880498,0.0012992736565315456,0.036045438775683475,0.9727134124679951,1.0150917785685127,0.014979030640894703,0.0,0.027292617000057362,0.5084302779998779,0.027292617000057362,0.0,True,3.079210999976567e-07,True,,
w32_n10000,6,10,training,601042,602042,603042,604042,605042,10000,10000,50000,32,8129,8129,0.8129,0.12396413912990559,5.790915215270975,5.804121960689691,5.831474984502267,64.45897922151214,64.37512979761735,64.355153458957,0.999039269628169,-0.013206745418716437,0.12380210121547235,5.818268239083551,2.476042024309447e-06,0.0015735444144699086,520.6614313380998,1.8753411417552137,0.6287905851423341,0.3721780219998436,0.027292617000057362,0.5084302779998779,0.399470638999901,0.399470638999901,True,3.029370000012932e-07,True,,
w32_n10000,6,10,validation,601042,602042,603042,604042,605042,10000,10000,50000,32,8129,8129,0.8129,0.2324750502125793,5.775083564076728,5.81746587425295,5.831474984502267,66.14205700500301,65.33668818520775,65.62402166501404,0.9982640579030749,-0.0423823101762223,0.230701860182724,5.789092674326045,4.61403720365448e-06,0.0021480310062134762,286.6992791155484,1.8753411417552137,0.6287905851423341,0.3721780219998436,0.027292617000057362,0.5084302779998779,0.399470638999901,0.399470638999901,True,3.029370000012932e-07,True,,
w32_n10000,6,10,test,601042,602042,603042,604042,605042,10000,10000,50000,32,8129,8129,0.8129,0.21137254215309592,5.7932943719611245,5.841595355332855,5.831474984502267,63.19104560872848,62.856927919554785,62.91946489512501,0.9983450615007476,-0.04830098337172849,0.20904373803318063,5.783174001130538,4.180874760663613e-06,0.002044718748547979,302.2862402063363,1.8753411417552137,0.6287905851423341,0.3721780219998436,0.027292617000057362,0.5084302779998779,0.399470638999901,0.399470638999901,True,3.029370000012932e-07,True,,
w32_n10000,6,25,training,601042,602042,603042,604042,605042,10000,10000,50000,32,8129,8129,0.8129,0.10532921087352179,5.790915215270975,5.769315027614471,5.787432666275925,64.45897922151214,63.98499721579276,64.1695516536126,0.9991903139601923,0.02160018765650339,0.10487313007973356,5.809032853932428,2.0974626015946713e-06,0.0014482619243751012,614.6376976877193,2.2571059365890043,0.8140834336364241,1.0086273239999173,0.027292617000057362,0.5084302779998779,1.0359199409999746,1.0359199409999746,True,3.1091487999674426e-07,True,,
w32_n10000,6,25,validation,601042,602042,603042,604042,605042,10000,10000,50000,32,8129,8129,0.8129,0.2377391871588611,5.775083564076728,5.768979118949548,5.787432666275925,66.14205700500301,64.82767614439693,65.36600372696091,0.9982351512953388,0.006104445127179707,0.2377256954780982,5.793537111403105,4.7545139095619635e-06,0.0021804847877391767,278.228471987357,2.2571059365890043,0.8140834336364241,1.0086273239999173,0.027292617000057362,0.5084302779998779,1.0359199409999746,1.0359199409999746,True,3.1091487999674426e-07,True,,
w32_n10000,6,25,test,601042,602042,603042,604042,605042,10000,10000,50000,32,8129,8129,0.8129,0.2113108153531754,5.7932943719611245,5.79749751872039,5.787432666275925,63.19104560872848,62.38715808800087,62.683453160935656,0.9983378597520298,-0.004203146759265721,0.2112973748579926,5.783229519516659,4.225947497159852e-06,0.002055710946889142,299.0621424009528,2.2571059365890043,0.8140834336364241,1.0086273239999173,0.027292617000057362,0.5084302779998779,1.0359199409999746,1.0359199409999746,True,3.1091487999674426e-07,True,,
w32_n10000,6,50,training,601042,602042,603042,604042,605042,10000,10000,50000,32,8129,8129,0.8129,0.08330938824556301,5.790915215270975,5.748999110762716,5.760838857600543,64.45897922151214,64.00410518040533,64.19076190871532,0.9993713699275365,0.041916104508258334,0.08156058448686447,5.802754962108803,1.6312116897372893e-06,0.0012771889796491704,790.320221796515,2.936422737015154,1.0771920843845555,1.9582750949998626,0.027292617000057362,0.5084302779998779,1.98556771199992,1.98556771199992,True,3.07425119999607e-07,True,,
w32_n10000,6,50,validation,601042,602042,603042,604042,605042,10000,10000,50000,32,8129,8129,0.8129,0.24463158185109424,5.775083564076728,5.740056347606852,5.760838857600543,66.14205700500301,64.71740539745524,65.30801669179947,0.998198924670179,0.035027216469875264,0.2434290188593527,5.795866074070418,4.868580377187054e-06,0.002206485979376949,271.70982865941,2.936422737015154,1.0771920843845555,1.9582750949998626,0.027292617000057362,0.5084302779998779,1.98556771199992,1.98556771199992,True,3.07425119999607e-07,True,,
w32_n10000,6,50,test,601042,602042,603042,604042,605042,10000,10000,50000,32,8129,8129,0.8129,0.2200605680240126,5.7932943719611245,5.771651822748972,5.760838857600543,63.19104560872848,62.286908774534936,62.62917891162233,0.9982758346945467,0.021642549212153125,0.2195965600188125,5.782481406812696,4.39193120037625e-06,0.002095693489128658,287.75972448436806,2.936422737015154,1.0771920843845555,1.9582750949998626,0.027292617000057362,0.5084302779998779,1.98556771199992,1.98556771199992,True,3.07425119999607e-07,True,,
w32_n10000,6,100,training,601042,602042,603042,604042,605042,10000,10000,50000,32,8129,8129,0.8129,0.06221233520689278,5.790915215270975,5.765796347907275,5.781840706815075,64.45897922151214,63.87322535889652,64.13530852197287,0.999530504733765,0.02511886736369986,0.06158753646290398,5.806959574178775,1.2317507292580796e-06,0.001109842659685633,1046.623763889918,3.486717383692691,1.2489607158550429,3.657332677999875,0.027292617000057362,0.5084302779998779,3.6846252949999325,3.6846252949999325,True,3.0517032000261677e-07,True,,
w32_n10000,6,100,validation,601042,602042,603042,604042,605042,10000,10000,50000,32,8129,8129,0.8129,0.21691683064598988,5.775083564076728,5.767251992375391,5.781840706815075,66.14205700500301,64.78760556699741,65.35639269357561,0.9983969834924147,0.007831571701337641,0.21687718484916169,5.789672278516412,4.337543696983234e-06,0.002082677050572948,304.97471207496943,3.486717383692691,1.2489607158550429,3.657332677999875,0.027292617000057362,0.5084302779998779,3.6846252949999325,3.6846252949999325,True,3.0517032000261677e-07,True,,
w32_n10000,6,100,test,601042,602042,603042,604042,605042,10000,10000,50000,32,8129,8129,0.8129,0.19675202266452615,5.7932943719611245,5.792829728731724,5.781840706815075,63.19104560872848,62.30313165326859,62.648710760055536,0.9984571443337832,0.0004646432294012172,0.1967557418860333,5.782305350044475,3.935114837720666e-06,0.0019837123878528023,321.16493782087736,3.486717383692691,1.2489607158550429,3.657332677999875,0.027292617000057362,0.5084302779998779,3.6846252949999325,3.6846252949999325,True,3.0517032000261677e-07,True,,
w32_n10000,6,200,training,601042,602042,603042,604042,605042,10000,10000,50000,32,8129,8129,0.8129,0.07570609519640113,5.790915215270975,5.9368903467746765,5.943057793576906,64.45897922151214,67.7138329067564,66.05920466590499,0.9998916231895623,-0.1459751315037017,0.054402796458524014,5.797082662073204,1.0880559291704803e-06,0.0010430991943101483,1184.8467986504118,1.7270325932556774,0.5464046717459653,6.951194490000034,0.027292617000057362,0.5084302779998779,6.978487107000092,6.978487107000092,True,3.027952999991612e-07,True,,
w32_n10000,6,200,validation,601042,602042,603042,604042,605042,10000,10000,50000,32,8129,8129,0.8129,0.13074689391230182,5.775083564076728,5.932362093202225,5.943057793576906,66.14205700500301,68.8559542013853,67.44599512305192,0.9994166206047673,-0.15727852912549745,0.10602096028445032,5.785779264451408,2.1204192056890064e-06,0.001456165926565035,623.8583090319718,1.7270325932556774,0.5464046717459653,6.951194490000034,0.027292617000057362,0.5084302779998779,6.978487107000092,6.978487107000092,True,3.027952999991612e-07,True,,
w32_n10000,6,200,test,601042,602042,603042,604042,605042,10000,10000,50000,32,8129,8129,0.8129,0.12858357837479703,5.7932943719611245,5.953380792847511,5.943057793576906,63.19104560872848,66.0498770863931,64.56898235986976,0.9994479098310812,-0.1600864208863855,0.10295797538209174,5.78297137269052,2.059159507641835e-06,0.0014349771801815648,613.7557131850883,1.7270325932556774,0.5464046717459653,6.951194490000034,0.027292617000057362,0.5084302779998779,6.978487107000092,6.978487107000092,True,3.027952999991612e-07,True,,
w32_n20000,6,0,training,601042,602042,603042,604042,605042,20000,10000,50000,32,8129,8129,0.40645,96.96950222174068,5.811422550095722,0.2342064812818155,0.2216493359733957,64.15831007824671,1.1262122119269293,-0.29146711307839335,-0.03428885516781618,5.577216068813907,65.86745651633044,5.798865404787303,0.0013173491303266087,0.03629530452175059,0.974051731636852,1.017035700886815,0.016892220567116662,0.0,0.05481727799997316,0.5084302779998779,0.05481727799997316,0.0,True,3.0824062000192497e-07,True,,
w32_n20000,6,0,validation,601042,602042,603042,604042,605042,20000,10000,50000,32,8129,8129,0.40645,98.62144565673358,5.775083564076728,0.2123479879127798,0.2216493359733957,66.14205700500301,1.128896600946587,-0.20661668958122906,-0.023911095149943235,5.562735576163948,67.68418698511204,5.784384912137344,0.0013536837397022407,0.0367924413392512,0.9772158010784966,1.017035700886815,0.016892220567116662,0.0,0.05481727799997316,0.5084302779998779,0.05481727799997316,0.0,True,3.0824062000192497e-07,True,,
w32_n20000,6,0,test,601042,602042,603042,604042,605042,20000,10000,50000,32,8129,8129,0.40645,96.06711905764693,5.7932943719611245,0.21613241405402328,0.2216493359733957,63.19104560872848,1.1289397660780114,-0.3218487258853976,-0.03810558540053334,5.5771619579071015,64.96368282657728,5.798811293880498,0.0012992736565315456,0.036045438775683475,0.9727134124679951,1.017035700886815,0.016892220567116662,0.0,0.05481727799997316,0.5084302779998779,0.05481727799997316,0.0,True,3.0824062000192497e-07,True,,
w32_n20000,6,10,training,601042,602042,603042,604042,605042,20000,10000,50000,32,8129,8129,0.40645,0.14993428222974348,5.811422550095722,5.834268250956317,5.821609562015394,64.15831007824671,64.5482207633355,64.27855550720447,0.9988436491971557,-0.02284570086059446,0.1494198271732904,5.798763861154799,2.988396543465808e-06,0.0017286979329731982,429.3828422371202,1.5298609961603913,0.42517687909428376,0.6911335570000574,0.05481727799997316,0.5084302779998779,0.7459508350000306,0.7459508350000306,True,3.056077199971696e-07,True,,
w32_n20000,6,10,validation,601042,602042,603042,604042,605042,20000,10000,50000,32,8129,8129,0.40645,0.2293786103705886,5.775083564076728,5.8070558402647405,5.821609562015394,66.14205700500301,65.8614739078934,65.88757584552414,0.998272155787829,-0.03197227618801244,0.22837922184813084,5.789637285827381,4.5675844369626165e-06,0.0021371907816015437,289.61503796079404,1.5298609961603913,0.42517687909428376,0.6911335570000574,0.05481727799997316,0.5084302779998779,0.7459508350000306,0.7459508350000306,True,3.056077199971696e-07,True,,
w32_n20000,6,10,test,601042,602042,603042,604042,605042,20000,10000,50000,32,8129,8129,0.40645,0.2017841633607431,5.7932943719611245,5.833069025189326,5.821609562015394,63.19104560872848,63.4642563137246,63.227547889004406,0.9984216062650368,-0.039774653228200785,0.2002061444442083,5.781834908787193,4.004122888884166e-06,0.0020010304567607577,315.6299012907569,1.5298609961603913,0.42517687909428376,0.6911335570000574,0.05481727799997316,0.5084302779998779,0.7459508350000306,0.7459508350000306,True,3.056077199971696e-07,True,,
w32_n20000,6,25,training,601042,602042,603042,604042,605042,20000,10000,50000,32,8129,8129,0.40645,0.11407908368744611,5.811422550095722,5.873671300123533,5.848031983237543,64.15831007824671,65.20127071774617,64.62468555435056,0.9991805119286578,-0.062248750027810544,0.11020968729178593,5.785783233209732,2.2041937458357188e-06,0.0014846527357721465,582.1476464984809,1.6601021386772992,0.5068791297992749,1.785628885000051,0.05481727799997316,0.5084302779998779,1.8404461630000242,1.8404461630000242,True,3.089006399977734e-07,True,,
w32_n20000,6,25,validation,601042,602042,603042,604042,605042,20000,10000,50000,32,8129,8129,0.40645,0.18938293080787588,5.775083564076728,5.8326739398947085,5.848031983237543,66.14205700500301,66.48256570798853,66.21926891254085,0.9986001967532977,-0.057590375817981376,0.18608488790981056,5.790441607419561,3.7216977581962114e-06,0.0019291702253031512,355.440238849809,1.6601021386772992,0.5068791297992749,1.785628885000051,0.05481727799997316,0.5084302779998779,1.8404461630000242,1.8404461630000242,True,3.089006399977734e-07,True,,
w32_n20000,6,25,test,601042,602042,603042,604042,605042,20000,10000,50000,32,8129,8129,0.40645,0.1691075434810311,5.7932943719611245,5.8582546696113065,5.848031983237543,63.19104560872848,64.04852849533567,63.537341551516974,0.9987267694996902,-0.06496029765018077,0.16489100103025164,5.783071685587361,3.297820020605033e-06,0.0018159900937518994,383.2291951283331,1.6601021386772992,0.5068791297992749,1.785628885000051,0.05481727799997316,0.5084302779998779,1.8404461630000242,1.8404461630000242,True,3.089006399977734e-07,True,,
w32_n20000,6,50,training,601042,602042,603042,604042,605042,20000,10000,50000,32,8129,8129,0.40645,0.03395418186072337,5.811422550095722,5.784400911670152,5.758152959981986,64.15831007824671,62.99481640034735,63.559950402196385,0.9997805515807022,0.02702163842557061,0.03322567420123117,5.785174598407557,6.645134840246233e-07,0.0008151769648515733,1930.985950493349,1.8309677928491226,0.6048446756136509,3.497052331000077,0.05481727799997316,0.5084302779998779,3.5518696090000503,3.5518696090000503,True,3.0582714000047416e-07,True,,
w32_n20000,6,50,validation,601042,602042,603042,604042,605042,20000,10000,50000,32,8129,8129,0.40645,0.06216901341952638,5.775083564076728,5.750603018084336,5.758152959981986,66.14205700500301,64.62530579734837,65.3528934642383,0.9995963607310304,0.02448054599239167,0.06157587387482823,5.7826335059743785,1.2315174774965646e-06,0.0011097375714539742,1074.1553930595762,1.8309677928491226,0.6048446756136509,3.497052331000077,0.05481727799997316,0.5084302779998779,3.5518696090000503,3.5518696090000503,True,3.0582714000047416e-07,True,,
w32_n20000,6,50,test,601042,602042,603042,604042,605042,20000,10000,50000,32,8129,8129,0.40645,0.05235460432849559,5.7932943719611245,5.76876702995937,5.758152959981986,63.19104560872848,61.96285448440804,62.55107302211632,0.9996346121715317,0.02452734200175517,0.0517540489038026,5.782680301983742,1.035080978076052e-06,0.0010173892952434933,1220.9874772538917,1.8309677928491226,0.6048446756136509,3.497052331000077,0.05481727799997316,0.5084302779998779,3.5518696090000503,3.5518696090000503,True,3.0582714000047416e-07,True,,
w32_n20000,6,100,training,601042,602042,603042,604042,605042,20000,10000,50000,32,8129,8129,0.40645,0.016076086311965714,5.811422550095722,5.831971171914373,5.80529018177011,64.15831007824671,64.51107873309988,64.32686709408108,0.9998820924518788,-0.02054862181865006,0.015654623184479046,5.78474155995146,3.130924636895809e-07,0.0005595466590817792,4098.361827185799,1.6533698090363744,0.5028155137425279,6.775210776999984,0.05481727799997316,0.5084302779998779,6.830028054999957,6.830028054999957,True,3.130693200000678e-07,True,,
w32_n20000,6,100,validation,601042,602042,603042,604042,605042,20000,10000,50000,32,8129,8129,0.40645,0.026579715755667026,5.775083564076728,5.796070555160758,5.80529018177011,66.14205700500301,66.26523497595704,66.19057505240573,0.9998029973194976,-0.020986991084030123,0.026141876148520732,5.78430319068608,5.228375229704147e-07,0.0007230750465687601,2530.1189795723876,1.6533698090363744,0.5028155137425279,6.775210776999984,0.05481727799997316,0.5084302779998779,6.830028054999957,6.830028054999957,True,3.130693200000678e-07,True,,
w32_n20000,6,100,test,601042,602042,603042,604042,605042,20000,10000,50000,32,8129,8129,0.40645,0.02377938958045482,5.7932943719611245,5.816782821402245,5.80529018177011,63.19104560872848,63.512762886873,63.340290174357584,0.9998198966607909,-0.023488449441119302,0.023228146886244524,5.78180173232899,4.6456293772489046e-07,0.0006815885399013767,2720.4514384291924,1.6533698090363744,0.5028155137425279,6.775210776999984,0.05481727799997316,0.5084302779998779,6.830028054999957,6.830028054999957,True,3.130693200000678e-07,True,,
w32_n20000,6,200,training,601042,602042,603042,604042,605042,20000,10000,50000,32,8129,8129,0.40645,0.010445440099901495,5.811422550095722,5.784566025523452,5.7565541685217685,64.15831007824671,63.50533663061168,63.826961027718895,0.9999369058049165,0.026856524572271268,0.009724653420471515,5.783410693094039,1.944930684094303e-07,0.000441013682791623,6597.490656395639,2.1437246813431265,0.7625448214101832,13.076024464000056,0.05481727799997316,0.5084302779998779,13.13084174200003,13.13084174200003,True,3.080361799993625e-07,True,,
w32_n20000,6,200,validation,601042,602042,603042,604042,605042,20000,10000,50000,32,8129,8129,0.40645,0.022392147749650048,5.775083564076728,5.7476288538837,5.7565541685217685,66.14205700500301,65.1685783726214,65.64449741346569,0.999862672754114,0.02745471019302743,0.02164055069293623,5.784008878714796,4.3281101385872464e-07,0.0006578837388617571,3056.3943562948552,2.1437246813431265,0.7625448214101832,13.076024464000056,0.05481727799997316,0.5084302779998779,13.13084174200003,13.13084174200003,True,3.080361799993625e-07,True,,
w32_n20000,6,200,test,601042,602042,603042,604042,605042,20000,10000,50000,32,8129,8129,0.40645,0.017429189346495507,5.7932943719611245,5.767635067850186,5.7565541685217685,63.19104560872848,62.44932860966495,62.81180154675582,0.9998839385854131,0.025659304110939512,0.016771124881535444,5.782213472632708,3.3542249763070886e-07,0.0005791567124973248,3767.847777360487,2.1437246813431265,0.7625448214101832,13.076024464000056,0.05481727799997316,0.5084302779998779,13.13084174200003,13.13084174200003,True,3.080361799993625e-07,True,,
w32_n5000,7,0,training,701042,702042,703042,704042,705042,5000,10000,50000,32,8129,8129,1.6258,98.90637113054555,5.623038482346378,-0.4304367566400549,-0.42214149905647463,61.90368515786449,1.265721808414104,0.4475717260260229,0.05056328252122113,6.053475238986433,62.27426351422654,5.631333739929958,0.0012454852702845308,0.03529143338381895,0.9940492534885235,1.0827889056652928,0.07954003273700459,0.0,0.013764712000011059,0.5200296040000012,0.013764712000011059,0.0,True,3.069800799994482e-07,True,,
w32_n5000,7,0,validation,701042,702042,703042,704042,705042,5000,10000,50000,32,8129,8129,1.6258,107.09472135976874,5.955156583155555,-0.4076562400999308,-0.42214149905647463,66.293552805533,1.1666055878066726,0.4220812288809179,0.04799526180228545,6.362812823255485,66.61599593557784,5.94067132419901,0.001332319918711557,0.03650095777800299,0.9951596741065514,1.0827889056652928,0.07954003273700459,0.0,0.013764712000011059,0.5200296040000012,0.013764712000011059,0.0,True,3.069800799994482e-07,True,,
w32_n5000,7,0,test,701042,702042,703042,704042,705042,5000,10000,50000,32,8129,8129,1.6258,103.69682053384803,5.824352842655217,-0.4241684233219936,-0.42214149905647463,64.19156124464632,1.2118976681687779,0.37468165421220967,0.04248058460629883,6.248521265977209,64.65409560439068,5.826379766920735,0.0012930819120878134,0.03595944816161412,0.9928460160888409,1.0827889056652928,0.07954003273700459,0.0,0.013764712000011059,0.5200296040000012,0.013764712000011059,0.0,True,3.069800799994482e-07,True,,
w32_n5000,7,10,training,701042,702042,703042,704042,705042,5000,10000,50000,32,8129,8129,1.6258,0.11111796170587696,5.623038482346378,5.624168315008675,5.853233825634257,61.90368515786449,61.81699626468323,61.80477125479055,0.9991019402069807,-0.0011298326622979503,0.11113891296662554,5.852103992971959,2.2227782593325106e-06,0.0014908984738514258,556.993797271113,2.7816768734426085,1.0230539377412726,0.22527924900009566,0.013764712000011059,0.5200296040000012,0.23904396100010672,0.23904396100010672,True,3.07919420001781e-07,True,,
w32_n5000,7,10,validation,701042,702042,703042,704042,705042,5000,10000,50000,32,8129,8129,1.6258,0.3090942643013193,5.955156583155555,6.0216979610970105,5.853233825634257,66.293552805533,64.86487292950261,65.42686437800741,0.997736072118714,-0.06654137794145577,0.3046969790208737,5.786692447692802,6.093939580417475e-06,0.0024685906060781877,217.57207117236123,2.7816768734426085,1.0230539377412726,0.22527924900009566,0.013764712000011059,0.5200296040000012,0.23904396100010672,0.23904396100010672,True,3.07919420001781e-07,True,,
w32_n5000,7,10,test,701042,702042,703042,704042,705042,5000,10000,50000,32,8129,8129,1.6258,0.30354859409819274,5.824352842655217,5.898364836872913,5.853233825634257,64.19156124464632,62.868699945070084,63.38109220468536,0.9977081266214092,-0.0740119942176969,0.29807678034571927,5.77922183141656,5.961535606914386e-06,0.002441625607441564,215.35243761756564,2.7816768734426085,1.0230539377412726,0.22527924900009566,0.013764712000011059,0.5200296040000012,0.23904396100010672,0.23904396100010672,True,3.07919420001781e-07,True,,
w32_n5000,7,25,training,701042,702042,703042,704042,705042,5000,10000,50000,32,8129,8129,1.6258,0.07160123908574531,5.623038482346378,5.568959643088107,5.789938811750504,61.90368515786449,60.85198775626641,61.34349122890472,0.9994771111608934,0.05407883925827041,0.06869045632148786,5.844017651008775,1.3738091264297571e-06,0.0011720960397637035,901.197756907311,4.239597740580443,1.4444683922385733,0.6206736629999341,0.013764712000011059,0.5200296040000012,0.6344383749999452,0.6344383749999452,True,3.0664504000014857e-07,True,,
w32_n5000,7,25,validation,701042,702042,703042,704042,705042,5000,10000,50000,32,8129,8129,1.6258,0.30356045145068594,5.955156583155555,5.960766818742672,5.789938811750504,66.293552805533,63.9724541790117,64.98122382595207,0.9978281074455068,-0.005610235587118,0.303559332640607,5.784328576163387,6.07118665281214e-06,0.002463977810941515,218.3874639229752,4.239597740580443,1.4444683922385733,0.6206736629999341,0.013764712000011059,0.5200296040000012,0.6344383749999452,0.6344383749999452,True,3.0664504000014857e-07,True,,
w32_n5000,7,25,test,701042,702042,703042,704042,705042,5000,10000,50000,32,8129,8129,1.6258,0.2936287225619941,5.824352842655217,5.834413031490229,5.789938811750504,64.19156124464632,61.99447167334511,62.94624976608058,0.9978250666244624,-0.010060188835013488,0.2935333858303146,5.779878622915491,5.8706677166062915e-06,0.002422946082067509,218.68572483865296,4.239597740580443,1.4444683922385733,0.6206736629999341,0.013764712000011059,0.5200296040000012,0.6344383749999452,0.6344383749999452,True,3.0664504000014857e-07,True,,
w32_n5000,7,50,training,701042,702042,703042,704042,705042,5000,10000,50000,32,8129,8129,1.6258,0.04566433987842675,5.623038482346378,5.620196822767266,5.832730286966479,61.90368515786449,61.62170496455482,61.73986236224522,0.9996329202645081,0.002841659579111541,0.045665397928848925,5.83557194654559,9.133079585769785e-07,0.0009556714700026252,1355.5928113079485,7.241833671071164,1.9798744438152907,1.1692027700000835,0.013764712000011059,0.5200296040000012,1.1829674820000946,1.1829674820000946,True,3.0757198000173957e-07,True,,
w32_n5000,7,50,validation,701042,702042,703042,704042,705042,5000,10000,50000,32,8129,8129,1.6258,0.33069355409882856,5.955156583155555,6.006709443220489,5.832730286966479,66.293552805533,64.8507910008075,65.40813757137809,0.9975587841502072,-0.05155286006493413,0.3280686635843123,5.781177426901545,6.561373271686246e-06,0.002561517767200971,202.07218842922444,7.241833671071164,1.9798744438152907,1.1692027700000835,0.013764712000011059,0.5200296040000012,1.1829674820000946,1.1829674820000946,True,3.0757198000173957e-07,True,,
w32_n5000,7,50,test,701042,702042,703042,704042,705042,5000,10000,50000,32,8129,8129,1.6258,0.3244063781539909,5.824352842655217,5.878217874232717,5.832730286966479,64.19156124464632,62.77955227358083,63.324801075736296,0.9975295227321213,-0.05386503157750057,0.3215113667544809,5.778865255388978,6.430227335089617e-06,0.0025357892923288435,199.65565103539745,7.241833671071164,1.9798744438152907,1.1692027700000835,0.013764712000011059,0.5200296040000012,1.1829674820000946,1.1829674820000946,True,3.0757198000173957e-07,True,,
w32_n5000,7,100,training,701042,702042,703042,704042,705042,5000,10000,50000,32,8129,8129,1.6258,0.04425008454487809,5.623038482346378,5.583995707479166,5.796390968941481,61.90368515786449,61.73286877221168,61.796909818471,0.9996553095961289,0.03904277486721133,0.04273429313417319,5.835433743808693,8.546858626834639e-07,0.0009244922188333788,1448.5716415971829,8.974972399519192,2.1944398591071286,2.0826179759999377,0.013764712000011059,0.5200296040000012,2.0963826879999488,2.0963826879999488,True,3.087479599980725e-07,True,,
w32_n5000,7,100,validation,701042,702042,703042,704042,705042,5000,10000,50000,32,8129,8129,1.6258,0.3971432874666716,5.955156583155555,5.969598857221032,5.796390968941481,66.293552805533,65.00683817219681,65.45170828605139,0.997024469971841,-0.014442274065477852,0.39697440562705194,5.781948694876004,7.939488112541039e-06,0.002817709728226284,166.99704531534513,8.974972399519192,2.1944398591071286,2.0826179759999377,0.013764712000011059,0.5200296040000012,2.0963826879999488,2.0963826879999488,True,3.087479599980725e-07,True,,
w32_n5000,7,100,test,701042,702042,703042,704042,705042,5000,10000,50000,32,8129,8129,1.6258,0.3958116037782645,5.824352842655217,5.84251208902104,5.796390968941481,64.19156124464632,62.920081992954415,63.35807674112801,0.9969385192058734,-0.018159246365823625,0.3954897553447968,5.778231722575658,7.909795106895935e-06,0.0028124357960486734,162.30903677563705,8.974972399519192,2.1944398591071286,2.0826179759999377,0.013764712000011059,0.5200296040000012,2.0963826879999488,2.0963826879999488,True,3.087479599980725e-07,True,,
w32_n5000,7,200,training,701042,702042,703042,704042,705042,5000,10000,50000,32,8129,8129,1.6258,0.04285346037743656,5.623038482346378,5.560857898402121,5.7660682904263805,61.90368515786449,61.72433752975324,61.79451392664654,0.9996856312656701,0.062180583944256115,0.03899483432465282,5.828248874370637,7.798966864930564e-07,0.0008831175949402528,1587.48424579736,8.946711057833003,2.1912859851778683,3.7649366910000026,0.013764712000011059,0.5200296040000012,3.7787014030000137,3.7787014030000137,True,3.0787753999902633e-07,True,,
w32_n5000,7,200,validation,701042,702042,703042,704042,705042,5000,10000,50000,32,8129,8129,1.6258,0.3833975278252201,5.955156583155555,5.939013678307056,5.7660682904263805,66.293552805533,64.81198328672495,65.36118042014226,0.9971410237328322,0.01614290484849877,0.3831752519734697,5.782211195274879,7.663505039469393e-06,0.0027683036393194647,173.0110503329767,8.946711057833003,2.1912859851778683,3.7649366910000026,0.013764712000011059,0.5200296040000012,3.7787014030000137,3.7787014030000137,True,3.0787753999902633e-07,True,,
w32_n5000,7,200,test,701042,702042,703042,704042,705042,5000,10000,50000,32,8129,8129,1.6258,0.374362044731241,5.824352842655217,5.812389163090123,5.7660682904263805,64.19156124464632,62.81081285364379,63.31407384932977,0.9971123199615399,0.011963679565091702,0.3742263996304974,5.778031969991473,7.484527992609948e-06,0.0027357865400301153,171.53135457046216,8.946711057833003,2.1912859851778683,3.7649366910000026,0.013764712000011059,0.5200296040000012,3.7787014030000137,3.7787014030000137,True,3.0787753999902633e-07,True,,
w16_n5000,7,0,training,701042,702042,703042,704042,870042,5000,10000,50000,16,4065,4065,0.813,93.8312852248717,5.623038482346378,0.11312853161297416,0.11176944086799462,61.90368515786449,1.2264848494335916,-0.1773522636447898,-0.02035388846281171,5.5099099507334035,63.48487453458767,5.621679391601398,0.0012696974906917533,0.03563281480169302,0.9750934472452691,1.085588322440719,0.08212207270166907,0.0,0.013764712000011059,0.5200296040000012,0.013764712000011059,0.0,True,2.0224355999744147e-07,True,,
w16_n5000,7,0,validation,701042,702042,703042,704042,870042,5000,10000,50000,16,4065,4065,0.813,101.8621475197251,5.955156583155555,0.09161268654788339,0.11176944086799462,66.293552805533,1.1938949715238296,-0.0001507450749548117,-1.6944330873784533e-05,5.863543896607671,67.48774926720674,5.975313337475665,0.0013497549853441347,0.03673901176330325,0.9823049890588955,1.085588322440719,0.08212207270166907,0.0,0.013764712000011059,0.5200296040000012,0.013764712000011059,0.0,True,2.0224355999744147e-07,True,,
w16_n5000,7,0,test,701042,702042,703042,704042,870042,5000,10000,50000,16,4065,4065,0.813,98.57361606267835,5.824352842655217,0.10224001881088966,0.11176944086799462,64.19156124464632,1.2175736759047167,-0.21161131023723176,-0.023936038896962747,5.722112823844326,65.83235754102549,5.8338822647123205,0.0013166471508205097,0.03628563284304836,0.9750761425282901,1.085588322440719,0.08212207270166907,0.0,0.013764712000011059,0.5200296040000012,0.013764712000011059,0.0,True,2.0224355999744147e-07,True,,
w16_n5000,7,10,training,701042,702042,703042,704042,870042,5000,10000,50000,16,4065,4065,0.813,0.11985439684917323,5.623038482346378,5.644840968729934,5.85744113261438,61.90368515786449,61.83882009684002,61.81155116284103,0.9990352066636704,-0.021802486383556453,0.11940292902247258,5.835638646230823,2.3880585804494515e-06,0.001545334455853959,518.4436065736187,2.3038832868618493,0.8345960848065596,0.22923115100002178,0.013764712000011059,0.5200296040000012,0.24299586300003284,0.24299586300003284,True,1.999671200019293e-07,True,,
w16_n5000,7,10,validation,701042,702042,703042,704042,870042,5000,10000,50000,16,4065,4065,0.813,0.27613054175771773,5.955156583155555,6.022859143684142,5.85744113261438,66.293552805533,65.36297027378635,65.69247450842876,0.9979621828259179,-0.06770256052858749,0.27157406246183674,5.789738572085792,5.431481249236735e-06,0.002330553850319004,244.10855810226346,2.3038832868618493,0.8345960848065596,0.22923115100002178,0.013764712000011059,0.5200296040000012,0.24299586300003284,0.24299586300003284,True,1.999671200019293e-07,True,,
w16_n5000,7,10,test,701042,702042,703042,704042,870042,5000,10000,50000,16,4065,4065,0.813,0.2718121721287617,5.824352842655217,5.9030468843842625,5.85744113261438,64.19156124464632,63.26276732359451,63.59435191791053,0.9979424200936007,-0.07869404172904619,0.26562473241975715,5.778747090885333,5.312494648395143e-06,0.0023048849533968377,241.66259165658838,2.3038832868618493,0.8345960848065596,0.22923115100002178,0.013764712000011059,0.5200296040000012,0.24299586300003284,0.24299586300003284,True,1.999671200019293e-07,True,,
w16_n5000,7,25,training,701042,702042,703042,704042,870042,5000,10000,50000,16,4065,4065,0.813,0.08312619046334682,5.623038482346378,5.651635664082671,5.857273422141359,61.90368515786449,62.27401885384186,62.04768957753747,0.9993414840546158,-0.028597181736293886,0.08232485663141444,5.828676240405066,1.6464971326282888e-06,0.0012831590441672804,751.9440384211077,3.0017002110548328,1.0991788651516146,0.5714265420001539,0.013764712000011059,0.5200296040000012,0.5851912540001649,0.5851912540001649,True,2.0124650000070686e-07,True,,
w16_n5000,7,25,validation,701042,702042,703042,704042,870042,5000,10000,50000,16,4065,4065,0.813,0.24951990345801237,5.955156583155555,6.021936660663492,5.857273422141359,66.293552805533,65.77653423402396,65.91250110318379,0.9981519304538765,-0.06678007750793714,0.24508483318936522,5.790493344633423,4.901696663787305e-06,0.0022139775662339727,270.49226972895207,3.0017002110548328,1.0991788651516146,0.5714265420001539,0.013764712000011059,0.5200296040000012,0.5851912540001649,0.5851912540001649,True,2.0124650000070686e-07,True,,
w16_n5000,7,25,test,701042,702042,703042,704042,870042,5000,10000,50000,16,4065,4065,0.813,0.24871272985481996,5.824352842655217,5.903095604300424,5.857273422141359,64.19156124464632,63.70345424704925,63.82624916700457,0.998111048418378,-0.07874276164520926,0.24251715768645943,5.778530660496149,4.850343153729189e-06,0.0022023494622173813,264.6887414359234,3.0017002110548328,1.0991788651516146,0.5714265420001539,0.013764712000011059,0.5200296040000012,0.5851912540001649,0.5851912540001649,True,2.0124650000070686e-07,True,,
w16_n5000,7,50,training,701042,702042,703042,704042,870042,5000,10000,50000,16,4065,4065,0.813,0.07063663184344636,5.623038482346378,5.6155724635755515,5.815524127248783,61.90368515786449,61.75746172407744,61.795275936266435,0.9994298240852867,0.007466018770826139,0.07059500940904186,5.822990146019609,1.4119001881808371e-06,0.0011882340628768548,876.884721399808,3.7992925322088205,1.3348148736649657,1.030713841000079,0.013764712000011059,0.5200296040000012,1.04447855300009,1.04447855300009,True,2.0219647999965673e-07,True,,
w16_n5000,7,50,validation,701042,702042,703042,704042,870042,5000,10000,50000,16,4065,4065,0.813,0.2683692278631895,5.955156583155555,5.980400866840813,5.815524127248783,66.293552805533,65.21560007744095,65.62069707654828,0.9979974806194372,-0.025244283685257968,0.26775872987739546,5.790279843563526,5.355174597547909e-06,0.0023141250177006233,247.58689599359943,3.7992925322088205,1.3348148736649657,1.030713841000079,0.013764712000011059,0.5200296040000012,1.04447855300009,1.04447855300009,True,2.0219647999965673e-07,True,,
w16_n5000,7,50,test,701042,702042,703042,704042,870042,5000,10000,50000,16,4065,4065,0.813,0.2627660586491501,5.824352842655217,5.8618605571483196,5.815524127248783,64.19156124464632,63.17313392584238,63.55166535659845,0.99797981011575,-0.03750771449310266,0.26136445729179986,5.77801641275568,5.227289145835997e-06,0.002286326561503408,245.6017237760059,3.7992925322088205,1.3348148736649657,1.030713841000079,0.013764712000011059,0.5200296040000012,1.04447855300009,1.04447855300009,True,2.0219647999965673e-07,True,,
w16_n5000,7,100,training,701042,702042,703042,704042,870042,5000,10000,50000,16,4065,4065,0.813,0.08556586343649134,5.623038482346378,5.5428223299406305,5.738087116580425,61.90368515786449,60.51734799901442,61.17094304756842,0.9994175698001435,0.0802161524057462,0.07914706174205785,5.8183032689861705,1.582941234841157e-06,0.0012581499254227045,782.1349750115811,4.137363816079966,1.4200588256188795,1.826371698999992,0.013764712000011059,0.5200296040000012,1.8401364110000031,1.8401364110000031,True,1.9938242000080208e-07,True,,
w16_n5000,7,100,validation,701042,702042,703042,704042,870042,5000,10000,50000,16,4065,4065,0.813,0.35401710727377905,5.955156583155555,5.90880831678821,5.738087116580425,66.293552805533,63.9531137313995,64.94738120052017,0.9974592219980983,0.04634826636734391,0.35190413589210995,5.784435382947768,7.038082717842199e-06,0.002652938506230817,188.38526190512832,4.137363816079966,1.4200588256188795,1.826371698999992,0.013764712000011059,0.5200296040000012,1.8401364110000031,1.8401364110000031,True,1.9938242000080208e-07,True,,
w16_n5000,7,100,test,701042,702042,703042,704042,870042,5000,10000,50000,16,4065,4065,0.813,0.3458943577460332,5.824352842655217,5.78463261647412,5.738087116580425,64.19156124464632,61.94936804926097,62.898302873029124,0.9974279133336079,0.0397202261810958,0.34432354784911273,5.77780734276152,6.886470956982254e-06,0.0026242086344233865,186.42803155820158,4.137363816079966,1.4200588256188795,1.826371698999992,0.013764712000011059,0.5200296040000012,1.8401364110000031,1.8401364110000031,True,1.9938242000080208e-07,True,,
w16_n5000,7,200,training,701042,702042,703042,704042,870042,5000,10000,50000,16,4065,4065,0.813,0.0378027489220986,5.623038482346378,5.634858140571544,5.830210648456442,61.90368515786449,62.16315443272358,62.01458450593539,0.9996985549272176,-0.011819658225166813,0.03767057871728231,5.818390990231276,7.534115743456463e-07,0.000867992842335492,1643.2899962183124,8.42415899568506,2.131103648785215,3.3071986990000823,0.013764712000011059,0.5200296040000012,3.3209634110000934,3.3209634110000934,True,1.950124799986952e-07,True,,
w16_n5000,7,200,validation,701042,702042,703042,704042,870042,5000,10000,50000,16,4065,4065,0.813,0.31845636739372063,5.955156583155555,6.009632062997794,5.830210648456442,66.293552805533,65.64357567472679,65.81080406936798,0.9976206613248834,-0.05447547984223931,0.3155203415238308,5.7757351686142036,6.310406830476616e-06,0.0025120523144386577,210.1086493674638,8.42415899568506,2.131103648785215,3.3071986990000823,0.013764712000011059,0.5200296040000012,3.3209634110000934,3.3209634110000934,True,1.950124799986952e-07,True,,
w16_n5000,7,200,test,701042,702042,703042,704042,870042,5000,10000,50000,16,4065,4065,0.813,0.3116914805835511,5.824352842655217,5.881806889824527,5.830210648456442,64.19156124464632,63.57425116804018,63.72870786585273,0.9975978788154339,-0.05745404716931164,0.30839668098103723,5.772756601287131,6.167933619620745e-06,0.0024835324881347424,208.14608328613417,8.42415899568506,2.131103648785215,3.3071986990000823,0.013764712000011059,0.5200296040000012,3.3209634110000934,3.3209634110000934,True,1.950124799986952e-07,True,,
w8_n5000,7,0,training,701042,702042,703042,704042,790042,5000,10000,50000,8,2033,2033,0.4066,94.68341923475205,5.623038482346378,0.03955562720808204,0.03446644441052096,61.90368515786449,0.46487267370363117,-0.5761423890412836,-0.10740007096175694,5.583482855138295,63.52084260965068,5.617949299548816,0.0012704168521930135,0.035642907459872204,0.9745413098229195,1.0882942800440596,0.08461158984284858,0.0,0.013764712000011059,0.5200296040000012,0.013764712000011059,0.0,True,1.506420399982744e-07,True,,
w8_n5000,7,0,validation,701042,702042,703042,704042,790042,5000,10000,50000,8,2033,2033,0.4066,103.04342356819434,5.955156583155555,0.028252507499514964,0.03446644441052096,66.293552805533,0.46069699823498367,-0.5838870223915145,-0.10565388817621199,5.92690407565604,67.92202384855102,5.96137052006656,0.0013584404769710204,0.03685702751133114,0.9760244034151706,1.0882942800440596,0.08461158984284858,0.0,0.013764712000011059,0.5200296040000012,0.013764712000011059,0.0,True,1.506420399982744e-07,True,,
w8_n5000,7,0,test,701042,702042,703042,704042,790042,5000,10000,50000,8,2033,2033,0.4066,99.36908482327097,5.824352842655217,0.03216109691104407,0.03446644441052096,64.19156124464632,0.4606786888999117,-0.5843380442891378,-0.10745487723385852,5.792191745744173,65.8209160221245,5.826658190154693,0.0013164183204424902,0.036282479524454916,0.9752456380745217,1.0882942800440596,0.08461158984284858,0.0,0.013764712000011059,0.5200296040000012,0.013764712000011059,0.0,True,1.506420399982744e-07,True,,
w8_n5000,7,10,training,701042,702042,703042,704042,790042,5000,10000,50000,8,2033,2033,0.4066,0.14423055497578857,5.623038482346378,5.663852975411442,5.858627009310318,61.90368515786449,61.28749154448545,61.524291725784074,0.9988549997582845,-0.040814493065064544,0.14259325078178667,5.817812516245254,2.8518650156357334e-06,0.0016887465812358388,434.12773618996135,1.693631405659112,0.5268749843953952,0.19364295400009723,0.013764712000011059,0.5200296040000012,0.2074076660001083,0.2074076660001083,True,1.57070959999146e-07,True,,
w8_n5000,7,10,validation,701042,702042,703042,704042,790042,5000,10000,50000,8,2033,2033,0.4066,0.24427339756263863,5.955156583155555,6.027674641796021,5.858627009310318,66.293552805533,65.01589038222183,65.53520237758897,0.9982268344953582,-0.07251805864046725,0.23903843257691404,5.786108950669851,4.780768651538281e-06,0.002186496890356417,277.3342850807144,1.693631405659112,0.5268749843953952,0.19364295400009723,0.013764712000011059,0.5200296040000012,0.2074076660001083,0.2074076660001083,True,1.57070959999146e-07,True,,
w8_n5000,7,10,test,701042,702042,703042,704042,790042,5000,10000,50000,8,2033,2033,0.4066,0.2427020294604388,5.824352842655217,5.905336753243215,5.858627009310318,64.19156124464632,62.99738355185783,63.47639821892537,0.998187324163573,-0.08098391058799836,0.23614835865348693,5.7776430987223195,4.7229671730697385e-06,0.0021732388670069698,271.82725982371966,1.693631405659112,0.5268749843953952,0.19364295400009723,0.013764712000011059,0.5200296040000012,0.2074076660001083,0.2074076660001083,True,1.57070959999146e-07,True,,
w8_n5000,7,25,training,701042,702042,703042,704042,790042,5000,10000,50000,8,2033,2033,0.4066,0.09999834602463979,5.623038482346378,5.623101210968994,5.810260056891323,61.90368515786449,61.349112350341684,61.57638958122361,0.9991986251168342,-6.272862261716945e-05,0.10001834575891146,5.810197328268706,2.000366915178229e-06,0.0014143432805292459,618.9233054011892,1.9684351629478007,0.677238893570819,0.5396381590001056,0.013764712000011059,0.5200296040000012,0.5534028710001166,0.5534028710001166,True,1.547396000023582e-07,True,,
w8_n5000,7,25,validation,701042,702042,703042,704042,790042,5000,10000,50000,8,2033,2033,0.4066,0.1968402605515224,5.955156583155555,5.982645728103725,5.810260056891323,66.293552805533,65.15836132101025,65.62790495432996,0.9985454025631914,-0.027489144948170834,0.19610421788332916,5.782770911943152,3.922084357666583e-06,0.0019804252971689145,338.0526615953456,1.9684351629478007,0.677238893570819,0.5396381590001056,0.013764712000011059,0.5200296040000012,0.5534028710001166,0.5534028710001166,True,1.547396000023582e-07,True,,
w8_n5000,7,25,test,701042,702042,703042,704042,790042,5000,10000,50000,8,2033,2033,0.4066,0.18987245630925004,5.824352842655217,5.856927806986833,5.810260056891323,64.19156124464632,63.1735533320069,63.58814973617154,0.9985494257307165,-0.03257496433161636,0.18881510431013027,5.777685092559706,3.7763020862026055e-06,0.001943270976009935,339.970477887252,1.9684351629478007,0.677238893570819,0.5396381590001056,0.013764712000011059,0.5200296040000012,0.5534028710001166,0.5534028710001166,True,1.547396000023582e-07,True,,
w8_n5000,7,50,training,701042,702042,703042,704042,790042,5000,10000,50000,8,2033,2033,0.4066,0.09078452702398687,5.623038482346378,5.65615403358936,5.836049931445548,61.90368515786449,62.41429217269438,62.11413575105165,0.9992868451183748,-0.03311555124298161,0.08970582845555151,5.802934380202567,1.7941165691110303e-06,0.0013394463666422146,690.0742819463202,2.254650204448212,0.8129948409436735,0.9591431770002146,0.013764712000011059,0.5200296040000012,0.9729078890002256,0.9729078890002256,True,1.5665418000025965e-07,True,,
w8_n5000,7,50,validation,701042,702042,703042,704042,790042,5000,10000,50000,8,2033,2033,0.4066,0.20468735241536623,5.955156583155555,6.013291207375504,5.836049931445548,66.293552805533,66.24820770143214,66.17021632814892,0.9984810816986319,-0.05813462421994965,0.2013278506672383,5.777915307225598,4.026557013344766e-06,0.0020066282698459038,329.2815801977904,2.254650204448212,0.8129948409436735,0.9591431770002146,0.013764712000011059,0.5200296040000012,0.9729078890002256,0.9729078890002256,True,1.5665418000025965e-07,True,,
w8_n5000,7,50,test,701042,702042,703042,704042,790042,5000,10000,50000,8,2033,2033,0.4066,0.19736257774293786,5.824352842655217,5.882836219294744,5.836049931445548,64.19156124464632,64.25107266204691,64.12434387768525,0.9984901245053468,-0.05848337663952843,0.1939461513228034,5.777566554806021,3.8789230264560685e-06,0.001969498166146917,330.9762055438062,2.254650204448212,0.8129948409436735,0.9591431770002146,0.013764712000011059,0.5200296040000012,0.9729078890002256,0.9729078890002256,True,1.5665418000025965e-07,True,,
w8_n5000,7,100,training,701042,702042,703042,704042,790042,5000,10000,50000,8,2033,2033,0.4066,0.09023930068549126,5.623038482346378,5.645117561284576,5.823264756386887,61.90368515786449,62.09383086197637,61.953873125464185,0.9992772106546876,-0.022079078938198313,0.0897697689125146,5.801185677448689,1.795395378250292e-06,0.0013399236464255312,689.582761633183,2.754294057692753,1.0131611693677922,1.6943219390000195,0.013764712000011059,0.5200296040000012,1.7080866510000305,1.7080866510000305,True,1.6071435999947426e-07,True,,
w8_n5000,7,100,validation,701042,702042,703042,704042,790042,5000,10000,50000,8,2033,2033,0.4066,0.24854556964839813,5.955156583155555,6.001661113935328,5.823264756386887,66.293552805533,65.91192971381632,65.97953749016504,0.9981403360686423,-0.04650453077977378,0.24640753901925322,5.776760225607113,4.928150780385064e-06,0.0022199438687464743,269.04027802636796,2.754294057692753,1.0131611693677922,1.6943219390000195,0.013764712000011059,0.5200296040000012,1.7080866510000305,1.7080866510000305,True,1.6071435999947426e-07,True,,
w8_n5000,7,100,test,701042,702042,703042,704042,790042,5000,10000,50000,8,2033,2033,0.4066,0.24138079025000553,5.824352842655217,5.870432169278883,5.823264756386887,64.19156124464632,63.92787491388277,63.940086943687874,0.9981346200548676,-0.046079326623666636,0.2392622711533381,5.777185429763221,4.785245423066762e-06,0.0021875203823203022,268.28952569587256,2.754294057692753,1.0131611693677922,1.6943219390000195,0.013764712000011059,0.5200296040000012,1.7080866510000305,1.7080866510000305,True,1.6071435999947426e-07,True,,
w8_n5000,7,200,training,701042,702042,703042,704042,790042,5000,10000,50000,8,2033,2033,0.4066,0.08201147639056464,5.623038482346378,5.619596919899802,5.797987653474012,61.90368515786449,61.477155932046486,61.64941252733272,0.9993412327280706,0.003441562446575557,0.08201603524554009,5.801429215920588,1.6403207049108017e-06,0.001280750055596642,754.7753920625019,3.2372019058123866,1.1747093473617085,3.0643881840001086,0.013764712000011059,0.5200296040000012,3.0781528960001197,3.0781528960001197,True,1.5258562000326493e-07,True,,
w8_n5000,7,200,validation,701042,702042,703042,704042,790042,5000,10000,50000,8,2033,2033,0.4066,0.2654877076700234,5.955156583155555,5.9804804311202195,5.797987653474012,66.293552805533,65.52161129021627,65.7751455990326,0.9980076871637731,-0.025323847964665306,0.26487289768405436,5.772663805509347,5.297457953681087e-06,0.0023016207232472267,250.28439445929746,3.2372019058123866,1.1747093473617085,3.0643881840001086,0.013764712000011059,0.5200296040000012,3.0781528960001197,3.0781528960001197,True,1.5258562000326493e-07,True,,
w8_n5000,7,200,test,701042,702042,703042,704042,790042,5000,10000,50000,8,2033,2033,0.4066,0.2532660639311316,5.824352842655217,5.842368357643385,5.797987653474012,64.19156124464632,63.48918536999246,63.71390002527832,0.9980340148523276,-0.018015514988169876,0.25294656408212424,5.779972138485842,5.058931281642485e-06,0.0022492068116655,253.77518559139324,3.2372019058123866,1.1747093473617085,3.0643881840001086,0.013764712000011059,0.5200296040000012,3.0781528960001197,3.0781528960001197,True,1.5258562000326493e-07,True,,
w32_n10000,7,0,training,701042,702042,703042,704042,705042,10000,10000,50000,32,8129,8129,0.8129,99.04859915604608,5.640109287267531,-0.4246973710889703,-0.42214149905647463,61.99666743694049,1.2389249954342816,0.48132289245465326,0.054919912653146497,6.064806658356502,62.272946647465474,5.6426651593000265,0.0012454589329493095,0.03529106024121845,0.9955634151682426,1.0812340837960404,0.0781030589669758,0.0,0.027387398999962898,0.5200296040000012,0.027387398999962898,0.0,True,3.072933599969474e-07,True,,
w32_n10000,7,0,validation,701042,702042,703042,704042,705042,10000,10000,50000,32,8129,8129,0.8129,107.09472135976874,5.955156583155555,-0.4076562400999308,-0.42214149905647463,66.293552805533,1.1666055878066726,0.4220812288809179,0.04799526180228545,6.362812823255485,66.61599593557784,5.94067132419901,0.001332319918711557,0.03650095777800299,0.9951596741065514,1.0812340837960404,0.0781030589669758,0.0,0.027387398999962898,0.5200296040000012,0.027387398999962898,0.0,True,3.072933599969474e-07,True,,
w32_n10000,7,0,test,701042,702042,703042,704042,705042,10000,10000,50000,32,8129,8129,0.8129,103.69682053384803,5.824352842655217,-0.4241684233219936,-0.42214149905647463,64.19156124464632,1.2118976681687779,0.37468165421220967,0.04248058460629883,6.248521265977209,64.65409560439068,5.826379766920735,0.0012930819120878134,0.03595944816161412,0.9928460160888409,1.0812340837960404,0.0781030589669758,0.0,0.027387398999962898,0.5200296040000012,0.027387398999962898,0.0,True,3.072933599969474e-07,True,,
w32_n10000,7,10,training,701042,702042,703042,704042,705042,10000,10000,50000,32,8129,8129,0.8129,0.11998499032095601,5.640109287267531,5.630576766282041,5.804670648590658,61.99666743694049,61.613248621267516,61.74500497311609,0.9990347697382517,0.009532520985490888,0.11990611197581477,5.81420316957615,2.3981222395162957e-06,0.0015485871753040884,517.0434301918262,1.8233133092849134,0.6006553455948256,0.37706249600000774,0.027387398999962898,0.5200296040000012,0.40444989499997064,0.40444989499997064,True,3.0386578000161537e-07,True,,
w32_n10000,7,10,validation,701042,702042,703042,704042,705042,10000,10000,50000,32,8129,8129,0.8129,0.2187702297666206,5.955156583155555,5.983127602321528,5.804670648590658,66.293552805533,65.36338548847311,65.71946432059369,0.9983690254479997,-0.027971019165973894,0.21800965281871923,5.776699629424684,4.360193056374385e-06,0.002088107529887861,304.0854014875104,1.8233133092849134,0.6006553455948256,0.37706249600000774,0.027387398999962898,0.5200296040000012,0.40444989499997064,0.40444989499997064,True,3.0386578000161537e-07,True,,
w32_n10000,7,10,test,701042,702042,703042,704042,705042,10000,10000,50000,32,8129,8129,0.8129,0.20945497127474133,5.824352842655217,5.851652909780318,5.804670648590658,64.19156124464632,63.413843053454066,63.69834522310684,0.9983829236756055,-0.027300067125101964,0.208713851886744,5.777370581465557,4.1742770377348795e-06,0.002043104754469256,307.55774312228726,1.8233133092849134,0.6006553455948256,0.37706249600000774,0.027387398999962898,0.5200296040000012,0.40444989499997064,0.40444989499997064,True,3.0386578000161537e-07,True,,
w32_n10000,7,25,training,701042,702042,703042,704042,705042,10000,10000,50000,32,8129,8129,0.8129,0.10729608259840338,5.640109287267531,5.69693000835313,5.864335074418057,61.99666743694049,63.4318264293967,62.662207985146935,0.9992356336222794,-0.05682072108559875,0.10407789604332032,5.807514353332459,2.0815579208664066e-06,0.0014427605209688843,595.67564097506,2.1695870544853766,0.7745368519713302,1.0096828759999426,0.027387398999962898,0.5200296040000012,1.0370702749999055,1.0370702749999055,True,3.0482818000109545e-07,True,,
w32_n10000,7,25,validation,701042,702042,703042,704042,705042,10000,10000,50000,32,8129,8129,0.8129,0.23278819180248966,5.955156583155555,6.041839859854655,5.864335074418057,66.293552805533,67.30993235346791,66.6890942139923,0.9983425801885095,-0.086683276699101,0.22529673101629835,5.777651797718956,4.505934620325967e-06,0.0021227186861018507,294.2499543002122,2.1695870544853766,0.7745368519713302,1.0096828759999426,0.027387398999962898,0.5200296040000012,1.0370702749999055,1.0370702749999055,True,3.0482818000109545e-07,True,,
w32_n10000,7,25,test,701042,702042,703042,704042,705042,10000,10000,50000,32,8129,8129,0.8129,0.2280745972882508,5.824352842655217,5.9127450077920125,5.864335074418057,64.19156124464632,65.25869130430648,64.61499336060281,0.9983323739264791,-0.08839216513679679,0.22026582774723505,5.775942909281261,4.405316554944701e-06,0.0020988845978149205,291.42768944762975,2.1695870544853766,0.7745368519713302,1.0096828759999426,0.027387398999962898,0.5200296040000012,1.0370702749999055,1.0370702749999055,True,3.0482818000109545e-07,True,,
w32_n10000,7,50,training,701042,702042,703042,704042,705042,10000,10000,50000,32,8129,8129,0.8129,0.07030586515959915,5.640109287267531,5.637304882596399,5.795135675157553,61.99666743694049,62.22492194612992,62.07564217604664,0.9994357225415023,0.0028044046711321793,0.07030503097713739,5.797940079828685,1.4061006195427478e-06,0.0011857911365593637,881.8240540581128,3.0198790564787927,1.1052167830612762,1.9381113189999724,0.027387398999962898,0.5200296040000012,1.9654987179999353,1.9654987179999353,True,3.053725600011603e-07,True,,
w32_n10000,7,50,validation,701042,702042,703042,704042,705042,10000,10000,50000,32,8129,8129,0.8129,0.2123152097430955,5.955156583155555,5.965359862348783,5.795135675157553,66.293552805533,66.14925654685419,66.1152885131589,0.9983981474893971,-0.01020327919322826,0.21223232606940745,5.784932395964326,4.244646521388149e-06,0.002060253994387136,312.3631259822911,3.0198790564787927,1.1052167830612762,1.9381113189999724,0.027387398999962898,0.5200296040000012,1.9654987179999353,1.9654987179999353,True,3.053725600011603e-07,True,,
w32_n10000,7,50,test,701042,702042,703042,704042,705042,10000,10000,50000,32,8129,8129,0.8129,0.2069583251608226,5.824352842655217,5.841376110738735,5.795135675157553,64.19156124464632,64.13818089097695,64.06153473433268,0.9983896049404786,-0.01702326808351943,0.20667266695791842,5.778112407074034,4.133453339158369e-06,0.002033089604311224,310.5953108821916,3.0198790564787927,1.1052167830612762,1.9381113189999724,0.027387398999962898,0.5200296040000012,1.9654987179999353,1.9654987179999353,True,3.053725600011603e-07,True,,
w32_n10000,7,100,training,701042,702042,703042,704042,705042,10000,10000,50000,32,8129,8129,0.8129,0.055525201966818136,5.640109287267531,5.668638148922444,5.824467641927662,61.99666743694049,61.887079990730086,61.914515324986695,0.999558712666217,-0.02852886165491223,0.054716777697262756,5.795938780272751,1.094335553945255e-06,0.0010461049440401546,1133.0467554203565,3.736236660938771,1.3180788644360064,3.646939272000054,0.027387398999962898,0.5200296040000012,3.674326671000017,3.674326671000017,True,3.042615200001819e-07,True,,
w32_n10000,7,100,validation,701042,702042,703042,704042,705042,10000,10000,50000,32,8129,8129,0.8129,0.2074552951944555,5.955156583155555,5.992178363354472,5.824467641927662,66.293552805533,65.87677562123872,65.9821115666285,0.9984455724900622,-0.0370217801989173,0.20610529351471005,5.787445861728745,4.122105870294201e-06,0.0020302969906627454,321.6489575548021,3.736236660938771,1.3180788644360064,3.646939272000054,0.027387398999962898,0.5200296040000012,3.674326671000017,3.674326671000017,True,3.042615200001819e-07,True,,
w32_n10000,7,100,test,701042,702042,703042,704042,705042,10000,10000,50000,32,8129,8129,0.8129,0.2047180364487876,5.824352842655217,5.870328552209197,5.824467641927662,64.19156124464632,63.84377209434624,63.91636250812313,0.9984212427670563,-0.04597570955398169,0.20260832274625046,5.77849193237368,4.0521664549250095e-06,0.002012999367840191,316.8258854057084,3.736236660938771,1.3180788644360064,3.646939272000054,0.027387398999962898,0.5200296040000012,3.674326671000017,3.674326671000017,True,3.042615200001819e-07,True,,
w32_n10000,7,200,training,701042,702042,703042,704042,705042,10000,10000,50000,32,8129,8129,0.8129,0.022485508882423292,5.640109287267531,5.6843723856614075,5.841797037288066,61.99666743694049,62.78570531120877,62.38092220415616,0.9998554763087335,-0.04426309839387675,0.02052833983698097,5.797533938894189,4.105667967396194e-07,0.0006407548647802991,3020.0526652065655,4.492791207962948,1.5024741584903065,6.870375529000057,0.027387398999962898,0.5200296040000012,6.89776292800002,6.89776292800002,True,3.0623149999883025e-07,True,,
w32_n10000,7,200,validation,701042,702042,703042,704042,705042,10000,10000,50000,32,8129,8129,0.8129,0.10102269661352413,5.955156583155555,6.015967818083073,5.841797037288066,66.293552805533,66.71599554770765,66.45610696473909,0.9992732547045325,-0.06081123492751782,0.09733442376249063,5.780985802360548,1.9466884752498126e-06,0.0013952377844832803,681.0905149785278,4.492791207962948,1.5024741584903065,6.870375529000057,0.027387398999962898,0.5200296040000012,6.89776292800002,6.89776292800002,True,3.0623149999883025e-07,True,,
w32_n10000,7,200,test,701042,702042,703042,704042,705042,10000,10000,50000,32,8129,8129,0.8129,0.09894027830422648,5.824352842655217,5.886568997283062,5.841797037288066,64.19156124464632,64.66509973691561,64.38079482586389,0.9992689407501808,-0.06221615462784566,0.09507132983414716,5.779580882660221,1.9014265966829432e-06,0.0013789222591150464,675.1936820135903,4.492791207962948,1.5024741584903065,6.870375529000057,0.027387398999962898,0.5200296040000012,6.89776292800002,6.89776292800002,True,3.0623149999883025e-07,True,,
w32_n20000,7,0,training,701042,702042,703042,704042,705042,20000,10000,50000,32,8129,8129,0.40645,102.32918819575012,5.758595558448313,-0.4163637401781778,-0.42214149905647463,63.8705002253231,1.228563751350745,0.44839400340950675,0.050618676826050826,6.174959298626491,64.20227596985485,5.752817799570017,0.001284045519397097,0.03583358088995708,0.9948323367120577,1.0465706143871913,0.04551873734719009,0.0,0.057584203000033085,0.5200296040000012,0.057584203000033085,0.0,True,3.0938919999698557e-07,True,,
w32_n20000,7,0,validation,701042,702042,703042,704042,705042,20000,10000,50000,32,8129,8129,0.40645,107.09472135976874,5.955156583155555,-0.4076562400999308,-0.42214149905647463,66.293552805533,1.1666055878066726,0.4220812288809179,0.04799526180228545,6.362812823255485,66.61599593557784,5.94067132419901,0.001332319918711557,0.03650095777800299,0.9951596741065514,1.0465706143871913,0.04551873734719009,0.0,0.057584203000033085,0.5200296040000012,0.057584203000033085,0.0,True,3.0938919999698557e-07,True,,
w32_n20000,7,0,test,701042,702042,703042,704042,705042,20000,10000,50000,32,8129,8129,0.40645,103.69682053384803,5.824352842655217,-0.4241684233219936,-0.42214149905647463,64.19156124464632,1.2118976681687779,0.37468165421220967,0.04248058460629883,6.248521265977209,64.65409560439068,5.826379766920735,0.0012930819120878134,0.03595944816161412,0.9928460160888409,1.0465706143871913,0.04551873734719009,0.0,0.057584203000033085,0.5200296040000012,0.057584203000033085,0.0,True,3.0938919999698557e-07,True,,
w32_n20000,7,10,training,701042,702042,703042,704042,705042,20000,10000,50000,32,8129,8129,0.40645,0.15210192748669765,5.758595558448313,5.741161120159935,5.771940885309136,63.8705002253231,62.9735978826717,63.34614627493431,0.9988281813525174,0.01743443828837832,0.1518055581261727,5.789375323597515,3.0361111625234537e-06,0.0017424440199109565,420.738878165695,1.3872901094511447,0.32735228272797534,0.6819844310000462,0.057584203000033085,0.5200296040000012,0.7395686340000793,0.7395686340000793,True,3.324787800011109e-07,True,,
w32_n20000,7,10,validation,701042,702042,703042,704042,705042,20000,10000,50000,32,8129,8129,0.40645,0.21100949963075086,5.955156583155555,5.946346338085208,5.771940885309136,66.293552805533,65.02268093396799,65.5526403824955,0.9984403093228537,0.00881024507034618,0.2109529745100023,5.780751130379483,4.2190594902000465e-06,0.002054034929157741,314.2574925028597,1.3872901094511447,0.32735228272797534,0.6819844310000462,0.057584203000033085,0.5200296040000012,0.7395686340000793,0.7395686340000793,True,3.324787800011109e-07,True,,
w32_n20000,7,10,test,701042,702042,703042,704042,705042,20000,10000,50000,32,8129,8129,0.40645,0.20380772623957427,5.824352842655217,5.818666831332224,5.771940885309136,64.19156124464632,63.1284351757743,63.55810847465821,0.9984342775638091,0.005686011322992779,0.20377947110423114,5.77762689663213,4.075589422084623e-06,0.002018808911731029,315.00504391736786,1.3872901094511447,0.32735228272797534,0.6819844310000462,0.057584203000033085,0.5200296040000012,0.7395686340000793,0.7395686340000793,True,3.324787800011109e-07,True,,
w32_n20000,7,25,training,701042,702042,703042,704042,705042,20000,10000,50000,32,8129,8129,0.40645,0.11665795791314199,5.758595558448313,5.6866626443208705,5.720120724905884,63.8705002253231,62.617608335577685,63.18830968633156,0.9991675966949244,0.07193291412744227,0.11148918823768798,5.792053639033326,2.2297837647537596e-06,0.0014932460496360803,572.8851490886738,1.5532102326930177,0.440323906989791,1.782408764000138,0.057584203000033085,0.5200296040000012,1.8399929670001711,1.8399929670001711,True,3.086406199963676e-07,True,,
w32_n20000,7,25,validation,701042,702042,703042,704042,705042,20000,10000,50000,32,8129,8129,0.40645,0.18119433395576354,5.955156583155555,5.893787163749752,5.720120724905884,66.293552805533,64.84242381028669,65.47926537145746,0.998708005014033,0.061369419405802456,0.17744587290484876,5.781490144311687,3.548917458096975e-06,0.0018838570694447536,373.59873025100666,1.5532102326930177,0.440323906989791,1.782408764000138,0.057584203000033085,0.5200296040000012,1.8399929670001711,1.8399929670001711,True,3.086406199963676e-07,True,,
w32_n20000,7,25,test,701042,702042,703042,704042,705042,20000,10000,50000,32,8129,8129,0.40645,0.17451791820710655,5.824352842655217,5.765517186341967,5.720120724905884,64.19156124464632,62.835390840008714,63.427946189853856,0.998710278159656,0.05883565631324908,0.17105970494739475,5.778956381219133,3.421194098947895e-06,0.0018496470200954275,375.258224982832,1.5532102326930177,0.440323906989791,1.782408764000138,0.057584203000033085,0.5200296040000012,1.8399929670001711,1.8399929670001711,True,3.086406199963676e-07,True,,
w32_n20000,7,50,training,701042,702042,703042,704042,705042,20000,10000,50000,32,8129,8129,0.40645,0.0328983104607279,5.758595558448313,5.767691853605825,5.797022951076872,63.8705002253231,63.72557421922872,63.78162861790811,0.9997434488080151,-0.009096295157511432,0.03281720873557214,5.78792665591936,6.563441747114428e-07,0.0008101507111096323,1946.2502353556602,1.642922538787901,0.4964766917403669,3.496013644000186,0.057584203000033085,0.5200296040000012,3.553597847000219,3.553597847000219,True,3.0569160000140985e-07,True,,
w32_n20000,7,50,validation,701042,702042,703042,704042,705042,20000,10000,50000,32,8129,8129,0.40645,0.054049375743971645,5.955156583155555,5.970304813150471,5.797022951076872,66.293552805533,66.0362048773929,66.13796619676248,0.9995951390444555,-0.01514822999491551,0.05382528940093291,5.781874721081956,1.0765057880186582e-06,0.0010375479690205452,1231.643220935176,1.642922538787901,0.4964766917403669,3.496013644000186,0.057584203000033085,0.5200296040000012,3.553597847000219,3.553597847000219,True,3.0569160000140985e-07,True,,
w32_n20000,7,50,test,701042,702042,703042,704042,705042,20000,10000,50000,32,8129,8129,0.40645,0.052670264801787145,5.824352842655217,5.839647873010293,5.797022951076872,64.19156124464632,63.873107045238584,64.00611545714456,0.9995936303760758,-0.015295030355077068,0.052437375595736316,5.781727920721795,1.0487475119147262e-06,0.00102408374262788,1224.156634754729,1.642922538787901,0.4964766917403669,3.496013644000186,0.057584203000033085,0.5200296040000012,3.553597847000219,3.553597847000219,True,3.0569160000140985e-07,True,,
w32_n20000,7,100,training,701042,702042,703042,704042,705042,20000,10000,50000,32,8129,8129,0.40645,0.021475000780292363,5.758595558448313,5.7160656281962545,5.745037832659808,63.8705002253231,63.34153742279668,63.59618522947364,0.9998540421164922,0.04252993025205843,0.019667189172506018,5.787567762911866,3.9334378345012036e-07,0.0006271712552805018,3247.5662721855356,1.4589476917825936,0.3777154167955433,6.7278297520001615,0.057584203000033085,0.5200296040000012,6.785413955000195,6.785413955000195,True,3.1714092000129315e-07,True,,
w32_n20000,7,100,validation,701042,702042,703042,704042,705042,20000,10000,50000,32,8129,8129,0.40645,0.03133090281943694,5.955156583155555,5.916562910202318,5.745037832659808,66.293552805533,65.67290310643357,65.96830574814878,0.9997849056669602,0.038593672953236055,0.029844415668982535,5.783631505613044,5.968883133796507e-07,0.0007725854731870453,2221.3051024628453,1.4589476917825936,0.3777154167955433,6.7278297520001615,0.057584203000033085,0.5200296040000012,6.785413955000195,6.785413955000195,True,3.1714092000129315e-07,True,,
w32_n20000,7,100,test,701042,702042,703042,704042,705042,20000,10000,50000,32,8129,8129,0.40645,0.029768695246961664,5.824352842655217,5.787747858872083,5.745037832659808,64.19156124464632,63.6228452386873,63.892988572168825,0.9997874704539154,0.03660498378313302,0.02842933899597816,5.7816428164429405,5.685867799195632e-07,0.0007540469348253882,2257.93365275666,1.4589476917825936,0.3777154167955433,6.7278297520001615,0.057584203000033085,0.5200296040000012,6.785413955000195,6.785413955000195,True,3.1714092000129315e-07,True,,
w32_n20000,7,200,training,701042,702042,703042,704042,705042,20000,10000,50000,32,8129,8129,0.40645,0.05057876383732929,5.758595558448313,5.868612345814182,5.893186216970264,63.8705002253231,66.33869569345269,65.08535946229557,0.9998841516504632,-0.11001678736586891,0.03847699418473171,5.783169429604396,7.695398836946342e-07,0.0008772342239645203,1659.9659505281195,1.155133139169827,0.1442156093389576,13.032896463000043,0.057584203000033085,0.5200296040000012,13.090480666000076,13.090480666000076,True,3.028120399994805e-07,True,,
w32_n20000,7,200,validation,701042,702042,703042,704042,705042,20000,10000,50000,32,8129,8129,0.40645,0.05842520624674351,5.955156583155555,6.069369931240752,5.893186216970264,66.293552805533,68.73434432272404,67.49125603619285,0.9998272435150565,-0.11421334808519845,0.04538505587149992,5.778972868885067,9.077011174299984e-07,0.0009527334975899601,1460.6912238520083,1.155133139169827,0.1442156093389576,13.032896463000043,0.057584203000033085,0.5200296040000012,13.090480666000076,13.090480666000076,True,3.028120399994805e-07,True,,
w32_n20000,7,200,test,701042,702042,703042,704042,705042,20000,10000,50000,32,8129,8129,0.40645,0.05657083262459742,5.824352842655217,5.936599492905317,5.893186216970264,64.19156124464632,66.56073075385542,65.35415979846064,0.9998278407140174,-0.11224665025010007,0.043972401580260743,5.780939566720164,8.794480316052148e-07,0.0009377889056739874,1459.8147687585474,1.155133139169827,0.1442156093389576,13.032896463000043,0.057584203000033085,0.5200296040000012,13.090480666000076,13.090480666000076,True,3.028120399994805e-07,True,,
w32_n5000,8,0,training,801042,802042,803042,804042,805042,5000,10000,50000,32,8129,8129,1.6258,94.06457911193856,5.837305815605435,0.5601514762431375,0.5664794693117177,65.25418921500194,1.229973072133752,0.12734760161535597,0.014214735056307179,5.277154339362299,66.229467083905,5.843633808674015,0.0013245893416781002,0.03639490818339978,0.9852742606600247,0.9956302987246346,-0.004379276323564474,0.0,0.013768672999958653,0.5065561330000037,0.013768672999958653,0.0,True,3.0564268000034645e-07,True,,
w32_n5000,8,0,validation,801042,802042,803042,804042,805042,5000,10000,50000,32,8129,8129,1.6258,93.65354500062641,5.813187640493778,0.5898994617507245,0.5664794693117177,65.74599938708967,1.2311056999625738,0.2998308701440539,0.0333268301732603,5.223288178743054,66.37744334676414,5.789767648054771,0.0013275488669352827,0.036435544004931264,0.9904870701877485,0.9956302987246346,-0.004379276323564474,0.0,0.013768672999958653,0.5065561330000037,0.013768672999958653,0.0,True,3.0564268000034645e-07,True,,
w32_n5000,8,0,test,801042,802042,803042,804042,805042,5000,10000,50000,32,8129,8129,1.6258,93.13370402350482,5.791377192658291,0.562931571276451,0.5664794693117177,64.81058069527978,1.21484657037466,0.11352544518451926,0.012794094120527542,5.22844562138184,65.7983763752854,5.794925090693557,0.001315967527505708,0.03627626672503261,0.9849875371639619,0.9956302987246346,-0.004379276323564474,0.0,0.013768672999958653,0.5065561330000037,0.013768672999958653,0.0,True,3.0564268000034645e-07,True,,
w32_n5000,8,10,training,801042,802042,803042,804042,805042,5000,10000,50000,32,8129,8129,1.6258,0.09662466985627782,5.837305815605435,5.83153189626893,5.867560112525596,65.25418921500194,64.98624340834382,65.07191098475163,0.9992603277584245,0.005773919336505928,0.09661065384254187,5.873334031862102,1.9322130768508373e-06,0.0013900406745310863,675.4347126286365,3.306886907469334,1.1960072354921036,0.22362779099989893,0.013768672999958653,0.5065561330000037,0.2373964639998576,0.2373964639998576,True,3.0569415999707417e-07,True,,
w32_n5000,8,10,validation,801042,802042,803042,804042,805042,5000,10000,50000,32,8129,8129,1.6258,0.3195268556862719,5.813187640493778,5.891865669011571,5.867560112525596,65.74599938708967,64.13850491928237,64.7855681730306,0.9976637446123731,-0.07867802851779293,0.31336796031085645,5.7888820840078035,6.267359206217129e-06,0.002503469433849179,209.8044717841307,3.306886907469334,1.1960072354921036,0.22362779099989893,0.013768672999958653,0.5065561330000037,0.2373964639998576,0.2373964639998576,True,3.0569415999707417e-07,True,,
w32_n5000,8,10,test,801042,802042,803042,804042,805042,5000,10000,50000,32,8129,8129,1.6258,0.3119963764719104,5.791377192658291,5.883239821940269,5.867560112525596,64.81058069527978,63.274732906873794,63.89087494853312,0.9977017154194242,-0.09186262928197783,0.3035637050874141,5.7756974832436185,6.071274101748282e-06,0.0024639955563572516,213.49910944266855,3.306886907469334,1.1960072354921036,0.22362779099989893,0.013768672999958653,0.5065561330000037,0.2373964639998576,0.2373964639998576,True,3.0569415999707417e-07,True,,
w32_n5000,8,25,training,801042,802042,803042,804042,805042,5000,10000,50000,32,8129,8129,1.6258,0.058054697853789854,5.837305815605435,5.85246813077246,5.876566869594083,65.25418921500194,65.21699870937877,65.20667577752715,0.9995567521683324,-0.0151623151670244,0.05783636932643095,5.861404554427058,1.156727386528619e-06,0.0010755126156994249,1128.2552825317318,5.343478631232249,1.6758768699539983,0.6222647579998011,0.013768672999958653,0.5065561330000037,0.6360334309997597,0.6360334309997597,True,3.0641510000350537e-07,True,,
w32_n5000,8,25,validation,801042,802042,803042,804042,805042,5000,10000,50000,32,8129,8129,1.6258,0.31021403742437076,5.813187640493778,5.901721122899554,5.876566869594083,65.74599938708967,64.36803835972741,64.90581582314478,0.9977317907779034,-0.08853348240577621,0.3024061005275296,5.788033387188307,6.0481220105505915e-06,0.0024592929899771177,217.40963318001738,5.343478631232249,1.6758768699539983,0.6222647579998011,0.013768672999958653,0.5065561330000037,0.6360334309997597,0.6360334309997597,True,3.0641510000350537e-07,True,,
w32_n5000,8,25,test,801042,802042,803042,804042,805042,5000,10000,50000,32,8129,8129,1.6258,0.3055891865431176,5.791377192658291,5.891815040208113,5.876566869594083,64.81058069527978,63.49562949936829,64.00535142958937,0.9977492581219061,-0.1004378475498219,0.2955073354693857,5.7761290220442625,5.9101467093877135e-06,0.0024310793301304903,219.31970180142653,5.343478631232249,1.6758768699539983,0.6222647579998011,0.013768672999958653,0.5065561330000037,0.6360334309997597,0.6360334309997597,True,3.0641510000350537e-07,True,,
w32_n5000,8,50,training,801042,802042,803042,804042,805042,5000,10000,50000,32,8129,8129,1.6258,0.049081706865063454,5.837305815605435,5.857046565883225,5.871505703176081,65.25418921500194,65.60262216558374,65.40405481529608,0.9996313678075553,-0.019740750277790035,0.0487017499935321,5.85176495289829,9.74034999870642e-07,0.0009869321151278045,1339.8736025639348,7.253880429963319,1.9815365574002546,1.1739321999998538,0.013768672999958653,0.5065561330000037,1.1877008729998124,1.1877008729998124,True,3.0509243999858884e-07,True,,
w32_n5000,8,50,validation,801042,802042,803042,804042,805042,5000,10000,50000,32,8129,8129,1.6258,0.35603283289768006,5.813187640493778,5.900114963788447,5.871505703176081,65.74599938708967,64.7863192094631,65.0919036360289,0.9973570316067757,-0.08692732329466919,0.34851132449495364,5.784578379881411,6.9702264898990726e-06,0.0026401186507236892,188.64810055273153,7.253880429963319,1.9815365574002546,1.1739321999998538,0.013768672999958653,0.5065561330000037,1.1877008729998124,1.1877008729998124,True,3.0509243999858884e-07,True,,
w32_n5000,8,50,test,801042,802042,803042,804042,805042,5000,10000,50000,32,8129,8129,1.6258,0.34410319344010903,5.791377192658291,5.8884905477927605,5.871505703176081,64.81058069527978,63.8378507091077,64.15687626055757,0.9974270124318533,-0.09711335513446918,0.3346788832723009,5.774392348041612,6.693577665446017e-06,0.002587194941523738,193.65004466848512,7.253880429963319,1.9815365574002546,1.1739321999998538,0.013768672999958653,0.5065561330000037,1.1877008729998124,1.1877008729998124,True,3.0509243999858884e-07,True,,
w32_n5000,8,100,training,801042,802042,803042,804042,805042,5000,10000,50000,32,8129,8129,1.6258,0.0533264100940655,5.837305815605435,5.854903493741172,5.865780290679406,65.25418921500194,65.49057552920173,65.34586870345896,0.9995960547215331,-0.017597678135735834,0.053027337285753706,5.8481826125436704,1.0605467457150742e-06,0.0010298285030601328,1230.5763886155585,7.546535047025549,2.021088523749615,2.1124447779998263,0.013768672999958653,0.5065561330000037,2.126213450999785,2.126213450999785,True,3.069457000037801e-07,True,,
w32_n5000,8,100,validation,801042,802042,803042,804042,805042,5000,10000,50000,32,8129,8129,1.6258,0.40242962270692234,5.813187640493778,5.8935774251354855,5.865780290679406,65.74599938708967,64.84853429615761,65.09926348867226,0.9969912049148582,-0.08038978464170711,0.39600670590277254,5.785390506037698,7.920134118055451e-06,0.0028142732841810957,166.0224395372527,7.546535047025549,2.021088523749615,2.1124447779998263,0.013768672999958653,0.5065561330000037,2.126213450999785,2.126213450999785,True,3.069457000037801e-07,True,,
w32_n5000,8,100,test,801042,802042,803042,804042,805042,5000,10000,50000,32,8129,8129,1.6258,0.38556539587246474,5.791377192658291,5.88343553827885,5.865780290679406,64.81058069527978,63.91233343622248,64.17290796633215,0.9970947424676903,-0.09205834562056091,0.3770981988380469,5.7737219450588455,7.541963976760938e-06,0.002746263639339992,171.86658778795734,7.546535047025549,2.021088523749615,2.1124447779998263,0.013768672999958653,0.5065561330000037,2.126213450999785,2.126213450999785,True,3.069457000037801e-07,True,,
w32_n5000,8,200,training,801042,802042,803042,804042,805042,5000,10000,50000,32,8129,8129,1.6258,0.034455572249360064,5.837305815605435,5.813637639568207,5.811721657888234,65.25418921500194,65.68592628065929,65.4531066627674,0.9997465208840958,0.023668176037228473,0.03390217012645613,5.835389833925462,6.780434025291226e-07,0.0008234339090231362,1924.7791209707761,11.333725081448932,2.427782801360861,3.8013965379998353,0.013768672999958653,0.5065561330000037,3.815165210999794,3.815165210999794,True,3.115464799975598e-07,True,,
w32_n5000,8,200,validation,801042,802042,803042,804042,805042,5000,10000,50000,32,8129,8129,1.6258,0.39050998339824794,5.813187640493778,5.84382956803891,5.811721657888234,65.74599938708967,64.93692029716244,65.14665483378793,0.9970377701764871,-0.03064192754513146,0.38961001667623446,5.7810797303431025,7.79220033352469e-06,0.0027914512952091227,168.74822661893862,11.333725081448932,2.427782801360861,3.8013965379998353,0.013768672999958653,0.5065561330000037,3.815165210999794,3.815165210999794,True,3.115464799975598e-07,True,,
w32_n5000,8,200,test,801042,802042,803042,804042,805042,5000,10000,50000,32,8129,8129,1.6258,0.3786333581954424,5.791377192658291,5.828175648605351,5.811721657888234,64.81058069527978,64.03762866334955,64.2354612905292,0.997089792234612,-0.036798455947059855,0.3772867775709062,5.774923201941175,7.545735551418124e-06,0.002746950227328141,171.7806839469731,11.333725081448932,2.427782801360861,3.8013965379998353,0.013768672999958653,0.5065561330000037,3.815165210999794,3.815165210999794,True,3.115464799975598e-07,True,,
w16_n5000,8,0,training,801042,802042,803042,804042,970042,5000,10000,50000,16,4065,4065,0.813,94.95023397729187,5.837305815605435,0.4861230034911098,0.48456135815165,65.25418921500194,0.9641296922075617,-0.05501162492298965,-0.006935576162931025,5.351182812114326,66.3283421570555,5.835744170265976,0.00132656684314111,0.03642206533327167,0.9838055210318671,1.004108710419688,0.004100292718418768,0.0,0.013768672999958653,0.5065561330000037,0.013768672999958653,0.0,True,1.9985615999758012e-07,True,,
w16_n5000,8,0,validation,801042,802042,803042,804042,970042,5000,10000,50000,16,4065,4065,0.813,95.34035699298617,5.813187640493778,0.4878113158005369,0.48456135815165,65.74599938708967,0.9793313359563062,-0.131046006305234,-0.01633143320436304,5.325376324693241,66.98742273565645,5.809937682844891,0.0013397484547131291,0.036602574427396894,0.981467814436366,1.004108710419688,0.004100292718418768,0.0,0.013768672999958653,0.5065561330000037,0.013768672999958653,0.0,True,1.9985615999758012e-07,True,,
w16_n5000,8,0,test,801042,802042,803042,804042,970042,5000,10000,50000,16,4065,4065,0.813,94.16860523457851,5.791377192658291,0.4858134262313832,0.48456135815165,64.81058069527978,0.9526277751169433,-0.12885515146758433,-0.016398994096999724,5.305563766426907,66.0209187733319,5.790125124578558,0.001320418375466638,0.036337561495876934,0.9816673548241953,1.004108710419688,0.004100292718418768,0.0,0.013768672999958653,0.5065561330000037,0.013768672999958653,0.0,True,1.9985615999758012e-07,True,,
w16_n5000,8,10,training,801042,802042,803042,804042,970042,5000,10000,50000,16,4065,4065,0.813,0.11351751482117459,5.837305815605435,5.853595638651567,5.861173746447923,65.25418921500194,64.98019458813884,65.06055449584609,0.9991324346534814,-0.016289823046130796,0.11327481144859004,5.844883923401793,2.265496228971801e-06,0.0015051565463339025,576.0697226551347,2.272656580083234,0.8209494468226899,0.23953121299996383,0.013768672999958653,0.5065561330000037,0.2532998859999225,0.2532998859999225,True,2.0278483999845777e-07,True,,
w16_n5000,8,10,validation,801042,802042,803042,804042,970042,5000,10000,50000,16,4065,4065,0.813,0.2579863270130385,5.813187640493778,5.886032504518062,5.861173746447923,65.74599938708967,64.75343590178173,65.12336503277537,0.9980924230998993,-0.07284486402428508,0.252705223320654,5.788328882423638,5.05410446641308e-06,0.0022481335517297633,260.1687393840116,2.272656580083234,0.8209494468226899,0.23953121299996383,0.013768672999958653,0.5065561330000037,0.2532998859999225,0.2532998859999225,True,2.0278483999845777e-07,True,,
w16_n5000,8,10,test,801042,802042,803042,804042,970042,5000,10000,50000,16,4065,4065,0.813,0.25259050289342416,5.791377192658291,5.876850071782934,5.861173746447923,64.81058069527978,63.91042807377241,64.23785948671431,0.9981188131319937,-0.08547287912464477,0.24528979562348052,5.775700867323277,4.90579591246961e-06,0.002214903138394456,264.2204521005184,2.272656580083234,0.8209494468226899,0.23953121299996383,0.013768672999958653,0.5065561330000037,0.2532998859999225,0.2532998859999225,True,2.0278483999845777e-07,True,,
w16_n5000,8,25,training,801042,802042,803042,804042,970042,5000,10000,50000,16,4065,4065,0.813,0.07411531392514492,5.837305815605435,5.835272862091274,5.822924176701618,65.25418921500194,64.9904730161653,65.08526811247043,0.9994329197600768,0.002032953514162064,0.07412600622639946,5.82495713021578,1.4825201245279892e-06,0.0012175878303136859,880.3143800260767,3.2225581253678457,1.1701754930208526,0.6059160029999475,0.013768672999958653,0.5065561330000037,0.6196846759999062,0.6196846759999062,True,1.9967263999660645e-07,True,,
w16_n5000,8,25,validation,801042,802042,803042,804042,970042,5000,10000,50000,16,4065,4065,0.813,0.2388409071036644,5.813187640493778,5.850383508306753,5.822924176701618,65.74599938708967,64.7375015897913,65.12300992712369,0.99820980633215,-0.0371958678129756,0.2374811226335674,5.785728308888642,4.749622452671348e-06,0.00217936285475167,276.84726540785107,3.2225581253678457,1.1701754930208526,0.6059160029999475,0.013768672999958653,0.5065561330000037,0.6196846759999062,0.6196846759999062,True,1.9967263999660645e-07,True,,
w16_n5000,8,25,test,801042,802042,803042,804042,970042,5000,10000,50000,16,4065,4065,0.813,0.23064720360023436,5.791377192658291,5.83709046436345,5.822924176701618,64.81058069527978,63.933269141574286,64.25764388261119,0.9982478533875581,-0.04571327170515915,0.22856207163167724,5.777210904996459,4.571241432633545e-06,0.002138046171773085,283.55789844135035,3.2225581253678457,1.1701754930208526,0.6059160029999475,0.013768672999958653,0.5065561330000037,0.6196846759999062,0.6196846759999062,True,1.9967263999660645e-07,True,,
w16_n5000,8,50,training,801042,802042,803042,804042,970042,5000,10000,50000,16,4065,4065,0.813,0.0785565399981378,5.837305815605435,5.861890369292706,5.844558418664023,65.25418921500194,65.73575654673996,65.45598901423857,0.999411534669943,-0.02458455368726925,0.07796773326478854,5.819973864976753,1.5593546652957708e-06,0.0012487412323198793,836.9383908262441,3.6096574052449992,1.2836128662471653,1.067982210999844,0.013768672999958653,0.5065561330000037,1.0817508839998027,1.0817508839998027,True,1.95589420000033e-07,True,,
w16_n5000,8,50,validation,801042,802042,803042,804042,970042,5000,10000,50000,16,4065,4065,0.813,0.2835621963347031,5.813187640493778,5.872784804549311,5.844558418664023,65.74599938708967,65.52375826018087,65.49485963453075,0.9978681254857616,-0.059597164055532836,0.28003837820906186,5.78496125460849,5.600767564181237e-06,0.0023665940852163974,234.77496123051813,3.6096574052449992,1.2836128662471653,1.067982210999844,0.013768672999958653,0.5065561330000037,1.0817508839998027,1.0817508839998027,True,1.95589420000033e-07,True,,
w16_n5000,8,50,test,801042,802042,803042,804042,970042,5000,10000,50000,16,4065,4065,0.813,0.2794262116250686,5.791377192658291,5.859705160762323,5.844558418664023,64.81058069527978,64.7432464564408,64.6395320780304,0.9978792943390684,-0.06832796810403262,0.2747629956597561,5.776230450559989,5.495259913195122e-06,0.002344197072175273,235.87812667298138,3.6096574052449992,1.2836128662471653,1.067982210999844,0.013768672999958653,0.5065561330000037,1.0817508839998027,1.0817508839998027,True,1.95589420000033e-07,True,,
w16_n5000,8,100,training,801042,802042,803042,804042,970042,5000,10000,50000,16,4065,4065,0.813,0.0651535013635601,5.837305815605435,5.82135316785994,5.800945151901466,65.25418921500194,64.87490299436021,65.03209010628468,0.9995054179149645,0.01595264774549423,0.06491199679282686,5.81689779964696,1.2982399358565371e-06,0.0011394033244889789,1005.2716360469888,5.062591481556283,1.62187850270026,1.8537996919999387,0.013768672999958653,0.5065561330000037,1.8675683649998973,1.8675683649998973,True,1.9805019999694196e-07,True,,
w16_n5000,8,100,validation,801042,802042,803042,804042,970042,5000,10000,50000,16,4065,4065,0.813,0.329845560996725,5.813187640493778,5.835135848181816,5.800945151901466,65.74599938708967,64.79279865795193,65.10470063409396,0.997503230723042,-0.021948207688037496,0.32939677685369323,5.778996944213429,6.587935537073864e-06,0.0025666973988130865,199.5951509151888,5.062591481556283,1.62187850270026,1.8537996919999387,0.013768672999958653,0.5065561330000037,1.8675683649998973,1.8675683649998973,True,1.9805019999694196e-07,True,,
w16_n5000,8,100,test,801042,802042,803042,804042,970042,5000,10000,50000,16,4065,4065,0.813,0.3225366885126231,5.791377192658291,5.816053798422497,5.800945151901466,64.81058069527978,63.90719144876301,64.19791897585918,0.9975234822822054,-0.024676605764207257,0.3219341923244275,5.776268546137259,6.43868384648855e-06,0.0025374561762695627,201.31623866149408,5.062591481556283,1.62187850270026,1.8537996919999387,0.013768672999958653,0.5065561330000037,1.8675683649998973,1.8675683649998973,True,1.9805019999694196e-07,True,,
w16_n5000,8,200,training,801042,802042,803042,804042,970042,5000,10000,50000,16,4065,4065,0.813,0.04219329083506114,5.837305815605435,5.8333174869276885,5.812308557219462,65.25418921500194,65.14008248600103,65.17604293988467,0.999676857656578,0.0039883286777473185,0.04218582123366613,5.816296885897209,8.437164246733226e-07,0.000918540377268916,1546.8275194540065,7.9051468318935525,2.0675140450485197,3.3200191189998804,0.013768672999958653,0.5065561330000037,3.333787791999839,3.333787791999839,True,1.9768172000112827e-07,True,,
w16_n5000,8,200,validation,801042,802042,803042,804042,970042,5000,10000,50000,16,4065,4065,0.813,0.3335441593719468,5.813187640493778,5.843873482197774,5.812308557219462,65.74599938708967,64.99490110144316,65.20413234323087,0.9974722238376396,-0.030685841703996134,0.332635802071071,5.781622715515466,6.65271604142142e-06,0.0025792859557291084,197.65160267697934,7.9051468318935525,2.0675140450485197,3.3200191189998804,0.013768672999958653,0.5065561330000037,3.333787791999839,3.333787791999839,True,1.9768172000112827e-07,True,,
w16_n5000,8,200,test,801042,802042,803042,804042,970042,5000,10000,50000,16,4065,4065,0.813,0.33232378180920946,5.791377192658291,5.829400970378744,5.812308557219462,64.81058069527978,64.19736530133392,64.33853070239242,0.9974464293674709,-0.03802377772045385,0.3308845918289115,5.774284779499008,6.61769183657823e-06,0.002572487480354031,195.8706518700363,7.9051468318935525,2.0675140450485197,3.3200191189998804,0.013768672999958653,0.5065561330000037,3.333787791999839,3.333787791999839,True,1.9768172000112827e-07,True,,
w8_n5000,8,0,training,801042,802042,803042,804042,890042,5000,10000,50000,8,2033,2033,0.4066,91.28805306282234,5.837305815605435,0.8646558028394485,0.8833247112731966,65.25418921500194,1.2998279997004227,-0.010051261302926455,-0.001091373540864483,4.972650012765986,66.57411973730824,5.855974724039184,0.0013314823947461647,0.036489483344467416,0.9801735189663108,0.9978275494888519,-0.0021748137049946038,0.0,0.013768672999958653,0.5065561330000037,0.013768672999958653,0.0,True,1.583442399987689e-07,True,,
w8_n5000,8,0,validation,801042,802042,803042,804042,890042,5000,10000,50000,8,2033,2033,0.4066,91.0897342852843,5.813187640493778,0.898125006098198,0.8833247112731966,65.74599938708967,1.3157527169649603,0.06158233002877759,0.006621163517355291,4.91506263439558,66.93858744399706,5.798387345668777,0.0013387717488799412,0.03658922995746072,0.9821838478754104,0.9978275494888519,-0.0021748137049946038,0.0,0.013768672999958653,0.5065561330000037,0.013768672999958653,0.0,True,1.583442399987689e-07,True,,
w8_n5000,8,0,test,801042,802042,803042,804042,890042,5000,10000,50000,8,2033,2033,0.4066,90.07915630106383,5.791377192658291,0.8809785134089256,0.8833247112731966,64.81058069527978,1.3085819872889426,0.07535110073458623,0.00818212623550716,4.910398679249365,65.96846048109956,5.793723390522562,0.0013193692096219911,0.03632312224495564,0.9824479792710713,0.9978275494888519,-0.0021748137049946038,0.0,0.013768672999958653,0.5065561330000037,0.013768672999958653,0.0,True,1.583442399987689e-07,True,,
w8_n5000,8,10,training,801042,802042,803042,804042,890042,5000,10000,50000,8,2033,2033,0.4066,0.13981305640285974,5.837305815605435,5.862580544603196,5.857199252415173,65.25418921500194,64.8842904589849,64.99963879454647,0.9989343893213051,-0.025274728997759482,0.13920208489392835,5.831924523417413,2.784041697878567e-06,0.001668544784498926,468.77307379932904,1.9173558753152993,0.6509470886262206,0.2220825069998682,0.013768672999958653,0.5065561330000037,0.23585117999982685,0.23585117999982685,True,1.805504000003566e-07,True,,
w8_n5000,8,10,validation,801042,802042,803042,804042,890042,5000,10000,50000,8,2033,2033,0.4066,0.26807138513981243,5.813187640493778,5.8826544010500115,5.857199252415173,65.74599938708967,64.6253043691598,65.05401583736185,0.9980174724996468,-0.06946676055623309,0.26327208152578807,5.7877324918589395,5.265441630515762e-06,0.002294655013398694,249.72643892227404,1.9173558753152993,0.6509470886262206,0.2220825069998682,0.013768672999958653,0.5065561330000037,0.23585117999982685,0.23585117999982685,True,1.805504000003566e-07,True,,
w8_n5000,8,10,test,801042,802042,803042,804042,890042,5000,10000,50000,8,2033,2033,0.4066,0.25274582343985946,5.791377192658291,5.87075659719049,5.857199252415173,64.81058069527978,63.86271185722185,64.21342144496619,0.9981117683726961,-0.07937940453219983,0.24644966256922418,5.777819847882972,4.928993251384483e-06,0.002220133611155978,262.9769504231941,1.9173558753152993,0.6509470886262206,0.2220825069998682,0.013768672999958653,0.5065561330000037,0.23585117999982685,0.23585117999982685,True,1.805504000003566e-07,True,,
w8_n5000,8,25,training,801042,802042,803042,804042,890042,5000,10000,50000,8,2033,2033,0.4066,0.0978556530365149,5.837305815605435,5.85263740581291,5.833627513274968,65.25418921500194,65.12961076947063,65.14307993053484,0.9992515891379484,-0.015331590207473994,0.09764012340290552,5.818295923067494,1.9528024680581105e-06,0.0013974270886375826,668.3132603769337,2.3099906826019803,0.8372434910199313,0.5167793759999313,0.013768672999958653,0.5065561330000037,0.5305480489998899,0.5305480489998899,True,1.5745973999855779e-07,True,,
w8_n5000,8,25,validation,801042,802042,803042,804042,890042,5000,10000,50000,8,2033,2033,0.4066,0.2260456467542816,5.813187640493778,5.861314297839653,5.833627513274968,65.74599938708967,64.90132845380407,65.21178799705102,0.9983082246966494,-0.04812665734587496,0.22375184679167348,5.785500855929093,4.47503693583347e-06,0.002115428310256216,293.83444351323357,2.3099906826019803,0.8372434910199313,0.5167793759999313,0.013768672999958653,0.5065561330000037,0.5305480489998899,0.5305480489998899,True,1.5745973999855779e-07,True,,
w8_n5000,8,25,test,801042,802042,803042,804042,890042,5000,10000,50000,8,2033,2033,0.4066,0.2076359884943287,5.791377192658291,5.845475251576076,5.833627513274968,64.81058069527978,64.22018170467099,64.4130244585827,0.9984239039383849,-0.05409805891778586,0.20471348278531223,5.779529454357181,4.094269655706245e-06,0.0020234301707017827,316.59165685363354,2.3099906826019803,0.8372434910199313,0.5167793759999313,0.013768672999958653,0.5065561330000037,0.5305480489998899,0.5305480489998899,True,1.5745973999855779e-07,True,,
w8_n5000,8,50,training,801042,802042,803042,804042,890042,5000,10000,50000,8,2033,2033,0.4066,0.10255570492493105,5.837305815605435,5.810935403163814,5.792721984462351,65.25418921500194,64.77708730509906,64.96469791884599,0.9992232170048697,0.02637041244162173,0.10188068240907167,5.819092396903972,2.0376136481814333e-06,0.0014274500510285581,640.4961929190177,2.482962800968197,0.9094525249269744,0.9563463120000506,0.013768672999958653,0.5065561330000037,0.9701149850000093,0.9701149850000093,True,1.621593199979543e-07,True,,
w8_n5000,8,50,validation,801042,802042,803042,804042,890042,5000,10000,50000,8,2033,2033,0.4066,0.25464200035567475,5.813187640493778,5.820902688294519,5.792721984462351,65.74599938708967,64.55449338331502,65.02294241560885,0.9980877240196836,-0.007715047800741904,0.2546079391870258,5.78500693666161,5.092158783740515e-06,0.0022565812158529806,258.22446698645575,2.482962800968197,0.9094525249269744,0.9563463120000506,0.013768672999958653,0.5065561330000037,0.9701149850000093,0.9701149850000093,True,1.621593199979543e-07,True,,
w8_n5000,8,50,test,801042,802042,803042,804042,890042,5000,10000,50000,8,2033,2033,0.4066,0.23491642636217308,5.791377192658291,5.806785515915556,5.792721984462351,64.81058069527978,63.88047093971951,64.2281839656943,0.9982024505044522,-0.01540832325726502,0.23468370361064492,5.777313661205087,4.693674072212898e-06,0.0021664888811653055,276.1614023392294,2.482962800968197,0.9094525249269744,0.9563463120000506,0.013768672999958653,0.5065561330000037,0.9701149850000093,0.9701149850000093,True,1.621593199979543e-07,True,,
w8_n5000,8,100,training,801042,802042,803042,804042,890042,5000,10000,50000,8,2033,2033,0.4066,0.11329687166975182,5.837305815605435,5.884767545234198,5.8585724242788935,65.25418921500194,66.1074055371637,65.62526414149072,0.999175574636955,-0.04746172962876233,0.1110664691842349,5.811110694650131,2.221329383684698e-06,0.0014904124877646115,587.5237566682664,2.5971551000385302,0.9544166536691414,1.6923825599999418,0.013768672999958653,0.5065561330000037,1.7061512329999005,1.7061512329999005,True,1.5326030000323954e-07,True,,
w8_n5000,8,100,validation,801042,802042,803042,804042,890042,5000,10000,50000,8,2033,2033,0.4066,0.2942495480755068,5.813187640493778,5.8906873606864725,5.8585724242788935,65.74599938708967,65.94217391393,65.69995056617863,0.9978120558477946,-0.07749972019269441,0.288272168662427,5.781072704086199,5.76544337324854e-06,0.0024011337682954153,228.06918785170575,2.5971551000385302,0.9544166536691414,1.6923825599999418,0.013768672999958653,0.5065561330000037,1.7061512329999005,1.7061512329999005,True,1.5326030000323954e-07,True,,
w8_n5000,8,100,test,801042,802042,803042,804042,890042,5000,10000,50000,8,2033,2033,0.4066,0.28017892811925293,5.791377192658291,5.871865085095507,5.8585724242788935,64.81058069527978,65.14979118367796,64.84333288877272,0.9978973256255975,-0.08048789243721659,0.2737061014122963,5.778084531841676,5.4741220282459255e-06,0.0023396841727562133,236.7889512176149,2.5971551000385302,0.9544166536691414,1.6923825599999418,0.013768672999958653,0.5065561330000037,1.7061512329999005,1.7061512329999005,True,1.5326030000323954e-07,True,,
w8_n5000,8,200,training,801042,802042,803042,804042,890042,5000,10000,50000,8,2033,2033,0.4066,0.09455927631350378,5.837305815605435,5.781609765832708,5.7530350884838946,65.25418921500194,64.23101758060764,64.69686563707607,0.9993247435748799,0.05569604977272736,0.09147552145750924,5.808731138256621,1.829510429150185e-06,0.0013525939631501337,713.3513772349773,3.5293515416146257,1.261114154811117,3.0602432640000643,0.013768672999958653,0.5065561330000037,3.074011937000023,3.074011937000023,True,1.5109425999980887e-07,True,,
w8_n5000,8,200,validation,801042,802042,803042,804042,890042,5000,10000,50000,8,2033,2033,0.4066,0.3337329276310279,5.813187640493778,5.781291658089798,5.7530350884838946,65.74599938708967,64.16045876225981,64.78685465026354,0.9975128519344774,0.03189598240398,0.33274884882239514,5.7849310708878745,6.654976976447903e-06,0.0025797242055010266,197.5844533189704,3.5293515416146257,1.261114154811117,3.0602432640000643,0.013768672999958653,0.5065561330000037,3.074011937000023,3.074011937000023,True,1.5109425999980887e-07,True,,
w8_n5000,8,200,test,801042,802042,803042,804042,890042,5000,10000,50000,8,2033,2033,0.4066,0.30926481945137324,5.791377192658291,5.767292400695006,5.7530350884838946,64.81058069527978,63.47850368080675,63.990196730010375,0.9976475687278409,0.024084791963284224,0.30869091606577986,5.777119880447178,6.173818321315598e-06,0.002484716949939288,209.95298961589495,3.5293515416146257,1.261114154811117,3.0602432640000643,0.013768672999958653,0.5065561330000037,3.074011937000023,3.074011937000023,True,1.5109425999980887e-07,True,,
w32_n10000,8,0,training,801042,802042,803042,804042,805042,10000,10000,50000,32,8129,8129,0.8129,91.24399206728302,5.789368662218903,0.5674794483452975,0.5664794693117177,63.08206971293454,1.2364074765455253,0.16810692891669393,0.01903495418976456,5.221889213873606,63.98226333164667,5.788368683185324,0.0012796452666329334,0.03577212974695431,0.9859305755714509,1.0264077982423938,0.026065131954490076,0.0,0.027457799000103478,0.5065561330000037,0.027457799000103478,0.0,True,3.106138600014674e-07,True,,
w32_n10000,8,0,validation,801042,802042,803042,804042,805042,10000,10000,50000,32,8129,8129,0.8129,93.65354500062641,5.813187640493778,0.5898994617507245,0.5664794693117177,65.74599938708967,1.2311056999625738,0.2998308701440539,0.0333268301732603,5.223288178743054,66.37744334676414,5.789767648054771,0.0013275488669352827,0.036435544004931264,0.9904870701877485,1.0264077982423938,0.026065131954490076,0.0,0.027457799000103478,0.5065561330000037,0.027457799000103478,0.0,True,3.106138600014674e-07,True,,
w32_n10000,8,0,test,801042,802042,803042,804042,805042,10000,10000,50000,32,8129,8129,0.8129,93.13370402350482,5.791377192658291,0.562931571276451,0.5664794693117177,64.81058069527978,1.21484657037466,0.11352544518451926,0.012794094120527542,5.22844562138184,65.7983763752854,5.794925090693557,0.001315967527505708,0.03627626672503261,0.9849875371639619,1.0264077982423938,0.026065131954490076,0.0,0.027457799000103478,0.5065561330000037,0.027457799000103478,0.0,True,3.106138600014674e-07,True,,
w32_n10000,8,10,training,801042,802042,803042,804042,805042,10000,10000,50000,32,8129,8129,0.8129,0.11999534418258104,5.789368662218903,5.755276446327401,5.778654256598734,63.08206971293454,62.09593166816175,62.52957821580158,0.9990815948986018,0.03409221589150201,0.11884494949313756,5.812746472490235,2.3768989898627514e-06,0.001541719491302731,530.793020502542,2.0409864568443354,0.7134332482566161,0.40310889300008057,0.027457799000103478,0.5065561330000037,0.43056669200018405,0.43056669200018405,True,3.1247212000380387e-07,True,,
w32_n10000,8,10,validation,801042,802042,803042,804042,805042,10000,10000,50000,32,8129,8129,0.8129,0.24490887236102263,5.813187640493778,5.807722443583228,5.778654256598734,65.74599938708967,63.74803277772819,64.62456433524234,0.9982275896775091,0.0054651969105502015,0.2449034943331848,5.784119453509284,4.898069886663696e-06,0.0022131583510141555,268.45676320830256,2.0409864568443354,0.7134332482566161,0.40310889300008057,0.027457799000103478,0.5065561330000037,0.43056669200018405,0.43056669200018405,True,3.1247212000380387e-07,True,,
w32_n10000,8,10,test,801042,802042,803042,804042,805042,10000,10000,50000,32,8129,8129,0.8129,0.22758700602627666,5.791377192658291,5.79502886870833,5.778654256598734,64.81058069527978,62.94739137820611,63.76519692531657,0.9983248472034794,-0.0036516760500398407,0.22757822285275928,5.775002580548693,4.551564457055186e-06,0.0021334395836430865,284.7837542751687,2.0409864568443354,0.7134332482566161,0.40310889300008057,0.027457799000103478,0.5065561330000037,0.43056669200018405,0.43056669200018405,True,3.1247212000380387e-07,True,,
w32_n10000,8,25,training,801042,802042,803042,804042,805042,10000,10000,50000,32,8129,8129,0.8129,0.0944699675105196,5.789368662218903,5.748756806696262,5.7684071877812455,63.08206971293454,62.58838235889892,62.78881107206958,0.9992690332246643,0.04061185552264089,0.09282992769429715,5.809019043303887,1.8565985538859432e-06,0.0013625705684058875,679.5445313786437,2.4907778169354495,0.9125950379766014,1.038869319000014,0.027457799000103478,0.5065561330000037,1.0663271180001175,1.0663271180001175,True,3.041942600020775e-07,True,,
w32_n10000,8,25,validation,801042,802042,803042,804042,805042,10000,10000,50000,32,8129,8129,0.8129,0.23530369944181484,5.813187640493778,5.801625416504078,5.7684071877812455,65.74599938708967,64.3936277105409,64.9522167819295,0.9982466605228588,0.011562223989700218,0.23519353377160396,5.779969411770946,4.7038706754320796e-06,0.002168840859867796,279.5399955635494,2.4907778169354495,0.9125950379766014,1.038869319000014,0.027457799000103478,0.5065561330000037,1.0663271180001175,1.0663271180001175,True,3.041942600020775e-07,True,,
w32_n10000,8,25,test,801042,802042,803042,804042,805042,10000,10000,50000,32,8129,8129,0.8129,0.2200800649959098,5.791377192658291,5.783948822588281,5.7684071877812455,64.81058069527978,63.48226974053559,64.03641057545784,0.9983384574282558,0.0074283700700099,0.22002928489971074,5.775835557851256,4.400585697994215e-06,0.0020977573019761403,294.5543395499395,2.4907778169354495,0.9125950379766014,1.038869319000014,0.027457799000103478,0.5065561330000037,1.0663271180001175,1.0663271180001175,True,3.041942600020775e-07,True,,
w32_n10000,8,50,training,801042,802042,803042,804042,805042,10000,10000,50000,32,8129,8129,0.8129,0.0748369792125326,5.789368662218903,5.813919628713976,5.826575641993486,63.08206971293454,63.38456798983313,63.19619802467282,0.9994158136128471,-0.02455096649507325,0.07424165342203262,5.802024675498412,1.4848330684406524e-06,0.0012185372659219956,849.6856792013974,2.9829521299031083,1.0929134577682813,1.9700172820000716,0.027457799000103478,0.5065561330000037,1.9974750810001751,1.9974750810001751,True,3.05036839999957e-07,True,,
w32_n10000,8,50,validation,801042,802042,803042,804042,805042,10000,10000,50000,32,8129,8129,0.8129,0.22323512653753877,5.813187640493778,5.860192833824246,5.826575641993486,65.74599938708967,65.21914592779052,65.37204878588422,0.9983202416832694,-0.047005193330467376,0.22104774311181533,5.779570448663018,4.420954862236307e-06,0.0021026066827241623,297.42895567059713,2.9829521299031083,1.0929134577682813,1.9700172820000716,0.027457799000103478,0.5065561330000037,1.9974750810001751,1.9974750810001751,True,3.05036839999957e-07,True,,
w32_n10000,8,50,test,801042,802042,803042,804042,805042,10000,10000,50000,32,8129,8129,0.8129,0.21505446987895813,5.791377192658291,5.841954911318361,5.826575641993486,64.81058069527978,64.35156950143814,64.47482479122576,0.9983610807002169,-0.05057771866007112,0.21250061426638614,5.775997923333414,4.2500122853277225e-06,0.002061555792436315,304.99008635351356,2.9829521299031083,1.0929134577682813,1.9700172820000716,0.027457799000103478,0.5065561330000037,1.9974750810001751,1.9974750810001751,True,3.05036839999957e-07,True,,
w32_n10000,8,100,training,801042,802042,803042,804042,805042,10000,10000,50000,32,8129,8129,0.8129,0.03595799719046043,5.789368662218903,5.773089642156684,5.7840168970499475,63.08206971293454,62.33693905160164,62.69165610209196,0.999733025536142,0.016279020062219776,0.03569656035230952,5.800295917112167,7.139312070461904e-07,0.0008449444993880902,1767.175018834923,5.084417435949677,1.6261804577357926,3.6628519989999404,0.027457799000103478,0.5065561330000037,3.690309798000044,3.690309798000044,True,3.045871999984229e-07,True,,
w32_n10000,8,100,validation,801042,802042,803042,804042,805042,10000,10000,50000,32,8129,8129,0.8129,0.18282546787700654,5.813187640493778,5.816924954446646,5.7840168970499475,65.74599938708967,64.22671710958349,64.8949433566667,0.9986615518824226,-0.0037373139528675665,0.18282978333975827,5.78027958309708,3.6565956667951653e-06,0.0019122227032422675,359.60223868401044,5.084417435949677,1.6261804577357926,3.6628519989999404,0.027457799000103478,0.5065561330000037,3.690309798000044,3.690309798000044,True,3.045871999984229e-07,True,,
w32_n10000,8,100,test,801042,802042,803042,804042,805042,10000,10000,50000,32,8129,8129,0.8129,0.17623294231879422,5.791377192658291,5.798017185250076,5.7840168970499475,64.81058069527978,63.39958158948903,64.01698495405206,0.9986862346782052,-0.006639992591785484,0.17619237666470858,5.777376904458161,3.5238475332941716e-06,0.0018771913949552858,367.8398686829302,5.084417435949677,1.6261804577357926,3.6628519989999404,0.027457799000103478,0.5065561330000037,3.690309798000044,3.690309798000044,True,3.045871999984229e-07,True,,
w32_n10000,8,200,training,801042,802042,803042,804042,805042,10000,10000,50000,32,8129,8129,0.8129,0.018931052868919676,5.789368662218903,5.812827498660715,5.81532261624516,63.08206971293454,63.40542540653948,63.234556272677445,0.9998579360356197,-0.02345883644181162,0.018382574119127925,5.791863779803348,3.676514823825585e-07,0.0006063427103400836,3431.623302815611,5.198136136040598,1.6483001259572598,6.872711195999955,0.027457799000103478,0.5065561330000037,6.900168995000058,6.900168995000058,True,3.032248999988951e-07,True,,
w32_n10000,8,200,validation,801042,802042,803042,804042,805042,10000,10000,50000,32,8129,8129,0.8129,0.09840619001122641,5.813187640493778,5.844205455159078,5.81532261624516,65.74599938708967,65.35973520145029,65.50414037898616,0.9992610144502019,-0.03101781466529975,0.0974538305676723,5.78430480157986,1.949076611353446e-06,0.001396093339054895,674.6374052627455,5.198136136040598,1.6483001259572598,6.872711195999955,0.027457799000103478,0.5065561330000037,6.900168995000058,6.900168995000058,True,3.032248999988951e-07,True,,
w32_n10000,8,200,test,801042,802042,803042,804042,805042,10000,10000,50000,32,8129,8129,0.8129,0.0933493851630222,5.791377192658291,5.829244705935388,5.81532261624516,64.81058069527978,64.62000599152388,64.66933470592845,0.9992909166620234,-0.037867513277096816,0.09191727494673001,5.777455102968062,1.8383454989346002e-06,0.0013558560022858624,705.0968464071665,5.198136136040598,1.6483001259572598,6.872711195999955,0.027457799000103478,0.5065561330000037,6.900168995000058,6.900168995000058,True,3.032248999988951e-07,True,,
w32_n20000,8,0,training,801042,802042,803042,804042,805042,20000,10000,50000,32,8129,8129,0.40645,92.6230309869103,5.826427413905204,0.56944138352374,0.5664794693117177,64.13675680505165,1.2235976901666092,0.18498805650736214,0.020881941166940733,5.256986030381464,64.99037838220355,5.823465499693182,0.001299807567644071,0.036052844099239534,0.986865416106184,1.011125893881207,0.011064456401782068,0.0,0.05471800999998777,0.5065561330000037,0.05471800999998777,0.0,True,3.1010934000278214e-07,True,,
w32_n20000,8,0,validation,801042,802042,803042,804042,805042,20000,10000,50000,32,8129,8129,0.40645,93.65354500062641,5.813187640493778,0.5898994617507245,0.5664794693117177,65.74599938708967,1.2311056999625738,0.2998308701440539,0.0333268301732603,5.223288178743054,66.37744334676414,5.789767648054771,0.0013275488669352827,0.036435544004931264,0.9904870701877485,1.011125893881207,0.011064456401782068,0.0,0.05471800999998777,0.5065561330000037,0.05471800999998777,0.0,True,3.1010934000278214e-07,True,,
w32_n20000,8,0,test,801042,802042,803042,804042,805042,20000,10000,50000,32,8129,8129,0.40645,93.13370402350482,5.791377192658291,0.562931571276451,0.5664794693117177,64.81058069527978,1.21484657037466,0.11352544518451926,0.012794094120527542,5.22844562138184,65.7983763752854,5.794925090693557,0.001315967527505708,0.03627626672503261,0.9849875371639619,1.011125893881207,0.011064456401782068,0.0,0.05471800999998777,0.5065561330000037,0.05471800999998777,0.0,True,3.1010934000278214e-07,True,,
w32_n20000,8,10,training,801042,802042,803042,804042,805042,20000,10000,50000,32,8129,8129,0.40645,0.14126000364043026,5.826427413905204,5.790936181096754,5.762508784141972,64.13675680505165,63.096664050320605,63.54670673948463,0.9989329798183971,0.03549123280845035,0.14000737640298683,5.798000016950423,2.8001475280597367e-06,0.0016733641349269252,458.09555505450777,1.4868208572302801,0.3966401876115183,0.7055254719998629,0.05471800999998777,0.5065561330000037,0.7602434819998507,0.7602434819998507,True,3.1787579999672743e-07,True,,
w32_n20000,8,10,validation,801042,802042,803042,804042,805042,20000,10000,50000,32,8129,8129,0.40645,0.210028319705017,5.813187640493778,5.790011735460934,5.762508784141972,65.74599938708967,64.21108856142914,64.87378790008651,0.9984574795050395,0.023175905032843832,0.20951214834576018,5.785684689174817,4.190242966915203e-06,0.0020470082967382433,313.80518937063414,1.4868208572302801,0.3966401876115183,0.7055254719998629,0.05471800999998777,0.5065561330000037,0.7602434819998507,0.7602434819998507,True,3.1787579999672743e-07,True,,
w32_n20000,8,10,test,801042,802042,803042,804042,805042,20000,10000,50000,32,8129,8129,0.40645,0.19535770025926488,5.791377192658291,5.77686743760777,5.762508784141972,64.81058069527978,63.47006807676485,64.04274885087774,0.998533238790402,0.01450975505052175,0.1951510702890445,5.777018539192495,3.90302140578089e-06,0.0019756065918549903,332.10466434689164,1.4868208572302801,0.3966401876115183,0.7055254719998629,0.05471800999998777,0.5065561330000037,0.7602434819998507,0.7602434819998507,True,3.1787579999672743e-07,True,,
w32_n20000,8,25,training,801042,802042,803042,804042,805042,20000,10000,50000,32,8129,8129,0.40645,0.13826113462053508,5.826427413905204,5.699033535954535,5.663043043120857,64.13675680505165,62.26816549180589,63.14144213023725,0.9991437215952086,0.12739387795066856,0.12203803638304438,5.790436921071526,2.4407607276608877e-06,0.0015622934191952828,525.547269572117,1.5423764008309584,0.43332434446596174,1.8370445649998146,0.05471800999998777,0.5065561330000037,1.8917625749998024,1.8917625749998024,True,3.071640999996816e-07,True,,
w32_n20000,8,25,validation,801042,802042,803042,804042,805042,20000,10000,50000,32,8129,8129,0.40645,0.2132507111908255,5.813187640493778,5.690886332808243,5.663043043120857,65.74599938708967,63.390705401390406,64.46919592792878,0.9986304301395282,0.12230130768553608,0.1983129326224955,5.785344350806394,3.96625865244991e-06,0.001991546798960524,331.5265349448612,1.5423764008309584,0.43332434446596174,1.8370445649998146,0.05471800999998777,0.5065561330000037,1.8917625749998024,1.8917625749998024,True,3.071640999996816e-07,True,,
w32_n20000,8,25,test,801042,802042,803042,804042,805042,20000,10000,50000,32,8129,8129,0.40645,0.19969315178352343,5.791377192658291,5.675879927898858,5.663043043120857,64.81058069527978,62.58210995909023,63.60316669680408,0.9986899556826573,0.11549726475943163,0.18635726076182837,5.778540307880289,3.7271452152365675e-06,0.001930581574354362,347.7759891422216,1.5423764008309584,0.43332434446596174,1.8370445649998146,0.05471800999998777,0.5065561330000037,1.8917625749998024,1.8917625749998024,True,3.071640999996816e-07,True,,
w32_n20000,8,50,training,801042,802042,803042,804042,805042,20000,10000,50000,32,8129,8129,0.40645,0.09853550381019137,5.826427413905204,5.9459575782939345,5.9046899666563,64.13675680505165,66.46277701935122,65.25764078408935,0.9995134201289858,-0.11953016438873074,0.08425225622420561,5.78515980226757,1.6850451244841121e-06,0.0012980928797601936,761.246756815341,1.3857212723388117,0.32622077833530133,3.540754227999969,0.05471800999998777,0.5065561330000037,3.5954722379999566,3.5954722379999566,True,3.0633153999588103e-07,True,,
w32_n20000,8,50,validation,801042,802042,803042,804042,805042,20000,10000,50000,32,8129,8129,0.40645,0.1365427437104042,5.813187640493778,5.934119032039589,5.9046899666563,65.74599938708967,67.87082348123343,66.74744616651019,0.9992138124586828,-0.12093139154581063,0.12193053530272839,5.78375857511049,2.438610706054568e-06,0.0015616051697066604,539.2086504324442,1.3857212723388117,0.32622077833530133,3.540754227999969,0.05471800999998777,0.5065561330000037,3.5954722379999566,3.5954722379999566,True,3.0633153999588103e-07,True,,
w32_n20000,8,50,test,801042,802042,803042,804042,805042,20000,10000,50000,32,8129,8129,0.40645,0.1330969590675424,5.791377192658291,5.918822035833703,5.9046899666563,64.81058069527978,66.99058069301371,65.8421521400679,0.9992500769926094,-0.12744484317541285,0.11685710815770003,5.777245123480887,2.3371421631540005e-06,0.001528771455500789,554.6139359175065,1.3857212723388117,0.32622077833530133,3.540754227999969,0.05471800999998777,0.5065561330000037,3.5954722379999566,3.5954722379999566,True,3.0633153999588103e-07,True,,
w32_n20000,8,100,training,801042,802042,803042,804042,805042,20000,10000,50000,32,8129,8129,0.40645,0.03448455568977016,5.826427413905204,5.81934199621784,5.776589443665439,64.13675680505165,64.0398623269916,64.07109152884675,0.9997316245274929,0.00708541768736272,0.03443607434968326,5.783674861352802,6.887214869936651e-07,0.0008298924550769606,1862.4874645632067,1.3370792629705128,0.2904875805589123,6.7794166219998715,0.05471800999998777,0.5065561330000037,6.834134631999859,6.834134631999859,True,3.091870599973845e-07,True,,
w32_n20000,8,100,validation,801042,802042,803042,804042,805042,20000,10000,50000,32,8129,8129,0.40645,0.04610858430554349,5.813187640493778,5.8055043897616505,5.776589443665439,65.74599938708967,65.54471549170344,65.62233036070681,0.9996503948090021,0.00768325073212783,0.04605415737946871,5.784272694397567,9.210831475893742e-07,0.0009597307682831547,1427.580117151372,1.3370792629705128,0.2904875805589123,6.7794166219998715,0.05471800999998777,0.5065561330000037,6.834134631999859,6.834134631999859,True,3.091870599973845e-07,True,,
w32_n20000,8,100,test,801042,802042,803042,804042,805042,20000,10000,50000,32,8129,8129,0.40645,0.04143571143821033,5.791377192658291,5.786741663855947,5.776589443665439,64.81058069527978,64.64433981187561,64.7067527277717,0.9996809055578096,0.004635528802343829,0.041415051611965195,5.781224972467782,8.283010322393039e-07,0.0009101104505714149,1564.904018532127,1.3370792629705128,0.2904875805589123,6.7794166219998715,0.05471800999998777,0.5065561330000037,6.834134631999859,6.834134631999859,True,3.091870599973845e-07,True,,
w32_n20000,8,200,training,801042,802042,803042,804042,805042,20000,10000,50000,32,8129,8129,0.40645,0.008184912024793465,5.826427413905204,5.835787065327478,5.7914448353468115,64.13675680505165,64.34836206027728,64.23851057574662,0.9999383315700483,-0.009359651422274693,0.008097713835738774,5.782085183924537,1.619542767147755e-07,0.00040243543173380683,7920.353584487996,2.2696978444608202,0.8196467144665935,13.058309439999903,0.05471800999998777,0.5065561330000037,13.11302744999989,13.11302744999989,True,3.0686920000334795e-07,True,,
w32_n20000,8,200,validation,801042,802042,803042,804042,805042,20000,10000,50000,32,8129,8129,0.40645,0.018577277179775174,5.813187640493778,5.824270297760132,5.7914448353468115,65.74599938708967,65.82914819184894,65.77834564071063,0.9998599277399635,-0.011082657266353796,0.01845629751744346,5.780362178080457,3.691259503488692e-07,0.0006075573638339586,3562.2529017508336,2.2696978444608202,0.8196467144665935,13.058309439999903,0.05471800999998777,0.5065561330000037,13.11302744999989,13.11302744999989,True,3.0686920000334795e-07,True,,
w32_n20000,8,200,test,801042,802042,803042,804042,805042,20000,10000,50000,32,8129,8129,0.40645,0.014320845138557666,5.791377192658291,5.801783369678785,5.7914448353468115,64.81058069527978,64.91924009156655,64.85780397298542,0.999890793495589,-0.010406177020494857,0.0142128408751933,5.781038658326317,2.84256817503866e-07,0.0005331574040598761,4560.001850748809,2.2696978444608202,0.8196467144665935,13.058309439999903,0.05471800999998777,0.5065561330000037,13.11302744999989,13.11302744999989,True,3.0686920000334795e-07,True,,
w32_n5000,9,0,training,901042,902042,903042,904042,905042,5000,10000,50000,32,8129,8129,1.6258,102.94560979423247,5.579573506037077,-0.8458394398999277,-0.8233772587397011,60.57030963981529,1.4746278440722265,0.18646240646786155,0.01972968597717629,6.425412945937005,61.6720126709518,5.602035687197304,0.0012334402534190361,0.03512036807066572,0.9821360940980701,1.058583615131414,0.056931802456308384,0.0,0.015551177000133976,0.5124568339999769,0.015551177000133976,0.0,True,3.098293199991531e-07,True,,
w32_n5000,9,0,validation,901042,902042,903042,904042,905042,5000,10000,50000,32,8129,8129,1.6258,108.97653577788651,5.806564734163928,-0.8379210511500597,-0.8233772587397011,63.397200191845414,1.4217398836250432,-0.007443866978684593,-0.0007840675696402636,6.644485785313987,64.83382780942785,5.821108526574285,0.0012966765561885569,0.03600939538771176,0.9778413882671675,1.058583615131414,0.056931802456308384,0.0,0.015551177000133976,0.5124568339999769,0.015551177000133976,0.0,True,3.098293199991531e-07,True,,
w32_n5000,9,0,test,901042,902042,903042,904042,905042,5000,10000,50000,32,8129,8129,1.6258,107.90443758292136,5.758551819541906,-0.8212110529773217,-0.8233772587397011,63.40752641511598,1.450850815250781,0.12296342851021172,0.012820181660099352,6.579762872519228,64.61245037334635,5.756385613779527,0.001292249007466927,0.03594786513086593,0.9813515204690733,1.058583615131414,0.056931802456308384,0.0,0.015551177000133976,0.5124568339999769,0.015551177000133976,0.0,True,3.098293199991531e-07,True,,
w32_n5000,9,10,training,901042,902042,903042,904042,905042,5000,10000,50000,32,8129,8129,1.6258,0.1023074790349587,5.579573506037077,5.561058830102393,5.84012898957962,60.57030963981529,60.04378713686521,60.256055846926955,0.9991639715931496,0.018514675934683054,0.10198508282655765,5.858643665514303,2.039701656531153e-06,0.00142818124078534,593.913423032906,3.083223199692455,1.1259755431996215,0.22357705399986116,0.015551177000133976,0.5124568339999769,0.23912823099999514,0.23912823099999514,True,3.081419599993751e-07,True,,
w32_n5000,9,10,validation,901042,902042,903042,904042,905042,5000,10000,50000,32,8129,8129,1.6258,0.3154367928626341,5.806564734163928,5.875675022921485,5.84012898957962,63.397200191845414,61.86310758498561,62.474808073408816,0.9975944520282569,-0.0691102887575586,0.31069163001348227,5.7710187008220615,6.2138326002696455e-06,0.0024927560250192246,204.0518445543394,3.083223199692455,1.1259755431996215,0.22357705399986116,0.015551177000133976,0.5124568339999769,0.23912823099999514,0.23912823099999514,True,3.081419599993751e-07,True,,
w32_n5000,9,10,test,901042,902042,903042,904042,905042,5000,10000,50000,32,8129,8129,1.6258,0.3139999844371266,5.758551819541906,5.815899561372856,5.84012898957962,63.40752641511598,61.69606121662416,62.39643509822372,0.9976096758990108,-0.057347741830948235,0.3107174352927234,5.782781247748672,6.214348705854468e-06,0.0024928595439483686,204.0681314049225,3.083223199692455,1.1259755431996215,0.22357705399986116,0.015551177000133976,0.5124568339999769,0.23912823099999514,0.23912823099999514,True,3.081419599993751e-07,True,,
w32_n5000,9,25,training,901042,902042,903042,904042,905042,5000,10000,50000,32,8129,8129,1.6258,0.05694202341942311,5.579573506037077,5.590365766580697,5.848333525770582,60.57030963981529,60.787204766376426,60.65033874413819,0.9995332535725449,-0.0107922605436199,0.056836917915364785,5.837541265226962,1.1367383583072958e-06,0.0010661793274619874,1065.6860340317864,5.0835242356694845,1.6260047682380876,0.6247428009999112,0.015551177000133976,0.5124568339999769,0.6402939780000452,0.6402939780000452,True,3.126756199981173e-07,True,,
w32_n5000,9,25,validation,901042,902042,903042,904042,905042,5000,10000,50000,32,8129,8129,1.6258,0.28946615608069676,5.806564734163928,5.882175484042491,5.848333525770582,63.397200191845414,62.49332666173732,62.803374652622225,0.9977715566691143,-0.07561074987856327,0.28377754833833196,5.772722775892018,5.675550966766639e-06,0.002382341488277161,223.4045665806532,5.0835242356694845,1.6260047682380876,0.6247428009999112,0.015551177000133976,0.5124568339999769,0.6402939780000452,0.6402939780000452,True,3.126756199981173e-07,True,,
w32_n5000,9,25,test,901042,902042,903042,904042,905042,5000,10000,50000,32,8129,8129,1.6258,0.28398768020833415,5.758551819541906,5.82322564955762,5.848333525770582,63.40752641511598,62.44607476394353,62.78689530346432,0.9978058148855474,-0.06467383001571445,0.2798105721308752,5.783659695754868,5.596211442617504e-06,0.0023656312989596465,226.60875867641812,5.0835242356694845,1.6260047682380876,0.6247428009999112,0.015551177000133976,0.5124568339999769,0.6402939780000452,0.6402939780000452,True,3.126756199981173e-07,True,,
w32_n5000,9,50,training,901042,902042,903042,904042,905042,5000,10000,50000,32,8129,8129,1.6258,0.03957257003506552,5.579573506037077,5.596028158884954,5.849065120278164,60.57030963981529,61.01624292705583,60.77362144525056,0.9996834174935775,-0.016454652847876942,0.039309676369995356,5.832610467430287,7.861935273999071e-07,0.0008866755479880491,1540.84986784699,8.39374339086014,2.127486593900882,1.1770867759998964,0.015551177000133976,0.5124568339999769,1.1926379530000304,1.1926379530000304,True,3.079479999996693e-07,True,,
w32_n5000,9,50,validation,901042,902042,903042,904042,905042,5000,10000,50000,32,8129,8129,1.6258,0.33216199819118125,5.806564734163928,5.885195377520601,5.849065120278164,63.397200191845414,62.96682394474956,63.019006157648185,0.9974258432282844,-0.07863064335667323,0.3260118212986267,5.770434476921491,6.520236425972535e-06,0.0025534753623194673,194.4628876931846,8.39374339086014,2.127486593900882,1.1770867759998964,0.015551177000133976,0.5124568339999769,1.1926379530000304,1.1926379530000304,True,3.079479999996693e-07,True,,
w32_n5000,9,50,test,901042,902042,903042,904042,905042,5000,10000,50000,32,8129,8129,1.6258,0.3263238067667708,5.758551819541906,5.8241074180934564,5.849065120278164,63.40752641511598,62.86395333892937,62.97472352156295,0.9974589218934219,-0.06555559855155058,0.3220327109195371,5.7835095217266135,6.440654218390742e-06,0.0025378444038968865,196.89778170068863,8.39374339086014,2.127486593900882,1.1770867759998964,0.015551177000133976,0.5124568339999769,1.1926379530000304,1.1926379530000304,True,3.079479999996693e-07,True,,
w32_n5000,9,100,training,901042,902042,903042,904042,905042,5000,10000,50000,32,8129,8129,1.6258,0.037192382094984364,5.579573506037077,5.599717606781389,5.836523455612022,60.57030963981529,60.515281734688706,60.5243987092063,0.9996962358970298,-0.020144100744312082,0.03679395609140563,5.81637935486771,7.358791218281125e-07,0.0008578339710154364,1646.2026939789541,10.17675769306391,2.320106462656811,2.1133495980000134,0.015551177000133976,0.5124568339999769,2.1289007750001474,2.1289007750001474,True,3.0971107999903326e-07,True,,
w32_n5000,9,100,validation,901042,902042,903042,904042,905042,5000,10000,50000,32,8129,8129,1.6258,0.37849786060850454,5.806564734163928,5.871656461608243,5.836523455612022,63.397200191845414,62.50366412769674,62.76328298103979,0.9970521497898911,-0.06509172744431567,0.3742983574625658,5.771431728167705,7.485967149251316e-06,0.002736049551680546,169.37611113665085,10.17675769306391,2.320106462656811,2.1133495980000134,0.015551177000133976,0.5124568339999769,2.1289007750001474,2.1289007750001474,True,3.0971107999903326e-07,True,,
w32_n5000,9,100,test,901042,902042,903042,904042,905042,5000,10000,50000,32,8129,8129,1.6258,0.37167672063220264,5.758551819541906,5.810481372621879,5.836523455612022,63.40752641511598,62.44305006612101,62.740794529669735,0.9970973324494176,-0.05192955307997374,0.3689874218975549,5.784593902532047,7.379748437951098e-06,0.0027165692404117177,171.84197252317276,10.17675769306391,2.320106462656811,2.1133495980000134,0.015551177000133976,0.5124568339999769,2.1289007750001474,2.1289007750001474,True,3.0971107999903326e-07,True,,
w32_n5000,9,200,training,901042,902042,903042,904042,905042,5000,10000,50000,32,8129,8129,1.6258,0.024653356891179676,5.579573506037077,5.540038404895819,5.77344721805007,60.57030963981529,60.14364055510646,60.34542762163123,0.9998149257154081,0.03953510114125796,0.023094951659262022,5.812982319191328,4.6189903318524045e-07,0.0006796315422236084,2622.6644910739233,14.154761607071855,2.6500510768163794,3.818656942999951,0.015551177000133976,0.5124568339999769,3.834208120000085,3.834208120000085,True,3.115327200021056e-07,True,,
w32_n5000,9,200,validation,901042,902042,903042,904042,905042,5000,10000,50000,32,8129,8129,1.6258,0.3489623896087104,5.806564734163928,5.813848705412683,5.77344721805007,63.397200191845414,62.19278590931092,62.620520936681,0.9972674200353236,-0.007283971248755552,0.3489442277943372,5.766163246801315,6.978884555886744e-06,0.0026417578533784554,181.68290271650756,14.154761607071855,2.6500510768163794,3.818656942999951,0.015551177000133976,0.5124568339999769,3.834208120000085,3.834208120000085,True,3.115327200021056e-07,True,,
w32_n5000,9,200,test,901042,902042,903042,904042,905042,5000,10000,50000,32,8129,8129,1.6258,0.34633189051891605,5.758551819541906,5.747972381311243,5.77344721805007,63.40752641511598,62.09991366924229,62.580606596907444,0.9972955119128178,0.01057943823066209,0.34622689054345046,5.784026656280733,6.924537810869009e-06,0.0026314516546706705,183.13865314039933,14.154761607071855,2.6500510768163794,3.818656942999951,0.015551177000133976,0.5124568339999769,3.834208120000085,3.834208120000085,True,3.115327200021056e-07,True,,
w16_n5000,9,0,training,901042,902042,903042,904042,1070042,5000,10000,50000,16,4065,4065,0.813,86.42751079967177,5.579573506037077,0.5724991914885947,0.5819052649849965,60.57030963981529,1.1524806766831672,0.17689945497826973,0.021172871986992695,5.007074314548483,61.36899140654193,5.588979579533479,0.0012273798281308387,0.035033981048845114,0.9869855810170363,1.0620314174468815,0.06018350566548626,0.0,0.015551177000133976,0.5124568339999769,0.015551177000133976,0.0,True,2.0137324000188527e-07,True,,
w16_n5000,9,0,validation,901042,902042,903042,904042,1070042,5000,10000,50000,16,4065,4065,0.813,91.78873180098105,5.806564734163928,0.5836684330130012,0.5819052649849965,63.397200191845414,1.1825656073320334,0.03161405850210744,0.0036511745135673537,5.222896301150926,64.51653768217324,5.8048015661359225,0.0012903307536434648,0.035921174168496564,0.9826503787936979,1.0620314174468815,0.06018350566548626,0.0,0.015551177000133976,0.5124568339999769,0.015551177000133976,0.0,True,2.0137324000188527e-07,True,,
w16_n5000,9,0,test,901042,902042,903042,904042,1070042,5000,10000,50000,16,4065,4065,0.813,91.26387022550922,5.758551819541906,0.5881328028614521,0.5819052649849965,63.40752641511598,1.1726319710164785,0.024115165056503164,0.002796655472577762,5.170419016680454,64.53192805601945,5.75232428166545,0.001290638561120389,0.0359254583981943,0.9825760414297959,1.0620314174468815,0.06018350566548626,0.0,0.015551177000133976,0.5124568339999769,0.015551177000133976,0.0,True,2.0137324000188527e-07,True,,
w16_n5000,9,10,training,901042,902042,903042,904042,1070042,5000,10000,50000,16,4065,4065,0.813,0.11062928202002527,5.579573506037077,5.588962212669379,5.844025580634098,60.57030963981529,60.31876700969557,60.38925670132684,0.9990875785723803,-0.00938870663230291,0.11056324685716924,5.834636874001795,2.211264937143385e-06,0.0014870322582726256,547.834034921775,2.287970017266562,0.8276649690901513,0.23287559000004876,0.015551177000133976,0.5124568339999769,0.24842676700018274,0.24842676700018274,True,2.0130351999796404e-07,True,,
w16_n5000,9,10,validation,901042,902042,903042,904042,1070042,5000,10000,50000,16,4065,4065,0.813,0.25311648029354455,5.806564734163928,5.87744239439703,5.844025580634098,63.397200191845414,62.37320242460891,62.761142483558,0.9980602982307782,-0.07087766023310248,0.2481176493383593,5.773147920400995,4.962352986767186e-06,0.0022276339436198187,255.51265845417683,2.287970017266562,0.8276649690901513,0.23287559000004876,0.015551177000133976,0.5124568339999769,0.24842676700018274,0.24842676700018274,True,2.0130351999796404e-07,True,,
w16_n5000,9,10,test,901042,902042,903042,904042,1070042,5000,10000,50000,16,4065,4065,0.813,0.25360071105542925,5.758551819541906,5.822088411804759,5.844025580634098,63.40752641511598,62.223989206731865,62.69097340898636,0.9980577753078125,-0.06353659226285359,0.24956880387513064,5.7804889883712445,4.991376077502613e-06,0.002234138777583571,254.06831875846683,2.287970017266562,0.8276649690901513,0.23287559000004876,0.015551177000133976,0.5124568339999769,0.24842676700018274,0.24842676700018274,True,2.0130351999796404e-07,True,,
w16_n5000,9,25,training,901042,902042,903042,904042,1070042,5000,10000,50000,16,4065,4065,0.813,0.08180962317844687,5.579573506037077,5.6169718687582355,5.856206006702712,60.57030963981529,61.15675423570102,60.823318402228956,0.9993508812257608,-0.03739836272115867,0.08042707105843515,5.818807643981553,1.608541421168703e-06,0.0012682828632322929,753.1084850249897,2.791684367136673,1.0266451294897878,0.5709967679999863,0.015551177000133976,0.5124568339999769,0.5865479450001203,0.5865479450001203,True,1.988353200022175e-07,True,,
w16_n5000,9,25,validation,901042,902042,903042,904042,1070042,5000,10000,50000,16,4065,4065,0.813,0.22838664610861215,5.806564734163928,5.888731745201202,5.856206006702712,63.397200191845414,63.13628671662127,63.15591475716075,0.998250353588863,-0.08216701103727411,0.22165739414522706,5.774038995665438,4.433147882904541e-06,0.0021055041873395885,286.0143711258664,2.791684367136673,1.0266451294897878,0.5709967679999863,0.015551177000133976,0.5124568339999769,0.5865479450001203,0.5865479450001203,True,1.988353200022175e-07,True,,
w16_n5000,9,25,test,901042,902042,903042,904042,1070042,5000,10000,50000,16,4065,4065,0.813,0.22955397817713333,5.758551819541906,5.832745016539999,5.856206006702712,63.40752641511598,63.0200704782056,63.10177153227435,0.9982324969038091,-0.07419319699809247,0.224053828772911,5.78201280970462,4.48107657545822e-06,0.0021168553506222903,283.0013071518741,2.791684367136673,1.0266451294897878,0.5709967679999863,0.015551177000133976,0.5124568339999769,0.5865479450001203,0.5865479450001203,True,1.988353200022175e-07,True,,
w16_n5000,9,50,training,901042,902042,903042,904042,1070042,5000,10000,50000,16,4065,4065,0.813,0.07512250083480225,5.579573506037077,5.540354471174551,5.773932238311515,60.57030963981529,59.876271397783,60.186490974820735,0.9994055400899953,0.039219034862525905,0.07359908795684557,5.813151273174041,1.4719817591369113e-06,0.001213252553731873,822.9763618175591,3.5252610192096125,1.259954481525541,1.032289118000108,0.015551177000133976,0.5124568339999769,1.047840295000242,1.047840295000242,True,2.0377933999952802e-07,True,,
w16_n5000,9,50,validation,901042,902042,903042,904042,1070042,5000,10000,50000,16,4065,4065,0.813,0.26482642385846994,5.806564734163928,5.805259255834211,5.773932238311515,63.397200191845414,61.97844482227655,62.555396904708346,0.9979514358710365,0.0013054783297161748,0.26485120470527107,5.775237716641231,5.2970240941054215e-06,0.002301526470433356,239.36912147480854,3.5252610192096125,1.259954481525541,1.032289118000108,0.015551177000133976,0.5124568339999769,1.047840295000242,1.047840295000242,True,2.0377933999952802e-07,True,,
w16_n5000,9,50,test,901042,902042,903042,904042,1070042,5000,10000,50000,16,4065,4065,0.813,0.26750265352901803,5.758551819541906,5.749840498462076,5.773932238311515,63.40752641511598,61.86691818101912,62.50350624053941,0.9979406959639008,0.008711321079830147,0.2674321150563633,5.782643559391345,5.348642301127266e-06,0.002312713190416673,237.0976514984088,3.5252610192096125,1.259954481525541,1.032289118000108,0.015551177000133976,0.5124568339999769,1.047840295000242,1.047840295000242,True,2.0377933999952802e-07,True,,
w16_n5000,9,100,training,901042,902042,903042,904042,1070042,5000,10000,50000,16,4065,4065,0.813,0.04821099443659698,5.579573506037077,5.552445246155536,5.7882505861567894,60.57030963981529,60.410549542903304,60.46668731692821,0.9996083751956651,0.0271282598815418,0.047484548862168935,5.815378846038331,9.496909772433787e-07,0.00097452089625794,1275.579342990701,5.783988481407016,1.755093493396496,1.8314233260000492,0.015551177000133976,0.5124568339999769,1.8469745030001832,1.8469745030001832,True,1.9643104000351742e-07,True,,
w16_n5000,9,100,validation,901042,902042,903042,904042,1070042,5000,10000,50000,16,4065,4065,0.813,0.2788518364984547,5.806564734163928,5.8235177797384265,5.7882505861567894,63.397200191845414,62.68130534282136,62.8999566223468,0.9978064123973994,-0.016953045574499243,0.278592289973201,5.77129754058229,5.57184579946402e-06,0.002360475757016797,227.56265149313307,5.783988481407016,1.755093493396496,1.8314233260000492,0.015551177000133976,0.5124568339999769,1.8469745030001832,1.8469745030001832,True,1.9643104000351742e-07,True,,
w16_n5000,9,100,test,901042,902042,903042,904042,1070042,5000,10000,50000,16,4065,4065,0.813,0.2762671504625085,5.758551819541906,5.762661725130211,5.7882505861567894,63.40752641511598,62.59543187079738,62.86335125082953,0.9978282696538411,-0.004109905588304662,0.27625578425424885,5.784140680568485,5.525115685084977e-06,0.0023505564628583113,229.5247014873708,5.783988481407016,1.755093493396496,1.8314233260000492,0.015551177000133976,0.5124568339999769,1.8469745030001832,1.8469745030001832,True,1.9643104000351742e-07,True,,
w16_n5000,9,200,training,901042,902042,903042,904042,1070042,5000,10000,50000,16,4065,4065,0.813,0.0523303962148211,5.579573506037077,5.649677919885642,5.887723988079905,60.57030963981529,61.80610534883887,61.16449486811495,0.999663436245652,-0.07010441384856538,0.047425252424255014,5.81761957423134,9.485050484851003e-07,0.0009739122385949877,1277.1742171863996,5.323912613161184,1.6722084866418063,3.3251742299999023,0.015551177000133976,0.5124568339999769,3.3407254070000363,3.3407254070000363,True,2.00905579999926e-07,True,,
w16_n5000,9,200,validation,901042,902042,903042,904042,1070042,5000,10000,50000,16,4065,4065,0.813,0.27860245645980836,5.806564734163928,5.924797008519676,5.887723988079905,63.397200191845414,64.05118614681687,63.591868143948375,0.9979366111674058,-0.11823227435574958,0.26465005076555165,5.769491713724156,5.293001015311033e-06,0.0023006523021332523,239.55106000719329,5.323912613161184,1.6722084866418063,3.3251742299999023,0.015551177000133976,0.5124568339999769,3.3407254070000363,3.3407254070000363,True,2.00905579999926e-07,True,,
w16_n5000,9,200,test,901042,902042,903042,904042,1070042,5000,10000,50000,16,4065,4065,0.813,0.2731113006320638,5.758551819541906,5.8621802856406084,5.887723988079905,63.40752641511598,63.912744042075026,63.52894638399554,0.9979470875382145,-0.1036284660987019,0.2623776891998779,5.784095521981204,5.2475537839975584e-06,0.002290753977186891,241.6650844379244,5.323912613161184,1.6722084866418063,3.3251742299999023,0.015551177000133976,0.5124568339999769,3.3407254070000363,3.3407254070000363,True,2.00905579999926e-07,True,,
w8_n5000,9,0,training,901042,902042,903042,904042,990042,5000,10000,50000,8,2033,2033,0.4066,89.93995327357554,5.579573506037077,0.17188873744649188,0.17209618930334164,60.57030963981529,0.8121000070865958,0.3366845608339588,0.04800522920241843,5.407684768590585,60.70904052523397,5.579780957893927,0.0012141808105046795,0.034845097366841715,0.9977148232912524,1.0631524960147065,0.061238547221856385,0.0,0.015551177000133976,0.5124568339999769,0.015551177000133976,0.0,True,1.5777642000102789e-07,True,,
w8_n5000,9,0,validation,901042,902042,903042,904042,990042,5000,10000,50000,8,2033,2033,0.4066,95.61988581424791,5.806564734163928,0.16455165472645714,0.17209618930334164,63.397200191845414,0.8002540979809408,0.2017503343799133,0.028324696854402056,5.642013079437471,63.793953621066535,5.814109268740812,0.0012758790724213306,0.035719449497736255,0.9937807048050694,1.0631524960147065,0.061238547221856385,0.0,0.015551177000133976,0.5124568339999769,0.015551177000133976,0.0,True,1.5777642000102789e-07,True,,
w8_n5000,9,0,test,901042,902042,903042,904042,990042,5000,10000,50000,8,2033,2033,0.4066,95.03011195888455,5.758551819541906,0.16752608735367738,0.17209618930334164,63.40752641511598,0.801897157483645,0.21880245766643502,0.030684740384185602,5.591025732188228,63.77181865726676,5.76312192149157,0.0012754363731453352,0.03571325206621955,0.9942875669877219,1.0631524960147065,0.061238547221856385,0.0,0.015551177000133976,0.5124568339999769,0.015551177000133976,0.0,True,1.5777642000102789e-07,True,,
w8_n5000,9,10,training,901042,902042,903042,904042,990042,5000,10000,50000,8,2033,2033,0.4066,0.14473700207619136,5.579573506037077,5.621585957945352,5.864944256252709,60.57030963981529,59.65419433594363,60.04075170984344,0.998839553214863,-0.04201245190827488,0.14300055607206066,5.822931804344434,2.8600111214412133e-06,0.001691156740648605,423.56695179068237,1.8167766694543757,0.5970638701670794,0.22542096400002265,0.015551177000133976,0.5124568339999769,0.24097214100015663,0.24097214100015663,True,1.5831059999982244e-07,True,,
w8_n5000,9,10,validation,901042,902042,903042,904042,990042,5000,10000,50000,8,2033,2033,0.4066,0.262954808578794,5.806564734163928,5.889655725962206,5.864944256252709,63.397200191845414,61.92474655218161,62.532935220367946,0.9980255422808815,-0.08309099179827854,0.25607630329110154,5.781853264454431,5.121526065822031e-06,0.0022630788907640914,247.57152214813473,1.8167766694543757,0.5970638701670794,0.22542096400002265,0.015551177000133976,0.5124568339999769,0.24097214100015663,0.24097214100015663,True,1.5831059999982244e-07,True,,
w8_n5000,9,10,test,901042,902042,903042,904042,990042,5000,10000,50000,8,2033,2033,0.4066,0.27147033389679326,5.758551819541906,5.84425603600756,5.864944256252709,63.40752641511598,61.69454225782993,62.418969134580536,0.9979822409110191,-0.08570421646565461,0.2641304037848772,5.779240039787055,5.282608075697543e-06,0.002298392498181619,240.06144505332554,1.8167766694543757,0.5970638701670794,0.22542096400002265,0.015551177000133976,0.5124568339999769,0.24097214100015663,0.24097214100015663,True,1.5831059999982244e-07,True,,
w8_n5000,9,25,training,901042,902042,903042,904042,990042,5000,10000,50000,8,2033,2033,0.4066,0.09309282411292857,5.579573506037077,5.577252372963773,5.808242120540259,60.57030963981529,60.03890791398823,60.25805574806891,0.9992377342818982,0.0023211330733037064,0.09310605766571757,5.810563253613563,1.8621211533143514e-06,0.0013645956006503727,650.5517595566479,2.1280747148644625,0.7552176812316818,0.538447817000133,0.015551177000133976,0.5124568339999769,0.553998994000267,0.553998994000267,True,1.6633253999771114e-07,True,,
w8_n5000,9,25,validation,901042,902042,903042,904042,990042,5000,10000,50000,8,2033,2033,0.4066,0.19810848513004806,5.806564734163928,5.835181279121441,5.808242120540259,63.397200191845414,62.456457658948636,62.82817427068919,0.998460126600183,-0.028616544957513163,0.19730930941568425,5.779625575582745,3.946186188313685e-06,0.001986500991269243,321.3087125974499,2.1280747148644625,0.7552176812316818,0.538447817000133,0.015551177000133976,0.5124568339999769,0.553998994000267,0.553998994000267,True,1.6633253999771114e-07,True,,
w8_n5000,9,25,test,901042,902042,903042,904042,990042,5000,10000,50000,8,2033,2033,0.4066,0.20320485302463145,5.758551819541906,5.787857835356474,5.808242120540259,63.40752641511598,62.2270846298683,62.71613049376071,0.9984334491558301,-0.029306015814567474,0.20235005746285703,5.77893610472569,4.047001149257141e-06,0.0020117159713183026,313.35561358441885,2.1280747148644625,0.7552176812316818,0.538447817000133,0.015551177000133976,0.5124568339999769,0.553998994000267,0.553998994000267,True,1.6633253999771114e-07,True,,
w8_n5000,9,50,training,901042,902042,903042,904042,990042,5000,10000,50000,8,2033,2033,0.4066,0.08826430103021547,5.579573506037077,5.584693812453776,5.810460601406956,60.57030963981529,60.45252270017252,60.46728830267425,0.9992712246448947,-0.005120306416698733,0.08825573463934251,5.805340294990258,1.7651146927868502e-06,0.0013285761900571793,686.3045204635841,2.410527460798377,0.8798455869572794,0.9620496420000109,0.015551177000133976,0.5124568339999769,0.9776008190001448,0.9776008190001448,True,1.6300134000175604e-07,True,,
w8_n5000,9,50,validation,901042,902042,903042,904042,990042,5000,10000,50000,8,2033,2033,0.4066,0.21276352144150887,5.806564734163928,5.837903969690767,5.810460601406956,63.397200191845414,63.05746330443586,63.12143047113389,0.9983286741947897,-0.031339235526839725,0.21180255401350356,5.779121365880116,4.236051080270071e-06,0.0020581669223534984,299.32217053342754,2.410527460798377,0.8798455869572794,0.9620496420000109,0.015551177000133976,0.5124568339999769,0.9776008190001448,0.9776008190001448,True,1.6300134000175604e-07,True,,
w8_n5000,9,50,test,901042,902042,903042,904042,990042,5000,10000,50000,8,2033,2033,0.4066,0.21645398449322464,5.758551819541906,5.79002563806688,5.810460601406956,63.40752641511598,62.80602069660345,62.99903970956249,0.9983041694117359,-0.031473818524974224,0.2154676925945335,5.778986782881982,4.30935385189067e-06,0.0020758983240733806,294.2785790834828,2.410527460798377,0.8798455869572794,0.9620496420000109,0.015551177000133976,0.5124568339999769,0.9776008190001448,0.9776008190001448,True,1.6300134000175604e-07,True,,
w8_n5000,9,100,training,901042,902042,903042,904042,990042,5000,10000,50000,8,2033,2033,0.4066,0.08834375887595401,5.579573506037077,5.583352611327105,5.808906357490961,60.57030963981529,60.23928932881634,60.36062591098157,0.9992724586793663,-0.0037791052900281543,0.08834714666849451,5.805127252200933,1.7669429333698901e-06,0.0013292640570518298,685.5944071073807,2.7222461686668877,1.0014573368289141,1.7228076740000233,0.015551177000133976,0.5124568339999769,1.7383588510001573,1.7383588510001573,True,1.517870599991511e-07,True,,
w8_n5000,9,100,validation,901042,902042,903042,904042,990042,5000,10000,50000,8,2033,2033,0.4066,0.24049345912569717,5.806564734163928,5.832773734579298,5.808906357490961,63.397200191845414,62.92962545292877,63.04349755714912,0.9981083444180289,-0.026209000415370384,0.23983053047597191,5.782697357075591,4.7966106095194385e-06,0.0021901165744132064,264.3416585287378,2.7222461686668877,1.0014573368289141,1.7228076740000233,0.015551177000133976,0.5124568339999769,1.7383588510001573,1.7383588510001573,True,1.517870599991511e-07,True,,
w8_n5000,9,100,test,901042,902042,903042,904042,990042,5000,10000,50000,8,2033,2033,0.4066,0.2442328944931042,5.758551819541906,5.787317026579646,5.808906357490961,63.40752641511598,62.68113340908482,62.92262474931855,0.9980860931589838,-0.02876520703773913,0.24341032556369147,5.780141150453222,4.8682065112738295e-06,0.002206401257993167,260.49645292686887,2.7222461686668877,1.0014573368289141,1.7228076740000233,0.015551177000133976,0.5124568339999769,1.7383588510001573,1.7383588510001573,True,1.517870599991511e-07,True,,
w8_n5000,9,200,training,901042,902042,903042,904042,990042,5000,10000,50000,8,2033,2033,0.4066,0.08821489352960157,5.579573506037077,5.644017483584125,5.862204503574613,60.57030963981529,61.11958418556562,60.80290757117838,0.9993192542022387,-0.06444397754704669,0.08407868302412216,5.797760526027567,1.6815736604824434e-06,0.001296755050301499,720.4003138635946,2.999206059264994,1.0983476067312674,3.124051596000072,0.015551177000133976,0.5124568339999769,3.139602773000206,3.139602773000206,True,1.693621999993411e-07,True,,
w8_n5000,9,200,validation,901042,902042,903042,904042,990042,5000,10000,50000,8,2033,2033,0.4066,0.26457464319139734,5.806564734163928,5.886441129010829,5.862204503574613,63.397200191845414,63.85186576655752,63.495422865821304,0.997977119934218,-0.07987639484690157,0.2582202267603353,5.782328108727712,5.164404535206706e-06,0.0022725326257738757,245.5160116123937,2.999206059264994,1.0983476067312674,3.124051596000072,0.015551177000133976,0.5124568339999769,3.139602773000206,3.139602773000206,True,1.693621999993411e-07,True,,
w8_n5000,9,200,test,901042,902042,903042,904042,990042,5000,10000,50000,8,2033,2033,0.4066,0.2669621806320416,5.758551819541906,5.839497836854901,5.862204503574613,63.40752641511598,63.717443046651624,63.43227716527584,0.9979544684789714,-0.08094601731299407,0.26041513121583043,5.78125848626162,5.208302624316609e-06,0.002282170594919803,243.4863370614368,2.999206059264994,1.0983476067312674,3.124051596000072,0.015551177000133976,0.5124568339999769,3.139602773000206,3.139602773000206,True,1.693621999993411e-07,True,,
w32_n10000,9,0,training,901042,902042,903042,904042,905042,10000,10000,50000,32,8129,8129,0.8129,106.6554486615146,5.70685989069966,-0.8363956014650976,-0.8233772587397011,62.436845635943634,1.490456611122521,0.03983062859841446,0.004128925193356371,6.543255492164758,63.84764098986934,5.7198782334250575,0.001276952819797387,0.035734476626884955,0.977903719980045,1.0217624804499037,0.021529058166121773,0.0,0.027311665000070207,0.5124568339999769,0.027311665000070207,0.0,True,3.068155200026013e-07,True,,
w32_n10000,9,0,validation,901042,902042,903042,904042,905042,10000,10000,50000,32,8129,8129,0.8129,108.97653577788651,5.806564734163928,-0.8379210511500597,-0.8233772587397011,63.397200191845414,1.4217398836250432,-0.007443866978684593,-0.0007840675696402636,6.644485785313987,64.83382780942785,5.821108526574285,0.0012966765561885569,0.03600939538771176,0.9778413882671675,1.0217624804499037,0.021529058166121773,0.0,0.027311665000070207,0.5124568339999769,0.027311665000070207,0.0,True,3.068155200026013e-07,True,,
w32_n10000,9,0,test,901042,902042,903042,904042,905042,10000,10000,50000,32,8129,8129,0.8129,107.90443758292136,5.758551819541906,-0.8212110529773217,-0.8233772587397011,63.40752641511598,1.450850815250781,0.12296342851021172,0.012820181660099352,6.579762872519228,64.61245037334635,5.756385613779527,0.001292249007466927,0.03594786513086593,0.9813515204690733,1.0217624804499037,0.021529058166121773,0.0,0.027311665000070207,0.5124568339999769,0.027311665000070207,0.0,True,3.068155200026013e-07,True,,
w32_n10000,9,10,training,901042,902042,903042,904042,905042,10000,10000,50000,32,8129,8129,0.8129,0.12352854176269908,5.70685989069966,5.736592012835703,5.835445881487971,62.436845635943634,62.96168459155037,62.63793670956859,0.9990306142661509,-0.029732122136042587,0.12265680835682226,5.805713759351928,2.453136167136445e-06,0.001566249075701705,509.03693380238565,1.797637626406483,0.5864733731377032,0.38861823399997775,0.027311665000070207,0.5124568339999769,0.41592989900004795,0.41592989900004795,True,3.0514162000145006e-07,True,,
w32_n10000,9,10,validation,901042,902042,903042,904042,905042,10000,10000,50000,32,8129,8129,0.8129,0.22205955460775248,5.806564734163928,5.868144290737131,5.835445881487971,63.397200191845414,63.491055374634655,63.334983112362956,0.9982799456920443,-0.06157955657320365,0.2182893417541755,5.773866324914766,4.36578683508351e-06,0.002089446537981652,290.42737351436784,1.797637626406483,0.5864733731377032,0.38861823399997775,0.027311665000070207,0.5124568339999769,0.41592989900004795,0.41592989900004795,True,3.0514162000145006e-07,True,,
w32_n10000,9,10,test,901042,902042,903042,904042,905042,10000,10000,50000,32,8129,8129,0.8129,0.22377742247459814,5.758551819541906,5.809049181705464,5.835445881487971,63.40752641511598,63.3506569604571,63.26847575602335,0.9982547941064349,-0.05049736216355767,0.22123186352639113,5.784948519324414,4.4246372705278225e-06,0.0021034821773734673,286.61118432224384,1.797637626406483,0.5864733731377032,0.38861823399997775,0.027311665000070207,0.5124568339999769,0.41592989900004795,0.41592989900004795,True,3.0514162000145006e-07,True,,
w32_n10000,9,25,training,901042,902042,903042,904042,905042,10000,10000,50000,32,8129,8129,0.8129,0.09819899896864745,5.70685989069966,5.6901058672926705,5.777258326899974,62.436845635943634,61.77598398384301,62.057450762654454,0.9992257529268054,0.016754023406990053,0.09792809447777324,5.794012350306964,1.958561889555465e-06,0.0013994862948794693,637.5784800970976,2.2266302858084877,0.8004893600382035,1.0250663990000248,0.027311665000070207,0.5124568339999769,1.052378064000095,1.052378064000095,True,3.045256799987328e-07,True,,
w32_n10000,9,25,validation,901042,902042,903042,904042,905042,10000,10000,50000,32,8129,8129,0.8129,0.21865286513966684,5.806564734163928,5.805288405950233,5.777258326899974,63.397200191845414,62.26372217055189,62.72112462948051,0.998300429253424,0.0012763282136937905,0.21867310343630142,5.778534655113668,4.373462068726028e-06,0.0020912823981294416,289.91768624307633,2.2266302858084877,0.8004893600382035,1.0250663990000248,0.027311665000070207,0.5124568339999769,1.052378064000095,1.052378064000095,True,3.045256799987328e-07,True,,
w32_n10000,9,25,test,901042,902042,903042,904042,905042,10000,10000,50000,32,8129,8129,0.8129,0.2235642823671382,5.758551819541906,5.752762300164963,5.777258326899974,63.40752641511598,62.201261483167244,62.69262633187301,0.9982664186573262,0.005789519376942828,0.22353523453721294,5.783047846276918,4.470704690744259e-06,0.0021144040982613186,283.6578606786047,2.2266302858084877,0.8004893600382035,1.0250663990000248,0.027311665000070207,0.5124568339999769,1.052378064000095,1.052378064000095,True,3.045256799987328e-07,True,,
w32_n10000,9,50,training,901042,902042,903042,904042,905042,10000,10000,50000,32,8129,8129,0.8129,0.06866481813706347,5.70685989069966,5.719038377869244,5.801440701790173,62.436845635943634,62.273702431202956,62.3210123561119,0.9994513960161435,-0.012178487169583417,0.06852335492281605,5.78926221462059,1.3704670984563211e-06,0.0011706695086386768,911.1761341264129,3.2584244796030233,1.1812437900917752,1.9731021360000796,0.027311665000070207,0.5124568339999769,2.0004138010001498,2.0004138010001498,True,3.0992993999916505e-07,True,,
w32_n10000,9,50,validation,901042,902042,903042,904042,905042,10000,10000,50000,32,8129,8129,0.8129,0.22373912430529727,5.806564734163928,5.838686662130114,5.801440701790173,63.397200191845414,62.92271138056905,63.04859099670378,0.9982438240377748,-0.03212192796618649,0.22272957900693308,5.769318773823986,4.454591580138662e-06,0.002110590339250766,284.6375433137778,3.2584244796030233,1.1812437900917752,1.9731021360000796,0.027311665000070207,0.5124568339999769,2.0004138010001498,2.0004138010001498,True,3.0992993999916505e-07,True,,
w32_n10000,9,50,test,901042,902042,903042,904042,905042,10000,10000,50000,32,8129,8129,0.8129,0.22562660142955396,5.758551819541906,5.776979656262694,5.801440701790173,63.40752641511598,62.795801625152336,62.98901825908727,0.9982265793682569,-0.018427836720787624,0.2252915220937878,5.783012865069385,4.505830441875756e-06,0.0021226941470395013,281.44657120617137,3.2584244796030233,1.1812437900917752,1.9731021360000796,0.027311665000070207,0.5124568339999769,2.0004138010001498,2.0004138010001498,True,3.0992993999916505e-07,True,,
w32_n10000,9,100,training,901042,902042,903042,904042,905042,10000,10000,50000,32,8129,8129,0.8129,0.05000021369795508,5.70685989069966,5.73383392338682,5.817621306190857,62.436845635943634,62.68586222442762,62.53671515867921,0.9996081459000552,-0.026974032687159463,0.049277543012848396,5.790647273503697,9.85550860256968e-07,0.000992749142662419,1267.044617457168,4.22274260254585,1.4404848227671447,3.6950570300000436,0.027311665000070207,0.5124568339999769,3.722368695000114,3.722368695000114,True,3.1065969999872323e-07,True,,
w32_n10000,9,100,validation,901042,902042,903042,904042,905042,10000,10000,50000,32,8129,8129,0.8129,0.21113803251875146,5.806564734163928,5.852592924216295,5.817621306190857,63.397200191845414,63.4756940770761,63.33192696332402,0.9983525551132972,-0.04602819005236735,0.209040342273482,5.77159311613849,4.18080684546964e-06,0.002044702141014588,303.27734590533976,4.22274260254585,1.4404848227671447,3.6950570300000436,0.027311665000070207,0.5124568339999769,3.722368695000114,3.722368695000114,True,3.1065969999872323e-07,True,,
w32_n10000,9,100,test,901042,902042,903042,904042,905042,10000,10000,50000,32,8129,8129,0.8129,0.22028069536887393,5.758551819541906,5.791701649217324,5.817621306190857,63.40752641511598,63.282467977275005,63.23540411225317,0.998270387872913,-0.033149829675417124,0.21918616788472248,5.7844714765154395,4.383723357694449e-06,0.002093734309241373,289.2861672204798,4.22274260254585,1.4404848227671447,3.6950570300000436,0.027311665000070207,0.5124568339999769,3.722368695000114,3.722368695000114,True,3.1065969999872323e-07,True,,
w32_n10000,9,200,training,901042,902042,903042,904042,905042,10000,10000,50000,32,8129,8129,0.8129,0.02540608861351685,5.70685989069966,5.658376423629006,5.743355800936765,62.436845635943634,61.61126693084496,62.01252740948975,0.9998362657401173,0.04848346707065423,0.02305774780910655,5.791839268007419,4.61154956182131e-07,0.000679083909529692,2707.8466705791834,4.083818567354355,1.4070324740840405,6.951589811000076,0.027311665000070207,0.5124568339999769,6.978901476000146,6.978901476000146,True,3.0794912000146726e-07,True,,
w32_n10000,9,200,validation,901042,902042,903042,904042,905042,10000,10000,50000,32,8129,8129,0.8129,0.10375385640373015,5.806564734163928,5.769997839776781,5.743355800936765,63.397200191845414,62.201418918849335,62.74809607468,0.9992297773154881,0.0365668943871474,0.10242696133474283,5.779922695323912,2.0485392266948564e-06,0.0014312718912543683,618.950317042563,4.083818567354355,1.4070324740840405,6.951589811000076,0.027311665000070207,0.5124568339999769,6.978901476000146,6.978901476000146,True,3.0794912000146726e-07,True,,
w32_n10000,9,200,test,901042,902042,903042,904042,905042,10000,10000,50000,32,8129,8129,0.8129,0.10505701661769572,5.758551819541906,5.718062735577708,5.743355800936765,63.40752641511598,62.15584936008489,62.72997802805452,0.9992260025805592,0.04048908396419808,0.10341971909181766,5.7838448849009625,2.0683943818363534e-06,0.0014381913578645762,613.1086699125703,4.083818567354355,1.4070324740840405,6.951589811000076,0.027311665000070207,0.5124568339999769,6.978901476000146,6.978901476000146,True,3.0794912000146726e-07,True,,
w32_n20000,9,0,training,901042,902042,903042,904042,905042,20000,10000,50000,32,8129,8129,0.40645,107.61026951603827,5.735298314195402,-0.8333919037690887,-0.8233772587397011,63.04123211083243,1.4843340257948061,0.029882255045019124,0.0030891229950102943,6.568690217964491,64.4658016265372,5.74531295922479,0.001289316032530744,0.0359070471151659,0.977901934362694,1.0126964300711523,0.012616506190564581,0.0,0.061909115999924325,0.5124568339999769,0.061909115999924325,0.0,True,3.1211265999900206e-07,True,,
w32_n20000,9,0,validation,901042,902042,903042,904042,905042,20000,10000,50000,32,8129,8129,0.40645,108.97653577788651,5.806564734163928,-0.8379210511500597,-0.8233772587397011,63.397200191845414,1.4217398836250432,-0.007443866978684593,-0.0007840675696402636,6.644485785313987,64.83382780942785,5.821108526574285,0.0012966765561885569,0.03600939538771176,0.9778413882671675,1.0126964300711523,0.012616506190564581,0.0,0.061909115999924325,0.5124568339999769,0.061909115999924325,0.0,True,3.1211265999900206e-07,True,,
w32_n20000,9,0,test,901042,902042,903042,904042,905042,20000,10000,50000,32,8129,8129,0.40645,107.90443758292136,5.758551819541906,-0.8212110529773217,-0.8233772587397011,63.40752641511598,1.450850815250781,0.12296342851021172,0.012820181660099352,6.579762872519228,64.61245037334635,5.756385613779527,0.001292249007466927,0.03594786513086593,0.9813515204690733,1.0126964300711523,0.012616506190564581,0.0,0.061909115999924325,0.5124568339999769,0.061909115999924325,0.0,True,3.1211265999900206e-07,True,,
w32_n20000,9,10,training,901042,902042,903042,904042,905042,20000,10000,50000,32,8129,8129,0.40645,0.1422884411630227,5.735298314195402,5.688441916904726,5.742634528832325,63.04123211083243,62.00058474727688,62.450858466958564,0.9989141695504536,0.046856397290676144,0.14009992419217066,5.789490926123001,2.8019984838434133e-06,0.0016739171078172937,449.97334919582653,1.3677400868967566,0.31315980619051886,0.702488465999977,0.061909115999924325,0.5124568339999769,0.7643975819999014,0.7643975819999014,True,3.038260199991782e-07,True,,
w32_n20000,9,10,validation,901042,902042,903042,904042,905042,20000,10000,50000,32,8129,8129,0.40645,0.1946136048807167,5.806564734163928,5.772703653995354,5.742634528832325,63.397200191845414,62.342441532412344,62.77307767174458,0.9984963447813427,0.033861080168573296,0.19348638076861097,5.776495609000898,3.86972761537222e-06,0.001967162325628523,327.65717121796644,1.3677400868967566,0.31315980619051886,0.702488465999977,0.061909115999924325,0.5124568339999769,0.7643975819999014,0.7643975819999014,True,3.038260199991782e-07,True,,
w32_n20000,9,10,test,901042,902042,903042,904042,905042,20000,10000,50000,32,8129,8129,0.40645,0.19834190580900002,5.758551819541906,5.718807837491561,5.742634528832325,63.40752641511598,62.11459132679027,62.6626757424407,0.9984853883996481,0.039743982050344046,0.19676625702492243,5.782378510882668,3.935325140498449e-06,0.0019837653945208463,322.2479675825961,1.3677400868967566,0.31315980619051886,0.702488465999977,0.061909115999924325,0.5124568339999769,0.7643975819999014,0.7643975819999014,True,3.038260199991782e-07,True,,
w32_n20000,9,25,training,901042,902042,903042,904042,905042,20000,10000,50000,32,8129,8129,0.40645,0.1090857205542217,5.735298314195402,5.708214721853082,5.760597635415744,63.04123211083243,62.76288346763002,62.84787898050074,0.999141125470421,0.02708359234232064,0.10835761746092973,5.787681227758065,2.1671523492185947e-06,0.0014721251133034158,581.78865120916,1.6143041189234217,0.47890397770099413,1.803229816999874,0.061909115999924325,0.5124568339999769,1.8651389329997983,1.8651389329997983,True,3.0722716000127547e-07,True,,
w32_n20000,9,25,validation,901042,902042,903042,904042,905042,20000,10000,50000,32,8129,8129,0.40645,0.17609752800640946,5.806564734163928,5.794590199003459,5.760597635415744,63.397200191845414,63.025540746079876,63.123384601118794,0.9986123842411737,0.011974535160467734,0.17597173568766888,5.772572170576212,3.5194347137533775e-06,0.0018760156485896852,360.2692213275017,1.6143041189234217,0.47890397770099413,1.803229816999874,0.061909115999924325,0.5124568339999769,1.8651389329997983,1.8651389329997983,True,3.0722716000127547e-07,True,,
w32_n20000,9,25,test,901042,902042,903042,904042,905042,20000,10000,50000,32,8129,8129,0.40645,0.1789825312793593,5.758551819541906,5.738482853269679,5.760597635415744,63.40752641511598,62.92723065044294,63.07808686301,0.9985936440833975,0.02006896627222778,0.1785833395389143,5.7806666016879715,3.571666790778286e-06,0.001889885390910858,355.058465021588,1.6143041189234217,0.47890397770099413,1.803229816999874,0.061909115999924325,0.5124568339999769,1.8651389329997983,1.8651389329997983,True,3.0722716000127547e-07,True,,
w32_n20000,9,50,training,901042,902042,903042,904042,905042,20000,10000,50000,32,8129,8129,0.40645,0.04278588818027598,5.735298314195402,5.739388330782249,5.791130752856856,63.04123211083243,62.70037486291306,62.84941783761798,0.9996635206085004,-0.0040900165868464665,0.04277129850952078,5.787040736270009,8.554259701904156e-07,0.0009248924100620653,1473.9143843575293,1.696751660342639,0.5287156351441362,3.5129824890000236,0.061909115999924325,0.5124568339999769,3.574891604999948,3.574891604999948,True,3.0472550000013143e-07,True,,
w32_n20000,9,50,validation,901042,902042,903042,904042,905042,20000,10000,50000,32,8129,8129,0.40645,0.07259702680911777,5.806564734163928,5.8185272955790595,5.791130752856856,63.397200191845414,63.05535441729872,63.19004671954682,0.9994306214866203,-0.011962561415131506,0.07246117005051202,5.779168191441725,1.4492234010102403e-06,0.0012038369495119513,874.912731158658,1.696751660342639,0.5287156351441362,3.5129824890000236,0.061909115999924325,0.5124568339999769,3.574891604999948,3.574891604999948,True,3.0472550000013143e-07,True,,
w32_n20000,9,50,test,901042,902042,903042,904042,905042,20000,10000,50000,32,8129,8129,0.40645,0.07315621120407653,5.758551819541906,5.766697237744639,5.791130752856856,63.40752641511598,62.920926626545686,63.127680858234406,0.9994288325583196,-0.008145418202733094,0.07309132519288299,5.782985334654123,1.4618265038576596e-06,0.0012090601737951919,867.5109699788296,1.696751660342639,0.5287156351441362,3.5129824890000236,0.061909115999924325,0.5124568339999769,3.574891604999948,3.574891604999948,True,3.0472550000013143e-07,True,,
w32_n20000,9,100,training,901042,902042,903042,904042,905042,20000,10000,50000,32,8129,8129,0.40645,0.04270480922624759,5.735298314195402,5.691217806274199,5.740600771337045,63.04123211083243,62.0061314754297,62.50329991501331,0.9997082639598649,0.044080507921202744,0.04076375623546816,5.784681279258248,8.152751247093631e-07,0.0009029258688892256,1546.5020383960803,1.2567507445504613,0.22852961603155872,6.757591308999963,0.061909115999924325,0.5124568339999769,6.819500424999887,6.819500424999887,True,3.1118007999793915e-07,True,,
w32_n20000,9,100,validation,901042,902042,903042,904042,905042,20000,10000,50000,32,8129,8129,0.40645,0.053669300790972076,5.806564734163928,5.764891244402102,5.740600771337045,63.397200191845414,62.227350975168534,62.786306676095215,0.9996299072213378,0.0416734897618263,0.0519378148235254,5.782274261098871,1.038756296470508e-06,0.0010191939444828485,1220.6366480233482,1.2567507445504613,0.22852961603155872,6.757591308999963,0.061909115999924325,0.5124568339999769,6.819500424999887,6.819500424999887,True,3.1118007999793915e-07,True,,
w32_n20000,9,100,test,901042,902042,903042,904042,905042,20000,10000,50000,32,8129,8129,0.40645,0.05216561703271182,5.758551819541906,5.716900195728818,5.740600771337045,63.40752641511598,62.25334343051921,62.805219038866674,0.9996408346512122,0.04165162381308849,0.0504317679018028,5.782252395150133,1.008635358036056e-06,0.0010043083978719166,1257.293350068129,1.2567507445504613,0.22852961603155872,6.757591308999963,0.061909115999924325,0.5124568339999769,6.819500424999887,6.819500424999887,True,3.1118007999793915e-07,True,,
w32_n20000,9,200,training,901042,902042,903042,904042,905042,20000,10000,50000,32,8129,8129,0.40645,0.013447621570260143,5.735298314195402,5.758924366765452,5.804892435716678,63.04123211083243,63.42358222897452,63.22596213204656,0.9999026437709215,-0.023626052570050612,0.012890075714003031,5.781266383146627,2.578015142800606e-07,0.0005077415821853284,4890.679737617685,1.324147560838402,0.2807689020889307,13.0720058039999,0.061909115999924325,0.5124568339999769,13.133914919999825,13.133914919999825,True,3.0606897999859937e-07,True,,
w32_n20000,9,200,validation,901042,902042,903042,904042,905042,20000,10000,50000,32,8129,8129,0.40645,0.017806635301337848,5.806564734163928,5.830221482958423,5.804892435716678,63.397200191845414,63.70192748727282,63.54093948035432,0.9998671630064059,-0.023656748794495863,0.017248718409652912,5.781235686922181,3.4497436819305825e-07,0.0005873451865752015,3675.4730807342994,1.324147560838402,0.2807689020889307,13.0720058039999,0.061909115999924325,0.5124568339999769,13.133914919999825,13.133914919999825,True,3.0606897999859937e-07,True,,
w32_n20000,9,200,test,901042,902042,903042,904042,905042,20000,10000,50000,32,8129,8129,0.40645,0.017976289153891722,5.758551819541906,5.781109157676503,5.804892435716678,63.40752641511598,63.69055609260668,63.540307351358145,0.9998650434921851,-0.02255733813459595,0.01746780500627334,5.782335097582082,3.493561001254668e-07,0.0005910635330702333,3629.965321478227,1.324147560838402,0.2807689020889307,13.0720058039999,0.061909115999924325,0.5124568339999769,13.133914919999825,13.133914919999825,True,3.0606897999859937e-07,True,,
w8_n10000,0,0,training,1042,2042,3042,4042,95042,10000,10000,50000,8,2033,2033,0.2033,79.83377570078356,5.8535420858338565,1.8677070337781747,1.8620153281158338,63.23333893978233,1.3102178060151406,0.295133389106433,0.03242451875730751,3.9858350520556822,63.95328996758461,5.847850380171516,0.0012790657993516923,0.03576402940597846,0.9887425490046376,1.0330715763468006,0.03253647752100616,0.0,0.029881423999995604,0.46802402799994525,0.029881423999995604,0.0,True,1.9823745999929088e-07,True,0.2033,4.918839153959666
w8_n10000,0,0,validation,1042,2042,3042,4042,95042,10000,10000,50000,8,2033,2033,0.2033,82.47400450892538,5.803972742783505,1.8592129424403927,1.8620153281158338,66.18471350736219,1.3395331021455794,0.3023400131635473,0.03210998154015804,3.944759800343112,66.91956658318067,5.806775128458947,0.0013383913316636134,0.03658403110188397,0.9890188608005245,1.0330715763468006,0.03253647752100616,0.0,0.029881423999995604,0.46802402799994525,0.029881423999995604,0.0,True,1.9823745999929088e-07,True,0.2033,4.918839153959666
w8_n10000,0,0,test,1042,2042,3042,4042,95042,10000,10000,50000,8,2033,2033,0.2033,80.11041037245279,5.793550941149976,1.8648577802826638,1.8620153281158338,64.00267943636366,1.3293315438225568,0.32746850924990417,0.03550208093043909,3.9286931608673132,64.67707396168643,5.790708488983146,0.0012935414792337287,0.03596583766901208,0.9895728967930388,1.0330715763468006,0.03253647752100616,0.0,0.029881423999995604,0.46802402799994525,0.029881423999995604,0.0,True,1.9823745999929088e-07,True,0.2033,4.918839153959666
w8_n10000,0,10,training,1042,2042,3042,4042,95042,10000,10000,50000,8,2033,2033,0.2033,0.12637913112500213,5.8535420858338565,5.838293564003182,5.78871362714939,63.23333893978233,62.82135856302357,62.964269136587994,0.9990045062212447,0.015248521830675089,0.12615922962994452,5.803962148980065,2.5231845925988907e-06,0.0015884535223288376,501.21849289394817,1.5776883164583364,0.45596068482717683,0.3464456599999721,0.029881423999995604,0.46802402799994525,0.3763270839999677,0.3763270839999677,True,1.9653943999855982e-07,True,0.2033,4.918839153959666
w8_n10000,0,10,validation,1042,2042,3042,4042,95042,10000,10000,50000,8,2033,2033,0.2033,0.19938687862007196,5.803972742783505,5.808471027698585,5.78871362714939,66.18471350736219,65.10418813695884,65.54475753080501,0.9985151321042722,-0.004498284915079074,0.19938658271116583,5.784215342234311,3.987731654223317e-06,0.001996930558187569,331.94166130645954,1.5776883164583364,0.45596068482717683,0.3464456599999721,0.029881423999995604,0.46802402799994525,0.3763270839999677,0.3763270839999677,True,1.9653943999855982e-07,True,0.2033,4.918839153959666
w8_n10000,0,10,test,1042,2042,3042,4042,95042,10000,10000,50000,8,2033,2033,0.2033,0.19124048829164486,5.793550941149976,5.798885550262891,5.78871362714939,64.00267943636366,63.1126369564015,63.462050269105404,0.9985202062156824,-0.005334609112914199,0.19121585455434836,5.7833790180364755,3.824317091086968e-06,0.0019555861246917682,334.7142923139383,1.5776883164583364,0.45596068482717683,0.3464456599999721,0.029881423999995604,0.46802402799994525,0.3763270839999677,0.3763270839999677,True,1.9653943999855982e-07,True,0.2033,4.918839153959666
w8_n10000,0,25,training,1042,2042,3042,4042,95042,10000,10000,50000,8,2033,2033,0.2033,0.1293615490100973,5.8535420858338565,5.84003983265359,5.7789192311409945,63.23333893978233,62.84697047645444,62.97555862942597,0.9989800092141953,0.013502253180266818,0.12919215738489184,5.792421484321261,2.583843147697837e-06,0.001607433714869088,489.45183840684933,1.6077298442979817,0.4748231493645965,0.8631081720000111,0.029881423999995604,0.46802402799994525,0.8929895960000067,0.8929895960000067,True,2.0351443999970797e-07,True,0.2033,4.918839153959666
w8_n10000,0,25,validation,1042,2042,3042,4042,95042,10000,10000,50000,8,2033,2033,0.2033,0.20797842304814948,5.803972742783505,5.801257421540399,5.7789192311409945,66.18471350736219,65.18336539182187,65.58004352496026,0.9984457308153505,0.0027153212431057106,0.20799184926362269,5.781634552384101,4.159836985272453e-06,0.0020395678427726923,318.20820739698934,1.6077298442979817,0.4748231493645965,0.8631081720000111,0.029881423999995604,0.46802402799994525,0.8929895960000067,0.8929895960000067,True,2.0351443999970797e-07,True,0.2033,4.918839153959666
w8_n10000,0,25,test,1042,2042,3042,4042,95042,10000,10000,50000,8,2033,2033,0.2033,0.20204708753611042,5.793550941149976,5.791211761917623,5.7789192311409945,64.00267943636366,63.135171536286286,63.46790265798012,0.9984340572526421,0.0023391792323534874,0.20204565668976313,5.781258410373349,4.040913133795262e-06,0.0020102022619117865,316.7733495733513,1.6077298442979817,0.4748231493645965,0.8631081720000111,0.029881423999995604,0.46802402799994525,0.8929895960000067,0.8929895960000067,True,2.0351443999970797e-07,True,0.2033,4.918839153959666
w8_n10000,0,50,training,1042,2042,3042,4042,95042,10000,10000,50000,8,2033,2033,0.2033,0.12009659623792387,5.8535420858338565,5.8292513761977895,5.764977915681072,63.23333893978233,62.841038066416814,62.97742924834235,0.9990568366655788,0.02429070963606703,0.11951850951425157,5.78926862531714,2.3903701902850313e-06,0.0015460822068328163,529.0673318867174,1.7872096894797171,0.5806555709159745,1.6635962870000185,0.029881423999995604,0.46802402799994525,1.693477711000014,1.693477711000014,True,1.946715000030963e-07,True,0.2033,4.918839153959666
w8_n10000,0,50,validation,1042,2042,3042,4042,95042,10000,10000,50000,8,2033,2033,0.2033,0.2146378004699509,5.803972742783505,5.783470195824302,5.764977915681072,66.18471350736219,65.17821193981777,65.57434328862738,0.9983984135155699,0.02050254695920342,0.214238869925129,5.785480462640277,4.28477739850258e-06,0.0020699703858998997,308.9295305305338,1.7872096894797171,0.5806555709159745,1.6635962870000185,0.029881423999995604,0.46802402799994525,1.693477711000014,1.693477711000014,True,1.946715000030963e-07,True,0.2033,4.918839153959666
w8_n10000,0,50,test,1042,2042,3042,4042,95042,10000,10000,50000,8,2033,2033,0.2033,0.20628876376254848,5.793550941149976,5.779703392577348,5.764977915681072,64.00267943636366,63.14360668628013,63.47009249572993,0.9984018129818765,0.013847548572629884,0.20610113118370083,5.7788254642537025,4.122022623674016e-06,0.002030276489464924,310.54016573697106,1.7872096894797171,0.5806555709159745,1.6635962870000185,0.029881423999995604,0.46802402799994525,1.693477711000014,1.693477711000014,True,1.946715000030963e-07,True,0.2033,4.918839153959666
w8_n10000,0,100,training,1042,2042,3042,4042,95042,10000,10000,50000,8,2033,2033,0.2033,0.10684903453214654,5.8535420858338565,5.81528333431735,5.747384099387366,63.23333893978233,62.3893725641567,62.75865783094521,0.9991835621955087,0.038258751516506366,0.10539584204874965,5.785642850903873,2.107916840974993e-06,0.001451866674655422,599.9604700775052,1.8177924933411682,0.5976228491644477,3.0798958170000788,0.029881423999995604,0.46802402799994525,3.1097772410000744,3.1097772410000744,True,1.927006000005349e-07,True,0.2033,4.918839153959666
w8_n10000,0,100,validation,1042,2042,3042,4042,95042,10000,10000,50000,8,2033,2033,0.2033,0.19422937289328726,5.803972742783505,5.7681602452065865,5.747384099387366,66.18471350736219,64.8155690800938,65.40365822646582,0.9985815197919835,0.035812497576918983,0.19296613452404274,5.783196596964285,3.859322690480855e-06,0.001964515892142605,342.98616008767,1.8177924933411682,0.5976228491644477,3.0798958170000788,0.029881423999995604,0.46802402799994525,3.1097772410000744,3.1097772410000744,True,1.927006000005349e-07,True,0.2033,4.918839153959666
w8_n10000,0,100,test,1042,2042,3042,4042,95042,10000,10000,50000,8,2033,2033,0.2033,0.1874064271320784,5.793550941149976,5.757489712842836,5.747384099387366,64.00267943636366,62.73969536463918,63.278132531931455,0.9985811713715752,0.036061228307140855,0.18610973713980142,5.783445327694507,3.7221947427960283e-06,0.001929299028869301,343.8975328211135,1.8177924933411682,0.5976228491644477,3.0798958170000788,0.029881423999995604,0.46802402799994525,3.1097772410000744,3.1097772410000744,True,1.927006000005349e-07,True,0.2033,4.918839153959666
w8_n10000,0,200,training,1042,2042,3042,4042,95042,10000,10000,50000,8,2033,2033,0.2033,0.028836763471291153,5.8535420858338565,5.870446287178775,5.802553856461505,63.23333893978233,63.61271639527365,63.408750734110626,0.9997793651506389,-0.016904201344918737,0.028553866834865077,5.785649655116587,5.710773366973015e-07,0.000755696590370303,2214.528046428116,1.7435513005778387,0.5559240106053909,5.812985798,0.029881423999995604,0.46802402799994525,5.842867221999995,5.842867221999995,True,1.9194819999938773e-07,True,0.2033,4.918839153959666
w8_n10000,0,200,validation,1042,2042,3042,4042,95042,10000,10000,50000,8,2033,2033,0.2033,0.0502783764548252,5.803972742783505,5.824831324256276,5.802553856461505,66.18471350736219,66.41335513482225,66.27411018066117,0.9996255508902695,-0.020858581472770133,0.049848280861855165,5.781695274988735,9.969656172371032e-07,0.0009984816559342005,1327.723090206065,1.7435513005778387,0.5559240106053909,5.812985798,0.029881423999995604,0.46802402799994525,5.842867221999995,5.842867221999995,True,1.9194819999938773e-07,True,0.2033,4.918839153959666
w8_n10000,0,200,test,1042,2042,3042,4042,95042,10000,10000,50000,8,2033,2033,0.2033,0.04899338266399876,5.793550941149976,5.815908583980039,5.802553856461505,64.00267943636366,64.24486140347007,64.09952317573648,0.9996236504315265,-0.02235764283006184,0.04849448836084937,5.780196213631442,9.698897672169872e-07,0.000984829816372853,1319.792858935169,1.7435513005778387,0.5559240106053909,5.812985798,0.029881423999995604,0.46802402799994525,5.842867221999995,5.842867221999995,True,1.9194819999938773e-07,True,0.2033,4.918839153959666
w8_n20000,0,0,training,1042,2042,3042,4042,105042,20000,10000,50000,8,2033,2033,0.10165,101.0734011057096,5.753746557906496,-0.3370170493752798,-0.3344029820349362,62.018958877148705,1.1632123976509148,-0.3985137355295949,-0.04691930256870029,6.090763607281775,63.9791987458588,5.756360625246839,0.001279583974917176,0.0357712730402089,0.9693612938715183,1.048570615559452,0.047427918218789146,0.0,0.06281952800009094,0.46802402799994525,0.06281952800009094,0.0,True,1.9515861999934713e-07,True,0.10165,9.837678307919331
w8_n20000,0,0,validation,1042,2042,3042,4042,105042,20000,10000,50000,8,2033,2033,0.10165,105.98259841410132,5.803972742783505,-0.335352156207416,-0.3344029820349362,66.18471350736219,1.1537546389177025,-0.47982493212629357,-0.05490946772268254,6.139324898990922,68.29811801053248,5.804921916955984,0.0013659623602106496,0.03695892801760692,0.9690561824434991,1.048570615559452,0.047427918218789146,0.0,0.06281952800009094,0.46802402799994525,0.06281952800009094,0.0,True,1.9515861999934713e-07,True,0.10165,9.837678307919331
w8_n20000,0,0,test,1042,2042,3042,4042,105042,20000,10000,50000,8,2033,2033,0.10165,103.60844983465988,5.793550941149976,-0.3412244811516852,-0.3344029820349362,64.00267943636366,1.1506446113078845,-0.4104878954542864,-0.04783333628999732,6.134775422301662,65.97429983858014,5.800372440266726,0.0013194859967716028,0.03632472982379364,0.9701153266189948,1.048570615559452,0.047427918218789146,0.0,0.06281952800009094,0.46802402799994525,0.06281952800009094,0.0,True,1.9515861999934713e-07,True,0.10165,9.837678307919331
w8_n20000,0,10,training,1042,2042,3042,4042,105042,20000,10000,50000,8,2033,2033,0.10165,0.1464825674275628,5.753746557906496,5.767172672445091,5.795445592209744,62.018958877148705,61.65747542754292,61.76506234116727,0.9988212631617465,-0.01342611453859553,0.14630962235707717,5.782019477671149,2.9261924471415433e-06,0.0017106117172349614,423.8884488799227,1.2819428435943967,0.2483767737248703,0.5876352740001494,0.06281952800009094,0.46802402799994525,0.6504548020002403,0.6504548020002403,True,1.9601980000061303e-07,True,0.10165,9.837678307919331
w8_n20000,0,10,validation,1042,2042,3042,4042,105042,20000,10000,50000,8,2033,2033,0.10165,0.1877822790250978,5.803972742783505,5.819467013302921,5.795445592209744,66.18471350736219,65.16303332362659,65.5800929341432,0.9986022377721687,-0.01549427051941683,0.18756096270243927,5.779951321690327,3.7512192540487852e-06,0.001936806457560689,352.8704083928305,1.2819428435943967,0.2483767737248703,0.5876352740001494,0.06281952800009094,0.46802402799994525,0.6504548020002403,0.6504548020002403,True,1.9601980000061303e-07,True,0.10165,9.837678307919331
w8_n20000,0,10,test,1042,2042,3042,4042,105042,20000,10000,50000,8,2033,2033,0.10165,0.18082597435062614,5.793550941149976,5.806061563685314,5.795445592209744,64.00267943636366,63.25023657056714,63.53612146739746,0.9985976621100028,-0.012510622535337088,0.1806730721358471,5.7829349696744075,3.613461442716942e-06,0.0019009106877275802,354.24581361100894,1.2819428435943967,0.2483767737248703,0.5876352740001494,0.06281952800009094,0.46802402799994525,0.6504548020002403,0.6504548020002403,True,1.9601980000061303e-07,True,0.10165,9.837678307919331
w8_n20000,0,25,training,1042,2042,3042,4042,105042,20000,10000,50000,8,2033,2033,0.10165,0.15931579740341248,5.753746557906496,5.7232564976860765,5.756052058999392,62.018958877148705,61.17814825323917,61.519356528526515,0.9987375642786956,0.030490060220418377,0.1583940733348345,5.786542119219811,3.1678814666966898e-06,0.0017798543386178234,391.5484814008462,1.2933557778831521,0.2572402188498579,1.4716632900001514,0.06281952800009094,0.46802402799994525,1.5344828180002423,1.5344828180002423,True,2.0348799999737822e-07,True,0.10165,9.837678307919331
w8_n20000,0,25,validation,1042,2042,3042,4042,105042,20000,10000,50000,8,2033,2033,0.10165,0.20605200707976523,5.803972742783505,5.778014277736945,5.756052058999392,66.18471350736219,64.93062551297318,65.45497015764634,0.998479124107283,0.025958465046560082,0.20539870504269597,5.782010524045952,4.107974100853919e-06,0.0020268137805072076,322.2255636597342,1.2933557778831521,0.2572402188498579,1.4716632900001514,0.06281952800009094,0.46802402799994525,1.5344828180002423,1.5344828180002423,True,2.0348799999737822e-07,True,0.10165,9.837678307919331
w8_n20000,0,25,test,1042,2042,3042,4042,105042,20000,10000,50000,8,2033,2033,0.10165,0.20270377306712586,5.793550941149976,5.768177488244969,5.756052058999392,64.00267943636366,62.923524355714214,63.36206989492152,0.9984441081353569,0.02537345290500913,0.20206400223484783,5.781425511904402,4.041280044696956e-06,0.0020102935220253177,316.7445894790151,1.2933557778831521,0.2572402188498579,1.4716632900001514,0.06281952800009094,0.46802402799994525,1.5344828180002423,1.5344828180002423,True,2.0348799999737822e-07,True,0.10165,9.837678307919331
w8_n20000,0,50,training,1042,2042,3042,4042,105042,20000,10000,50000,8,2033,2033,0.10165,0.12615921139128863,5.753746557906496,5.740094416947794,5.7649084309098955,62.018958877148705,61.378093520991776,61.63553663437274,0.9989925478927422,0.013652140958701394,0.1259791293950022,5.778560571868597,2.5195825879000437e-06,0.0015873193087403818,492.2955030328151,1.3408702014744425,0.29331880727663745,2.8875129279999783,0.06281952800009094,0.46802402799994525,2.950332456000069,2.950332456000069,True,2.0467207999899983e-07,True,0.10165,9.837678307919331
w8_n20000,0,50,validation,1042,2042,3042,4042,105042,20000,10000,50000,8,2033,2033,0.10165,0.16916312719609397,5.803972742783505,5.788772761082358,5.7649084309098955,66.18471350736219,65.05278503940032,65.53427478205592,0.9987497968694349,0.015199981701146897,0.16894898265064387,5.7801084126110425,3.3789796530128774e-06,0.0018382001123416563,391.7437824660968,1.3408702014744425,0.29331880727663745,2.8875129279999783,0.06281952800009094,0.46802402799994525,2.950332456000069,2.950332456000069,True,2.0467207999899983e-07,True,0.10165,9.837678307919331
w8_n20000,0,50,test,1042,2042,3042,4042,105042,20000,10000,50000,8,2033,2033,0.10165,0.16331410896591064,5.793550941149976,5.777879403973578,5.7649084309098955,64.00267943636366,63.09882797685794,63.469217819948845,0.9987422492605691,0.01567153717639862,0.1630717733239059,5.780579968086293,3.2614354664781183e-06,0.0018059444804528512,392.48165474497256,1.3408702014744425,0.29331880727663745,2.8875129279999783,0.06281952800009094,0.46802402799994525,2.950332456000069,2.950332456000069,True,2.0467207999899983e-07,True,0.10165,9.837678307919331
w8_n20000,0,100,training,1042,2042,3042,4042,105042,20000,10000,50000,8,2033,2033,0.10165,0.033031616557624384,5.753746557906496,5.749150208068589,5.775567146342693,62.018958877148705,61.769584056663874,61.87776539653987,0.9997353469023078,0.004596349837906123,0.033012140732828585,5.780163496180599,6.602428146565717e-07,0.0008125532688116956,1878.6712252039622,1.2044030558625327,0.18598405487108766,5.627591918000007,0.06281952800009094,0.46802402799994525,5.690411446000098,5.690411446000098,True,1.995731400029399e-07,True,0.10165,9.837678307919331
w8_n20000,0,100,validation,1042,2042,3042,4042,105042,20000,10000,50000,8,2033,2033,0.10165,0.039783379922082245,5.803972742783505,5.79477617208211,5.775567146342693,66.18471350736219,65.79989544498252,65.9724530895289,0.9997034355326898,0.009196570701394523,0.03970277328674516,5.784763717044087,7.940554657349032e-07,0.0008910978990744526,1667.0047966008983,1.2044030558625327,0.18598405487108766,5.627591918000007,0.06281952800009094,0.46802402799994525,5.690411446000098,5.690411446000098,True,1.995731400029399e-07,True,0.10165,9.837678307919331
w8_n20000,0,100,test,1042,2042,3042,4042,105042,20000,10000,50000,8,2033,2033,0.10165,0.03895410565863968,5.793550941149976,5.787193059348494,5.775567146342693,64.00267943636366,63.728708502849344,63.84623673896312,0.999697641038648,0.006357881801483828,0.03891446128686377,5.781925028144177,7.782892257372755e-07,0.000882207019773293,1644.7016692472841,1.2044030558625327,0.18598405487108766,5.627591918000007,0.06281952800009094,0.46802402799994525,5.690411446000098,5.690411446000098,True,1.995731400029399e-07,True,0.10165,9.837678307919331
w8_n20000,0,200,training,1042,2042,3042,4042,105042,20000,10000,50000,8,2033,2033,0.10165,0.01685203138152688,5.753746557906496,5.766018725229926,5.794358537028662,62.018958877148705,62.49359896467865,62.2479277907119,0.9998731235502442,-0.012272167323429976,0.016702260403732797,5.782086369705232,3.3404520807465593e-07,0.0005779664419969865,3713.2075167076223,1.361590547974095,0.308653536960715,10.953277468000124,0.06281952800009094,0.46802402799994525,11.016096996000215,11.016096996000215,True,1.9833484000173484e-07,True,0.10165,9.837678307919331
w8_n20000,0,200,validation,1042,2042,3042,4042,105042,20000,10000,50000,8,2033,2033,0.10165,0.02294556664324983,5.803972742783505,5.817624212581981,5.794358537028662,66.18471350736219,66.73717871274782,66.449565369973,0.9998373965949198,-0.013651469798475873,0.022761480163607517,5.780707067230186,4.5522960327215033e-07,0.0006747070499647609,2907.750859418293,1.361590547974095,0.308653536960715,10.953277468000124,0.06281952800009094,0.46802402799994525,11.016096996000215,11.016096996000215,True,1.9833484000173484e-07,True,0.10165,9.837678307919331
w8_n20000,0,200,test,1042,2042,3042,4042,105042,20000,10000,50000,8,2033,2033,0.10165,0.022243427984310685,5.793550941149976,5.805594330809291,5.794358537028662,64.00267943636366,64.53615930869485,64.25836995916629,0.9998366879492772,-0.012043389659314039,0.02209882672635911,5.782315147369348,4.419765345271822e-07,0.0006648131576068438,2896.202600657633,1.361590547974095,0.308653536960715,10.953277468000124,0.06281952800009094,0.46802402799994525,11.016096996000215,11.016096996000215,True,1.9833484000173484e-07,True,0.10165,9.837678307919331
w16_n10000,0,0,training,1042,2042,3042,4042,175042,10000,10000,50000,16,4065,4065,0.4065,93.34659871880926,5.8535420858338565,0.38659749387255593,0.3934394874128463,63.23333893978233,0.9310026791040219,0.3494397627213345,0.045543226942584544,5.4669445919613,63.465462093443676,5.860384079374147,0.0012693092418688736,0.03562736647394631,0.9963425279513513,1.0317282214763326,0.031235281093709148,0.0,0.029881423999995604,0.46802402799994525,0.029881423999995604,0.0,True,2.340318799997476e-07,True,0.4065,2.4600246002460024
w16_n10000,0,0,validation,1042,2042,3042,4042,175042,10000,10000,50000,16,4065,4065,0.4065,96.30832027702198,5.803972742783505,0.38529224798606176,0.3934394874128463,66.18471350736219,0.9403105130781013,0.08605337819508287,0.010908208527753973,5.418680494797443,66.95291726405013,5.81211998221029,0.0013390583452810025,0.03659314615171812,0.9885262093411362,1.0317282214763326,0.031235281093709148,0.0,0.029881423999995604,0.46802402799994525,0.029881423999995604,0.0,True,2.340318799997476e-07,True,0.4065,2.4600246002460024
w16_n10000,0,0,test,1042,2042,3042,4042,175042,10000,10000,50000,16,4065,4065,0.4065,93.41600813950954,5.793550941149976,0.3880584852881277,0.3934394874128463,64.00267943636366,0.959066841083749,0.3819014347245447,0.04874474177451953,5.405492455861849,64.19794340799832,5.798931943274694,0.0012839588681599664,0.035832371790881584,0.9969584076799206,1.0317282214763326,0.031235281093709148,0.0,0.029881423999995604,0.46802402799994525,0.029881423999995604,0.0,True,2.340318799997476e-07,True,0.4065,2.4600246002460024
w16_n10000,0,10,training,1042,2042,3042,4042,175042,10000,10000,50000,16,4065,4065,0.4065,0.1161658221463714,5.8535420858338565,5.840572183483235,5.7901092258386715,63.23333893978233,62.59982747097845,62.85857860303045,0.9990907331501759,0.012969902350621697,0.11600920469985672,5.803079128189293,2.3201840939971344e-06,0.0015232150517891865,545.0717389484907,1.6684320960809549,0.5118843207970379,0.33184028699997725,0.029881423999995604,0.46802402799994525,0.36172171099997286,0.36172171099997286,True,2.420505800000683e-07,True,0.4065,2.4600246002460024
w16_n10000,0,10,validation,1042,2042,3042,4042,175042,10000,10000,50000,16,4065,4065,0.4065,0.19381478613663786,5.803972742783505,5.81411145516605,5.7901092258386715,66.18471350736219,64.78009870988674,65.38554042573224,0.9985781713652738,-0.010138712382544839,0.1937313657844403,5.779970513456127,3.874627315688806e-06,0.001968407304317073,341.6313782715193,1.6684320960809549,0.5118843207970379,0.33184028699997725,0.029881423999995604,0.46802402799994525,0.36172171099997286,0.36172171099997286,True,2.420505800000683e-07,True,0.4065,2.4600246002460024
w16_n10000,0,10,test,1042,2042,3042,4042,175042,10000,10000,50000,16,4065,4065,0.4065,0.18964314798168652,5.793550941149976,5.802074484577045,5.7901092258386715,64.00267943636366,62.794375496895185,63.303740322291986,0.9985502401486761,-0.008523543427067432,0.1895742886749069,5.781585682411605,3.791485773498138e-06,0.001947173791292944,337.61265772764796,1.6684320960809549,0.5118843207970379,0.33184028699997725,0.029881423999995604,0.46802402799994525,0.36172171099997286,0.36172171099997286,True,2.420505800000683e-07,True,0.4065,2.4600246002460024
w16_n10000,0,25,training,1042,2042,3042,4042,175042,10000,10000,50000,16,4065,4065,0.4065,0.12507230420691634,5.8535420858338565,5.8530006602689575,5.796574036606962,63.23333893978233,63.132282549185774,63.120268484725436,0.9990104575128581,0.0005414255648996129,0.12508451951722577,5.7971154621718615,2.501690390344515e-06,0.0015816732881175288,505.5248977558272,1.8061419934114882,0.5911930750555888,0.8809685419998914,0.029881423999995604,0.46802402799994525,0.910849965999887,0.910849965999887,True,2.3522462000073574e-07,True,0.4065,2.4600246002460024
w16_n10000,0,25,validation,1042,2042,3042,4042,175042,10000,10000,50000,16,4065,4065,0.4065,0.22589834084084795,5.803972742783505,5.822051918508356,5.796574036606962,66.18471350736219,65.37205939010374,65.66558942690781,0.9983042430836482,-0.018079175724850814,0.22559404365032293,5.778494860882111,4.511880873006459e-06,0.002124118846252831,293.37970292314253,1.8061419934114882,0.5911930750555888,0.8809685419998914,0.029881423999995604,0.46802402799994525,0.910849965999887,0.910849965999887,True,2.3522462000073574e-07,True,0.4065,2.4600246002460024
w16_n10000,0,25,test,1042,2042,3042,4042,175042,10000,10000,50000,16,4065,4065,0.4065,0.21789218136764976,5.793550941149976,5.810290438905234,5.796574036606962,64.00267943636366,63.28555102632249,63.53530706988862,0.9983062093407028,-0.01673949775525713,0.2176163229090097,5.779834538851705,4.352326458180194e-06,0.0020862230125708505,294.107898620843,1.8061419934114882,0.5911930750555888,0.8809685419998914,0.029881423999995604,0.46802402799994525,0.910849965999887,0.910849965999887,True,2.3522462000073574e-07,True,0.4065,2.4600246002460024
w16_n10000,0,50,training,1042,2042,3042,4042,175042,10000,10000,50000,16,4065,4065,0.4065,0.08903435983007878,5.8535420858338565,5.862909675028525,5.807891907121606,63.23333893978233,63.72574159759427,63.43506251686174,0.9993068531570581,-0.009367589194668641,0.08895550365312406,5.798524317926938,1.7791100730624812e-06,0.0013338328504960736,710.8423463752894,2.2802944546505457,0.8243045814041775,1.6953901289998612,0.029881423999995604,0.46802402799994525,1.7252715529998568,1.7252715529998568,True,2.429457800008095e-07,True,0.4065,2.4600246002460024
w16_n10000,0,50,validation,1042,2042,3042,4042,175042,10000,10000,50000,16,4065,4065,0.4065,0.20302455699388994,5.803972742783505,5.836159630776819,5.807891907121606,66.18471350736219,66.0580429957307,66.02037387049074,0.9984728979223454,-0.03218688799331404,0.202008762111407,5.775705019128292,4.04017524222814e-06,0.0020100187168850293,327.6328849085348,2.2802944546505457,0.8243045814041775,1.6953901289998612,0.029881423999995604,0.46802402799994525,1.7252715529998568,1.7252715529998568,True,2.429457800008095e-07,True,0.4065,2.4600246002460024
w16_n10000,0,50,test,1042,2042,3042,4042,175042,10000,10000,50000,16,4065,4065,0.4065,0.19927473871460724,5.793550941149976,5.820441882026492,5.807891907121606,64.00267943636366,63.959702265532634,63.881913057385546,0.9984483847629897,-0.026890940876514342,0.19855558712512555,5.781000966245092,3.971111742502511e-06,0.001992764848772306,322.34136728688736,2.2802944546505457,0.8243045814041775,1.6953901289998612,0.029881423999995604,0.46802402799994525,1.7252715529998568,1.7252715529998568,True,2.429457800008095e-07,True,0.4065,2.4600246002460024
w16_n10000,0,100,training,1042,2042,3042,4042,175042,10000,10000,50000,16,4065,4065,0.4065,0.08146913494155353,5.8535420858338565,5.804349119207003,5.747141792372074,63.23333893978233,62.15571118922558,62.654996518161305,0.999406415135671,0.04919296662685465,0.07905709268527124,5.796334758998928,1.5811418537054248e-06,0.0012574346319810922,799.8439708821096,2.464447377829715,0.9019675948678646,3.2075415759998123,0.029881423999995604,0.46802402799994525,3.237422999999808,3.237422999999808,True,2.3919373999888194e-07,True,0.4065,2.4600246002460024
w16_n10000,0,100,validation,1042,2042,3042,4042,175042,10000,10000,50000,16,4065,4065,0.4065,0.2007763959807668,5.803972742783505,5.771162310798499,5.747141792372074,66.18471350736219,64.50582885505615,65.24541125945012,0.9985542083410942,0.032810431985004905,0.19971984351807592,5.7799522243570784,3.994396870361519e-06,0.0019985987266986634,331.38776969536354,2.464447377829715,0.9019675948678646,3.2075415759998123,0.029881423999995604,0.46802402799994525,3.237422999999808,3.237422999999808,True,2.3919373999888194e-07,True,0.4065,2.4600246002460024
w16_n10000,0,100,test,1042,2042,3042,4042,175042,10000,10000,50000,16,4065,4065,0.4065,0.19454895772573694,5.793550941149976,5.757858814185711,5.747141792372074,64.00267943636366,62.45607086056636,63.13273570077682,0.9985462874766731,0.035692126964265006,0.19327889537641127,5.78283391933634,3.865577907528225e-06,0.001966107298071045,331.1415833152308,2.464447377829715,0.9019675948678646,3.2075415759998123,0.029881423999995604,0.46802402799994525,3.237422999999808,3.237422999999808,True,2.3919373999888194e-07,True,0.4065,2.4600246002460024
w16_n10000,0,200,training,1042,2042,3042,4042,175042,10000,10000,50000,16,4065,4065,0.4065,0.02283530626770807,5.8535420858338565,5.841472672740229,5.7767832910693135,63.23333893978233,63.05040735931365,63.13052719718514,0.999821359170481,0.012069413093626604,0.02269190472575601,5.788852704162941,4.538380945151202e-07,0.0006736750659740348,2786.603403460025,2.863394479575116,1.0520078020156813,6.100091926000005,0.029881423999995604,0.46802402799994525,6.12997335,6.12997335,True,2.3046096000143734e-07,True,0.4065,2.4600246002460024
w16_n10000,0,200,validation,1042,2042,3042,4042,175042,10000,10000,50000,16,4065,4065,0.4065,0.06538648990636234,5.803972742783505,5.799163381175495,5.7767832910693135,66.18471350736219,65.75308392055207,65.93621376548862,0.9995098886574595,0.004809361608010652,0.06536989693697944,5.7815926526773245,1.3073979387395886e-06,0.0011434150334588,1012.4647063642809,2.863394479575116,1.0520078020156813,6.100091926000005,0.029881423999995604,0.46802402799994525,6.12997335,6.12997335,True,2.3046096000143734e-07,True,0.4065,2.4600246002460024
w16_n10000,0,200,test,1042,2042,3042,4042,175042,10000,10000,50000,16,4065,4065,0.4065,0.06518840272174774,5.793550941149976,5.788227105140175,5.7767832910693135,64.00267943636366,63.63354089372815,63.785529483686354,0.9994936559835081,0.005323836009802801,0.06516136271914283,5.782107127079116,1.3032272543828566e-06,0.001141589792518686,982.218246604613,2.863394479575116,1.0520078020156813,6.100091926000005,0.029881423999995604,0.46802402799994525,6.12997335,6.12997335,True,2.3046096000143734e-07,True,0.4065,2.4600246002460024
w16_n20000,0,0,training,1042,2042,3042,4042,185042,20000,10000,50000,16,4065,4065,0.20325,94.63798136872094,5.753746557906496,0.15321345532879357,0.16783989205568928,62.018958877148705,1.5374924204430116,0.14063860161733718,0.014402431293056073,5.600533102577702,63.27517409435704,5.768372994633391,0.0012655034818871407,0.03557391575139207,0.9801467916100073,1.0510332331168886,0.0497737118676744,0.0,0.06281952800009094,0.46802402799994525,0.06281952800009094,0.0,True,2.313918800018655e-07,True,0.20325,4.920049200492005
w16_n20000,0,0,validation,1042,2042,3042,4042,185042,20000,10000,50000,16,4065,4065,0.20325,99.46766353362263,5.803972742783505,0.16342599712034603,0.16783989205568928,66.18471350736219,1.5132447393652988,0.019648218467560423,0.001963313918093187,5.640546745663158,67.65866180979235,5.808386637718848,0.001353173236195847,0.03678550307112636,0.9782149356342009,1.0510332331168886,0.0497737118676744,0.0,0.06281952800009094,0.46802402799994525,0.06281952800009094,0.0,True,2.313918800018655e-07,True,0.20325,4.920049200492005
w16_n20000,0,0,test,1042,2042,3042,4042,185042,20000,10000,50000,16,4065,4065,0.20325,97.02884245952667,5.793550941149976,0.1724377870122788,0.16783989205568928,64.00267943636366,1.558400956137994,0.06392117991710579,0.006400385049282183,5.621113154137698,65.43323803266746,5.788953046193387,0.0013086647606533493,0.036175471809685486,0.9781371266451832,1.0510332331168886,0.0497737118676744,0.0,0.06281952800009094,0.46802402799994525,0.06281952800009094,0.0,True,2.313918800018655e-07,True,0.20325,4.920049200492005
w16_n20000,0,10,training,1042,2042,3042,4042,185042,20000,10000,50000,16,4065,4065,0.20325,0.14230917028353457,5.753746557906496,5.746778933081068,5.785505604027287,62.018958877148705,61.725208817514286,61.800949979394176,0.9988531218994223,0.006967624825427414,0.14226773587462035,5.792473228852715,2.845354717492407e-06,0.0016868179265980094,435.9312987999304,1.3843432508518525,0.3252258400664646,0.6090932500001145,0.06281952800009094,0.46802402799994525,0.6719127780002054,0.6719127780002054,True,2.418795599987789e-07,True,0.20325,4.920049200492005
w16_n20000,0,10,validation,1042,2042,3042,4042,185042,20000,10000,50000,16,4065,4065,0.20325,0.1970047394163381,5.803972742783505,5.806122139519317,5.785505604027287,66.18471350736219,65.27958219947915,65.6336379426746,0.998525010412475,-0.002149396735811606,0.19701982149215932,5.783356207291476,3.940396429843187e-06,0.001985043180851033,335.92921263506526,1.3843432508518525,0.3252258400664646,0.6090932500001145,0.06281952800009094,0.46802402799994525,0.6719127780002054,0.6719127780002054,True,2.418795599987789e-07,True,0.20325,4.920049200492005
w16_n20000,0,10,test,1042,2042,3042,4042,185042,20000,10000,50000,16,4065,4065,0.20325,0.19042699410481545,5.793550941149976,5.797677575940705,5.785505604027287,64.00267943636366,63.359513773762274,63.585889718430174,0.9985176746256136,-0.004126634790728004,0.19041377326558473,5.781378969236559,3.8082754653116944e-06,0.0019514803266524863,336.124211703395,1.3843432508518525,0.3252258400664646,0.6090932500001145,0.06281952800009094,0.46802402799994525,0.6719127780002054,0.6719127780002054,True,2.418795599987789e-07,True,0.20325,4.920049200492005
w16_n20000,0,25,training,1042,2042,3042,4042,185042,20000,10000,50000,16,4065,4065,0.20325,0.13646314726607137,5.753746557906496,5.699998865312846,5.731896423610266,62.018958877148705,60.760179322828265,61.322778594059706,0.9989645246186943,0.053747692593649865,0.13358101185752283,5.785644116203916,2.6716202371504568e-06,0.0016345091731619179,464.27975065271977,1.5104814945493144,0.41242847056087983,1.5656373060000988,0.06281952800009094,0.46802402799994525,1.6284568340001897,1.6284568340001897,True,2.339614199991047e-07,True,0.20325,4.920049200492005
w16_n20000,0,25,validation,1042,2042,3042,4042,185042,20000,10000,50000,16,4065,4065,0.20325,0.20612505863335864,5.803972742783505,5.758529987085641,5.731896423610266,66.18471350736219,64.36295334734301,65.17179321603751,0.9985339658713104,0.04544275569786418,0.20408042263020587,5.777339179308131,4.081608452604117e-06,0.002020299099787979,324.30701903871017,1.5104814945493144,0.41242847056087983,1.5656373060000988,0.06281952800009094,0.46802402799994525,1.6284568340001897,1.6284568340001897,True,2.339614199991047e-07,True,0.20325,4.920049200492005
w16_n20000,0,25,test,1042,2042,3042,4042,185042,20000,10000,50000,16,4065,4065,0.20325,0.19338748020174676,5.793550941149976,5.741163859033317,5.731896423610266,64.00267943636366,62.354565070441105,63.083298810019016,0.9985761535317953,0.05238708211666035,0.19064688676678448,5.7842835057269255,3.81293773533569e-06,0.0019526745082925853,335.71321578755806,1.5104814945493144,0.41242847056087983,1.5656373060000988,0.06281952800009094,0.46802402799994525,1.6284568340001897,1.6284568340001897,True,2.339614199991047e-07,True,0.20325,4.920049200492005
w16_n20000,0,50,training,1042,2042,3042,4042,185042,20000,10000,50000,16,4065,4065,0.20325,0.10922079440290881,5.753746557906496,5.74454736876215,5.772538214109111,62.018958877148705,61.86185481797127,61.88583603435831,0.9991197822154975,0.00919918914434563,0.10914162640331551,5.781737403253456,2.1828325280663103e-06,0.001477441209681898,568.2429419547727,1.5240652697036434,0.42138128423689647,3.0804909340001814,0.06281952800009094,0.46802402799994525,3.1433104620002723,3.1433104620002723,True,2.4187018000247916e-07,True,0.20325,4.920049200492005
w16_n20000,0,50,validation,1042,2042,3042,4042,185042,20000,10000,50000,16,4065,4065,0.20325,0.1664596194789154,5.803972742783505,5.790724584852829,5.772538214109111,66.18471350736219,65.48298135047958,65.75069706098891,0.9987511508205301,0.013248157930675436,0.1663007358639457,5.7857863720397855,3.326014717278914e-06,0.00182373647144507,397.98208446599637,1.5240652697036434,0.42138128423689647,3.0804909340001814,0.06281952800009094,0.46802402799994525,3.1433104620002723,3.1433104620002723,True,2.4187018000247916e-07,True,0.20325,4.920049200492005
w16_n20000,0,50,test,1042,2042,3042,4042,185042,20000,10000,50000,16,4065,4065,0.20325,0.1603394173265981,5.793550941149976,5.78215036298519,5.772538214109111,64.00267943636366,63.58210104486277,63.71228391641468,0.9987496917557075,0.011400578164786944,0.1602126483970746,5.783938792273898,3.204252967941492e-06,0.001790042727965311,399.4858088715817,1.5240652697036434,0.42138128423689647,3.0804909340001814,0.06281952800009094,0.46802402799994525,3.1433104620002723,3.1433104620002723,True,2.4187018000247916e-07,True,0.20325,4.920049200492005
w16_n20000,0,100,training,1042,2042,3042,4042,185042,20000,10000,50000,16,4065,4065,0.20325,0.0235684719002689,5.753746557906496,5.766583965701161,5.79668286316983,62.018958877148705,62.433588649790856,62.214571341918,0.9998174864932927,-0.012837407794665188,0.023404843103537534,5.7838454553751655,4.6809686207075067e-07,0.0006841760461100277,2649.8344211405897,1.362151976885744,0.30906578511888405,6.022312268000178,0.06281952800009094,0.46802402799994525,6.085131796000269,6.085131796000269,True,2.3760609999953885e-07,True,0.20325,4.920049200492005
w16_n20000,0,100,validation,1042,2042,3042,4042,185042,20000,10000,50000,16,4065,4065,0.20325,0.03210384059112739,5.803972742783505,5.81695536627545,5.79668286316983,66.18471350736219,66.5252819705677,66.33902849600143,0.9997626283154444,-0.012982623491945651,0.03193848592698644,5.783700239677884,6.387697185397288e-07,0.0007992307042023153,2072.255825109085,1.362151976885744,0.30906578511888405,6.022312268000178,0.06281952800009094,0.46802402799994525,6.085131796000269,6.085131796000269,True,2.3760609999953885e-07,True,0.20325,4.920049200492005
w16_n20000,0,100,test,1042,2042,3042,4042,185042,20000,10000,50000,16,4065,4065,0.20325,0.03061081842481184,5.793550941149976,5.808517558892698,5.79668286316983,64.00267943636366,64.36720633448559,64.16974917216129,0.9997673131871065,-0.014966617742720975,0.030387426526685645,5.781716245427109,6.077485305337129e-07,0.0007795822795149418,2106.2224331552975,1.362151976885744,0.30906578511888405,6.022312268000178,0.06281952800009094,0.46802402799994525,6.085131796000269,6.085131796000269,True,2.3760609999953885e-07,True,0.20325,4.920049200492005
w16_n20000,0,200,training,1042,2042,3042,4042,185042,20000,10000,50000,16,4065,4065,0.20325,0.02902327489687254,5.753746557906496,5.666474319840048,5.694935855677678,62.018958877148705,60.29065230448863,61.144101639941134,0.9999248038046206,0.08727223806644714,0.021407901754833657,5.782208093744126,4.2815803509667315e-07,0.0006543378600514211,2897.01249507769,1.2682676837347786,0.23765194078143262,11.679417219000015,0.06281952800009094,0.46802402799994525,11.742236747000106,11.742236747000106,True,2.4406091999935597e-07,True,0.20325,4.920049200492005
w16_n20000,0,200,validation,1042,2042,3042,4042,185042,20000,10000,50000,16,4065,4065,0.20325,0.03680928162785428,5.803972742783505,5.717372991456992,5.694935855677678,66.18471350736219,64.2939347618357,65.22466778661526,0.9998803337765249,0.08659975132651279,0.02931269596763719,5.781535607004191,5.862539193527438e-07,0.0007656722009794686,2257.8855790144216,1.2682676837347786,0.23765194078143262,11.679417219000015,0.06281952800009094,0.46802402799994525,11.742236747000106,11.742236747000106,True,2.4406091999935597e-07,True,0.20325,4.920049200492005
w16_n20000,0,200,test,1042,2042,3042,4042,185042,20000,10000,50000,16,4065,4065,0.20325,0.03470537812761959,5.793550941149976,5.706859883961134,5.694935855677678,64.00267943636366,62.2161366229077,63.095812738364245,0.9998847418437855,0.08669105718884264,0.02719058254275124,5.781626912866521,5.438116508550248e-07,0.000737435862197537,2353.854660367554,1.2682676837347786,0.23765194078143262,11.679417219000015,0.06281952800009094,0.46802402799994525,11.742236747000106,11.742236747000106,True,2.4406091999935597e-07,True,0.20325,4.920049200492005
w8_n10000,1,0,training,101042,102042,103042,104042,195042,10000,10000,50000,8,2033,2033,0.2033,101.95228939859032,5.883062947587057,-0.11398022743018656,-0.11554947357320398,64.08756991682034,1.9633868064816142,0.02829736576667534,0.002522645195055296,5.997043175017243,65.99436199176861,5.881493701444039,0.0013198872398353723,0.036330252405335314,0.971106742797421,1.0225802143396285,0.022329055089750235,0.0,0.03198729799987632,0.470698289999973,0.03198729799987632,0.0,True,1.9892264000191062e-07,True,0.2033,4.918839153959666
w8_n10000,1,0,validation,101042,102042,103042,104042,195042,10000,10000,50000,8,2033,2033,0.2033,104.25439394562633,5.883383946560312,-0.09612006581088535,-0.11554947357320398,66.56472414419001,1.9329736883566069,-0.004539278377700321,-0.00040017668086213563,5.979504012371197,68.50677638930202,5.863954538797993,0.0013701355277860403,0.037015341789399164,0.9716516767031053,1.0225802143396285,0.022329055089750235,0.0,0.03198729799987632,0.470698289999973,0.03198729799987632,0.0,True,1.9892264000191062e-07,True,0.2033,4.918839153959666
w8_n10000,1,0,test,101042,102042,103042,104042,195042,10000,10000,50000,8,2033,2033,0.2033,98.94135081712737,5.722123845007931,-0.11623265765404453,-0.11554947357320398,63.065177782145064,1.9162952301556138,0.06261586126143379,0.005695847290599224,5.838356502661975,64.85624128977781,5.722807029088772,0.0012971248257955563,0.03601561919217211,0.9723840994788725,1.0225802143396285,0.022329055089750235,0.0,0.03198729799987632,0.470698289999973,0.03198729799987632,0.0,True,1.9892264000191062e-07,True,0.2033,4.918839153959666
w8_n10000,1,10,training,101042,102042,103042,104042,195042,10000,10000,50000,8,2033,2033,0.2033,0.1415790431305748,5.883062947587057,5.883026240183464,5.792692106350808,64.08756991682034,63.34805516793813,63.64701594182761,0.9989057234815236,3.670740359115339e-05,0.1415932011032516,5.792728813754399,2.831864022065032e-06,0.0016828143159793453,452.6175650911858,1.3686270095021953,0.31380805447391974,0.30719704000011916,0.03198729799987632,0.470698289999973,0.3391843379999955,0.3391843379999955,True,1.9430673999977443e-07,True,0.2033,4.918839153959666
w8_n10000,1,10,validation,101042,102042,103042,104042,195042,10000,10000,50000,8,2033,2033,0.2033,0.1937689024079809,5.883383946560312,5.885293396534509,5.792692106350808,66.56472414419001,65.4304973175484,65.90071841343307,0.9985687485730851,-0.0019094499741972117,0.1937846348722641,5.790782656376611,3.875692697445282e-06,0.001968677905967678,343.4984625487314,1.3686270095021953,0.31380805447391974,0.30719704000011916,0.03198729799987632,0.470698289999973,0.3391843379999955,0.3391843379999955,True,1.9430673999977443e-07,True,0.2033,4.918839153959666
w8_n10000,1,10,test,101042,102042,103042,104042,195042,10000,10000,50000,8,2033,2033,0.2033,0.19317824259440444,5.722123845007931,5.7339754008769,5.792692106350808,63.065177782145064,62.139608876338315,62.5058725072163,0.9984854758562518,-0.011851555868969021,0.19304164405077012,5.780840550481837,3.860832881015402e-06,0.001964900221643685,326.692088084159,1.3686270095021953,0.31380805447391974,0.30719704000011916,0.03198729799987632,0.470698289999973,0.3391843379999955,0.3391843379999955,True,1.9430673999977443e-07,True,0.2033,4.918839153959666
w8_n10000,1,25,training,101042,102042,103042,104042,195042,10000,10000,50000,8,2033,2033,0.2033,0.14833725672389014,5.883062947587057,5.878546958118234,5.777214968369301,64.08756991682034,63.622349268474544,63.78079374478114,0.9988451537559431,0.004515989468822766,0.1483316957325809,5.781730957838124,2.966633914651618e-06,0.001722391916682036,432.0558030453607,1.4570796401126707,0.3764341860573864,0.80436838300011,0.03198729799987632,0.470698289999973,0.8363556809999864,0.8363556809999864,True,1.9697960000030434e-07,True,0.2033,4.918839153959666
w8_n10000,1,25,validation,101042,102042,103042,104042,195042,10000,10000,50000,8,2033,2033,0.2033,0.2161391966425467,5.883383946560312,5.8714270714222705,5.777214968369301,66.56472414419001,65.76038599221265,66.05454615241999,0.99838596642918,0.011956875138042056,0.2160178315626363,5.789171843507343,4.320356631252726e-06,0.002078546759457849,308.14458076294954,1.4570796401126707,0.3764341860573864,0.80436838300011,0.03198729799987632,0.470698289999973,0.8363556809999864,0.8363556809999864,True,1.9697960000030434e-07,True,0.2033,4.918839153959666
w8_n10000,1,25,test,101042,102042,103042,104042,195042,10000,10000,50000,8,2033,2033,0.2033,0.2109338966869738,5.722123845007931,5.717224531480109,5.777214968369301,63.065177782145064,62.392450865966794,62.62335726820784,0.9983331945255024,0.0048993135278227054,0.2109141116961638,5.782114281897123,4.218282233923276e-06,0.0020538457181403075,299.0088110983999,1.4570796401126707,0.3764341860573864,0.80436838300011,0.03198729799987632,0.470698289999973,0.8363556809999864,0.8363556809999864,True,1.9697960000030434e-07,True,0.2033,4.918839153959666
w8_n10000,1,50,training,101042,102042,103042,104042,195042,10000,10000,50000,8,2033,2033,0.2033,0.13208009043295824,5.883062947587057,5.921536618552004,5.823805547140683,64.08756991682034,64.82565296769174,64.3913049780719,0.9990031891638167,-0.038473670964948,0.130612928368276,5.785331876175735,2.6122585673655202e-06,0.0016162483000348431,490.6678895990995,1.587230720389053,0.46199081244499285,1.57622647900007,0.03198729799987632,0.470698289999973,1.6082137769999463,1.6082137769999463,True,1.9603901999744267e-07,True,0.2033,4.918839153959666
w8_n10000,1,50,validation,101042,102042,103042,104042,195042,10000,10000,50000,8,2033,2033,0.2033,0.20964157708695558,5.883383946560312,5.918648629738642,5.823805547140683,66.56472414419001,66.99673931229079,66.6765223176957,0.9984447519004815,-0.03526468317832921,0.20841882108939655,5.7885408639623535,4.168376421787931e-06,0.002041660212128338,319.3796212657713,1.587230720389053,0.46199081244499285,1.57622647900007,0.03198729799987632,0.470698289999973,1.6082137769999463,1.6082137769999463,True,1.9603901999744267e-07,True,0.2033,4.918839153959666
w8_n10000,1,50,test,101042,102042,103042,104042,195042,10000,10000,50000,8,2033,2033,0.2033,0.20629592601562421,5.722123845007931,5.763246261151012,5.823805547140683,63.065177782145064,63.65069916176176,63.25563398941068,0.9983959519433401,-0.041122416143080466,0.20460896508548124,5.7826831309976034,4.0921793017096245e-06,0.0020229135675331324,308.2229449515948,1.587230720389053,0.46199081244499285,1.57622647900007,0.03198729799987632,0.470698289999973,1.6082137769999463,1.6082137769999463,True,1.9603901999744267e-07,True,0.2033,4.918839153959666
w8_n10000,1,100,training,101042,102042,103042,104042,195042,10000,10000,50000,8,2033,2033,0.2033,0.12758259022817792,5.883062947587057,5.872147702870809,5.772929344804503,64.08756991682034,64.22589631616054,64.09299501885019,0.9990071057022751,0.010915244716247394,0.12747619528049045,5.78384458952075,2.549523905609809e-06,0.001596722864372465,502.7414708746693,1.6440281500846516,0.4971494194099301,3.026884715000051,0.03198729799987632,0.470698289999973,3.0588720129999274,3.0588720129999274,True,2.0344287999705557e-07,True,0.2033,4.918839153959666
w8_n10000,1,100,validation,101042,102042,103042,104042,195042,10000,10000,50000,8,2033,2033,0.2033,0.2097493697958395,5.883383946560312,5.865695539883171,5.772929344804503,66.56472414419001,66.51751326010285,66.43638998424213,0.9984261680668317,0.017688406677141156,0.20945743580864443,5.790617751481644,4.189148716172888e-06,0.0020467409988009933,317.7959468815518,1.6440281500846516,0.4971494194099301,3.026884715000051,0.03198729799987632,0.470698289999973,3.0588720129999274,3.0588720129999274,True,2.0344287999705557e-07,True,0.2033,4.918839153959666
w8_n10000,1,100,test,101042,102042,103042,104042,195042,10000,10000,50000,8,2033,2033,0.2033,0.20545471134086948,5.722123845007931,5.712632246835369,5.772929344804503,63.065177782145064,63.090041559910816,62.97492530688818,0.9983721142640531,0.009491598172560754,0.2053687282795657,5.782420942977064,4.107374565591314e-06,0.002026665874186299,307.0826717897151,1.6440281500846516,0.4971494194099301,3.026884715000051,0.03198729799987632,0.470698289999973,3.0588720129999274,3.0588720129999274,True,2.0344287999705557e-07,True,0.2033,4.918839153959666
w8_n10000,1,200,training,101042,102042,103042,104042,195042,10000,10000,50000,8,2033,2033,0.2033,0.03444950304814258,5.883062947587057,5.815592376902724,5.7238867712087105,64.08756991682034,62.936094192181095,63.49688194692023,0.9998056895115691,0.06747057068433204,0.029900215161189292,5.791357341893042,5.980043032237859e-07,0.0007733073795223901,2143.3815633543168,1.6009694911147343,0.4706093776898055,5.799244112999986,0.03198729799987632,0.470698289999973,5.831231410999862,5.831231410999862,True,2.002039999979388e-07,True,0.2033,4.918839153959666
w8_n10000,1,200,validation,101042,102042,103042,104042,195042,10000,10000,50000,8,2033,2033,0.2033,0.05515260336414032,5.883383946560312,5.822447452896557,5.7238867712087105,66.56472414419001,65.29642041092772,65.90485003178213,0.9996561013367817,0.0609364936637553,0.05144449155326275,5.784823264872466,1.028889831065255e-06,0.0010143420680743035,1293.9135393198048,1.6009694911147343,0.4706093776898055,5.799244112999986,0.03198729799987632,0.470698289999973,5.831231410999862,5.831231410999862,True,2.002039999979388e-07,True,0.2033,4.918839153959666
w8_n10000,1,200,test,101042,102042,103042,104042,195042,10000,10000,50000,8,2033,2033,0.2033,0.0550290956704587,5.722123845007931,5.665685098658411,5.7238867712087105,63.065177782145064,61.88988578489062,62.45160938327946,0.9996293107799994,0.05643874634951943,0.05184480047696285,5.78032551755823,1.036896009539257e-06,0.0010182809089535447,1216.4224223443193,1.6009694911147343,0.4706093776898055,5.799244112999986,0.03198729799987632,0.470698289999973,5.831231410999862,5.831231410999862,True,2.002039999979388e-07,True,0.2033,4.918839153959666
w8_n20000,1,0,training,101042,102042,103042,104042,205042,20000,10000,50000,8,2033,2033,0.10165,104.00883944430996,5.853106532074607,-0.4520501721068587,-0.4556302445812212,64.37704174703583,1.3474964311596318,0.7337434728041735,0.07877981035858252,6.3051567041814645,64.2570512325871,5.849526459600244,0.001285141024651742,0.03584886364519442,1.0018673517092218,1.022881885590736,0.022624021448017142,0.0,0.06520480700010012,0.470698289999973,0.06520480700010012,0.0,True,2.0295387999794912e-07,True,0.10165,9.837678307919331
w8_n20000,1,0,validation,101042,102042,103042,104042,205042,20000,10000,50000,8,2033,2033,0.10165,106.38875780889988,5.883383946560312,-0.4555561634003576,-0.4556302445812212,66.56472414419001,1.3473170363807343,0.8494118837988847,0.08969358106515994,6.338940109960669,66.21321741297298,5.883309865379449,0.0013242643482594596,0.03639044308962807,1.0053087094231454,1.022881885590736,0.022624021448017142,0.0,0.06520480700010012,0.470698289999973,0.06520480700010012,0.0,True,2.0295387999794912e-07,True,0.10165,9.837678307919331
w8_n20000,1,0,test,101042,102042,103042,104042,205042,20000,10000,50000,8,2033,2033,0.10165,101.08441265126449,5.722123845007931,-0.4459371990545778,-0.4556302445812212,63.065177782145064,1.3330284811720552,0.6787549207028516,0.07402841733280247,6.168061044062509,63.04069642191143,5.712430799481287,0.0012608139284382286,0.03550794176572656,1.0003883421602735,1.022881885590736,0.022624021448017142,0.0,0.06520480700010012,0.470698289999973,0.06520480700010012,0.0,True,2.0295387999794912e-07,True,0.10165,9.837678307919331
w8_n20000,1,10,training,101042,102042,103042,104042,205042,20000,10000,50000,8,2033,2033,0.10165,0.1632671499796591,5.853106532074607,5.860606087484627,5.789087986348767,64.37704174703583,64.12215225254334,64.16798746598876,0.9987317695544948,-0.007499555410020714,0.16321906760169122,5.781588430938747,3.2643813520338243e-06,0.0018067599043685423,394.42108506671053,1.1385435330425746,0.12974984298218004,0.5757024189999811,0.06520480700010012,0.470698289999973,0.6409072260000812,0.6409072260000812,True,1.9856257999890657e-07,True,0.10165,9.837678307919331
w8_n20000,1,10,validation,101042,102042,103042,104042,205042,20000,10000,50000,8,2033,2033,0.10165,0.185886757767633,5.883383946560312,5.881813698557663,5.789087986348767,66.56472414419001,66.15224939912201,66.2655353304675,0.9986040760287875,0.0015702480026495089,0.18590288237708094,5.790658234351417,3.718057647541619e-06,0.0019282265550348639,358.06181858531767,1.1385435330425746,0.12974984298218004,0.5757024189999811,0.06520480700010012,0.470698289999973,0.6409072260000812,0.6409072260000812,True,1.9856257999890657e-07,True,0.10165,9.837678307919331
w8_n20000,1,10,test,101042,102042,103042,104042,205042,20000,10000,50000,8,2033,2033,0.10165,0.1827106309580084,5.722123845007931,5.730439670702365,5.789087986348767,63.065177782145064,62.76996218292657,62.82624741708401,0.9985512843486931,-0.008315825694434417,0.1826451309036462,5.780772160654332,3.652902618072924e-06,0.0019112568163574784,345.28803187978156,1.1385435330425746,0.12974984298218004,0.5757024189999811,0.06520480700010012,0.470698289999973,0.6409072260000812,0.6409072260000812,True,1.9856257999890657e-07,True,0.10165,9.837678307919331
w8_n20000,1,25,training,101042,102042,103042,104042,205042,20000,10000,50000,8,2033,2033,0.10165,0.1703392047522695,5.853106532074607,5.879851861305749,5.807171815196993,64.37704174703583,64.57595134754212,64.39168036042132,0.9986857290980983,-0.026745329231142864,0.16963237373527407,5.78042648596585,3.3926474747054814e-06,0.0018419140790779252,379.50917227334065,1.1794425435407607,0.1650419061235747,1.4819997560000502,0.06520480700010012,0.470698289999973,1.5472045630001503,1.5472045630001503,True,1.9729417999769793e-07,True,0.10165,9.837678307919331
w8_n20000,1,25,validation,101042,102042,103042,104042,205042,20000,10000,50000,8,2033,2033,0.10165,0.20090530491772718,5.883383946560312,5.903801946227508,5.807171815196993,66.56472414419001,66.65035248964396,66.50728408639029,0.9984950578618886,-0.02041799966719652,0.2005084610534229,5.786753815529797,4.010169221068458e-06,0.0020025406914888043,331.9796271662306,1.1794425435407607,0.1650419061235747,1.4819997560000502,0.06520480700010012,0.470698289999973,1.5472045630001503,1.5472045630001503,True,1.9729417999769793e-07,True,0.10165,9.837678307919331
w8_n20000,1,25,test,101042,102042,103042,104042,205042,20000,10000,50000,8,2033,2033,0.10165,0.19815523840630803,5.722123845007931,5.749306887584806,5.807171815196993,63.065177782145064,63.2276509606331,63.04770423688517,0.9984376316139556,-0.02718304257687576,0.19742026900795195,5.779988772620117,3.948405380159039e-06,0.001987059480780341,319.4463167285262,1.1794425435407607,0.1650419061235747,1.4819997560000502,0.06520480700010012,0.470698289999973,1.5472045630001503,1.5472045630001503,True,1.9729417999769793e-07,True,0.10165,9.837678307919331
w8_n20000,1,50,training,101042,102042,103042,104042,205042,20000,10000,50000,8,2033,2033,0.10165,0.16764598779316553,5.853106532074607,5.794707936625344,5.723829952792162,64.37704174703583,62.943925725069704,63.57836183403631,0.998773274201093,0.058398595449263076,0.1642438040329204,5.782228548241425,3.284876080658408e-06,0.0018124227102578494,391.9602454783155,1.233794872552147,0.21009468196708628,2.906749824000144,0.06520480700010012,0.470698289999973,2.9719546310002443,2.9719546310002443,True,1.9934790000206703e-07,True,0.10165,9.837678307919331
w8_n20000,1,50,validation,101042,102042,103042,104042,205042,20000,10000,50000,8,2033,2033,0.10165,0.20684076014314745,5.883383946560312,5.817432985015405,5.723829952792162,66.56472414419001,65.05427558178205,65.70824412200473,0.9985271345907707,0.06595096154490673,0.202511481962646,5.789780914337069,4.05022963925292e-06,0.002012518233272166,328.6960497206184,1.233794872552147,0.21009468196708628,2.906749824000144,0.06520480700010012,0.470698289999973,2.9719546310002443,2.9719546310002443,True,1.9934790000206703e-07,True,0.10165,9.837678307919331
w8_n20000,1,50,test,101042,102042,103042,104042,205042,20000,10000,50000,8,2033,2033,0.10165,0.1953631481491423,5.722123845007931,5.665689741173032,5.723829952792162,63.065177782145064,61.714268906425545,62.29363225242672,0.9985183450667968,0.056434103834899225,0.19218218371716844,5.780264056627061,3.843643674343369e-06,0.0019605212761771725,328.15309183372125,1.233794872552147,0.21009468196708628,2.906749824000144,0.06520480700010012,0.470698289999973,2.9719546310002443,2.9719546310002443,True,1.9934790000206703e-07,True,0.10165,9.837678307919331
w8_n20000,1,100,training,101042,102042,103042,104042,205042,20000,10000,50000,8,2033,2033,0.10165,0.04691445394172286,5.853106532074607,5.8787232187367,5.808190456907914,64.37704174703583,64.70845874392565,64.51961996931382,0.9996449232576534,-0.025616686662093345,0.04626055233379571,5.782573770245821,9.252110466759142e-07,0.0009618789147683372,1391.6185280824045,1.193326835255161,0.1767450664127692,5.623945322000054,0.06520480700010012,0.470698289999973,5.689150129000154,5.689150129000154,True,1.9203299999844602e-07,True,0.10165,9.837678307919331
w8_n20000,1,100,validation,101042,102042,103042,104042,205042,20000,10000,50000,8,2033,2033,0.10165,0.05598427685000015,5.883383946560312,5.906724086737963,5.808190456907914,66.56472414419001,66.94791552040127,66.72859730268944,0.99958883750486,-0.02334014017765109,0.055445059212409005,5.784850316730262,1.1089011842481802e-06,0.0010530437712878702,1200.5528551999876,1.193326835255161,0.1767450664127692,5.623945322000054,0.06520480700010012,0.470698289999973,5.689150129000154,5.689150129000154,True,1.9203299999844602e-07,True,0.10165,9.837678307919331
w8_n20000,1,100,test,101042,102042,103042,104042,205042,20000,10000,50000,8,2033,2033,0.10165,0.05305844989802679,5.722123845007931,5.7484286586630695,5.808190456907914,63.065177782145064,63.45602811175664,63.23441916993702,0.9995908662881883,-0.026304813655139637,0.05236755402767572,5.7818856432527745,1.0473510805535143e-06,0.0010234017200266541,1204.2796146028847,1.193326835255161,0.1767450664127692,5.623945322000054,0.06520480700010012,0.470698289999973,5.689150129000154,5.689150129000154,True,1.9203299999844602e-07,True,0.10165,9.837678307919331
w8_n20000,1,200,training,101042,102042,103042,104042,205042,20000,10000,50000,8,2033,2033,0.10165,0.029253326174889734,5.853106532074607,5.8315432552929405,5.762475615592913,64.37704174703583,63.78535303297405,64.06680249462555,0.9997860195422595,0.021563276781665367,0.028789790758864977,5.784038892374579,5.757958151772996e-07,0.0007588121079538067,2236.106621483965,1.2630606574809145,0.23353786872415577,11.00374739100016,0.06520480700010012,0.470698289999973,11.068952198000261,11.068952198000261,True,2.0537710000098742e-07,True,0.10165,9.837678307919331
w8_n20000,1,200,validation,101042,102042,103042,104042,205042,20000,10000,50000,8,2033,2033,0.10165,0.03694872539195987,5.883383946560312,5.860559951487892,5.762475615592913,66.56472414419001,66.07066873148993,66.29948072094804,0.9997322621115061,0.02282399507241941,0.036431433784272466,5.785299610665333,7.286286756854493e-07,0.0008535974904399903,1827.1233720404975,1.2630606574809145,0.23353786872415577,11.00374739100016,0.06520480700010012,0.470698289999973,11.068952198000261,11.068952198000261,True,2.0537710000098742e-07,True,0.10165,9.837678307919331
w8_n20000,1,200,test,101042,102042,103042,104042,205042,20000,10000,50000,8,2033,2033,0.10165,0.0362614863620882,5.722123845007931,5.702393924313181,5.762475615592913,63.065177782145064,62.58864368257983,62.80897426533724,0.9997216991151666,0.019729920694748722,0.03587293405014814,5.7822055362876625,7.174586810029628e-07,0.0008470293271209461,1758.015602905072,1.2630606574809145,0.23353786872415577,11.00374739100016,0.06520480700010012,0.470698289999973,11.068952198000261,11.068952198000261,True,2.0537710000098742e-07,True,0.10165,9.837678307919331
w16_n10000,1,0,training,101042,102042,103042,104042,275042,10000,10000,50000,16,4065,4065,0.4065,106.89658299557136,5.883062947587057,-0.5776819025760911,-0.5692774048606116,64.08756991682034,1.1355053221122748,0.030600037377231482,0.003587075087689638,6.460744850163147,65.16187516417816,5.891467445302535,0.001303237503283563,0.03610038092989551,0.9835132852660999,1.0196628284582858,0.019472012314055157,0.0,0.03198729799987632,0.470698289999973,0.03198729799987632,0.0,True,2.413163600022017e-07,True,0.4065,2.4600246002460024
w16_n10000,1,0,validation,101042,102042,103042,104042,275042,10000,10000,50000,16,4065,4065,0.4065,108.99847216979019,5.883383946560312,-0.5720227269182662,-0.5692774048606116,66.56472414419001,1.1419432522424007,0.18686862680985336,0.02143344913537297,6.455406673478578,67.3329301428127,5.886129268617967,0.001346658602856254,0.0366968473149432,0.9885909317032048,1.0196628284582858,0.019472012314055157,0.0,0.03198729799987632,0.470698289999973,0.03198729799987632,0.0,True,2.413163600022017e-07,True,0.4065,2.4600246002460024
w16_n10000,1,0,test,101042,102042,103042,104042,275042,10000,10000,50000,16,4065,4065,0.4065,103.48683633645777,5.722123845007931,-0.5678252119959902,-0.5692774048606116,63.065177782145064,1.1321790381232872,0.13635056520064948,0.016136322884381646,6.289949057003921,63.92465568986705,5.7206716521433085,0.001278493113797341,0.03575602206338593,0.9865548292994838,1.0196628284582858,0.019472012314055157,0.0,0.03198729799987632,0.470698289999973,0.03198729799987632,0.0,True,2.413163600022017e-07,True,0.4065,2.4600246002460024
w16_n10000,1,10,training,101042,102042,103042,104042,275042,10000,10000,50000,16,4065,4065,0.4065,0.1304674742490001,5.883062947587057,5.917359619433343,5.83361638317642,64.08756991682034,64.2696594348928,64.1139626043748,0.998993628048443,-0.03429667184628715,0.12930414296356452,5.799319711330133,2.5860828592712905e-06,0.0016081302370365687,495.63431184783474,1.538865207803372,0.4310452667477032,0.3220279220001885,0.03198729799987632,0.470698289999973,0.3540152200000648,0.3540152200000648,True,2.3459195999748773e-07,True,0.4065,2.4600246002460024
w16_n10000,1,10,validation,101042,102042,103042,104042,275042,10000,10000,50000,16,4065,4065,0.4065,0.20077185687176863,5.883383946560312,5.928332026499823,5.83361638317642,66.56472414419001,66.30982926924109,66.33789100465458,0.998505904403005,-0.04494807993951045,0.19877140412193225,5.78866830323691,3.9754280824386454e-06,0.0019938475574723977,334.8807864905821,1.538865207803372,0.4310452667477032,0.3220279220001885,0.03198729799987632,0.470698289999973,0.3540152200000648,0.3540152200000648,True,2.3459195999748773e-07,True,0.4065,2.4600246002460024
w16_n10000,1,10,test,101042,102042,103042,104042,275042,10000,10000,50000,16,4065,4065,0.4065,0.19446083226781752,5.722123845007931,5.774472832207781,5.83361638317642,63.065177782145064,62.93770162790973,62.90557757988144,0.9984789247203789,-0.052348987199850115,0.19172425029197335,5.78126739597657,3.834485005839467e-06,0.0019581841092807047,328.93688558491823,1.538865207803372,0.4310452667477032,0.3220279220001885,0.03198729799987632,0.470698289999973,0.3540152200000648,0.3540152200000648,True,2.3459195999748773e-07,True,0.4065,2.4600246002460024
w16_n10000,1,25,training,101042,102042,103042,104042,275042,10000,10000,50000,16,4065,4065,0.4065,0.12051468415609069,5.883062947587057,5.844741517364817,5.753997185148029,64.08756991682034,63.31555821845009,63.64203503866143,0.9990838440077167,0.038321430222239244,0.11905805794760754,5.792318615370268,2.3811611589521507e-06,0.0015431011499419443,538.2883865367819,1.7258275860925372,0.5457066954889088,0.8600933070001702,0.03198729799987632,0.470698289999973,0.8920806050000465,0.8920806050000465,True,2.450793599973622e-07,True,0.4065,2.4600246002460024
w16_n10000,1,25,validation,101042,102042,103042,104042,275042,10000,10000,50000,16,4065,4065,0.4065,0.20798756644581054,5.883383946560312,5.84477605174729,5.753997185148029,66.56472414419001,65.28070174837107,65.81945412194615,0.9984809897791221,0.03860789481302176,0.20651764866878408,5.792605079961051,4.130352973375682e-06,0.0020323269848564435,322.3197851286185,1.7258275860925372,0.5457066954889088,0.8600933070001702,0.03198729799987632,0.470698289999973,0.8920806050000465,0.8920806050000465,True,2.450793599973622e-07,True,0.4065,2.4600246002460024
w16_n10000,1,25,test,101042,102042,103042,104042,275042,10000,10000,50000,16,4065,4065,0.4065,0.19964299714783737,5.722123845007931,5.693745131429364,5.753997185148029,63.065177782145064,61.95866020974072,62.41249818464496,0.9984486755852682,0.028378713578566535,0.198841622595915,5.782375898726596,3.9768324519183005e-06,0.0019941997021156884,317.1628603650344,1.7258275860925372,0.5457066954889088,0.8600933070001702,0.03198729799987632,0.470698289999973,0.8920806050000465,0.8920806050000465,True,2.450793599973622e-07,True,0.4065,2.4600246002460024
w16_n10000,1,50,training,101042,102042,103042,104042,275042,10000,10000,50000,16,4065,4065,0.4065,0.18116176561870503,5.883062947587057,5.9982493370642125,5.905951350973219,64.08756991682034,66.4746876204029,65.19717344243003,0.9988809095412616,-0.11518638947715718,0.167910652363158,5.790764961496063,3.35821304726316e-06,0.0018325427818370735,381.6766179802067,1.6918338579259031,0.525813063647624,1.6946198300001925,0.03198729799987632,0.470698289999973,1.7266071280000688,1.7266071280000688,True,2.31759659995987e-07,True,0.4065,2.4600246002460024
w16_n10000,1,50,validation,101042,102042,103042,104042,275042,10000,10000,50000,16,4065,4065,0.4065,0.306495608835362,5.883383946560312,6.003033798819876,5.905951350973219,66.56472414419001,68.78788047534087,67.53019793848351,0.9979757546260815,-0.11964985225956416,0.2922087425638828,5.786301498713656,5.844174851277656e-06,0.0024174728232759218,227.7985373063833,1.6918338579259031,0.525813063647624,1.6946198300001925,0.03198729799987632,0.470698289999973,1.7266071280000688,1.7266071280000688,True,2.31759659995987e-07,True,0.4065,2.4600246002460024
w16_n10000,1,50,test,101042,102042,103042,104042,275042,10000,10000,50000,16,4065,4065,0.4065,0.29324740833716,5.722123845007931,5.845142950968803,5.905951350973219,63.065177782145064,65.24336877794462,64.01521364489926,0.997976232556529,-0.12301910596087186,0.2781192702911537,5.782932245012348,5.5623854058230736e-06,0.002358470988972108,226.75587245761236,1.6918338579259031,0.525813063647624,1.6946198300001925,0.03198729799987632,0.470698289999973,1.7266071280000688,1.7266071280000688,True,2.31759659995987e-07,True,0.4065,2.4600246002460024
w16_n10000,1,100,training,101042,102042,103042,104042,275042,10000,10000,50000,16,4065,4065,0.4065,0.09011447544986617,5.883062947587057,5.934858651230664,5.838038998231966,64.08756991682034,64.599789952389,64.29995972231646,0.9993284367702971,-0.051795703643608054,0.08744042457638727,5.786243294588357,1.7488084915277454e-06,0.0013224252309782,732.9283935582214,2.3152196234703655,0.8395045527879652,3.2172433490000003,0.03198729799987632,0.470698289999973,3.2492306469998766,3.2492306469998766,True,2.372683000021425e-07,True,0.4065,2.4600246002460024
w16_n10000,1,100,validation,101042,102042,103042,104042,275042,10000,10000,50000,16,4065,4065,0.4065,0.20863480192026865,5.883383946560312,5.933584307679466,5.838038998231966,66.56472414419001,66.78789862349598,66.57324371424417,0.9984556068374019,-0.05020036111915343,0.206135339197695,5.787838637112811,4.1227067839539e-06,0.0020304449719098275,322.9175764003804,2.3152196234703655,0.8395045527879652,3.2172433490000003,0.03198729799987632,0.470698289999973,3.2492306469998766,3.2492306469998766,True,2.372683000021425e-07,True,0.4065,2.4600246002460024
w16_n10000,1,100,test,101042,102042,103042,104042,275042,10000,10000,50000,16,4065,4065,0.4065,0.20551435635573237,5.722123845007931,5.7789607812536135,5.838038998231966,63.065177782145064,63.33900883609809,63.100949326724965,0.9984020162472013,-0.056836936245682555,0.2022879647932324,5.781202061986283,4.045759295864648e-06,0.0020114072923862656,311.7594160710787,2.3152196234703655,0.8395045527879652,3.2172433490000003,0.03198729799987632,0.470698289999973,3.2492306469998766,3.2492306469998766,True,2.372683000021425e-07,True,0.4065,2.4600246002460024
w16_n10000,1,200,training,101042,102042,103042,104042,275042,10000,10000,50000,16,4065,4065,0.4065,0.05391009920323419,5.883062947587057,5.841366187705723,5.742065946342123,64.08756991682034,62.9522697219439,63.49383147083795,0.999629205821354,0.04169675988133374,0.052176697088341426,5.783762706223457,1.0435339417668285e-06,0.0010215350908152046,1228.2795480195377,2.470879256521992,0.9045740615964682,6.134468610000113,0.03198729799987632,0.470698289999973,6.166455907999989,6.166455907999989,True,2.313895799989041e-07,True,0.4065,2.4600246002460024
w16_n10000,1,200,validation,101042,102042,103042,104042,275042,10000,10000,50000,16,4065,4065,0.4065,0.13320534583831414,5.883383946560312,5.839967532222111,5.742065946342123,66.56472414419001,65.29713110294148,65.86526087648888,0.999050169359307,0.04341641433820082,0.1313334941537432,5.785482360680324,2.626669883074864e-06,0.0016207004297756154,506.8373804649346,2.470879256521992,0.9045740615964682,6.134468610000113,0.03198729799987632,0.470698289999973,6.166455907999989,6.166455907999989,True,2.313895799989041e-07,True,0.4065,2.4600246002460024
w16_n10000,1,200,test,101042,102042,103042,104042,275042,10000,10000,50000,16,4065,4065,0.4065,0.13274491195912894,5.722123845007931,5.683945553017659,5.742065946342123,63.065177782145064,61.8794620924346,62.406674959400355,0.9989942000741286,0.038178291990270424,0.13128995577895014,5.7802442383323935,2.6257991155790027e-06,0.0016204317682577698,480.35036197533987,2.470879256521992,0.9045740615964682,6.134468610000113,0.03198729799987632,0.470698289999973,6.166455907999989,6.166455907999989,True,2.313895799989041e-07,True,0.4065,2.4600246002460024
w16_n20000,1,0,training,101042,102042,103042,104042,285042,20000,10000,50000,16,4065,4065,0.20325,109.74493661321002,5.853106532074607,-0.7394981512570924,-0.745718888222416,64.37704174703583,0.9740033015681854,-0.46738467231930403,-0.05902401431732907,6.5926046833317,66.28581439324263,5.846885795109283,0.0013257162878648526,0.03641038708754485,0.9712039044299441,1.0206609202013528,0.020450378441820058,0.0,0.06520480700010012,0.470698289999973,0.06520480700010012,0.0,True,2.402063800036558e-07,True,0.20325,4.920049200492005
w16_n20000,1,0,validation,101042,102042,103042,104042,285042,20000,10000,50000,16,4065,4065,0.20325,112.01236799107808,5.883383946560312,-0.7524187638089778,-0.745718888222416,66.56472414419001,0.9750179503759195,-0.22277340722932532,-0.027652536443046282,6.635802710369289,67.98528890902456,5.890083822146874,0.0013597057781804913,0.03687418850877252,0.9791048212395552,1.0206609202013528,0.020450378441820058,0.0,0.06520480700010012,0.470698289999973,0.06520480700010012,0.0,True,2.402063800036558e-07,True,0.20325,4.920049200492005
w16_n20000,1,0,test,101042,102042,103042,104042,285042,20000,10000,50000,16,4065,4065,0.20325,106.5007506997742,5.722123845007931,-0.7483757640865079,-0.745718888222416,63.065177782145064,0.961580622719361,-0.3039598985912601,-0.03903270301649148,6.470499609094439,64.63467820204694,5.7247807208720225,0.0012926935640409389,0.035954047950695886,0.9757173631313574,1.0206609202013528,0.020450378441820058,0.0,0.06520480700010012,0.470698289999973,0.06520480700010012,0.0,True,2.402063800036558e-07,True,0.20325,4.920049200492005
w16_n20000,1,10,training,101042,102042,103042,104042,285042,20000,10000,50000,16,4065,4065,0.20325,0.1483844139198934,5.853106532074607,5.883967980764613,5.816525293171136,64.37704174703583,64.45299359706979,64.34129799361656,0.998855724960729,-0.030861448690006534,0.1474393568724911,5.78566384448113,2.9487871374498222e-06,0.0017172032894942353,436.6340379706794,1.227828077250477,0.20524681768469724,0.5965424789999361,0.06520480700010012,0.470698289999973,0.6617472860000362,0.6617472860000362,True,2.4063349999778437e-07,True,0.20325,4.920049200492005
w16_n20000,1,10,validation,101042,102042,103042,104042,285042,20000,10000,50000,16,4065,4065,0.20325,0.18219054963720163,5.883383946560312,5.910086351714814,5.816525293171136,66.56472414419001,66.45689106913277,66.42005976627927,0.9986359206884626,-0.026702405154502812,0.1814956807642428,5.789822888016633,3.629913615284856e-06,0.0019052332180824626,366.7565192951093,1.227828077250477,0.20524681768469724,0.5965424789999361,0.06520480700010012,0.470698289999973,0.6617472860000362,0.6617472860000362,True,2.4063349999778437e-07,True,0.20325,4.920049200492005
w16_n20000,1,10,test,101042,102042,103042,104042,285042,20000,10000,50000,16,4065,4065,0.20325,0.17746417896400715,5.722123845007931,5.755024374075146,5.816525293171136,63.065177782145064,63.05135903702738,62.97007577865805,0.9986014165128924,-0.03290052906721337,0.17638526185634165,5.783624764103922,3.527705237126833e-06,0.0018782186340058585,357.5422182013653,1.227828077250477,0.20524681768469724,0.5965424789999361,0.06520480700010012,0.470698289999973,0.6617472860000362,0.6617472860000362,True,2.4063349999778437e-07,True,0.20325,4.920049200492005
w16_n20000,1,25,training,101042,102042,103042,104042,285042,20000,10000,50000,16,4065,4065,0.20325,0.11682134988746291,5.853106532074607,5.903364882854747,5.83453548905658,64.37704174703583,65.12639773255049,64.69456915823193,0.999134115712866,-0.05025835078014069,0.11430116312247936,5.784277138276439,2.286023262449587e-06,0.0015119600730342012,563.2229803125682,1.288399502614579,0.253400752425918,1.5612583669999367,0.06520480700010012,0.470698289999973,1.6264631740000368,1.6264631740000368,True,2.3605398000199784e-07,True,0.20325,4.920049200492005
w16_n20000,1,25,validation,101042,102042,103042,104042,285042,20000,10000,50000,16,4065,4065,0.20325,0.15051256908977093,5.883383946560312,5.933681307968855,5.83453548905658,66.56472414419001,67.29077284322163,66.85374972156606,0.9989090430164302,-0.05029736140854293,0.14799754427953732,5.784238127648037,2.9599508855907463e-06,0.0017204507797640553,449.7691125094803,1.288399502614579,0.253400752425918,1.5612583669999367,0.06520480700010012,0.470698289999973,1.6264631740000368,1.6264631740000368,True,2.3605398000199784e-07,True,0.20325,4.920049200492005
w16_n20000,1,25,test,101042,102042,103042,104042,285042,20000,10000,50000,16,4065,4065,0.20325,0.15106318042962458,5.722123845007931,5.772749071819437,5.83453548905658,63.065177782145064,63.77623718000578,63.34645586262308,0.9988449162127633,-0.050625226811506,0.14850323690464629,5.783910262245075,2.970064738092926e-06,0.0017233875762848372,424.6720751456692,1.288399502614579,0.253400752425918,1.5612583669999367,0.06520480700010012,0.470698289999973,1.6264631740000368,1.6264631740000368,True,2.3605398000199784e-07,True,0.20325,4.920049200492005
w16_n20000,1,50,training,101042,102042,103042,104042,285042,20000,10000,50000,16,4065,4065,0.20325,0.048565863453827976,5.853106532074607,5.866043254234792,5.80093543138842,64.37704174703583,64.71393908451047,64.52128995341324,0.9996284676491441,-0.012936722160185337,0.04840092471981415,5.787998709228234,9.68018494396283e-07,0.0009838793088566722,1330.0787561333814,1.2960977434336678,0.259358014402291,3.0840408409999327,0.06520480700010012,0.470698289999973,3.149245648000033,3.149245648000033,True,2.317906200005382e-07,True,0.20325,4.920049200492005
w16_n20000,1,50,validation,101042,102042,103042,104042,285042,20000,10000,50000,16,4065,4065,0.20325,0.06294610603041408,5.883383946560312,5.902224748006994,5.80093543138842,66.56472414419001,66.94644242017857,66.72428458719918,0.9995352301705482,-0.018840801446681172,0.0625973899702578,5.782094629941739,1.2519477994051559e-06,0.001118904732050569,1063.3785877624807,1.2960977434336678,0.259358014402291,3.0840408409999327,0.06520480700010012,0.470698289999973,3.149245648000033,3.149245648000033,True,2.317906200005382e-07,True,0.20325,4.920049200492005
w16_n20000,1,50,test,101042,102042,103042,104042,285042,20000,10000,50000,16,4065,4065,0.20325,0.06212401992765766,5.722123845007931,5.742440248513877,5.80093543138842,63.065177782145064,63.47209787394136,63.237781579080135,0.9995174661191769,-0.020316403505945907,0.061712497926199775,5.780619027882475,1.2342499585239955e-06,0.0011109680276785627,1021.9190585602761,1.2960977434336678,0.259358014402291,3.0840408409999327,0.06520480700010012,0.470698289999973,3.149245648000033,3.149245648000033,True,2.317906200005382e-07,True,0.20325,4.920049200492005
w16_n20000,1,100,training,101042,102042,103042,104042,285042,20000,10000,50000,16,4065,4065,0.20325,0.04352350637498244,5.853106532074607,5.7853821033883515,5.7197792050048735,64.37704174703583,62.669127721730426,63.50361530684472,0.9997838513646428,0.06772442868625514,0.03893885507685658,5.787503633691129,7.787771015371316e-07,0.0008824834851356322,1653.2854296812263,1.1482814257565037,0.13826641224159755,5.97773810700005,0.06520480700010012,0.470698289999973,6.04294291400015,6.04294291400015,True,2.3462752000341424e-07,True,0.20325,4.920049200492005
w16_n20000,1,100,validation,101042,102042,103042,104042,285042,20000,10000,50000,16,4065,4065,0.20325,0.049977233954187114,5.883383946560312,5.81736782078867,5.7197792050048735,66.56472414419001,64.83253651027032,65.67581849350066,0.9997396553243847,0.06601612577164194,0.045623667459035774,5.785795330776516,9.124733491807155e-07,0.0009552347089489135,1458.9954699270204,1.1482814257565037,0.13826641224159755,5.97773810700005,0.06520480700010012,0.470698289999973,6.04294291400015,6.04294291400015,True,2.3462752000341424e-07,True,0.20325,4.920049200492005
w16_n20000,1,100,test,101042,102042,103042,104042,285042,20000,10000,50000,16,4065,4065,0.20325,0.04614534094406001,5.722123845007931,5.662213803189398,5.7197792050048735,63.065177782145064,61.47687664853134,62.24974872585174,0.9997395956045761,0.059910041818533155,0.042556978972941056,5.779689246823406,8.511395794588211e-07,0.0009225722624590559,1481.8997801099488,1.1482814257565037,0.13826641224159755,5.97773810700005,0.06520480700010012,0.470698289999973,6.04294291400015,6.04294291400015,True,2.3462752000341424e-07,True,0.20325,4.920049200492005
w16_n20000,1,200,training,101042,102042,103042,104042,285042,20000,10000,50000,16,4065,4065,0.20325,0.014515092300668385,5.853106532074607,5.8586609013185384,5.789722599631524,64.37704174703583,64.62204258514741,64.49229968332592,0.9998895160161909,-0.00555436924393221,0.014484965531247004,5.784168230387592,2.8969931062494005e-07,0.0005382372252315331,4444.404207118168,1.2376827723796633,0.2132408994071506,11.709777605999989,0.06520480700010012,0.470698289999973,11.774982413000089,11.774982413000089,True,2.386097199996584e-07,True,0.20325,4.920049200492005
w16_n20000,1,200,validation,101042,102042,103042,104042,285042,20000,10000,50000,16,4065,4065,0.20325,0.01796507968003795,5.883383946560312,5.89286220378261,5.789722599631524,66.56472414419001,66.85484151833518,66.70084431625106,0.9998683727926914,-0.009478257222298475,0.017877030023068195,5.780244342409226,3.575406004613639e-07,0.0005979469880025853,3723.477784525511,1.2376827723796633,0.2132408994071506,11.709777605999989,0.06520480700010012,0.470698289999973,11.774982413000089,11.774982413000089,True,2.386097199996584e-07,True,0.20325,4.920049200492005
w16_n20000,1,200,test,101042,102042,103042,104042,285042,20000,10000,50000,16,4065,4065,0.20325,0.01763948619894706,5.722123845007931,5.730431289239194,5.789722599631524,63.065177782145064,63.30216417784009,63.17488556799978,0.9998627126706852,-0.008307444231264055,0.017570823985771224,5.781415155400259,3.514164797154245e-07,0.0005928039133772857,3589.1986530179215,1.2376827723796633,0.2132408994071506,11.709777605999989,0.06520480700010012,0.470698289999973,11.774982413000089,11.774982413000089,True,2.386097199996584e-07,True,0.20325,4.920049200492005
w8_n10000,2,0,training,201042,202042,203042,204042,295042,10000,10000,50000,8,2033,2033,0.2033,91.78587854710369,5.698376493779046,0.37059553354690505,0.3794251641009633,62.45538164750748,1.2921901319218905,0.1703012478047039,0.018957003345314746,5.327780960232141,63.40696928381997,5.707206124333105,0.0012681393856763994,0.035610944745631215,0.9849923810101532,0.9900022414401541,-0.01004807177510069,0.0,0.02910974599990368,0.4730737570000656,0.02910974599990368,0.0,True,1.9694002000051114e-07,True,0.2033,4.918839153959666
w8_n10000,2,0,validation,201042,202042,203042,204042,295042,10000,10000,50000,8,2033,2033,0.2033,90.86822549418642,5.654056332469637,0.36865655447575557,0.3794251641009633,62.122101272981304,1.2663374204194686,0.22468505278667616,0.025332403268068356,5.285399777993883,62.939068587827414,5.664824942094846,0.0012587813717565483,0.03547930906537708,0.9870197107587303,0.9900022414401541,-0.01004807177510069,0.0,0.02910974599990368,0.4730737570000656,0.02910974599990368,0.0,True,1.9694002000051114e-07,True,0.2033,4.918839153959666
w8_n10000,2,0,test,201042,202042,203042,204042,295042,10000,10000,50000,8,2033,2033,0.2033,92.98385132303214,5.712878720896962,0.3726520807209048,0.3794251641009633,64.09674711647645,1.2751692784105595,0.4523981489494923,0.050040184678417476,5.340226640176057,64.46712009698804,5.71965180427702,0.0012893424019397607,0.035907414303173665,0.9942548545684314,0.9900022414401541,-0.01004807177510069,0.0,0.02910974599990368,0.4730737570000656,0.02910974599990368,0.0,True,1.9694002000051114e-07,True,0.2033,4.918839153959666
w8_n10000,2,10,training,201042,202042,203042,204042,295042,10000,10000,50000,8,2033,2033,0.2033,0.12717946088940293,5.698376493779046,5.7212009663592065,5.819841199236488,62.45538164750748,62.26372271113908,62.296216593594295,0.9989855278555819,-0.022824472580160675,0.12667117145798626,5.797016726656327,2.5334234291597254e-06,0.0015916731539985605,493.0512675350319,1.3654688141835827,0.3114978232845779,0.31852530700007264,0.02910974599990368,0.4730737570000656,0.3476350529999763,0.3476350529999763,True,2.005102600014652e-07,True,0.2033,4.918839153959666
w8_n10000,2,10,validation,201042,202042,203042,204042,295042,10000,10000,50000,8,2033,2033,0.2033,0.17365958764916037,5.654056332469637,5.694030868808877,5.819841199236488,62.122101272981304,61.45475562360999,61.70238903230725,0.9986220770612058,-0.03997453633923842,0.17207883197682083,5.779866662897249,3.4415766395364165e-06,0.0018551486839432619,361.0095475389396,1.3654688141835827,0.3114978232845779,0.31852530700007264,0.02910974599990368,0.4730737570000656,0.3476350529999763,0.3476350529999763,True,2.005102600014652e-07,True,0.2033,4.918839153959666
w8_n10000,2,10,test,201042,202042,203042,204042,295042,10000,10000,50000,8,2033,2033,0.2033,0.19251077387966645,5.712878720896962,5.749835458169019,5.819841199236488,64.09674711647645,63.21531161652056,63.56045496828561,0.9985225123708836,-0.03695673727205726,0.19114879642579907,5.7828844619644295,3.8229759285159816e-06,0.0019552431890984766,335.32383313414056,1.3654688141835827,0.3114978232845779,0.31852530700007264,0.02910974599990368,0.4730737570000656,0.3476350529999763,0.3476350529999763,True,2.005102600014652e-07,True,0.2033,4.918839153959666
w8_n10000,2,25,training,201042,202042,203042,204042,295042,10000,10000,50000,8,2033,2033,0.2033,0.12838340358166417,5.698376493779046,5.666249421938294,5.757595156027618,62.45538164750748,61.68377701616821,62.00589733621998,0.9989933202850965,0.03212707184075179,0.12736399123572686,5.78972222786837,2.5472798247145373e-06,0.0015960199950860695,490.369224782806,1.5057976298947457,0.4093227444485485,0.8236294989999351,0.02910974599990368,0.4730737570000656,0.8527392449998388,0.8527392449998388,True,1.9967636000274068e-07,True,0.2033,4.918839153959666
w8_n10000,2,25,validation,201042,202042,203042,204042,295042,10000,10000,50000,8,2033,2033,0.2033,0.19331942483109052,5.654056332469637,5.629197961916338,5.757595156027618,62.122101272981304,60.95359539908208,61.4414879568715,0.9984791306667689,0.024858370553299328,0.19272075832035748,5.782453526580917,3.854415166407149e-06,0.0019632664532373465,322.34255310326483,1.5057976298947457,0.4093227444485485,0.8236294989999351,0.02910974599990368,0.4730737570000656,0.8527392449998388,0.8527392449998388,True,1.9967636000274068e-07,True,0.2033,4.918839153959666
w8_n10000,2,25,test,201042,202042,203042,204042,295042,10000,10000,50000,8,2033,2033,0.2033,0.20730684434462718,5.712878720896962,5.6893562504394914,5.757595156027618,64.09674711647645,62.69024594147809,63.290117692536434,0.998430688998529,0.023522470457470437,0.20675767288166222,5.781117626485088,4.135153457633244e-06,0.0020335076733647315,310.0090372615203,1.5057976298947457,0.4093227444485485,0.8236294989999351,0.02910974599990368,0.4730737570000656,0.8527392449998388,0.8527392449998388,True,1.9967636000274068e-07,True,0.2033,4.918839153959666
w8_n10000,2,50,training,201042,202042,203042,204042,295042,10000,10000,50000,8,2033,2033,0.2033,0.1565305751184057,5.698376493779046,5.716518606955538,5.804282636408027,62.45538164750748,63.00472907100134,62.65194682897742,0.9987644213241184,-0.018142113176491993,0.15621706055395243,5.786140523231536,3.1243412110790485e-06,0.0017675806094996202,399.79872509467276,1.4806931473398102,0.39251032093493576,1.5966559470000448,0.02910974599990368,0.4730737570000656,1.6257656929999484,1.6257656929999484,True,1.997520799977792e-07,True,0.2033,4.918839153959666
w8_n10000,2,50,validation,201042,202042,203042,204042,295042,10000,10000,50000,8,2033,2033,0.2033,0.23177374992698274,5.654056332469637,5.675941924566985,5.804282636408027,62.122101272981304,62.244376237902934,62.0675798041542,0.998140512542855,-0.02188559209734617,0.23131790257578885,5.782397044310681,4.626358051515777e-06,0.0021508970341501186,268.5572564044309,1.4806931473398102,0.39251032093493576,1.5966559470000448,0.02910974599990368,0.4730737570000656,1.6257656929999484,1.6257656929999484,True,1.997520799977792e-07,True,0.2033,4.918839153959666
w8_n10000,2,50,test,201042,202042,203042,204042,295042,10000,10000,50000,8,2033,2033,0.2033,0.2456905347414835,5.712878720896962,5.736462167054997,5.804282636408027,64.09674711647645,64.00993045748463,63.93076915768358,0.9980866735277857,-0.023583446158035894,0.24513925859396637,5.780699190249991,4.902785171879327e-06,0.002214223378947871,261.4707553743661,1.4806931473398102,0.39251032093493576,1.5966559470000448,0.02910974599990368,0.4730737570000656,1.6257656929999484,1.6257656929999484,True,1.997520799977792e-07,True,0.2033,4.918839153959666
w8_n10000,2,100,training,201042,202042,203042,204042,295042,10000,10000,50000,8,2033,2033,0.2033,0.10289728426147929,5.698376493779046,5.722658652336785,5.81407241863063,62.45538164750748,62.75160349042809,62.552333622554535,0.9991856063916057,-0.02428215855773922,0.1023178928265388,5.78979026007289,2.0463578565307763e-06,0.0014305096492267279,610.4052763614777,1.8244894402354914,0.6013001891195956,3.0223324199998842,0.02910974599990368,0.4730737570000656,3.051442165999788,3.051442165999788,True,1.9993406000139657e-07,True,0.2033,4.918839153959666
w8_n10000,2,100,validation,201042,202042,203042,204042,295042,10000,10000,50000,8,2033,2033,0.2033,0.1877350085639786,5.654056332469637,5.68362733459297,5.81407241863063,62.122101272981304,62.07278281162955,62.00400241614409,0.9984953528793122,-0.0295710021233312,0.18687925232263278,5.784501416507299,3.7375850464526554e-06,0.001933283488382564,332.41839584060534,1.8244894402354914,0.6013001891195956,3.0223324199998842,0.02910974599990368,0.4730737570000656,3.051442165999788,3.051442165999788,True,1.9993406000139657e-07,True,0.2033,4.918839153959666
w8_n10000,2,100,test,201042,202042,203042,204042,295042,10000,10000,50000,8,2033,2033,0.2033,0.19829595774267655,5.712878720896962,5.744356906379641,5.81407241863063,64.09674711647645,63.79098476183724,63.84521142527586,0.9984600237339538,-0.031478185482680714,0.19730902776194978,5.782594233147949,3.946180555238996e-06,0.0019864995734303584,324.85460925694775,1.8244894402354914,0.6013001891195956,3.0223324199998842,0.02910974599990368,0.4730737570000656,3.051442165999788,3.051442165999788,True,1.9993406000139657e-07,True,0.2033,4.918839153959666
w8_n10000,2,200,training,201042,202042,203042,204042,295042,10000,10000,50000,8,2033,2033,0.2033,0.02003103956046357,5.698376493779046,5.702067547024264,5.79435159164823,62.45538164750748,62.32659695216996,62.380979591024605,0.9998400973397281,-0.0036910532452184798,0.020019417628167346,5.790660538403012,4.003883525633469e-07,0.0006327624772087445,3119.740184631179,1.9079455099870268,0.6460270139112781,5.789374022999937,0.02910974599990368,0.4730737570000656,5.81848376899984,5.81848376899984,True,2.0449151999855531e-07,True,0.2033,4.918839153959666
w8_n10000,2,200,validation,201042,202042,203042,204042,295042,10000,10000,50000,8,2033,2033,0.2033,0.03821813198975897,5.654056332469637,5.666342813423978,5.79435159164823,62.122101272981304,61.810127551010766,61.94707892125929,0.9996959754862139,-0.01228648095433983,0.038070981473664986,5.78206511069389,7.614196294732998e-07,0.000872593622182342,1631.7441491744391,1.9079455099870268,0.6460270139112781,5.789374022999937,0.02910974599990368,0.4730737570000656,5.81848376899984,5.81848376899984,True,2.0449151999855531e-07,True,0.2033,4.918839153959666
w8_n10000,2,200,test,201042,202042,203042,204042,295042,10000,10000,50000,8,2033,2033,0.2033,0.041006229914723615,5.712878720896962,5.725408817662972,5.79435159164823,64.09674711647645,63.67011497943035,63.86300602615795,0.999685849904008,-0.012530096766009875,0.04085004359062986,5.781821494882221,8.170008718125972e-07,0.0009038810053389756,1569.0741424613534,1.9079455099870268,0.6460270139112781,5.789374022999937,0.02910974599990368,0.4730737570000656,5.81848376899984,5.81848376899984,True,2.0449151999855531e-07,True,0.2033,4.918839153959666
w8_n20000,2,0,training,201042,202042,203042,204042,305042,20000,10000,50000,8,2033,2033,0.10165,93.5902893820123,5.718698009604212,0.2927621957314801,0.2871476566141165,62.97759685927638,0.712783000642109,-0.231168850852576,-0.03450305933950234,5.425935813872733,64.15271756162365,5.713083470486849,0.0012830543512324728,0.03581974806210218,0.9816824485849961,0.9822588372389168,-0.017900423649535802,0.0,0.06520370200018988,0.4730737570000656,0.06520370200018988,0.0,True,1.9725107999875036e-07,True,0.10165,9.837678307919331
w8_n20000,2,0,validation,201042,202042,203042,204042,305042,20000,10000,50000,8,2033,2033,0.10165,91.92988882522914,5.654056332469637,0.2951726930309908,0.2871476566141165,62.122101272981304,0.7098559888400778,-0.19330978002337476,-0.029110229720393618,5.3588836394386465,63.21857682186813,5.646031296052763,0.0012643715364373627,0.03555800242473363,0.9826558014430413,0.9822588372389168,-0.017900423649535802,0.0,0.06520370200018988,0.4730737570000656,0.06520370200018988,0.0,True,1.9725107999875036e-07,True,0.10165,9.837678307919331
w8_n20000,2,0,test,201042,202042,203042,204042,305042,20000,10000,50000,8,2033,2033,0.10165,94.65022872892607,5.712878720896962,0.28833130200728313,0.2871476566141165,64.09674711647645,0.7073366467199337,-0.21086739115895103,-0.03131687007073322,5.424547418889678,65.2258185455143,5.711695075503795,0.001304516370910286,0.03611808924777563,0.9826898082045534,0.9822588372389168,-0.017900423649535802,0.0,0.06520370200018988,0.4730737570000656,0.06520370200018988,0.0,True,1.9725107999875036e-07,True,0.10165,9.837678307919331
w8_n20000,2,10,training,201042,202042,203042,204042,305042,20000,10000,50000,8,2033,2033,0.10165,0.13621883265342236,5.718698009604212,5.681313705029793,5.746189740195411,62.97759685927638,61.82561341279206,62.33419114212207,0.998962232154713,0.037384304574419505,0.1348279878243006,5.78357404476983,2.696559756486012e-06,0.0016421205060792622,467.09587434728195,1.196244670910363,0.17918720894573148,0.5793802499999856,0.06520370200018988,0.4730737570000656,0.6445839520001755,0.6445839520001755,True,1.9678503999784879e-07,True,0.10165,9.837678307919331
w8_n20000,2,10,validation,201042,202042,203042,204042,305042,20000,10000,50000,8,2033,2033,0.10165,0.16295105263928703,5.654056332469637,5.616785554155344,5.746189740195411,62.122101272981304,60.88175497255944,61.42113907300381,0.9987371766973243,0.03727077831429394,0.16157809953308708,5.783460518509705,3.2315619906617416e-06,0.0017976545804635944,384.4710480720828,1.196244670910363,0.17918720894573148,0.5793802499999856,0.06520370200018988,0.4730737570000656,0.6445839520001755,0.6445839520001755,True,1.9678503999784879e-07,True,0.10165,9.837678307919331
w8_n20000,2,10,test,201042,202042,203042,204042,305042,20000,10000,50000,8,2033,2033,0.10165,0.1815741717431174,5.712878720896962,5.674957230065628,5.746189740195411,64.09674711647645,62.63343440466393,63.27502089303475,0.9986451317517177,0.03792149083133345,0.18013973507094788,5.784111231026744,3.6027947014189575e-06,0.00189810292171393,355.8168168240727,1.196244670910363,0.17918720894573148,0.5793802499999856,0.06520370200018988,0.4730737570000656,0.6445839520001755,0.6445839520001755,True,1.9678503999784879e-07,True,0.10165,9.837678307919331
w8_n20000,2,25,training,201042,202042,203042,204042,305042,20000,10000,50000,8,2033,2033,0.10165,0.09817260918007711,5.718698009604212,5.698903244625146,5.764427164043158,62.97759685927638,62.48265952465786,62.68123535909571,0.9992283599537799,0.019794764979066255,0.09778566574278781,5.784221929022224,1.955713314855756e-06,0.001398468203019202,644.037102788977,1.2812861394201993,0.2478643698835298,1.4939857200001825,0.06520370200018988,0.4730737570000656,1.5591894220003724,1.5591894220003724,True,1.9958389999828796e-07,True,0.10165,9.837678307919331
w8_n20000,2,25,validation,201042,202042,203042,204042,305042,20000,10000,50000,8,2033,2033,0.10165,0.12578720341314903,5.654056332469637,5.63281437006421,5.764427164043158,62.122101272981304,61.54475487296436,61.77075381432381,0.9989972885508461,0.021241962405426994,0.12534851729804516,5.785669126448585,2.506970345960903e-06,0.0015833415127384563,495.59502267802344,1.2812861394201993,0.2478643698835298,1.4939857200001825,0.06520370200018988,0.4730737570000656,1.5591894220003724,1.5591894220003724,True,1.9958389999828796e-07,True,0.10165,9.837678307919331
w8_n20000,2,25,test,201042,202042,203042,204042,305042,20000,10000,50000,8,2033,2033,0.10165,0.13524608205272878,5.712878720896962,5.69434434075919,5.764427164043158,64.09674711647645,63.31916814534712,63.640505002456386,0.9989598234767212,0.018534380137771412,0.13490525691077557,5.782961544180929,2.6981051382155113e-06,0.0016425909832382228,475.1241618321007,1.2812861394201993,0.2478643698835298,1.4939857200001825,0.06520370200018988,0.4730737570000656,1.5591894220003724,1.5591894220003724,True,1.9958389999828796e-07,True,0.10165,9.837678307919331
w8_n20000,2,50,training,201042,202042,203042,204042,305042,20000,10000,50000,8,2033,2033,0.10165,0.03641866778618392,5.718698009604212,5.703704011021432,5.76689016602345,62.97759685927638,62.58746306802727,62.764432134864016,0.9997165632686327,0.014993998582780235,0.036195657575562264,5.78188416460623,7.239131515112453e-07,0.0008508308595198257,1739.9213352542079,1.1810317206908554,0.1663883960339104,2.9369754310000644,0.06520370200018988,0.4730737570000656,3.0021791330002543,3.0021791330002543,True,1.9645721999950184e-07,True,0.10165,9.837678307919331
w8_n20000,2,50,validation,201042,202042,203042,204042,305042,20000,10000,50000,8,2033,2033,0.10165,0.04301160188078542,5.654056332469637,5.639496979472915,5.76689016602345,62.122101272981304,61.66994988302076,61.87462362424507,0.9996608955000086,0.014559352996722999,0.04280390751185337,5.781449519020174,8.560781502370674e-07,0.0009252449136510113,1451.3184632916584,1.1810317206908554,0.1663883960339104,2.9369754310000644,0.06520370200018988,0.4730737570000656,3.0021791330002543,3.0021791330002543,True,1.9645721999950184e-07,True,0.10165,9.837678307919331
w8_n20000,2,50,test,201042,202042,203042,204042,305042,20000,10000,50000,8,2033,2033,0.10165,0.04573813014415922,5.712878720896962,5.697143111650911,5.76689016602345,64.09674711647645,63.50411005934784,63.77768287262495,0.9996542683142232,0.01573560924604985,0.045491430574426325,5.7826257752695005,9.098286114885265e-07,0.0009538493651979471,1408.9850837205672,1.1810317206908554,0.1663883960339104,2.9369754310000644,0.06520370200018988,0.4730737570000656,3.0021791330002543,3.0021791330002543,True,1.9645721999950184e-07,True,0.10165,9.837678307919331
w8_n20000,2,100,training,201042,202042,203042,204042,305042,20000,10000,50000,8,2033,2033,0.10165,0.03092971219281596,5.718698009604212,5.780684849414311,5.844855658831096,62.97759685927638,63.92487658085445,63.43769237090644,0.9998143947914031,-0.06198683981009907,0.027088698318088994,5.782868819020997,5.417739663617799e-07,0.0007360529643726597,2324.866116480093,1.104792469885825,0.09965750727312168,5.693930600000158,0.06520370200018988,0.4730737570000656,5.759134302000348,5.759134302000348,True,2.013423000016701e-07,True,0.10165,9.837678307919331
w8_n20000,2,100,validation,201042,202042,203042,204042,305042,20000,10000,50000,8,2033,2033,0.10165,0.03417091312635886,5.654056332469637,5.71505321950472,5.844855658831096,62.122101272981304,62.97367726363617,62.53266259919262,0.9997797252817425,-0.06099688703508271,0.030453338232211413,5.783858771796013,6.090667646442282e-07,0.0007804272961937122,2039.9110534053993,1.104792469885825,0.09965750727312168,5.693930600000158,0.06520370200018988,0.4730737570000656,5.759134302000348,5.759134302000348,True,2.013423000016701e-07,True,0.10165,9.837678307919331
w8_n20000,2,100,test,201042,202042,203042,204042,305042,20000,10000,50000,8,2033,2033,0.10165,0.03578893022996048,5.712878720896962,5.774021337396568,5.844855658831096,64.09674711647645,64.91651542852912,64.49060569665258,0.9997717501436938,-0.06114261649960704,0.03205115170057648,5.783713042331489,6.410230340115296e-07,0.0008006391409439896,1999.826643213061,1.104792469885825,0.09965750727312168,5.693930600000158,0.06520370200018988,0.4730737570000656,5.759134302000348,5.759134302000348,True,2.013423000016701e-07,True,0.10165,9.837678307919331
w8_n20000,2,200,training,201042,202042,203042,204042,305042,20000,10000,50000,8,2033,2033,0.10165,0.014195019610036178,5.718698009604212,5.744268796407169,5.806983950452965,62.97759685927638,63.56875478428723,63.266404905999714,0.9999038995017597,-0.025570786802955915,0.013541831563892163,5.78141316365001,2.7083663127784323e-07,0.0005204196684194817,4650.596676095084,1.3348768696338014,0.2888390551144918,11.039926098000024,0.06520370200018988,0.4730737570000656,11.105129800000213,11.105129800000213,True,2.0045023999955446e-07,True,0.10165,9.837678307919331
w8_n20000,2,200,validation,201042,202042,203042,204042,305042,20000,10000,50000,8,2033,2033,0.10165,0.018948603341435517,5.654056332469637,5.67533895211849,5.806983950452965,62.122101272981304,62.51685963607484,62.3102317029317,0.9998566062419874,-0.02128261964885297,0.01849750319263703,5.7857013308041125,3.699500638527406e-07,0.0006082352043845707,3358.4046790546918,1.3348768696338014,0.2888390551144918,11.039926098000024,0.06520370200018988,0.4730737570000656,11.105129800000213,11.105129800000213,True,2.0045023999955446e-07,True,0.10165,9.837678307919331
w8_n20000,2,200,test,201042,202042,203042,204042,305042,20000,10000,50000,8,2033,2033,0.10165,0.019592584994984924,5.712878720896962,5.7369081433725295,5.806983950452965,64.09674711647645,64.55034796249507,64.31403976340482,0.9998584034863728,-0.024029422475568517,0.019015552161518776,5.782954527977398,3.803110432303755e-07,0.00061669363806543,3370.7539266825597,1.3348768696338014,0.2888390551144918,11.039926098000024,0.06520370200018988,0.4730737570000656,11.105129800000213,11.105129800000213,True,2.0045023999955446e-07,True,0.10165,9.837678307919331
w16_n10000,2,0,training,201042,202042,203042,204042,375042,10000,10000,50000,16,4065,4065,0.4065,91.01624082127313,5.698376493779046,0.49590563480936745,0.504962946876041,62.45538164750748,0.9940673719567322,-0.25374222836392374,-0.03220326505608686,5.2024708589696775,63.956933476192056,5.70743380584572,0.001279138669523841,0.03576504815492132,0.9765224542974136,0.9870659726001595,-0.01301840024226982,0.0,0.02910974599990368,0.4730737570000656,0.02910974599990368,0.0,True,2.404473800015694e-07,True,0.4065,2.4600246002460024
w16_n10000,2,0,validation,201042,202042,203042,204042,375042,10000,10000,50000,16,4065,4065,0.4065,89.8390342686603,5.654056332469637,0.5023075827591952,0.504962946876041,62.122101272981304,0.9870414337967719,-0.09785343334822859,-0.012496411207402901,5.151748749710443,63.30484957347452,5.656711696586484,0.0012660969914694905,0.03558225669444661,0.9813166241060179,0.9870659726001595,-0.01301840024226982,0.0,0.02910974599990368,0.4730737570000656,0.02910974599990368,0.0,True,2.404473800015694e-07,True,0.4065,2.4600246002460024
w16_n10000,2,0,test,201042,202042,203042,204042,375042,10000,10000,50000,16,4065,4065,0.4065,92.67619540625218,5.712878720896962,0.5090102568269201,0.504962946876041,64.09674711647645,0.9953072329613721,-0.25260300533944346,-0.031625830449476956,5.203868464070042,65.59726036011672,5.7088314109460825,0.0013119452072023344,0.036220784188119595,0.977125367196698,0.9870659726001595,-0.01301840024226982,0.0,0.02910974599990368,0.4730737570000656,0.02910974599990368,0.0,True,2.404473800015694e-07,True,0.4065,2.4600246002460024
w16_n10000,2,10,training,201042,202042,203042,204042,375042,10000,10000,50000,16,4065,4065,0.4065,0.11716287157631267,5.698376493779046,5.700354200551082,5.807733553197867,62.45538164750748,62.15664543300855,62.24742820159803,0.9990625870512263,-0.0019777067720368365,0.11717067731996855,5.805755846425829,2.343413546399371e-06,0.0015308212000097762,533.0291082721569,1.6538907447723505,0.5031305392639881,0.33728468699996483,0.02910974599990368,0.4730737570000656,0.3663944329998685,0.3663944329998685,True,2.4772440000106146e-07,True,0.4065,2.4600246002460024
w16_n10000,2,10,validation,201042,202042,203042,204042,375042,10000,10000,50000,16,4065,4065,0.4065,0.193774588931015,5.654056332469637,5.674344294581533,5.807733553197867,62.122101272981304,61.267271536564415,61.59799524189439,0.9984567084946668,-0.02028796211189491,0.19338232575693706,5.787445591085972,3.867646515138741e-06,0.00196663329452614,321.23980839419005,1.6538907447723505,0.5031305392639881,0.33728468699996483,0.02910974599990368,0.4730737570000656,0.3663944329998685,0.3663944329998685,True,2.4772440000106146e-07,True,0.4065,2.4600246002460024
w16_n10000,2,10,test,201042,202042,203042,204042,375042,10000,10000,50000,16,4065,4065,0.4065,0.20491407384974417,5.712878720896962,5.737600367454516,5.807733553197867,64.09674711647645,63.05401263522533,63.47322637576028,0.9984267648805164,-0.024721646557554454,0.2043070001812311,5.783011906640313,4.086140003624622e-06,0.0020214202936610242,313.727611191096,1.6538907447723505,0.5031305392639881,0.33728468699996483,0.02910974599990368,0.4730737570000656,0.3663944329998685,0.3663944329998685,True,2.4772440000106146e-07,True,0.4065,2.4600246002460024
w16_n10000,2,25,training,201042,202042,203042,204042,375042,10000,10000,50000,16,4065,4065,0.4065,0.10980135002907243,5.698376493779046,5.713908731371668,5.810613649751367,62.45538164750748,62.861255798292106,62.603533194534705,0.9991308867035029,-0.015532237592622724,0.10957105673011173,5.795081412158745,2.1914211346022346e-06,0.0014803449377095309,569.9988985352536,1.7833856656865863,0.5785136170540569,0.853414088999898,0.02910974599990368,0.4730737570000656,0.8825238349998017,0.8825238349998017,True,2.479250599981242e-07,True,0.4065,2.4600246002460024
w16_n10000,2,25,validation,201042,202042,203042,204042,375042,10000,10000,50000,16,4065,4065,0.4065,0.1958181537148832,5.654056332469637,5.682512124784369,5.810613649751367,62.122101272981304,61.94796073556401,61.937517042077125,0.9984290657691534,-0.02845579231473031,0.19502792439106323,5.782157857436637,3.900558487821265e-06,0.001974983161401956,318.5292642935389,1.7833856656865863,0.5785136170540569,0.853414088999898,0.02910974599990368,0.4730737570000656,0.8825238349998017,0.8825238349998017,True,2.479250599981242e-07,True,0.4065,2.4600246002460024
w16_n10000,2,25,test,201042,202042,203042,204042,375042,10000,10000,50000,16,4065,4065,0.4065,0.20270913862114662,5.712878720896962,5.74018285326935,5.810613649751367,64.09674711647645,63.74265378443434,63.818716619290484,0.9984239753646049,-0.02730413237238837,0.20196766232978433,5.78330951737898,4.039353246595687e-06,0.0020098142318621605,317.3614348806772,1.7833856656865863,0.5785136170540569,0.853414088999898,0.02910974599990368,0.4730737570000656,0.8825238349998017,0.8825238349998017,True,2.479250599981242e-07,True,0.4065,2.4600246002460024
w16_n10000,2,50,training,201042,202042,203042,204042,375042,10000,10000,50000,16,4065,4065,0.4065,0.1049944528460747,5.698376493779046,5.742024174713933,5.840724071130714,62.45538164750748,63.43707229885768,62.8946771518029,0.99921142959035,-0.043647680934886635,0.10309964275935699,5.797076390195827,2.0619928551871396e-06,0.0014359640856188359,605.7768967568924,1.8990628848120614,0.6413605459801639,1.6761032599999908,0.02910974599990368,0.4730737570000656,1.7052130059998944,1.7052130059998944,True,2.3237825999785855e-07,True,0.4065,2.4600246002460024
w16_n10000,2,50,validation,201042,202042,203042,204042,375042,10000,10000,50000,16,4065,4065,0.4065,0.19939106851113056,5.654056332469637,5.7096310286033765,5.840724071130714,62.122101272981304,62.61457013834383,62.270174628724476,0.9984338886064061,-0.055574696133739145,0.19632215387616078,5.7851493749969745,3.926443077523215e-06,0.001981525442058016,316.42939956826103,1.8990628848120614,0.6413605459801639,1.6761032599999908,0.02910974599990368,0.4730737570000656,1.7052130059998944,1.7052130059998944,True,2.3237825999785855e-07,True,0.4065,2.4600246002460024
w16_n10000,2,50,test,201042,202042,203042,204042,375042,10000,10000,50000,16,4065,4065,0.4065,0.20937628121637797,5.712878720896962,5.769862536554614,5.840724071130714,64.09674711647645,64.39074941025274,64.14068163904739,0.9983983077911455,-0.05698381565765239,0.20613324863444535,5.78374025547306,4.122664972688907e-06,0.002030434675799472,310.9481247741114,1.8990628848120614,0.6413605459801639,1.6761032599999908,0.02910974599990368,0.4730737570000656,1.7052130059998944,1.7052130059998944,True,2.3237825999785855e-07,True,0.4065,2.4600246002460024
w16_n10000,2,100,training,201042,202042,203042,204042,375042,10000,10000,50000,16,4065,4065,0.4065,0.036751450423545044,5.698376493779046,5.7240733646124715,5.821441953147442,62.45538164750748,62.88687140670008,62.65307916174078,0.9997179543448291,-0.02569687083342581,0.03609473072598787,5.795745082314016,7.218946145197575e-07,0.000849643816266415,1730.3185365652328,2.249798046724089,0.810840455176411,3.1833415270000387,0.02910974599990368,0.4730737570000656,3.2124512729999424,3.2124512729999424,True,2.3235220000060507e-07,True,0.4065,2.4600246002460024
w16_n10000,2,100,validation,201042,202042,203042,204042,375042,10000,10000,50000,16,4065,4065,0.4065,0.08268334137716883,5.654056332469637,5.6930820236618125,5.821441953147442,62.122101272981304,62.19727972544662,62.11910627238919,0.9993472800711781,-0.039025691192173986,0.08116845364950682,5.782416261955268,1.6233690729901364e-06,0.0012741150156050027,765.347847345109,2.249798046724089,0.810840455176411,3.1833415270000387,0.02910974599990368,0.4730737570000656,3.2124512729999424,3.2124512729999424,True,2.3235220000060507e-07,True,0.4065,2.4600246002460024
w16_n10000,2,100,test,201042,202042,203042,204042,375042,10000,10000,50000,16,4065,4065,0.4065,0.0863455209865088,5.712878720896962,5.750724083706856,5.821441953147442,64.09674711647645,64.05811309460182,64.0349726316395,0.9993374490195499,-0.03784536280989288,0.08491494779925235,5.78359659033755,1.698298955985047e-06,0.0013031879971765574,754.834676080915,2.249798046724089,0.810840455176411,3.1833415270000387,0.02910974599990368,0.4730737570000656,3.2124512729999424,3.2124512729999424,True,2.3235220000060507e-07,True,0.4065,2.4600246002460024
w16_n10000,2,200,training,201042,202042,203042,204042,375042,10000,10000,50000,16,4065,4065,0.4065,0.018459897429697482,5.698376493779046,5.708765460662426,5.80130483343478,62.45538164750748,62.508586641576045,62.47280724345328,0.9998532178696034,-0.01038896688337999,0.018353802177011217,5.7909158665514,3.6707604354022435e-07,0.0006058680083485382,3402.8579498222466,2.2860746115603705,0.8268362033178478,6.090178157000082,0.02910974599990368,0.4730737570000656,6.119287902999986,6.119287902999986,True,2.3976219999894964e-07,True,0.4065,2.4600246002460024
w16_n10000,2,200,validation,201042,202042,203042,204042,375042,10000,10000,50000,16,4065,4065,0.4065,0.04220070284603995,5.654056332469637,5.6734929733021815,5.80130483343478,62.122101272981304,61.95126296624014,62.01576856833602,0.9996638317378519,-0.01943664083254273,0.041827102549441636,5.7818681926022375,8.365420509888327e-07,0.0009146267276812069,1485.2116806214347,2.2860746115603705,0.8268362033178478,6.090178157000082,0.02910974599990368,0.4730737570000656,6.119287902999986,6.119287902999986,True,2.3976219999894964e-07,True,0.4065,2.4600246002460024
w16_n10000,2,200,test,201042,202042,203042,204042,375042,10000,10000,50000,16,4065,4065,0.4065,0.043580680333062866,5.712878720896962,5.731706605923313,5.80130483343478,64.09674711647645,63.83690706238234,63.94521356161958,0.9996641753903156,-0.018827885026350945,0.04322705561960977,5.782476948408428,8.645411123921953e-07,0.0009298070296530326,1482.7923437699799,2.2860746115603705,0.8268362033178478,6.090178157000082,0.02910974599990368,0.4730737570000656,6.119287902999986,6.119287902999986,True,2.3976219999894964e-07,True,0.4065,2.4600246002460024
w16_n20000,2,0,training,201042,202042,203042,204042,385042,20000,10000,50000,16,4065,4065,0.20325,96.20810696613535,5.718698009604212,0.02321148313848768,0.02116559394307882,62.97759685927638,1.6644664435081449,0.43466723668015816,0.04245475529065764,5.695486526465724,63.77272882942421,5.7166521204088045,0.0012754545765884843,0.03571350692089037,0.98753178694494,0.9846505116205694,-0.015468511307693002,0.0,0.06520370200018988,0.4730737570000656,0.06520370200018988,0.0,True,2.3995777999971326e-07,True,0.20325,4.920049200492005
w16_n20000,2,0,validation,201042,202042,203042,204042,385042,20000,10000,50000,16,4065,4065,0.20325,94.73136174625164,5.654056332469637,0.032189874261177115,0.02116559394307882,62.122101272981304,1.6489163602228882,0.31936256581588107,0.03155452352436509,5.62186645820846,63.13229250157242,5.64303205215154,0.0012626458500314484,0.03553372834408808,0.9839988191690336,0.9846505116205694,-0.015468511307693002,0.0,0.06520370200018988,0.4730737570000656,0.06520370200018988,0.0,True,2.3995777999971326e-07,True,0.20325,4.920049200492005
w16_n20000,2,0,test,201042,202042,203042,204042,385042,20000,10000,50000,16,4065,4065,0.20325,97.28937249857188,5.712878720896962,0.01921935895887164,0.02116559394307882,64.09674711647645,1.6397264528063507,0.43178027111782347,0.042117161909731825,5.6936593619380895,64.87291302704716,5.714824955881168,0.0012974582605409432,0.03602024792447913,0.9880355933724279,0.9846505116205694,-0.015468511307693002,0.0,0.06520370200018988,0.4730737570000656,0.06520370200018988,0.0,True,2.3995777999971326e-07,True,0.20325,4.920049200492005
w16_n20000,2,10,training,201042,202042,203042,204042,385042,20000,10000,50000,16,4065,4065,0.20325,0.1447689547451182,5.718698009604212,5.756595003915215,5.823505903510192,62.97759685927638,63.50200614050824,63.16813153011015,0.9988752810547066,-0.037896994311002546,0.1433399395642882,5.785608909199189,2.866798791285764e-06,0.0016931623641239385,439.35833272087314,1.3181612035383883,0.2762377378108567,0.5919416869999168,0.06520370200018988,0.4730737570000656,0.6571453890001067,0.6571453890001067,True,2.427328599969769e-07,True,0.20325,4.920049200492005
w16_n20000,2,10,validation,201042,202042,203042,204042,385042,20000,10000,50000,16,4065,4065,0.20325,0.19082881962181947,5.654056332469637,5.692919829512316,5.823505903510192,62.122101272981304,62.38585500437902,62.159309447701354,0.9984815553343034,-0.0388634970426776,0.18933738195762903,5.784642406467515,3.7867476391525805e-06,0.0019459567413364,328.10267381263003,1.3181612035383883,0.2762377378108567,0.5919416869999168,0.06520370200018988,0.4730737570000656,0.6571453890001067,0.6571453890001067,True,2.427328599969769e-07,True,0.20325,4.920049200492005
w16_n20000,2,10,test,201042,202042,203042,204042,385042,20000,10000,50000,16,4065,4065,0.20325,0.20085054085994758,5.712878720896962,5.751793375254674,5.823505903510192,64.09674711647645,64.15625235110429,64.0268296451205,0.9984458344415293,-0.03891465435771303,0.19934017733971407,5.78459124915248,3.986803546794281e-06,0.001996698161163645,321.54454747596236,1.3181612035383883,0.2762377378108567,0.5919416869999168,0.06520370200018988,0.4730737570000656,0.6571453890001067,0.6571453890001067,True,2.427328599969769e-07,True,0.20325,4.920049200492005
w16_n20000,2,25,training,201042,202042,203042,204042,385042,20000,10000,50000,16,4065,4065,0.20325,0.10506788735255233,5.718698009604212,5.712988940584096,5.779077323255824,62.97759685927638,62.8677311364574,62.87014372491151,0.9991657010236631,0.005709069020116739,0.10504054591077137,5.784786392275941,2.1008109182154274e-06,0.0014494174409794534,599.5551176283286,1.4373081591868457,0.36277203030481114,1.5599424079998698,0.06520370200018988,0.4730737570000656,1.6251461100000597,1.6251461100000597,True,2.398045400013871e-07,True,0.20325,4.920049200492005
w16_n20000,2,25,validation,201042,202042,203042,204042,385042,20000,10000,50000,16,4065,4065,0.20325,0.15101493176034786,5.654056332469637,5.6504692687174645,5.779077323255824,62.122101272981304,61.81413692709688,61.892610516813775,0.9987845765792441,0.003587063752173446,0.1510171664506308,5.782664387007998,3.0203433290126158e-06,0.0017379134987140805,411.35787892888135,1.4373081591868457,0.36277203030481114,1.5599424079998698,0.06520370200018988,0.4730737570000656,1.6251461100000597,1.6251461100000597,True,2.398045400013871e-07,True,0.20325,4.920049200492005
w16_n20000,2,25,test,201042,202042,203042,204042,385042,20000,10000,50000,16,4065,4065,0.20325,0.15441820710142706,5.712878720896962,5.708756068961774,5.779077323255824,64.09674711647645,63.63366006285472,63.78800144020139,0.9987977346434128,0.004122651935187514,0.15440429892842691,5.783199975191011,3.088085978568538e-06,0.001757295074416513,415.1228143342568,1.4373081591868457,0.36277203030481114,1.5599424079998698,0.06520370200018988,0.4730737570000656,1.6251461100000597,1.6251461100000597,True,2.398045400013871e-07,True,0.20325,4.920049200492005
w16_n20000,2,50,training,201042,202042,203042,204042,385042,20000,10000,50000,16,4065,4065,0.20325,0.05426863267290546,5.718698009604212,5.666733290166477,5.733255625746771,62.97759685927638,61.988658890740304,62.45734243543306,0.9996186229602295,0.05196471943773451,0.05157087915062053,5.785220345184506,1.0314175830124106e-06,0.0010155873093990544,1221.1852482743375,1.2664949827283125,0.23625322892652886,3.0838132719998157,0.06520370200018988,0.4730737570000656,3.1490169740000056,3.1490169740000056,True,2.319476799993936e-07,True,0.20325,4.920049200492005
w16_n20000,2,50,validation,201042,202042,203042,204042,385042,20000,10000,50000,16,4065,4065,0.20325,0.06873095099976054,5.654056332469637,5.601004696633085,5.733255625746771,62.122101272981304,61.022805813809704,61.53949200977473,0.9995044961069396,0.05305163583655285,0.06592306724155049,5.786307261583324,1.3184613448310098e-06,0.0011482427203474924,942.3423980768073,1.2664949827283125,0.23625322892652886,3.0838132719998157,0.06520370200018988,0.4730737570000656,3.1490169740000056,3.1490169740000056,True,2.319476799993936e-07,True,0.20325,4.920049200492005
w16_n20000,2,50,test,201042,202042,203042,204042,385042,20000,10000,50000,16,4065,4065,0.20325,0.06934417669641732,5.712878720896962,5.664143831671404,5.733255625746771,64.09674711647645,62.99189882728139,63.51083775854038,0.9995108125366307,0.048734889225557416,0.06697042667712352,5.781990514972327,1.3394085335424704e-06,0.0011573281874829068,957.0903202617836,1.2664949827283125,0.23625322892652886,3.0838132719998157,0.06520370200018988,0.4730737570000656,3.1490169740000056,3.1490169740000056,True,2.319476799993936e-07,True,0.20325,4.920049200492005
w16_n20000,2,100,training,201042,202042,203042,204042,385042,20000,10000,50000,16,4065,4065,0.20325,0.03202695745790744,5.718698009604212,5.766386425788713,5.831770579993396,62.97759685927638,64.12712340159952,63.53748300037159,0.9998067968071679,-0.04768841618450193,0.02975426013272784,5.784082163808893,5.950852026545568e-07,0.000771417657728002,2116.590921042763,1.184601242561701,0.16940621378952167,5.988722789999883,0.06520370200018988,0.4730737570000656,6.053926492000073,6.053926492000073,True,2.399025000022448e-07,True,0.20325,4.920049200492005
w16_n20000,2,100,validation,201042,202042,203042,204042,385042,20000,10000,50000,16,4065,4065,0.20325,0.037939173600107894,5.654056332469637,5.7002606546218635,5.831770579993396,62.122101272981304,63.184489772027376,62.63539156500131,0.9997501701397858,-0.04620432215222534,0.035807915006061876,5.785566257841171,7.161583001212375e-07,0.0008462613663173083,1734.870663719592,1.184601242561701,0.16940621378952167,5.988722789999883,0.06520370200018988,0.4730737570000656,6.053926492000073,6.053926492000073,True,2.399025000022448e-07,True,0.20325,4.920049200492005
w16_n20000,2,100,test,201042,202042,203042,204042,385042,20000,10000,50000,16,4065,4065,0.20325,0.03935266400926641,5.712878720896962,5.762625646910744,5.831770579993396,64.09674711647645,65.16829232316707,64.61408039735461,0.9997490552334579,-0.04974692601378265,0.036878644934344354,5.782023653979613,7.375728986868871e-07,0.0008588206440735383,1738.04507271319,1.184601242561701,0.16940621378952167,5.988722789999883,0.06520370200018988,0.4730737570000656,6.053926492000073,6.053926492000073,True,2.399025000022448e-07,True,0.20325,4.920049200492005
w16_n20000,2,200,training,201042,202042,203042,204042,385042,20000,10000,50000,16,4065,4065,0.20325,0.012828780467004919,5.718698009604212,5.686380222288004,5.750635761089021,62.97759685927638,62.39015961371694,62.67798577132843,0.9999169742175951,0.03231778731620892,0.011784930336506032,5.78295354840523,2.3569860673012064e-07,0.0004854880088427732,5343.9091331911795,1.3711398480363868,0.3156423997809899,11.66476858499982,0.06520370200018988,0.4730737570000656,11.72997228700001,11.72997228700001,True,2.313840999977401e-07,True,0.20325,4.920049200492005
w16_n20000,2,200,validation,201042,202042,203042,204042,385042,20000,10000,50000,16,4065,4065,0.20325,0.01759005210002129,5.654056332469637,5.621739648632993,5.750635761089021,62.122101272981304,61.43391587516417,61.76973490468297,0.9998815839562206,0.03231668383664437,0.01654733877970164,5.782952444925665,3.3094677559403277e-07,0.000575279736818561,3754.2049570644867,1.3711398480363868,0.3156423997809899,11.66476858499982,0.06520370200018988,0.4730737570000656,11.72997228700001,11.72997228700001,True,2.313840999977401e-07,True,0.20325,4.920049200492005
w16_n20000,2,200,test,201042,202042,203042,204042,385042,20000,10000,50000,16,4065,4065,0.20325,0.018218063573923825,5.712878720896962,5.681996726987837,5.750635761089021,64.09674711647645,63.3905043877831,63.73499339646963,0.9998799194415481,0.03088199390912425,0.017264711320347053,5.781517754998144,3.4529422640694107e-07,0.0005876174149963061,3712.587249630768,1.3711398480363868,0.3156423997809899,11.66476858499982,0.06520370200018988,0.4730737570000656,11.72997228700001,11.72997228700001,True,2.313840999977401e-07,True,0.20325,4.920049200492005
w8_n10000,3,0,training,301042,302042,303042,304042,395042,10000,10000,50000,8,2033,2033,0.2033,115.71675283746188,5.790122380822061,-1.182840709903948,-1.1768438858837091,64.74641296794431,1.4074780803019344,-0.47367882472908507,-0.049619832516287654,6.972963090726009,67.10124869770442,5.7961192048423,0.0013420249739540884,0.03663365903037927,0.9649062308755415,0.9443847417608603,-0.05722163044422396,0.0,0.029005371999801355,0.47095478999995066,0.029005371999801355,0.0,True,2.032480600018971e-07,True,0.2033,4.918839153959666
w8_n10000,3,0,validation,301042,302042,303042,304042,395042,10000,10000,50000,8,2033,2033,0.2033,109.28113574581174,5.635392762531765,-1.1753058736521382,-1.1768438858837091,60.659140451371115,1.41299109202549,-0.41483923524962973,-0.04480866314217468,6.810698636183904,62.901810013895876,5.633854750300194,0.0012580362002779174,0.035468806017089405,0.9643465019205437,0.9443847417608603,-0.05722163044422396,0.0,0.029005371999801355,0.47095478999995066,0.029005371999801355,0.0,True,2.032480600018971e-07,True,0.2033,4.918839153959666
w8_n10000,3,0,test,301042,302042,303042,304042,395042,10000,10000,50000,8,2033,2033,0.2033,115.77260646976613,5.8085178957563945,-1.1810755391470185,-1.1768438858837091,64.79443323621241,1.4031241289195793,-0.3609855549793759,-0.03785933048464403,6.989593434903412,66.91952847509076,5.812749549019702,0.0013383905695018151,0.03658402068529121,0.9682440195365488,0.9443847417608603,-0.05722163044422396,0.0,0.029005371999801355,0.47095478999995066,0.029005371999801355,0.0,True,2.032480600018971e-07,True,0.2033,4.918839153959666
w8_n10000,3,10,training,301042,302042,303042,304042,395042,10000,10000,50000,8,2033,2033,0.2033,0.16265940134035636,5.790122380822061,5.860617738836844,5.861313567392019,64.74641296794431,65.2890413344918,64.9388743630199,0.9987959071511204,-0.07049535801478277,0.15770557639636365,5.790818209377236,3.154111527927273e-06,0.001775981848985871,410.55246394849246,1.195799568598988,0.17881505670108622,0.31339562800008025,0.029005371999801355,0.47095478999995066,0.3424009999998816,0.3424009999998816,True,1.9925375999719107e-07,True,0.2033,4.918839153959666
w8_n10000,3,10,validation,301042,302042,303042,304042,395042,10000,10000,50000,8,2033,2033,0.2033,0.19450804195136778,5.635392762531765,5.718369483006365,5.861313567392019,60.659140451371115,61.48445762437223,60.977978202882845,0.9984865555702735,-0.08297672047459924,0.18764166997764575,5.778336846917419,3.752833399552915e-06,0.0019372231155839832,323.27116071071845,1.195799568598988,0.17881505670108622,0.31339562800008025,0.029005371999801355,0.47095478999995066,0.3424009999998816,0.3424009999998816,True,1.9925375999719107e-07,True,0.2033,4.918839153959666
w8_n10000,3,10,test,301042,302042,303042,304042,395042,10000,10000,50000,8,2033,2033,0.2033,0.21848969463975612,5.8085178957563945,5.886632659610577,5.861313567392019,64.79443323621241,65.13083482770917,64.85643801888665,0.998368621941433,-0.07811476385418523,0.21239202614828392,5.783198803537834,4.247840522965678e-06,0.0020610289961486904,305.0699897319847,1.195799568598988,0.17881505670108622,0.31339562800008025,0.029005371999801355,0.47095478999995066,0.3424009999998816,0.3424009999998816,True,1.9925375999719107e-07,True,0.2033,4.918839153959666
w8_n10000,3,25,training,301042,302042,303042,304042,395042,10000,10000,50000,8,2033,2033,0.2033,0.14900497806468535,5.790122380822061,5.824748283525895,5.814041823548972,64.74641296794431,65.07551282483561,64.8370524928863,0.9988645666486408,-0.034625902703833415,0.14782080700733077,5.779415920845138,2.9564161401466153e-06,0.0017194231998395903,438.0060850617152,1.2871573370706773,0.25243617216810915,0.8301823330000389,0.029005371999801355,0.47095478999995066,0.8591877049998402,0.8591877049998402,True,1.9529990000137332e-07,True,0.2033,4.918839153959666
w8_n10000,3,25,validation,301042,302042,303042,304042,395042,10000,10000,50000,8,2033,2033,0.2033,0.19179285077601507,5.635392762531765,5.670216459136851,5.814041823548972,60.659140451371115,61.297099597881164,60.88282041419971,0.9984508115667736,-0.03482369660508654,0.1905992208528572,5.779218126943885,3.8119844170571436e-06,0.0019524303872499895,318.2549234983497,1.2871573370706773,0.25243617216810915,0.8301823330000389,0.029005371999801355,0.47095478999995066,0.8591877049998402,0.8591877049998402,True,1.9529990000137332e-07,True,0.2033,4.918839153959666
w8_n10000,3,25,test,301042,302042,303042,304042,395042,10000,10000,50000,8,2033,2033,0.2033,0.21568497744268644,5.8085178957563945,5.840634987591277,5.814041823548972,64.79443323621241,65.01509695399464,64.7974362135985,0.998347806059495,-0.03211709183488381,0.21465776301001624,5.781924731714088,4.293155260200325e-06,0.0020719930647085487,301.84994163564915,1.2871573370706773,0.25243617216810915,0.8301823330000389,0.029005371999801355,0.47095478999995066,0.8591877049998402,0.8591877049998402,True,1.9529990000137332e-07,True,0.2033,4.918839153959666
w8_n10000,3,50,training,301042,302042,303042,304042,395042,10000,10000,50000,8,2033,2033,0.2033,0.14105137488416697,5.790122380822061,5.798041300817742,5.788364083599921,64.74641296794431,64.86678332246773,64.7360967622726,0.9989125572290862,-0.007918919995681303,0.14100276586685573,5.780445163604241,2.8200553173371144e-06,0.0016793020327913364,459.1854107959997,1.4740586075870417,0.38801955389056886,1.5899894609999592,0.029005371999801355,0.47095478999995066,1.6189948329997605,1.6189948329997605,True,2.006539200010593e-07,True,0.2033,4.918839153959666
w8_n10000,3,50,validation,301042,302042,303042,304042,395042,10000,10000,50000,8,2033,2033,0.2033,0.207917993259993,5.635392762531765,5.64524169082136,5.788364083599921,60.659140451371115,61.16434127278387,60.80781997405293,0.9983024945986346,-0.009848928289594406,0.2078417760491443,5.778515155310326,4.156835520982886e-06,0.0020388319011097715,291.8524928165944,1.4740586075870417,0.38801955389056886,1.5899894609999592,0.029005371999801355,0.47095478999995066,1.6189948329997605,1.6189948329997605,True,2.006539200010593e-07,True,0.2033,4.918839153959666
w8_n10000,3,50,test,301042,302042,303042,304042,395042,10000,10000,50000,8,2033,2033,0.2033,0.23851646198844595,5.8085178957563945,5.8135028308687025,5.788364083599921,64.79443323621241,64.8392368853372,64.69758686960581,0.9981602877254164,-0.00498493511230834,0.23849638233801876,5.7833791484876125,4.769927646760375e-06,0.0021840164025850113,271.67889341138874,1.4740586075870417,0.38801955389056886,1.5899894609999592,0.029005371999801355,0.47095478999995066,1.6189948329997605,1.6189948329997605,True,2.006539200010593e-07,True,0.2033,4.918839153959666
w8_n10000,3,100,training,301042,302042,303042,304042,395042,10000,10000,50000,8,2033,2033,0.2033,0.1428575600210613,5.790122380822061,5.803016080647429,5.79739709407439,64.74641296794431,65.3751576585336,64.98943252169687,0.9989149517545514,-0.012893699825368301,0.1427055830841831,5.784503394249022,2.854111661683662e-06,0.001689411631806666,453.7062360745193,1.6204460270938223,0.4827014367157765,3.0063859159999993,0.029005371999801355,0.47095478999995066,3.0353912879998006,3.0353912879998006,True,1.9612422000136576e-07,True,0.2033,4.918839153959666
w8_n10000,3,100,validation,301042,302042,303042,304042,395042,10000,10000,50000,8,2033,2033,0.2033,0.23149296557644602,5.635392762531765,5.651686583457014,5.79739709407439,60.659140451371115,61.73490196789532,61.08139590861508,0.9981491611399199,-0.016293820925248538,0.23125060203630565,5.781103273149141,4.625012040726113e-06,0.0021505841161707936,262.30911365086007,1.6204460270938223,0.4827014367157765,3.0063859159999993,0.029005371999801355,0.47095478999995066,3.0353912879998006,3.0353912879998006,True,1.9612422000136576e-07,True,0.2033,4.918839153959666
w8_n10000,3,100,test,301042,302042,303042,304042,395042,10000,10000,50000,8,2033,2033,0.2033,0.2577941543251674,5.8085178957563945,5.824694573162561,5.79739709407439,64.79443323621241,65.48827643233707,65.0125860241819,0.9980373938902896,-0.016176677406167624,0.2575376201856679,5.781220416668223,5.150752403713358e-06,0.002269526911872463,251.59210988087813,1.6204460270938223,0.4827014367157765,3.0063859159999993,0.029005371999801355,0.47095478999995066,3.0353912879998006,3.0353912879998006,True,1.9612422000136576e-07,True,0.2033,4.918839153959666
w8_n10000,3,200,training,301042,302042,303042,304042,395042,10000,10000,50000,8,2033,2033,0.2033,0.12615074878887245,5.790122380822061,5.75400741305616,5.744066286438574,64.74641296794431,63.43285050437007,64.02720226426393,0.9990783659652369,0.036114967765901076,0.12485894378651902,5.780181254204475,2.4971788757303805e-06,0.001580246460439124,518.5564686390928,1.6244059551475911,0.4851421828831177,5.729512576999923,0.029005371999801355,0.47095478999995066,5.7585179489997245,5.7585179489997245,True,1.9393007999951805e-07,True,0.2033,4.918839153959666
w8_n10000,3,200,validation,301042,302042,303042,304042,395042,10000,10000,50000,8,2033,2033,0.2033,0.20492002757897218,5.635392762531765,5.6031654702835105,5.744066286438574,60.659140451371115,59.94864881637657,60.20194372417621,0.9983267036299366,0.032227292248253867,0.20390181939525726,5.776293578686828,4.078036387905145e-06,0.002019414862752363,297.4919038548905,1.6244059551475911,0.4851421828831177,5.729512576999923,0.029005371999801355,0.47095478999995066,5.7585179489997245,5.7585179489997245,True,1.9393007999951805e-07,True,0.2033,4.918839153959666
w8_n10000,3,200,test,301042,302042,303042,304042,395042,10000,10000,50000,8,2033,2033,0.2033,0.23729136614374774,5.8085178957563945,5.7692007836012476,5.744066286438574,64.79443323621241,63.575568287190265,64.06712563878112,0.998208506994693,0.03931711215514521,0.23575024584044427,5.78338339859372,4.715004916808885e-06,0.002171406207232743,274.8435447234497,1.6244059551475911,0.4851421828831177,5.729512576999923,0.029005371999801355,0.47095478999995066,5.7585179489997245,5.7585179489997245,True,1.9393007999951805e-07,True,0.2033,4.918839153959666
w8_n20000,3,0,training,301042,302042,303042,304042,405042,20000,10000,50000,8,2033,2033,0.10165,97.64059872963429,5.811934649957467,0.27853198944580987,0.2653786564963621,65.31361458622776,1.392032586828879,-0.159878911734993,-0.016767357451441908,5.533402660511658,67.02540499652663,5.798781317008021,0.0013405080999305326,0.036612949893863135,0.974460573414102,0.9289558487320889,-0.07369406688207865,0.0,0.0625139549999858,0.47095478999995066,0.0625139549999858,0.0,True,1.9512955999744007e-07,True,0.10165,9.837678307919331
w8_n20000,3,0,validation,301042,302042,303042,304042,405042,20000,10000,50000,8,2033,2033,0.10165,90.70380526359675,5.635392762531765,0.2732109839203593,0.2653786564963621,60.659140451371115,1.3989008518168824,0.05051688285483929,0.0054839684964242946,5.362181778611406,61.95700753747831,5.627560435107768,0.0012391401507495662,0.03520142256712882,0.9790521340895603,0.9289558487320889,-0.07369406688207865,0.0,0.0625139549999858,0.47095478999995066,0.0625139549999858,0.0,True,1.9512955999744007e-07,True,0.10165,9.837678307919331
w8_n20000,3,0,test,301042,302042,303042,304042,405042,20000,10000,50000,8,2033,2033,0.10165,97.28222563931543,5.8085178957563945,0.2570866921598672,0.2653786564963621,64.79443323621241,1.400999614424626,-0.13486684187195003,-0.01415524310176832,5.551431203596527,66.46516653438096,5.816809860092888,0.0013293033306876192,0.0364596123222343,0.9748630239675348,0.9289558487320889,-0.07369406688207865,0.0,0.0625139549999858,0.47095478999995066,0.0625139549999858,0.0,True,1.9512955999744007e-07,True,0.10165,9.837678307919331
w8_n20000,3,10,training,301042,302042,303042,304042,405042,20000,10000,50000,8,2033,2033,0.10165,0.1783837005087492,5.811934649957467,5.850524969339906,5.826633893048184,65.31361458622776,65.84869130201619,65.4927012776593,0.9986595739739468,-0.03859031938243854,0.17690333292535682,5.788043573665745,3.5380666585071364e-06,0.0018809749223493483,369.20511053223856,1.023030790845893,0.022769585095121933,0.5611177939999834,0.0625139549999858,0.47095478999995066,0.6236317489999692,0.6236317489999692,True,1.992863799978295e-07,True,0.10165,9.837678307919331
w8_n20000,3,10,validation,301042,302042,303042,304042,405042,20000,10000,50000,8,2033,2033,0.10165,0.1824920182054826,5.635392762531765,5.684744988916534,5.826633893048184,60.659140451371115,61.57145913897501,61.02526260347573,0.9985545802460523,-0.0493522263847683,0.18007438339468868,5.7772816666634155,3.6014876678937735e-06,0.0018977585905203469,336.85602198297056,1.023030790845893,0.022769585095121933,0.5611177939999834,0.0625139549999858,0.47095478999995066,0.6236317489999692,0.6236317489999692,True,1.992863799978295e-07,True,0.10165,9.837678307919331
w8_n20000,3,10,test,301042,302042,303042,304042,405042,20000,10000,50000,8,2033,2033,0.10165,0.21115684761232376,5.8085178957563945,5.853829033800852,5.826633893048184,64.79443323621241,65.31808869066009,64.9517069981662,0.9984009544424646,-0.04531113804446039,0.2091079305400504,5.781322755003723,4.182158610801008e-06,0.0020450326674165886,309.86119497654516,1.023030790845893,0.022769585095121933,0.5611177939999834,0.0625139549999858,0.47095478999995066,0.6236317489999692,0.6236317489999692,True,1.992863799978295e-07,True,0.10165,9.837678307919331
w8_n20000,3,25,training,301042,302042,303042,304042,405042,20000,10000,50000,8,2033,2033,0.10165,0.15851075930211989,5.811934649957467,5.845032116958993,5.814263937137355,65.31361458622776,65.91123840904804,65.53371490356807,0.9988107134610701,-0.033097467001525605,0.1574231881396098,5.78116647013583,3.1484637627921957e-06,0.0017743910963460665,414.8919568844253,1.1163198435752126,0.11003742108337881,1.4675933650000843,0.0625139549999858,0.47095478999995066,1.53010732000007,1.53010732000007,True,1.9597041999986687e-07,True,0.10165,9.837678307919331
w8_n20000,3,25,validation,301042,302042,303042,304042,405042,20000,10000,50000,8,2033,2033,0.10165,0.17694870602913065,5.635392762531765,5.671612767821248,5.814263937137355,60.659140451371115,61.65576663839847,61.06962635354267,0.998597066023587,-0.0362200052894825,0.1756543826842289,5.778043931847872,3.513087653684578e-06,0.0018743232521858597,345.3323482421563,1.1163198435752126,0.11003742108337881,1.4675933650000843,0.0625139549999858,0.47095478999995066,1.53010732000007,1.53010732000007,True,1.9597041999986687e-07,True,0.10165,9.837678307919331
w8_n20000,3,25,test,301042,302042,303042,304042,405042,20000,10000,50000,8,2033,2033,0.10165,0.19824976592320795,5.8085178957563945,5.841971077434582,5.814263937137355,64.79443323621241,65.37318733916567,64.9852429910637,0.9984954024098398,-0.033453181678188504,0.1971345932506791,5.780810755459167,3.942691865013582e-06,0.0019856212793515236,328.68119272105076,1.1163198435752126,0.11003742108337881,1.4675933650000843,0.0625139549999858,0.47095478999995066,1.53010732000007,1.53010732000007,True,1.9597041999986687e-07,True,0.10165,9.837678307919331
w8_n20000,3,50,training,301042,302042,303042,304042,405042,20000,10000,50000,8,2033,2033,0.10165,0.09128587248263755,5.811934649957467,5.895443670429015,5.869818725906004,65.31361458622776,66.83329861941776,66.03129843692324,0.9994280389352641,-0.08350902047154667,0.08431633179911031,5.786309705434458,1.6863266359822063e-06,0.0012985863991210622,774.6259021543076,1.0537995655361685,0.052402266509957565,2.8895928350000304,0.0625139549999858,0.47095478999995066,2.952106790000016,2.952106790000016,True,2.0150515999830533e-07,True,0.10165,9.837678307919331
w8_n20000,3,50,validation,301042,302042,303042,304042,405042,20000,10000,50000,8,2033,2033,0.10165,0.09619701276179353,5.635392762531765,5.724845964150354,5.869818725906004,60.659140451371115,62.41305320631232,61.49199484990286,0.9993848047500069,-0.08945320161858945,0.08820395787776529,5.780365524287414,1.7640791575553058e-06,0.001328186416718416,687.7144961616541,1.0537995655361685,0.052402266509957565,2.8895928350000304,0.0625139549999858,0.47095478999995066,2.952106790000016,2.952106790000016,True,2.0150515999830533e-07,True,0.10165,9.837678307919331
w8_n20000,3,50,test,301042,302042,303042,304042,405042,20000,10000,50000,8,2033,2033,0.10165,0.10633277364996098,5.8085178957563945,5.897089584061755,5.869818725906004,64.79443323621241,66.31561866692522,65.50578105183047,0.9993160641017629,-0.0885716883053611,0.09848979947668847,5.781247037600642,1.9697959895337696e-06,0.0014034942071607455,657.879634038128,1.0537995655361685,0.052402266509957565,2.8895928350000304,0.0625139549999858,0.47095478999995066,2.952106790000016,2.952106790000016,True,2.0150515999830533e-07,True,0.10165,9.837678307919331
w8_n20000,3,100,training,301042,302042,303042,304042,405042,20000,10000,50000,8,2033,2033,0.10165,0.026591318650435774,5.811934649957467,5.821554082805013,5.792900193145289,65.31361458622776,65.26244348297693,65.27477897951856,0.9997971290760387,-0.00961943284754525,0.026500110167635735,5.783280760297743,5.300022033527147e-07,0.0007280125021953364,2464.65445513485,1.2168382756591714,0.19625591746687804,5.647817349999968,0.0625139549999858,0.47095478999995066,5.710331304999954,5.710331304999954,True,1.949821400012297e-07,True,0.10165,9.837678307919331
w8_n20000,3,100,validation,301042,302042,303042,304042,405042,20000,10000,50000,8,2033,2033,0.10165,0.03235733433409983,5.635392762531765,5.648517166953588,5.792900193145289,60.659140451371115,60.754476813661334,60.6907144809298,0.999735195410458,-0.01312440442182284,0.032188303172989534,5.779775788723466,6.437660634597907e-07,0.0008023503371095389,1884.5087957998537,1.2168382756591714,0.19625591746687804,5.647817349999968,0.0625139549999858,0.47095478999995066,5.710331304999954,5.710331304999954,True,1.949821400012297e-07,True,0.10165,9.837678307919331
w8_n20000,3,100,test,301042,302042,303042,304042,405042,20000,10000,50000,8,2033,2033,0.10165,0.0339537978429757,5.8085178957563945,5.820099857008592,5.792900193145289,64.79443323621241,64.71554573452276,64.73807931915607,0.9997390447217666,-0.011581961252198871,0.03382033242317672,5.78131823189309,6.764066484635343e-07,0.0008224394497247407,1915.8425891701015,1.2168382756591714,0.19625591746687804,5.647817349999968,0.0625139549999858,0.47095478999995066,5.710331304999954,5.710331304999954,True,1.949821400012297e-07,True,0.10165,9.837678307919331
w8_n20000,3,200,training,301042,302042,303042,304042,405042,20000,10000,50000,8,2033,2033,0.10165,0.0302630835923079,5.811934649957467,5.8769852186272935,5.848768929441223,65.31361458622776,66.69166361657864,65.98962269702913,0.9998572733377199,-0.06505056866982584,0.026032808748477583,5.783718360771397,5.206561749695517e-07,0.0007215650871332063,2508.896186242191,1.2202180067966413,0.19902953687688463,11.01959723899995,0.0625139549999858,0.47095478999995066,11.082111193999935,11.082111193999935,True,1.9721752000350533e-07,True,0.10165,9.837678307919331
w8_n20000,3,200,validation,301042,302042,303042,304042,405042,20000,10000,50000,8,2033,2033,0.10165,0.03692755954052609,5.635392762531765,5.700331941019301,5.848768929441223,60.659140451371115,62.07427972038984,61.35035321887505,0.999799918513642,-0.0649391784875362,0.032713734011291185,5.783829750953688,6.542746802258237e-07,0.0008088724746372717,1854.240803890945,1.2202180067966413,0.19902953687688463,11.01959723899995,0.0625139549999858,0.47095478999995066,11.082111193999935,11.082111193999935,True,1.9721752000350533e-07,True,0.10165,9.837678307919331
w8_n20000,3,200,test,301042,302042,303042,304042,405042,20000,10000,50000,8,2033,2033,0.10165,0.03762420335322355,5.8085178957563945,5.875566113933964,5.848768929441223,64.79443323621241,66.12712613227654,65.44421498305401,0.9997987525059303,-0.06704821817757092,0.03312940238048401,5.781720711263653,6.625880476096802e-07,0.0008139951152247046,1955.7984322223017,1.2202180067966413,0.19902953687688463,11.01959723899995,0.0625139549999858,0.47095478999995066,11.082111193999935,11.082111193999935,True,1.9721752000350533e-07,True,0.10165,9.837678307919331
w16_n10000,3,0,training,301042,302042,303042,304042,475042,10000,10000,50000,16,4065,4065,0.4065,92.33906915396713,5.790122380822061,0.6521611092613286,0.6389403538646922,64.74641296794431,0.9153238969441996,-0.1426404814016994,-0.0185288104690162,5.137961271560733,65.94701782769191,5.776901625425426,0.001318940356553838,0.03631721845838194,0.9817944025477456,0.9399764643635149,-0.06190044194269557,0.0,0.029005371999801355,0.47095478999995066,0.029005371999801355,0.0,True,2.3605992000284459e-07,True,0.4065,2.4600246002460024
w16_n10000,3,0,validation,301042,302042,303042,304042,475042,10000,10000,50000,16,4065,4065,0.4065,86.79655174596412,5.635392762531765,0.6409502159956859,0.6389403538646922,60.659140451371115,0.935175550274687,-0.13198261089543994,-0.01752354698790311,4.994442546536079,61.85828122343669,5.633382900400771,0.0012371656244687338,0.03517336527073765,0.9806147091650641,0.9399764643635149,-0.06190044194269557,0.0,0.029005371999801355,0.47095478999995066,0.029005371999801355,0.0,True,2.3605992000284459e-07,True,0.4065,2.4600246002460024
w16_n10000,3,0,test,301042,302042,303042,304042,475042,10000,10000,50000,16,4065,4065,0.4065,93.05778991220005,5.8085178957563945,0.6328759392678927,0.6389403538646922,64.79443323621241,0.9285870807385433,-0.27441268519935946,-0.03537724565252574,5.175641956488501,66.27184568734968,5.8145823103531935,0.0013254369137469936,0.03640655042361187,0.9777067858030204,0.9399764643635149,-0.06190044194269557,0.0,0.029005371999801355,0.47095478999995066,0.029005371999801355,0.0,True,2.3605992000284459e-07,True,0.4065,2.4600246002460024
w16_n10000,3,10,training,301042,302042,303042,304042,475042,10000,10000,50000,16,4065,4065,0.4065,0.13988821451542993,5.790122380822061,5.7738100433148825,5.79138464931416,64.74641296794431,63.913203581618745,64.25999023189699,0.9989356336559074,0.016312337507179562,0.13963608576905873,5.807696986821339,2.7927217153811746e-06,0.0016711438344383092,463.67966139517176,1.2739722803301123,0.24213979893061988,0.33633381200002077,0.029005371999801355,0.47095478999995066,0.3653391839998221,0.3653391839998221,True,2.3315494000144098e-07,True,0.4065,2.4600246002460024
w16_n10000,3,10,validation,301042,302042,303042,304042,475042,10000,10000,50000,16,4065,4065,0.4065,0.1782137076375302,5.635392762531765,5.6438248054505635,5.79138464931416,60.659140451371115,60.01101886628789,60.24599944666341,0.9985379780620014,-0.008432042918798543,0.17816042433217893,5.782952606395361,3.5632084866435787e-06,0.0018876462821841328,340.47483148262233,1.2739722803301123,0.24213979893061988,0.33633381200002077,0.029005371999801355,0.47095478999995066,0.3653391839998221,0.3653391839998221,True,2.3315494000144098e-07,True,0.4065,2.4600246002460024
w16_n10000,3,10,test,301042,302042,303042,304042,475042,10000,10000,50000,16,4065,4065,0.4065,0.20536883954933222,5.8085178957563945,5.816684023864753,5.79138464931416,64.79443323621241,63.74755422355916,64.16834059987265,0.9984359209380901,-0.008166128108360256,0.20530626002625063,5.783218521205799,4.1061252005250125e-06,0.0020263576191099667,315.5989166035548,1.2739722803301123,0.24213979893061988,0.33633381200002077,0.029005371999801355,0.47095478999995066,0.3653391839998221,0.3653391839998221,True,2.3315494000144098e-07,True,0.4065,2.4600246002460024
w16_n10000,3,25,training,301042,302042,303042,304042,475042,10000,10000,50000,16,4065,4065,0.4065,0.13924380985542065,5.790122380822061,5.8248902148664525,5.8354301272995075,64.74641296794431,65.12043020174487,64.86439717861832,0.9989411400754338,-0.03476783404439124,0.13804881245252765,5.800662293255116,2.760976249050553e-06,0.001661618563043442,469.0110100744935,1.4546974876911178,0.3747979667669282,0.8823067120001724,0.029005371999801355,0.47095478999995066,0.9113120839999738,0.9113120839999738,True,2.3346846000094956e-07,True,0.4065,2.4600246002460024
w16_n10000,3,25,validation,301042,302042,303042,304042,475042,10000,10000,50000,16,4065,4065,0.4065,0.20255762037322014,5.635392762531765,5.691920952334975,5.8354301272995075,60.659140451371115,61.292647079662814,60.87620270434546,0.9983785450357858,-0.05652818980320985,0.19938212234302669,5.778901937496298,3.9876424468605336e-06,0.0019969082219422436,304.23560416821215,1.4546974876911178,0.3747979667669282,0.8823067120001724,0.029005371999801355,0.47095478999995066,0.9113120839999738,0.9113120839999738,True,2.3346846000094956e-07,True,0.4065,2.4600246002460024
w16_n10000,3,25,test,301042,302042,303042,304042,475042,10000,10000,50000,16,4065,4065,0.4065,0.2211018008715725,5.8085178957563945,5.861444996667368,5.8354301272995075,64.79443323621241,64.99361673297233,64.78487254011311,0.9983191649456764,-0.05292710091097529,0.2183048889585111,5.782503026388532,4.366097779170222e-06,0.002089520944898668,296.8070644012311,1.4546974876911178,0.3747979667669282,0.8823067120001724,0.029005371999801355,0.47095478999995066,0.9113120839999738,0.9113120839999738,True,2.3346846000094956e-07,True,0.4065,2.4600246002460024
w16_n10000,3,50,training,301042,302042,303042,304042,475042,10000,10000,50000,16,4065,4065,0.4065,0.11192277071933376,5.790122380822061,5.737532807386047,5.741436427368609,64.74641296794431,64.15377690534885,64.39551092450277,0.9991636413074033,0.05258957343601432,0.10916802428758052,5.794026000804624,2.1833604857516103e-06,0.0014776198718721978,593.0895368902464,1.735918089788718,0.5515364318235618,1.6759762760000285,0.029005371999801355,0.47095478999995066,1.7049816479998299,1.7049816479998299,True,2.3876360000031127e-07,True,0.4065,2.4600246002460024
w16_n10000,3,50,validation,301042,302042,303042,304042,475042,10000,10000,50000,16,4065,4065,0.4065,0.19428876235096654,5.635392762531765,5.597386700298097,5.741436427368609,60.659140451371115,60.3379918190104,60.40213434121913,0.9984095650230513,0.03800606223366771,0.19286358794325148,5.779442489602277,3.85727175886503e-06,0.001963993828621931,314.51836553626475,1.735918089788718,0.5515364318235618,1.6759762760000285,0.029005371999801355,0.47095478999995066,1.7049816479998299,1.7049816479998299,True,2.3876360000031127e-07,True,0.4065,2.4600246002460024
w16_n10000,3,50,test,301042,302042,303042,304042,475042,10000,10000,50000,16,4065,4065,0.4065,0.21536644694194282,5.8085178957563945,5.765713633570133,5.741436427368609,64.79443323621241,63.942541151522946,64.26171793744228,0.9983631394089325,0.04280426218625976,0.21353851285088973,5.784240689554869,4.270770257017794e-06,0.0020665842003213405,303.4320712042106,1.735918089788718,0.5515364318235618,1.6759762760000285,0.029005371999801355,0.47095478999995066,1.7049816479998299,1.7049816479998299,True,2.3876360000031127e-07,True,0.4065,2.4600246002460024
w16_n10000,3,100,training,301042,302042,303042,304042,475042,10000,10000,50000,16,4065,4065,0.4065,0.07467932435189047,5.790122380822061,5.736720958397206,5.739937894623285,64.74641296794431,64.18526391983029,64.42992104593007,0.9994523121332709,0.05340142242485556,0.07183479591448401,5.79333931704814,1.4366959182896801e-06,0.0011986225086697147,901.3238242511596,2.11607055816282,0.7495608585076139,3.1994131760000073,0.029005371999801355,0.47095478999995066,3.2284185479998087,3.2284185479998087,True,2.3379382000257465e-07,True,0.4065,2.4600246002460024
w16_n10000,3,100,validation,301042,302042,303042,304042,475042,10000,10000,50000,16,4065,4065,0.4065,0.15802671956452713,5.635392762531765,5.590004328090607,5.739937894623285,60.659140451371115,60.27225322081655,60.38770573219168,0.9987152704839654,0.045388434441158,0.15598220780428823,5.785326329064443,3.1196441560857645e-06,0.001766251441920364,388.88499723943187,2.11607055816282,0.7495608585076139,3.1994131760000073,0.029005371999801355,0.47095478999995066,3.2284185479998087,3.2284185479998087,True,2.3379382000257465e-07,True,0.4065,2.4600246002460024
w16_n10000,3,100,test,301042,302042,303042,304042,475042,10000,10000,50000,16,4065,4065,0.4065,0.17585024080629294,5.8085178957563945,5.763833587681325,5.739937894623285,64.79443323621241,64.02429892374529,64.32243756469951,0.9986682218154759,0.04468430807506957,0.17385703055875634,5.784622202698355,3.4771406111751268e-06,0.0018647092564727421,372.68802433798976,2.11607055816282,0.7495608585076139,3.1994131760000073,0.029005371999801355,0.47095478999995066,3.2284185479998087,3.2284185479998087,True,2.3379382000257465e-07,True,0.4065,2.4600246002460024
w16_n10000,3,200,training,301042,302042,303042,304042,475042,10000,10000,50000,16,4065,4065,0.4065,0.020789116041195786,5.790122380822061,5.772788385194859,5.772795562564358,64.74641296794431,64.57910304295609,64.65251265659694,0.9998423939068769,0.01733399562720182,0.020490697706562564,5.79012955819156,4.098139541312513e-07,0.0006401671298428647,3159.7954298651307,2.417736885694519,0.8828319314225881,6.133455652000066,0.029005371999801355,0.47095478999995066,6.162461023999867,6.162461023999867,True,2.3550735999833706e-07,True,0.4065,2.4600246002460024
w16_n10000,3,200,validation,301042,302042,303042,304042,475042,10000,10000,50000,16,4065,4065,0.4065,0.050262612673782674,5.635392762531765,5.6314126414243315,5.772795562564358,60.659140451371115,60.55831427087568,60.58360146287865,0.9995857867054139,0.003980121107433435,0.05025179648940175,5.776775683671792,1.005035929788035e-06,0.0010025148027775126,1207.10391844726,2.417736885694519,0.8828319314225881,6.133455652000066,0.029005371999801355,0.47095478999995066,6.162461023999867,6.162461023999867,True,2.3550735999833706e-07,True,0.4065,2.4600246002460024
w16_n10000,3,200,test,301042,302042,303042,304042,475042,10000,10000,50000,16,4065,4065,0.4065,0.05508441215764862,5.8085178957563945,5.800228075093122,5.772795562564358,64.79443323621241,64.45686637596685,64.59814141040611,0.9995777515304891,0.008289820663271073,0.05501679136684677,5.781085383227629,1.1003358273369354e-06,0.0010489689353536335,1177.7210489097638,2.417736885694519,0.8828319314225881,6.133455652000066,0.029005371999801355,0.47095478999995066,6.162461023999867,6.162461023999867,True,2.3550735999833706e-07,True,0.4065,2.4600246002460024
w16_n20000,3,0,training,301042,302042,303042,304042,485042,20000,10000,50000,16,4065,4065,0.20325,99.48635858212135,5.811934649957467,0.1851221458925606,0.18058122893993633,65.31361458622776,1.7289851501381703,-0.3930656632036875,-0.036988576330567034,5.626812504064907,67.8287310627733,5.807393733004845,0.001356574621255466,0.036831706738290934,0.9629196000406098,0.9367569262202879,-0.06533144745226105,0.0,0.0625139549999858,0.47095478999995066,0.0625139549999858,0.0,True,2.395649799973398e-07,True,0.20325,4.920049200492005
w16_n20000,3,0,validation,301042,302042,303042,304042,485042,20000,10000,50000,16,4065,4065,0.20325,93.19453546623737,5.635392762531765,0.19044223825512832,0.18058122893993633,60.659140451371115,1.8039727671885035,-0.5451456881584029,-0.052113406998815635,5.444950524276637,63.55340459487643,5.625531753216572,0.0012710680918975286,0.03565204190362073,0.954459337592456,0.9367569262202879,-0.06533144745226105,0.0,0.0625139549999858,0.47095478999995066,0.0625139549999858,0.0,True,2.395649799973398e-07,True,0.20325,4.920049200492005
w16_n20000,3,0,test,301042,302042,303042,304042,485042,20000,10000,50000,16,4065,4065,0.20325,98.92946448430563,5.8085178957563945,0.1854615133078646,0.18058122893993633,64.79443323621241,1.7553437414441695,-0.3811353337034023,-0.03573792040639266,5.623056382448529,67.31204764506339,5.803637611388465,0.0013462409529012677,0.03669115633093713,0.9625978632810821,0.9367569262202879,-0.06533144745226105,0.0,0.0625139549999858,0.47095478999995066,0.0625139549999858,0.0,True,2.395649799973398e-07,True,0.20325,4.920049200492005
w16_n20000,3,10,training,301042,302042,303042,304042,485042,20000,10000,50000,16,4065,4065,0.20325,0.15683428466317015,5.811934649957467,5.813910134166333,5.790543747111212,65.31361458622776,64.8330780804164,64.99492722130383,0.9988017202281003,-0.001975484208864675,0.15683822403651257,5.788568262902347,3.1367644807302513e-06,0.0017710913247854418,416.4393915288309,1.098202755864151,0.09367498529688498,0.6270442559998628,0.0625139549999858,0.47095478999995066,0.6895582109998486,0.6895582109998486,True,2.3738802000025316e-07,True,0.20325,4.920049200492005
w16_n20000,3,10,validation,301042,302042,303042,304042,485042,20000,10000,50000,16,4065,4065,0.20325,0.1722358436310762,5.635392762531765,5.653793324917641,5.790543747111212,60.659140451371115,60.59700989972909,60.5421179483599,0.998582351832203,-0.018400562385875355,0.17191445438039776,5.772143184725336,3.4382890876079554e-06,0.0018542624106657492,352.8449115578711,1.098202755864151,0.09367498529688498,0.6270442559998628,0.0625139549999858,0.47095478999995066,0.6895582109998486,0.6895582109998486,True,2.3738802000025316e-07,True,0.20325,4.920049200492005
w16_n20000,3,10,test,301042,302042,303042,304042,485042,20000,10000,50000,16,4065,4065,0.20325,0.19714039515041668,5.8085178957563945,5.814124598365077,5.790543747111212,64.79443323621241,64.23866377533372,64.41799205462588,0.9984816468210337,-0.005606702608683065,0.1971129022943203,5.784937044502528,3.942258045886406e-06,0.0019855120361978182,328.71736188767704,1.098202755864151,0.09367498529688498,0.6270442559998628,0.0625139549999858,0.47095478999995066,0.6895582109998486,0.6895582109998486,True,2.3738802000025316e-07,True,0.20325,4.920049200492005
w16_n20000,3,25,training,301042,302042,303042,304042,485042,20000,10000,50000,16,4065,4065,0.20325,0.18473590843329896,5.811934649957467,5.70660462804456,5.681586878525767,65.31361458622776,63.29560064041213,64.21778252460692,0.9987727453845265,0.10533002191290834,0.1736501774259965,5.786916900438675,3.47300354851993e-06,0.0018635996213027975,376.1217843503908,1.1186779467658423,0.11214758340732485,1.6012326909999501,0.0625139549999858,0.47095478999995066,1.663746645999936,1.663746645999936,True,2.3727195999981632e-07,True,0.20325,4.920049200492005
w16_n20000,3,25,validation,301042,302042,303042,304042,485042,20000,10000,50000,16,4065,4065,0.20325,0.2066599867400855,5.635392762531765,5.535971513053761,5.681586878525767,60.659140451371115,59.11537011209675,59.7888577410337,0.9984398902348596,0.09942124947800403,0.19679508140045798,5.781008128003772,3.935901628009159e-06,0.0019839106905325046,308.2350433745645,1.1186779467658423,0.11214758340732485,1.6012326909999501,0.0625139549999858,0.47095478999995066,1.663746645999936,1.663746645999936,True,2.3727195999981632e-07,True,0.20325,4.920049200492005
w16_n20000,3,25,test,301042,302042,303042,304042,485042,20000,10000,50000,16,4065,4065,0.20325,0.23914243899083812,5.8085178957563945,5.706999926539997,5.681586878525767,64.79443323621241,62.78132508997438,63.673458604223725,0.9983305330034781,0.1015179692163955,0.22884111773937182,5.783104847742162,4.576822354787436e-06,0.0021393509190376966,283.14156947095097,1.1186779467658423,0.11214758340732485,1.6012326909999501,0.0625139549999858,0.47095478999995066,1.663746645999936,1.663746645999936,True,2.3727195999981632e-07,True,0.20325,4.920049200492005
w16_n20000,3,50,training,301042,302042,303042,304042,485042,20000,10000,50000,16,4065,4065,0.20325,0.045099155894284856,5.811934649957467,5.803250441444168,5.776889843757349,65.31361458622776,65.08443875369599,65.17651367410369,0.9996562473880832,0.008684208513301143,0.045025991716368195,5.7855740522706505,9.005198343273639e-07,0.0009489572352468597,1450.5758140244238,1.2742494748072586,0.24235735807960743,3.135392230999969,0.0625139549999858,0.47095478999995066,3.1979061859999547,3.1979061859999547,True,2.3778220000167494e-07,True,0.20325,4.920049200492005
w16_n20000,3,50,validation,301042,302042,303042,304042,485042,20000,10000,50000,16,4065,4065,0.20325,0.057467575712543156,5.635392762531765,5.634446026370983,5.776889843757349,60.659140451371115,60.46201209155002,60.53184005813766,0.999526820171032,0.0009467361607818925,0.057472426645849645,5.777836579918131,1.1494485329169928e-06,0.0010721233757907682,1055.4476988618958,1.2742494748072586,0.24235735807960743,3.135392230999969,0.0625139549999858,0.47095478999995066,3.1979061859999547,3.1979061859999547,True,2.3778220000167494e-07,True,0.20325,4.920049200492005
w16_n20000,3,50,test,301042,302042,303042,304042,485042,20000,10000,50000,16,4065,4065,0.20325,0.06440932167195744,5.8085178957563945,5.802560775948844,5.776889843757349,64.79443323621241,64.40394531803729,64.56700171617587,0.9995062994662688,0.005957119807549382,0.06437512189799391,5.782846963564898,1.287502437959878e-06,0.001134681646083992,1006.5135618520914,1.2742494748072586,0.24235735807960743,3.135392230999969,0.0625139549999858,0.47095478999995066,3.1979061859999547,3.1979061859999547,True,2.3778220000167494e-07,True,0.20325,4.920049200492005
w16_n20000,3,100,training,301042,302042,303042,304042,485042,20000,10000,50000,16,4065,4065,0.20325,0.031344158260435864,5.811934649957467,5.819838027129672,5.788531847755893,65.31361458622776,66.00313578783323,65.64273355750416,0.9997755550954919,-0.007903377172202786,0.031283259052662396,5.78062847058369,6.256651810532479e-07,0.0007909900006025664,2087.8136282501287,1.2077053523145562,0.1887221561139611,6.085697436999908,0.0625139549999858,0.47095478999995066,6.148211391999894,6.148211391999894,True,2.4048418000347735e-07,True,0.20325,4.920049200492005
w16_n20000,3,100,validation,301042,302042,303042,304042,485042,20000,10000,50000,16,4065,4065,0.20325,0.037854507694922906,5.635392762531765,5.64228357432829,5.788531847755893,60.659140451371115,61.32697715883972,60.974153402361296,0.9997050219252166,-0.006890811796524857,0.03781080548825659,5.781641035959368,7.562161097651318e-07,0.0008696068708129736,1604.2805665753626,1.2077053523145562,0.1887221561139611,6.085697436999908,0.0625139549999858,0.47095478999995066,6.148211391999894,6.148211391999894,True,2.4048418000347735e-07,True,0.20325,4.920049200492005
w16_n20000,3,100,test,301042,302042,303042,304042,485042,20000,10000,50000,16,4065,4065,0.20325,0.03992442998952753,5.8085178957563945,5.815207553923607,5.788531847755893,64.79443323621241,65.3791406011483,65.06684668064408,0.9997037211375072,-0.006689658167213413,0.039880476072654825,5.781842189588679,7.976095214530965e-07,0.0008930898731108177,1624.7156407603807,1.2077053523145562,0.1887221561139611,6.085697436999908,0.0625139549999858,0.47095478999995066,6.148211391999894,6.148211391999894,True,2.4048418000347735e-07,True,0.20325,4.920049200492005
w16_n20000,3,200,training,301042,302042,303042,304042,485042,20000,10000,50000,16,4065,4065,0.20325,0.019909322308808142,5.811934649957467,5.846330077598195,5.817803000397275,65.31361458622776,65.67894078285208,65.48691407792649,0.9998609245201544,-0.03439542764072679,0.018727213226881024,5.7834075727565475,3.7454426453762047e-07,0.0006120002161254688,3487.631277272833,1.2801612980349677,0.24698608408223585,11.850897256999815,0.0625139549999858,0.47095478999995066,11.9134112119998,11.9134112119998,True,2.3260108000158652e-07,True,0.20325,4.920049200492005
w16_n20000,3,200,validation,301042,302042,303042,304042,485042,20000,10000,50000,16,4065,4065,0.20325,0.025487143889840372,5.635392762531765,5.672930344538093,5.817803000397275,60.659140451371115,61.08451691799131,60.85978844374363,0.9998083063818803,-0.037537582006328445,0.024080481875146043,5.780265418390947,4.816096375029208e-07,0.0006939810065865786,2519.0168853713285,1.2801612980349677,0.24698608408223585,11.850897256999815,0.0625139549999858,0.47095478999995066,11.9134112119998,11.9134112119998,True,2.3260108000158652e-07,True,0.20325,4.920049200492005
w16_n20000,3,200,test,301042,302042,303042,304042,485042,20000,10000,50000,16,4065,4065,0.20325,0.026257266682848807,5.8085178957563945,5.844017335357748,5.817803000397275,64.79443323621241,65.09512138872545,64.93227853425795,0.9998102265984616,-0.03549943960135447,0.024997556421967042,5.7823035607959214,4.999511284393408e-07,0.0007070722229301197,2592.0306826179685,1.2801612980349677,0.24698608408223585,11.850897256999815,0.0625139549999858,0.47095478999995066,11.9134112119998,11.9134112119998,True,2.3260108000158652e-07,True,0.20325,4.920049200492005
w8_n10000,4,0,training,401042,402042,403042,404042,495042,10000,10000,50000,8,2033,2033,0.2033,84.1832768761651,5.8915181892192985,1.6458408196153527,1.6477132884814398,64.10458677711038,1.1168200986932542,-0.4713550426452453,-0.055707285223538065,4.245677369603947,66.16411696109412,5.893390658085385,0.0013232823392218824,0.03637694790965677,0.9688723997450946,1.0023741369676866,0.0023713231572169233,0.0,0.028945885999974053,0.4763323390000096,0.028945885999974053,0.0,True,2.0302058000197577e-07,True,0.2033,4.918839153959666
w8_n10000,4,0,validation,401042,402042,403042,404042,495042,10000,10000,50000,8,2033,2033,0.2033,84.3831395058578,5.844682358346601,1.636933994680747,1.6477132884814398,64.19858353072253,1.106089146700581,-0.6899945013350068,-0.08188188676825182,4.2077483636658535,66.68466168009314,5.8554616521472935,0.0013336932336018628,0.03651976497188698,0.9627188908703309,1.0023741369676866,0.0023713231572169233,0.0,0.028945885999974053,0.4763323390000096,0.028945885999974053,0.0,True,2.0302058000197577e-07,True,0.2033,4.918839153959666
w8_n10000,4,0,test,401042,402042,403042,404042,495042,10000,10000,50000,8,2033,2033,0.2033,84.75539585268446,5.8276260459071185,1.6491869242058543,1.6477132884814398,65.11251283542887,1.114076573456964,-0.5353994489005597,-0.06286199659265822,4.178439121701264,67.29738830668695,5.826152410182703,0.001345947766133739,0.03668716078049294,0.967534022846456,1.0023741369676866,0.0023713231572169233,0.0,0.028945885999974053,0.4763323390000096,0.028945885999974053,0.0,True,2.0302058000197577e-07,True,0.2033,4.918839153959666
w8_n10000,4,10,training,401042,402042,403042,404042,495042,10000,10000,50000,8,2033,2033,0.2033,0.1388505062851839,5.8915181892192985,5.895822529954498,5.805917701259281,64.10458677711038,63.967292860243504,63.96651688691573,0.9989164494686023,-0.004304340735199543,0.13884586352237147,5.801613360524081,2.7769172704474293e-06,0.0016664084944716974,461.69605021601217,1.3959667076227362,0.3335871556480209,0.32100815700005114,0.028945885999974053,0.4763323390000096,0.3499540430000252,0.3499540430000252,True,1.9939948000228468e-07,True,0.2033,4.918839153959666
w8_n10000,4,10,validation,401042,402042,403042,404042,495042,10000,10000,50000,8,2033,2033,0.2033,0.1938306841106782,5.844682358346601,5.877449533500116,5.805917701259281,64.19858353072253,63.96860497003123,63.98720611339158,0.9984975074083244,-0.032767175153514475,0.1927762739705341,5.773150526105767,3.855525479410682e-06,0.0019635492047337857,333.021186728276,1.3959667076227362,0.3335871556480209,0.32100815700005114,0.028945885999974053,0.4763323390000096,0.3499540430000252,0.3499540430000252,True,1.9939948000228468e-07,True,0.2033,4.918839153959666
w8_n10000,4,10,test,401042,402042,403042,404042,495042,10000,10000,50000,8,2033,2033,0.2033,0.19904297922993544,5.8276260459071185,5.8511473419766125,5.805917701259281,65.11251283542887,64.63804628919063,64.77603271344218,0.9984768658219769,-0.023521296069494827,0.19849369773510128,5.782396405189787,3.969873954702026e-06,0.0019924542541052293,328.0331495578486,1.3959667076227362,0.3335871556480209,0.32100815700005114,0.028945885999974053,0.4763323390000096,0.3499540430000252,0.3499540430000252,True,1.9939948000228468e-07,True,0.2033,4.918839153959666
w8_n10000,4,25,training,401042,402042,403042,404042,495042,10000,10000,50000,8,2033,2033,0.2033,0.1443585246731991,5.8915181892192985,5.870776384299508,5.772055449122919,64.10458677711038,63.607698118997455,63.784171099818224,0.9988804745313937,0.0207418049197909,0.14394269647151559,5.79279725404271,2.8788539294303115e-06,0.0016967185769685884,445.34796379749537,1.461729043018645,0.37962001105870474,0.8221219260001362,0.028945885999974053,0.4763323390000096,0.8510678120001103,0.8510678120001103,True,1.9422951999786163e-07,True,0.2033,4.918839153959666
w8_n10000,4,25,validation,401042,402042,403042,404042,495042,10000,10000,50000,8,2033,2033,0.2033,0.21101304812213875,5.844682358346601,5.844286780943794,5.772055449122919,64.19858353072253,63.67245110990232,63.830000322792415,0.9983580850202568,0.0003955774028065189,0.21103399504016107,5.772451026525725,4.2206799008032215e-06,0.0020544293370187306,304.20967730106776,1.461729043018645,0.37962001105870474,0.8221219260001362,0.028945885999974053,0.4763323390000096,0.8510678120001103,0.8510678120001103,True,1.9422951999786163e-07,True,0.2033,4.918839153959666
w8_n10000,4,25,test,401042,402042,403042,404042,495042,10000,10000,50000,8,2033,2033,0.2033,0.22007095683515066,5.8276260459071185,5.81726638781908,5.772055449122919,65.11251283542887,64.24696766319491,64.56975623247189,0.9983219074831757,0.01035965808804051,0.21996803368012316,5.78241510721096,4.399360673602463e-06,0.0020974652973535612,296.0089779686593,1.461729043018645,0.37962001105870474,0.8221219260001362,0.028945885999974053,0.4763323390000096,0.8510678120001103,0.8510678120001103,True,1.9422951999786163e-07,True,0.2033,4.918839153959666
w8_n10000,4,50,training,401042,402042,403042,404042,495042,10000,10000,50000,8,2033,2033,0.2033,0.1376395877755489,5.8915181892192985,5.863546130447537,5.762724759711111,64.10458677711038,63.27050024034529,63.619108089334084,0.9989468680530605,0.02797205877176271,0.13687083878749673,5.790696818482874,2.7374167757499344e-06,0.0016545140603059058,468.35825180145235,1.4886330265702434,0.3978582670271609,1.595391126000095,0.028945885999974053,0.4763323390000096,1.624337012000069,1.624337012000069,True,2.0579842000188363e-07,True,0.2033,4.918839153959666
w8_n10000,4,50,validation,401042,402042,403042,404042,495042,10000,10000,50000,8,2033,2033,0.2033,0.20489483612619605,5.844682358346601,5.835024836346482,5.762724759711111,64.19858353072253,63.32170979557158,63.657735637847,0.9984174131258445,0.00965752200011975,0.2048220506000733,5.772382281711232,4.096441012001466e-06,0.0020239666528877064,313.43589883334346,1.4886330265702434,0.3978582670271609,1.595391126000095,0.028945885999974053,0.4763323390000096,1.624337012000069,1.624337012000069,True,2.0579842000188363e-07,True,0.2033,4.918839153959666
w8_n10000,4,50,test,401042,402042,403042,404042,495042,10000,10000,50000,8,2033,2033,0.2033,0.21311755734169058,5.8276260459071185,5.808000730172817,5.762724759711111,65.11251283542887,63.97249262390021,64.43613440013593,0.9983909007095666,0.019625315734301294,0.21273665905720077,5.782350075445413,4.254733181144015e-06,0.002062700458414652,306.07095704140664,1.4886330265702434,0.3978582670271609,1.595391126000095,0.028945885999974053,0.4763323390000096,1.624337012000069,1.624337012000069,True,2.0579842000188363e-07,True,0.2033,4.918839153959666
w8_n10000,4,100,training,401042,402042,403042,404042,495042,10000,10000,50000,8,2033,2033,0.2033,0.09624824132347069,5.8915181892192985,5.8647230676840785,5.761118422660453,64.10458677711038,63.638723213930405,63.82388508713672,0.9992587402727827,0.02679512153521973,0.0955398167670602,5.787913544195673,1.9107963353412043e-06,0.0013823155701001143,670.9724693465404,1.7132940031073305,0.5384178351506586,3.0361181890000353,0.028945885999974053,0.4763323390000096,3.0650640750000093,3.0650640750000093,True,1.987797199990382e-07,True,0.2033,4.918839153959666
w8_n10000,4,100,validation,401042,402042,403042,404042,495042,10000,10000,50000,8,2033,2033,0.2033,0.1649015346691295,5.844682358346601,5.824851730871887,5.761118422660453,64.19858353072253,63.60184538555332,63.817952091459794,0.9987235306507442,0.019830627474713692,0.16452473335642423,5.780949050135167,3.2904946671284846e-06,0.001813972069004505,390.2062761083074,1.7132940031073305,0.5384178351506586,3.0361181890000353,0.028945885999974053,0.4763323390000096,3.0650640750000093,3.0650640750000093,True,1.987797199990382e-07,True,0.2033,4.918839153959666
w8_n10000,4,100,test,401042,402042,403042,404042,495042,10000,10000,50000,8,2033,2033,0.2033,0.17061216716327704,5.8276260459071185,5.805719459530018,5.761118422660453,65.11251283542887,64.3206507197455,64.63151394191219,0.9987042230356663,0.021906586377100048,0.17013567135000665,5.783025009037552,3.402713427000133e-06,0.0018446445259182413,382.70935376907556,1.7132940031073305,0.5384178351506586,3.0361181890000353,0.028945885999974053,0.4763323390000096,3.0650640750000093,3.0650640750000093,True,1.987797199990382e-07,True,0.2033,4.918839153959666
w8_n10000,4,200,training,401042,402042,403042,404042,495042,10000,10000,50000,8,2033,2033,0.2033,0.03200796806632251,5.8915181892192985,5.8866086766897805,5.779915989510695,64.10458677711038,64.05536920268736,64.06398445816927,0.9997504866867287,0.004909512529518215,0.03198706345939095,5.784825502040213,6.397412691878191e-07,0.0007998382768959104,2004.0785193831282,1.7167804027421025,0.5404506778373599,5.823144580000189,0.028945885999974053,0.4763323390000096,5.852090466000163,5.852090466000163,True,1.9918329999654815e-07,True,0.2033,4.918839153959666
w8_n10000,4,200,validation,401042,402042,403042,404042,495042,10000,10000,50000,8,2033,2033,0.2033,0.05495065230785751,5.844682358346601,5.8478060794370625,5.779915989510695,64.19858353072253,64.188413716454,64.16602542893149,0.9995720284150481,-0.0031237210904624044,0.05494638931333785,5.776792268420232,1.098927786266757e-06,0.0010482975657067782,1168.3858454214894,1.7167804027421025,0.5404506778373599,5.823144580000189,0.028945885999974053,0.4763323390000096,5.852090466000163,5.852090466000163,True,1.9918329999654815e-07,True,0.2033,4.918839153959666
w8_n10000,4,200,test,401042,402042,403042,404042,495042,10000,10000,50000,8,2033,2033,0.2033,0.05523346054104194,5.8276260459071185,5.82498647451174,5.779915989510695,65.11251283542887,64.9347728402238,64.9960290389483,0.9995762603789116,0.0026395713953785327,0.055227597755845736,5.782555560906073,1.1045519551169148e-06,0.0010509766672561836,1178.9850632881607,1.7167804027421025,0.5404506778373599,5.823144580000189,0.028945885999974053,0.4763323390000096,5.852090466000163,5.852090466000163,True,1.9918329999654815e-07,True,0.2033,4.918839153959666
w8_n20000,4,0,training,401042,402042,403042,404042,505042,20000,10000,50000,8,2033,2033,0.10165,123.16102396051767,5.79009446419079,-1.9140639054521011,-1.9163702593419092,64.01216246380052,1.4103292379757164,0.806166708941497,0.08484638740417517,7.704158369642892,63.81015828389325,5.787788110300982,0.001276203165677865,0.03572398585933357,1.0031657056703815,1.0095923041361612,0.009546590089706136,0.0,0.06305457600001318,0.4763323390000096,0.06305457600001318,0.0,True,1.9461311999748432e-07,True,0.10165,9.837678307919331
w8_n20000,4,0,validation,401042,402042,403042,404042,505042,20000,10000,50000,8,2033,2033,0.10165,124.34242196006798,5.844682358346601,-1.9325168985367855,-1.9163702593419092,64.19858353072253,1.376198242489822,0.8554008482020968,0.0910052514859165,7.777199256883387,63.863980076808176,5.860828997541478,0.0012772796015361634,0.035739048693777,1.0052393141409592,1.0095923041361612,0.009546590089706136,0.0,0.06305457600001318,0.4763323390000096,0.06305457600001318,0.0,True,1.9461311999748432e-07,True,0.10165,9.837678307919331
w8_n20000,4,0,test,401042,402042,403042,404042,505042,20000,10000,50000,8,2033,2033,0.10165,124.96722023307025,5.8276260459071185,-1.9143964714235202,-1.9163702593419092,65.11251283542887,1.397128017707548,0.7400163433787388,0.07758736134592617,7.742022517330638,65.02960816637894,5.82565225798873,0.0013005921633275786,0.036063723647560005,1.0012748757279581,1.0095923041361612,0.009546590089706136,0.0,0.06305457600001318,0.4763323390000096,0.06305457600001318,0.0,True,1.9461311999748432e-07,True,0.10165,9.837678307919331
w8_n20000,4,10,training,401042,402042,403042,404042,505042,20000,10000,50000,8,2033,2033,0.10165,0.1772454213589142,5.79009446419079,5.813287319054034,5.810277113735857,64.01216246380052,63.395416877869785,63.61543149650534,0.9986246843032469,-0.023192854863243583,0.1767163486596396,5.787084258872614,3.5343269731927916e-06,0.0018799805778764822,362.23112886453794,1.1112234318894008,0.10546159924916862,0.5797544460001518,0.06305457600001318,0.4763323390000096,0.642809022000165,0.642809022000165,True,1.968189800027176e-07,True,0.10165,9.837678307919331
w8_n20000,4,10,validation,401042,402042,403042,404042,505042,20000,10000,50000,8,2033,2033,0.10165,0.19695926540913553,5.844682358346601,5.882314241423243,5.810277113735857,64.19858353072253,63.823327112841014,63.91317399025602,0.9984767175797299,-0.037631883076642204,0.1955626630515465,5.772645230659214,3.91125326103093e-06,0.0019776888686117767,328.27627998602696,1.1112234318894008,0.10546159924916862,0.5797544460001518,0.06305457600001318,0.4763323390000096,0.642809022000165,0.642809022000165,True,1.968189800027176e-07,True,0.10165,9.837678307919331
w8_n20000,4,10,test,401042,402042,403042,404042,505042,20000,10000,50000,8,2033,2033,0.10165,0.2057518564244492,5.8276260459071185,5.853833025364229,5.810277113735857,65.11251283542887,64.36176771293273,64.63460569816321,0.9984329244443356,-0.026206979457108814,0.20506915203522472,5.784070134278749,4.101383040704494e-06,0.0020251871618950416,317.5149074798169,1.1112234318894008,0.10546159924916862,0.5797544460001518,0.06305457600001318,0.4763323390000096,0.642809022000165,0.642809022000165,True,1.968189800027176e-07,True,0.10165,9.837678307919331
w8_n20000,4,25,training,401042,402042,403042,404042,505042,20000,10000,50000,8,2033,2033,0.10165,0.16924434649620415,5.79009446419079,5.803567356968271,5.796863258964199,64.01216246380052,64.0583614970178,63.950726339798926,0.9986799229496726,-0.013472892777481068,0.1690712812204716,5.783390366186717,3.381425624409432e-06,0.0018388653089363104,378.61050085926576,1.141709714537336,0.13252688849930935,1.4705859440000495,0.06305457600001318,0.4763323390000096,1.5336405200000627,1.5336405200000627,True,2.063067199969737e-07,True,0.10165,9.837678307919331
w8_n20000,4,25,validation,401042,402042,403042,404042,505042,20000,10000,50000,8,2033,2033,0.10165,0.1932279145252392,5.844682358346601,5.864059389710841,5.796863258964199,64.19858353072253,64.46057443432248,64.2331431163455,0.9985029796081979,-0.019377031364239978,0.19287173235398367,5.777486227599958,3.857434647079673e-06,0.001964035296800868,332.8563639014597,1.141709714537336,0.13252688849930935,1.4705859440000495,0.06305457600001318,0.4763323390000096,1.5336405200000627,1.5336405200000627,True,2.063067199969737e-07,True,0.10165,9.837678307919331
w8_n20000,4,25,test,401042,402042,403042,404042,505042,20000,10000,50000,8,2033,2033,0.10165,0.20212975654964546,5.8276260459071185,5.841978527346385,5.796863258964199,65.11251283542887,65.10072043078353,65.00565273241507,0.9984492569367037,-0.014352481439266658,0.20192780138220862,5.782510777524932,4.038556027644172e-06,0.0020096158905731644,322.4544237580442,1.141709714537336,0.13252688849930935,1.4705859440000495,0.06305457600001318,0.4763323390000096,1.5336405200000627,1.5336405200000627,True,2.063067199969737e-07,True,0.10165,9.837678307919331
w8_n20000,4,50,training,401042,402042,403042,404042,505042,20000,10000,50000,8,2033,2033,0.10165,0.1673799407183754,5.79009446419079,5.801992054549939,5.793595038381617,64.01216246380052,63.90624337514873,63.87557954427483,0.9986928936847269,-0.011897590359150001,0.16724675039954137,5.781697448022467,3.3449350079908274e-06,0.0018289163480025071,382.74084435649553,1.1153225481608668,0.10914364394020516,2.903135951000195,0.06305457600001318,0.4763323390000096,2.966190527000208,2.966190527000208,True,1.9751154000005045e-07,True,0.10165,9.837678307919331
w8_n20000,4,50,validation,401042,402042,403042,404042,505042,20000,10000,50000,8,2033,2033,0.10165,0.18668262199303326,5.844682358346601,5.861827047558475,5.793595038381617,64.19858353072253,64.27583958523442,64.14400789679992,0.9985492511024211,-0.017144689211874526,0.18640732235709723,5.7764503491697425,3.7281464471419445e-06,0.001930840865307637,344.39947271887974,1.1153225481608668,0.10914364394020516,2.903135951000195,0.06305457600001318,0.4763323390000096,2.966190527000208,2.966190527000208,True,1.9751154000005045e-07,True,0.10165,9.837678307919331
w8_n20000,4,50,test,401042,402042,403042,404042,505042,20000,10000,50000,8,2033,2033,0.10165,0.19374819570285443,5.8276260459071185,5.838005608145234,5.793595038381617,65.11251283542887,64.92432521129497,64.92159685672331,0.9985118958027097,-0.010379562238114787,0.1936443332772651,5.783215476143502,3.872886665545302e-06,0.0019679651078068692,336.24796415911146,1.1153225481608668,0.10914364394020516,2.903135951000195,0.06305457600001318,0.4763323390000096,2.966190527000208,2.966190527000208,True,1.9751154000005045e-07,True,0.10165,9.837678307919331
w8_n20000,4,100,training,401042,402042,403042,404042,505042,20000,10000,50000,8,2033,2033,0.10165,0.034171997091156446,5.79009446419079,5.800125779346818,5.790731975153478,64.01216246380052,63.32095957621528,63.64952448327736,0.9997471395986789,-0.01003131515602814,0.034073073461069935,5.78070065999745,6.814614692213987e-07,0.000825506795381721,1878.672980203485,1.1115036460976773,0.10571373475652453,5.691799776000153,0.06305457600001318,0.4763323390000096,5.754854352000166,5.754854352000166,True,1.9962562000273466e-07,True,0.10165,9.837678307919331
w8_n20000,4,100,validation,401042,402042,403042,404042,505042,20000,10000,50000,8,2033,2033,0.10165,0.03798229936125961,5.844682358346601,5.8562347762117435,5.790731975153478,64.19858353072253,63.59215273225119,63.87644181835418,0.99971504882978,-0.01155241786514348,0.037852626265355294,5.779179557288335,7.570525253071058e-07,0.0008700876538068483,1696.0139854148097,1.1115036460976773,0.10571373475652453,5.691799776000153,0.06305457600001318,0.4763323390000096,5.754854352000166,5.754854352000166,True,1.9962562000273466e-07,True,0.10165,9.837678307919331
w8_n20000,4,100,test,401042,402042,403042,404042,505042,20000,10000,50000,8,2033,2033,0.10165,0.039786331639913276,5.8276260459071185,5.836574827613071,5.790731975153478,65.11251283542887,64.37983192004876,64.72631885519542,0.999709366300676,-0.00894878170595388,0.03970704508679416,5.781783193447524,7.941409017358831e-07,0.0008911458364015865,1639.8226736112406,1.1115036460976773,0.10571373475652453,5.691799776000153,0.06305457600001318,0.4763323390000096,5.754854352000166,5.754854352000166,True,1.9962562000273466e-07,True,0.10165,9.837678307919331
w8_n20000,4,200,training,401042,402042,403042,404042,505042,20000,10000,50000,8,2033,2033,0.10165,0.036107219611675984,5.79009446419079,5.8325763656903655,5.8225307124777075,64.01216246380052,64.88423080104613,64.43104452098935,0.9997567437704599,-0.04248190149957533,0.03430422286779978,5.780048810978132,6.860844573559956e-07,0.0008283021534174564,1866.0140680197885,1.3269180682871675,0.2828590113845445,11.143079830000033,0.06305457600001318,0.4763323390000096,11.206134406000047,11.206134406000047,True,1.9460259999959818e-07,True,0.10165,9.837678307919331
w8_n20000,4,200,validation,401042,402042,403042,404042,505042,20000,10000,50000,8,2033,2033,0.10165,0.04791132209834563,5.844682358346601,5.887868787480704,5.8225307124777075,64.19858353072253,65.18225755241394,64.66739511180673,0.9996729606667651,-0.04318642913410266,0.04605085952294302,5.7793442833436055,9.210171904588605e-07,0.0009596964053589346,1394.080027946886,1.3269180682871675,0.2828590113845445,11.143079830000033,0.06305457600001318,0.4763323390000096,11.206134406000047,11.206134406000047,True,1.9460259999959818e-07,True,0.10165,9.837678307919331
w8_n20000,4,200,test,401042,402042,403042,404042,505042,20000,10000,50000,8,2033,2033,0.10165,0.048144719647231285,5.8276260459071185,5.870168374418684,5.8225307124777075,65.11251283542887,66.02068712673949,65.54343208276033,0.9996706251728916,-0.04254232851156427,0.04633579664797839,5.779988383966145,9.267159329595679e-07,0.0009626608608225266,1405.231323205699,1.3269180682871675,0.2828590113845445,11.143079830000033,0.06305457600001318,0.4763323390000096,11.206134406000047,11.206134406000047,True,1.9460259999959818e-07,True,0.10165,9.837678307919331
w16_n10000,4,0,training,401042,402042,403042,404042,575042,10000,10000,50000,16,4065,4065,0.4065,101.3670975291247,5.8915181892192985,-0.14842920187030145,-0.143640994906034,64.10458677711038,0.8448063609206748,0.02838541690299429,0.0038571998133308063,6.0399473910896,64.89262230422507,5.896306396183566,0.0012978524460845013,0.0360257192306344,0.9878563155697381,0.9946150934313076,-0.005399457438293071,0.0,0.028945885999974053,0.4763323390000096,0.028945885999974053,0.0,True,2.3194268000224837e-07,True,0.4065,2.4600246002460024
w16_n10000,4,0,validation,401042,402042,403042,404042,575042,10000,10000,50000,16,4065,4065,0.4065,100.82124517979084,5.844682358346601,-0.15439856824133796,-0.143640994906034,64.19858353072253,0.8115061582472284,0.08566629861047989,0.011868651280862248,5.999080926587939,64.8387570917488,5.855439931681905,0.001296775141834976,0.036010764249526504,0.9901266836420012,0.9946150934313076,-0.005399457438293071,0.0,0.028945885999974053,0.4763323390000096,0.028945885999974053,0.0,True,2.3194268000224837e-07,True,0.4065,2.4600246002460024
w16_n10000,4,0,test,401042,402042,403042,404042,575042,10000,10000,50000,16,4065,4065,0.4065,101.60107330265213,5.8276260459071185,-0.14347365842545146,-0.143640994906034,65.11251283542887,0.8324826366492589,-0.0016825593526580557,-0.000228533869418746,5.971099704332571,65.94836059078344,5.827458709426536,0.0013189672118156688,0.03631758818830993,0.9873257235226651,0.9946150934313076,-0.005399457438293071,0.0,0.028945885999974053,0.4763323390000096,0.028945885999974053,0.0,True,2.3194268000224837e-07,True,0.4065,2.4600246002460024
w16_n10000,4,10,training,401042,402042,403042,404042,575042,10000,10000,50000,16,4065,4065,0.4065,0.13328355165848788,5.8915181892192985,5.872640702829548,5.786782719772831,64.10458677711038,63.481225800682,63.72643604578882,0.9989699541891649,0.0188774863897509,0.13294048621471422,5.805660206162582,2.658809724294284e-06,0.0016305856997699583,482.20514759946104,1.4328019829804992,0.35963195575314705,0.32810664099997666,0.028945885999974053,0.4763323390000096,0.3570525269999507,0.3570525269999507,True,2.4092094000025097e-07,True,0.4065,2.4600246002460024
w16_n10000,4,10,validation,401042,402042,403042,404042,575042,10000,10000,50000,16,4065,4065,0.4065,0.19096893711496524,5.844682358346601,5.855001445370734,5.786782719772831,64.19858353072253,63.38166947104895,63.69468573002971,0.9985243016608277,-0.010319087024132537,0.19088154171212482,5.7764636327486985,3.8176308342424966e-06,0.0019538758492397864,336.3268284344784,1.4328019829804992,0.35963195575314705,0.32810664099997666,0.028945885999974053,0.4763323390000096,0.3570525269999507,0.3570525269999507,True,2.4092094000025097e-07,True,0.4065,2.4600246002460024
w16_n10000,4,10,test,401042,402042,403042,404042,575042,10000,10000,50000,16,4065,4065,0.4065,0.1957215353850213,5.8276260459071185,5.8277949704379495,5.786782719772831,65.11251283542887,64.1118572373181,64.51432232569454,0.9985153202823625,-0.00016892453083034353,0.1957254213579514,5.786613795242001,3.914508427159028e-06,0.0019785116697050406,332.6727431913313,1.4328019829804992,0.35963195575314705,0.32810664099997666,0.028945885999974053,0.4763323390000096,0.3570525269999507,0.3570525269999507,True,2.4092094000025097e-07,True,0.4065,2.4600246002460024
w16_n10000,4,25,training,401042,402042,403042,404042,575042,10000,10000,50000,16,4065,4065,0.4065,0.12472292717322532,5.8915181892192985,5.861770481244917,5.766442413959566,64.10458677711038,63.510751944758965,63.74574416789363,0.9990403187074629,0.029747707974382767,0.12385038608210427,5.7961901219339484,2.4770077216420854e-06,0.0015738512387268643,517.596987825403,1.6720699368346217,0.5140623420381049,0.878231808999999,0.028945885999974053,0.4763323390000096,0.907177694999973,0.907177694999973,True,2.338810800029023e-07,True,0.4065,2.4600246002460024
w16_n10000,4,25,validation,401042,402042,403042,404042,575042,10000,10000,50000,16,4065,4065,0.4065,0.20854545696036397,5.844682358346601,5.834553455338935,5.766442413959566,64.19858353072253,63.372665382354974,63.68139260221122,0.9983868275377061,0.010128903007666161,0.2084637086550908,5.776571316967233,4.169274173101816e-06,0.002041880058451479,307.96047880420724,1.6720699368346217,0.5140623420381049,0.878231808999999,0.028945885999974053,0.4763323390000096,0.907177694999973,0.907177694999973,True,2.338810800029023e-07,True,0.4065,2.4600246002460024
w16_n10000,4,25,test,401042,402042,403042,404042,575042,10000,10000,50000,16,4065,4065,0.4065,0.20801601855563975,5.8276260459071185,5.808745968664193,5.766442413959566,65.11251283542887,64.17792466269823,64.54138689180694,0.9984199053524968,0.018880077242925813,0.20766371451323118,5.785322491202492,4.1532742902646235e-06,0.002037958363231355,313.54785783377804,1.6720699368346217,0.5140623420381049,0.878231808999999,0.028945885999974053,0.4763323390000096,0.907177694999973,0.907177694999973,True,2.338810800029023e-07,True,0.4065,2.4600246002460024
w16_n10000,4,50,training,401042,402042,403042,404042,575042,10000,10000,50000,16,4065,4065,0.4065,0.08601316779893735,5.8915181892192985,5.911030282034757,5.8157173366354025,64.10458677711038,64.55970807038503,64.28932691868074,0.9993406360843674,-0.019512092815457887,0.08564101013391168,5.796205243819944,1.7128202026782336e-06,0.0013087475702664108,748.5267476046104,2.22407997368255,0.7993433351314483,1.6899721729998873,0.028945885999974053,0.4763323390000096,1.7189180589998614,1.7189180589998614,True,2.3048309999921912e-07,True,0.4065,2.4600246002460024
w16_n10000,4,50,validation,401042,402042,403042,404042,575042,10000,10000,50000,16,4065,4065,0.4065,0.1913001639746133,5.844682358346601,5.88742624538121,5.8157173366354025,64.19858353072253,64.54873237683701,64.27891191712821,0.9985318790739148,-0.04274388703460952,0.18949207330311615,5.772973449600793,3.789841466062323e-06,0.0019467515162604403,338.7929764641337,2.22407997368255,0.7993433351314483,1.6899721729998873,0.028945885999974053,0.4763323390000096,1.7189180589998614,1.7189180589998614,True,2.3048309999921912e-07,True,0.4065,2.4600246002460024
w16_n10000,4,50,test,401042,402042,403042,404042,575042,10000,10000,50000,16,4065,4065,0.4065,0.18749584110531123,5.8276260459071185,5.859494572919365,5.8157173366354025,65.11251283542887,65.29906489831141,65.11254688298474,0.9985710568688962,-0.031868527012246704,0.18648396777073636,5.783848809623156,3.7296793554147275e-06,0.001931237778062227,349.1587701280481,2.22407997368255,0.7993433351314483,1.6899721729998873,0.028945885999974053,0.4763323390000096,1.7189180589998614,1.7189180589998614,True,2.3048309999921912e-07,True,0.4065,2.4600246002460024
w16_n10000,4,100,training,401042,402042,403042,404042,575042,10000,10000,50000,16,4065,4065,0.4065,0.07025594371097224,5.8915181892192985,5.804446263144303,5.7068406840147645,64.10458677711038,62.18090080941376,63.11140344752722,0.9996196410190665,0.0870719260749951,0.0626806914697098,5.793912610089759,1.2536138293941958e-06,0.0011196489759715746,1022.7166496414399,1.6858959068620525,0.5222971179714672,3.2187596779999694,0.028945885999974053,0.4763323390000096,3.2477055639999435,3.2477055639999435,True,2.4372496000069076e-07,True,0.4065,2.4600246002460024
w16_n10000,4,100,validation,401042,402042,403042,404042,575042,10000,10000,50000,16,4065,4065,0.4065,0.11844420793505886,5.844682358346601,5.777379730092086,5.7068406840147645,64.19858353072253,62.10658396043311,63.09562076719745,0.9992350822195407,0.06730262825451494,0.11392595676076948,5.774143312269279,2.27851913521539e-06,0.001509476444074365,563.5114714509853,1.6858959068620525,0.5222971179714672,3.2187596779999694,0.028945885999974053,0.4763323390000096,3.2477055639999435,3.2477055639999435,True,2.4372496000069076e-07,True,0.4065,2.4600246002460024
w16_n10000,4,100,test,401042,402042,403042,404042,575042,10000,10000,50000,16,4065,4065,0.4065,0.12174079882220021,5.8276260459071185,5.75217394873922,5.7068406840147645,65.11251283542887,62.89891978487335,63.947691259722525,0.9992428467738126,0.07545209716789805,0.11605010085718344,5.7822927811826625,2.321002017143669e-06,0.001523483513906097,561.0724364260511,1.6858959068620525,0.5222971179714672,3.2187596779999694,0.028945885999974053,0.4763323390000096,3.2477055639999435,3.2477055639999435,True,2.4372496000069076e-07,True,0.4065,2.4600246002460024
w16_n10000,4,200,training,401042,402042,403042,404042,575042,10000,10000,50000,16,4065,4065,0.4065,0.03065134140850377,5.8915181892192985,5.884292176702888,5.781631606310472,64.10458677711038,63.67603192424271,63.87500825749143,0.9997661327514055,0.007226012516410944,0.030602186370253477,5.788857618826883,6.120437274050695e-07,0.0007823322359490688,2094.771465068344,1.9995164260046248,0.6929053643270691,6.12807428699989,0.028945885999974053,0.4763323390000096,6.157020172999864,6.157020172999864,True,2.3803479999969567e-07,True,0.4065,2.4600246002460024
w16_n10000,4,200,validation,401042,402042,403042,404042,575042,10000,10000,50000,16,4065,4065,0.4065,0.06128786062537902,5.844682358346601,5.8523006267986855,5.781631606310472,64.19858353072253,63.636494300790154,63.88692094265345,0.999530639229643,-0.0076182684520848965,0.061235946205791536,5.7740133378583876,1.2247189241158306e-06,0.0011066701966330487,1048.3806899133176,1.9995164260046248,0.6929053643270691,6.12807428699989,0.028945885999974053,0.4763323390000096,6.157020172999864,6.157020172999864,True,2.3803479999969567e-07,True,0.4065,2.4600246002460024
w16_n10000,4,200,test,401042,402042,403042,404042,575042,10000,10000,50000,16,4065,4065,0.4065,0.06218082269626286,5.8276260459071185,5.826525665505299,5.781631606310472,65.11251283542887,64.45354760383508,64.75193979189383,0.9995330112059059,0.0011003804018202789,0.0621808554763437,5.7827319867122915,1.243617109526874e-06,0.0011151758200063674,1047.1472664154726,1.9995164260046248,0.6929053643270691,6.12807428699989,0.028945885999974053,0.4763323390000096,6.157020172999864,6.157020172999864,True,2.3803479999969567e-07,True,0.4065,2.4600246002460024
w16_n20000,4,0,training,401042,402042,403042,404042,585042,20000,10000,50000,16,4065,4065,0.20325,105.75166245584123,5.79009446419079,-0.6530203927287525,-0.6485424482749209,64.01216246380052,0.7161047841777665,0.2435608971608611,0.03597394183420133,6.443114856919542,64.24114545365659,5.794572408644621,0.0012848229090731318,0.03584442647153294,0.9964355711866743,1.0103141160088942,0.010261288450242984,0.0,0.06305457600001318,0.4763323390000096,0.06305457600001318,0.0,True,2.3715939999874537e-07,True,0.20325,4.920049200492005
w16_n20000,4,0,validation,401042,402042,403042,404042,585042,20000,10000,50000,16,4065,4065,0.20325,106.84239737054419,5.844682358346601,-0.6529178720820175,-0.6485424482749209,64.19858353072253,0.7157801042534817,0.14215600686787208,0.020970688122605784,6.497600230428619,64.63005162124028,5.8490577821536975,0.0012926010324248057,0.03595276112379695,0.9933240330203302,1.0103141160088942,0.010261288450242984,0.0,0.06305457600001318,0.4763323390000096,0.06305457600001318,0.0,True,2.3715939999874537e-07,True,0.20325,4.920049200492005
w16_n20000,4,0,test,401042,402042,403042,404042,585042,20000,10000,50000,16,4065,4065,0.20325,107.27411095527796,5.8276260459071185,-0.6549094450999153,-0.6485424482749209,65.11251283542887,0.7131093279658748,0.28673627864523404,0.04207967315070547,6.4825354910070345,65.25214960610427,5.833993042732114,0.0013050429921220854,0.03612537878171086,0.9978600433622752,1.0103141160088942,0.010261288450242984,0.0,0.06305457600001318,0.4763323390000096,0.06305457600001318,0.0,True,2.3715939999874537e-07,True,0.20325,4.920049200492005
w16_n20000,4,10,training,401042,402042,403042,404042,585042,20000,10000,50000,16,4065,4065,0.20325,0.152718504819432,5.79009446419079,5.76496613519017,5.765071315757617,64.01216246380052,62.949357178008086,63.40471248258686,0.9988370385178864,0.025128329000619266,0.15209467663490037,5.7901996447582365,3.041893532698007e-06,0.001744102500628334,420.8704990869614,1.2107551011688018,0.1912442155228043,0.6163359709998986,0.06305457600001318,0.4763323390000096,0.6793905469999117,0.6793905469999117,True,2.3332637999828876e-07,True,0.20325,4.920049200492005
w16_n20000,4,10,validation,401042,402042,403042,404042,585042,20000,10000,50000,16,4065,4065,0.20325,0.18490470875299952,5.844682358346601,5.827953190121935,5.765071315757617,64.19858353072253,63.124474698867225,63.56920746078777,0.9985853387459591,0.016729168224665525,0.1846433080143118,5.781800483982282,3.692866160286236e-06,0.0019216831581419026,347.6897387786535,1.2107551011688018,0.1912442155228043,0.6163359709998986,0.06305457600001318,0.4763323390000096,0.6793905469999117,0.6793905469999117,True,2.3332637999828876e-07,True,0.20325,4.920049200492005
w16_n20000,4,10,test,401042,402042,403042,404042,585042,20000,10000,50000,16,4065,4065,0.20325,0.19184280582352403,5.8276260459071185,5.809215576394307,5.765071315757617,65.11251283542887,63.8135501690691,64.36727765695414,0.998565276715491,0.018410469512812548,0.1915076905896536,5.78348178527043,3.830153811793072e-06,0.0019570778757609705,339.99946756679566,1.2107551011688018,0.1912442155228043,0.6163359709998986,0.06305457600001318,0.4763323390000096,0.6793905469999117,0.6793905469999117,True,2.3332637999828876e-07,True,0.20325,4.920049200492005
w16_n20000,4,25,training,401042,402042,403042,404042,585042,20000,10000,50000,16,4065,4065,0.20325,0.1052018921296074,5.79009446419079,5.7920587757312765,5.786867162378725,64.01216246380052,63.67509320637993,63.79102618820295,0.9991795676149043,-0.0019643115404867502,0.10520329377446802,5.784902850838239,2.1040658754893605e-06,0.0014505398565669819,608.4615810701523,1.3348743178513625,0.28883714348883105,1.5835554789998696,0.06305457600001318,0.4763323390000096,1.6466100549998828,1.6466100549998828,True,2.3659133999899496e-07,True,0.20325,4.920049200492005
w16_n20000,4,25,validation,401042,402042,403042,404042,585042,20000,10000,50000,16,4065,4065,0.20325,0.1404313039931823,5.844682358346601,5.853889704150198,5.786867162378725,64.19858353072253,63.88636755911654,63.97229526250309,0.9989071280046983,-0.009207345803598301,0.14036056483291853,5.7776598165751265,2.8072112966583706e-06,0.0016754734544773815,457.3833370301894,1.3348743178513625,0.28883714348883105,1.5835554789998696,0.06305457600001318,0.4763323390000096,1.6466100549998828,1.6466100549998828,True,2.3659133999899496e-07,True,0.20325,4.920049200492005
w16_n20000,4,25,test,401042,402042,403042,404042,585042,20000,10000,50000,16,4065,4065,0.20325,0.14473654707803307,5.8276260459071185,5.8318202452002295,5.786867162378725,65.11251283542887,64.57532982374184,64.77156040448168,0.9988926445579978,-0.004194199293110712,0.1447218502073269,5.782672963085615,2.8944370041465377e-06,0.0017013045007130668,449.91487285540796,1.3348743178513625,0.28883714348883105,1.5835554789998696,0.06305457600001318,0.4763323390000096,1.6466100549998828,1.6466100549998828,True,2.3659133999899496e-07,True,0.20325,4.920049200492005
w16_n20000,4,50,training,401042,402042,403042,404042,585042,20000,10000,50000,16,4065,4065,0.20325,0.04565956182944153,5.79009446419079,5.836173226100984,5.829833755201615,64.01216246380052,64.65953047580958,64.31407722657774,0.9996742834476062,-0.04607876191019322,0.043538486454587966,5.783754993291422,8.707697290917593e-07,0.0009331504321875221,1470.243172797641,1.2492288082416974,0.2225264075135011,3.122684455999888,0.06305457600001318,0.4763323390000096,3.1857390319999013,3.1857390319999013,True,2.3237937999965652e-07,True,0.20325,4.920049200492005
w16_n20000,4,50,validation,401042,402042,403042,404042,585042,20000,10000,50000,16,4065,4065,0.20325,0.057039240009031336,5.844682358346601,5.894794150268399,5.829833755201615,64.19858353072253,64.77740282891726,64.46072642898511,0.9995872470670182,-0.05011179192179793,0.05453350166958467,5.779721963279816,1.0906700333916935e-06,0.0010443514893902787,1177.2320053771355,1.2492288082416974,0.2225264075135011,3.122684455999888,0.06305457600001318,0.4763323390000096,3.1857390319999013,3.1857390319999013,True,2.3237937999965652e-07,True,0.20325,4.920049200492005
w16_n20000,4,50,test,401042,402042,403042,404042,585042,20000,10000,50000,16,4065,4065,0.20325,0.05576118002124172,5.8276260459071185,5.873362335037971,5.829833755201615,65.11251283542887,65.58707911669552,65.32296075341885,0.9995959495983086,-0.04573628913085211,0.05367044528668655,5.784097466070763,1.0734089057337308e-06,0.0010360544897512539,1213.1912170212725,1.2492288082416974,0.2225264075135011,3.122684455999888,0.06305457600001318,0.4763323390000096,3.1857390319999013,3.1857390319999013,True,2.3237937999965652e-07,True,0.20325,4.920049200492005
w16_n20000,4,100,training,401042,402042,403042,404042,585042,20000,10000,50000,16,4065,4065,0.20325,0.02374122676166065,5.79009446419079,5.783040177850379,5.776255036671739,64.01216246380052,63.606894434697075,63.797682125029645,0.9998193900071944,0.00705428634041059,0.023692648438310062,5.78330932301215,4.738529687662012e-07,0.0006883697907129578,2701.7731947727475,1.2733696401820411,0.24166664677584912,6.020110080999984,0.06305457600001318,0.4763323390000096,6.0831646569999975,6.0831646569999975,True,2.265861199975916e-07,True,0.20325,4.920049200492005
w16_n20000,4,100,validation,401042,402042,403042,404042,585042,20000,10000,50000,16,4065,4065,0.20325,0.030231357378976066,5.844682358346601,5.838570048681198,5.776255036671739,64.19858353072253,63.751936727120786,63.96016162054607,0.9997700859579565,0.006112309665402209,0.030197016751205452,5.782367346337142,6.03940335024109e-07,0.000777135982324914,2125.9909235292175,1.2733696401820411,0.24166664677584912,6.020110080999984,0.06305457600001318,0.4763323390000096,6.0831646569999975,6.0831646569999975,True,2.265861199975916e-07,True,0.20325,4.920049200492005
w16_n20000,4,100,test,401042,402042,403042,404042,585042,20000,10000,50000,16,4065,4065,0.20325,0.03039618944913007,5.8276260459071185,5.821250790842601,5.776255036671739,65.11251283542887,64.61103541103235,64.84659604688308,0.9997734638117272,0.006375255064516798,0.030356152695046316,5.782630291736257,6.071230539009263e-07,0.0007791810148488773,2144.9527379025963,1.2733696401820411,0.24166664677584912,6.020110080999984,0.06305457600001318,0.4763323390000096,6.0831646569999975,6.0831646569999975,True,2.265861199975916e-07,True,0.20325,4.920049200492005
w16_n20000,4,200,training,401042,402042,403042,404042,585042,20000,10000,50000,16,4065,4065,0.20325,0.010223078114749234,5.79009446419079,5.786838698978719,5.779552352030662,64.01216246380052,64.03640264224285,64.01917605864331,0.999920259203662,0.0032557652120698295,0.010212988757070971,5.782808117242732,2.042597751414194e-07,0.00045195107604852476,6267.720839257915,1.8404880108708341,0.610030759754779,11.704830528999992,0.06305457600001318,0.4763323390000096,11.767885105000005,11.767885105000005,True,2.3681650000071387e-07,True,0.20325,4.920049200492005
w16_n20000,4,200,validation,401042,402042,403042,404042,585042,20000,10000,50000,16,4065,4065,0.20325,0.018815452704391975,5.844682358346601,5.843363805180887,5.779552352030662,64.19858353072253,64.06874324148754,64.12425558826443,0.9998538217839881,0.0013185531657136465,0.018815595681509298,5.780870905196376,3.7631191363018597e-07,0.0006134426734668741,3411.987832721798,1.8404880108708341,0.610030759754779,11.704830528999992,0.06305457600001318,0.4763323390000096,11.767885105000005,11.767885105000005,True,2.3681650000071387e-07,True,0.20325,4.920049200492005
w16_n20000,4,200,test,401042,402042,403042,404042,585042,20000,10000,50000,16,4065,4065,0.20325,0.016894681728570685,5.8276260459071185,5.826096377221193,5.779552352030662,65.11251283542887,65.01678188267192,65.0562010192024,0.9998704559833365,0.0015296686859260311,0.0168926796958759,5.781082020716588,3.37853593917518e-07,0.0005812517474533027,3854.4809945887473,1.8404880108708341,0.610030759754779,11.704830528999992,0.06305457600001318,0.4763323390000096,11.767885105000005,11.767885105000005,True,2.3681650000071387e-07,True,0.20325,4.920049200492005
w8_n10000,5,0,training,501042,502042,503042,504042,595042,10000,10000,50000,8,2033,2033,0.2033,106.17878832273242,5.972662493623101,-0.24640010187504413,-0.25227102997259465,66.92771946047579,1.5481627991813507,0.483541311842628,0.04750313336810812,6.219062595498146,67.50879963597188,5.966791565525551,0.0013501759927194376,0.036744741021259596,0.9913925269204984,0.9669669445630557,-0.03359096760529811,0.0,0.029436601000043083,0.46976993600014794,0.029436601000043083,0.0,True,2.0401828000103706e-07,True,0.2033,4.918839153959666
w8_n10000,5,0,validation,501042,502042,503042,504042,595042,10000,10000,50000,8,2033,2033,0.2033,102.67137852184001,5.773289707879354,-0.2601114630542907,-0.25227102997259465,65.50758151733339,1.547940041866277,0.38972255956955315,0.03870193648723534,6.033401170933644,66.27607644006056,5.78113014096105,0.0013255215288012112,0.036407712490641474,0.9884046406485425,0.9669669445630557,-0.03359096760529811,0.0,0.029436601000043083,0.46976993600014794,0.029436601000043083,0.0,True,2.0401828000103706e-07,True,0.2033,4.918839153959666
w8_n10000,5,0,test,501042,502042,503042,504042,595042,10000,10000,50000,8,2033,2033,0.2033,99.18367689826448,5.733550048075523,-0.24778888169223956,-0.25227102997259465,62.611076330752134,1.545895453632127,0.3742210541408249,0.038037553217151784,5.981338929767763,63.40852967610262,5.729067899795168,0.0012681705935220524,0.035611382920662495,0.9874235635264852,0.9669669445630557,-0.03359096760529811,0.0,0.029436601000043083,0.46976993600014794,0.029436601000043083,0.0,True,2.0401828000103706e-07,True,0.2033,4.918839153959666
w8_n10000,5,10,training,501042,502042,503042,504042,595042,10000,10000,50000,8,2033,2033,0.2033,0.16736024532279972,5.972662493623101,6.0037806218025835,5.826537335726842,66.92771946047579,66.67030932592974,66.71581011906463,0.9987562625334729,-0.03111812817948244,0.16640854827623272,5.795419207547359,3.3281709655246545e-06,0.0018243275378957186,402.1891913231403,1.261917938008683,0.23263273665508513,0.320485096000084,0.029436601000043083,0.46976993600014794,0.3499216970001271,0.3499216970001271,True,2.0075060000181112e-07,True,0.2033,4.918839153959666
w8_n10000,5,10,validation,501042,502042,503042,504042,595042,10000,10000,50000,8,2033,2033,0.2033,0.21119489568237473,5.773289707879354,5.817970187663246,5.826537335726842,65.50758151733339,65.01348604031938,65.15592404264844,0.9984041982569228,-0.04468047978389243,0.20921947235589144,5.78185685594295,4.184389447117829e-06,0.00204557802274023,313.10461105600217,1.261917938008683,0.23263273665508513,0.320485096000084,0.029436601000043083,0.46976993600014794,0.3499216970001271,0.3499216970001271,True,2.0075060000181112e-07,True,0.2033,4.918839153959666
w8_n10000,5,10,test,501042,502042,503042,504042,595042,10000,10000,50000,8,2033,2033,0.2033,0.20182543331760175,5.733550048075523,5.779848987160031,5.826537335726842,62.611076330752134,62.48631808783866,62.4488542916584,0.9984042535381946,-0.04629893908450955,0.19968583527395603,5.780238396642334,3.99371670547912e-06,0.0019984285590130863,313.54791012018353,1.261917938008683,0.23263273665508513,0.320485096000084,0.029436601000043083,0.46976993600014794,0.3499216970001271,0.3499216970001271,True,2.0075060000181112e-07,True,0.2033,4.918839153959666
w8_n10000,5,25,training,501042,502042,503042,504042,595042,10000,10000,50000,8,2033,2033,0.2033,0.14535477718591022,5.972662493623101,5.99105626424088,5.806400894960137,66.92771946047579,66.90490496964232,66.8437967403174,0.9989163404094367,-0.01839377061777903,0.14503094948331913,5.788007124342358,2.9006189896663824e-06,0.001703120368519613,461.4719802835845,1.407804041359844,0.3420310728795226,0.8338341549999768,0.029436601000043083,0.46976993600014794,0.8632707560000199,0.8632707560000199,True,1.9898812000064935e-07,True,0.2033,4.918839153959666
w8_n10000,5,25,validation,501042,502042,503042,504042,595042,10000,10000,50000,8,2033,2033,0.2033,0.20463104275328406,5.773289707879354,5.792194937611184,5.806400894960137,65.50758151733339,65.32447802934806,65.31388274111646,0.9984394793175104,-0.018905229731830547,0.2042940644485157,5.787495665228306,4.0858812889703135e-06,0.002021356299361969,320.65337626997973,1.407804041359844,0.3420310728795226,0.8338341549999768,0.029436601000043083,0.46976993600014794,0.8632707560000199,0.8632707560000199,True,1.9898812000064935e-07,True,0.2033,4.918839153959666
w8_n10000,5,25,test,501042,502042,503042,504042,595042,10000,10000,50000,8,2033,2033,0.2033,0.19138292931767523,5.733550048075523,5.75987599113839,5.806400894960137,62.611076330752134,62.774354588681106,62.59736861576003,0.9984799865764888,-0.026325943062866917,0.19069368791328417,5.78007495189727,3.8138737582656832e-06,0.0019529141707370764,328.3332396362475,1.407804041359844,0.3420310728795226,0.8338341549999768,0.029436601000043083,0.46976993600014794,0.8632707560000199,0.8632707560000199,True,1.9898812000064935e-07,True,0.2033,4.918839153959666
w8_n10000,5,50,training,501042,502042,503042,504042,595042,10000,10000,50000,8,2033,2033,0.2033,0.18119545551684849,5.972662493623101,6.069719282099266,5.878894932702153,66.92771946047579,68.2586719664849,67.50729940618581,0.9987776236925935,-0.09705678847616421,0.17179261458900066,5.781838144225989,3.4358522917800134e-06,0.0018536052146506314,389.5843812645538,1.3700350753736177,0.31483634197479077,1.6148954919999596,0.029436601000043083,0.46976993600014794,1.6443320930000027,1.6443320930000027,True,1.9844324000132473e-07,True,0.2033,4.918839153959666
w8_n10000,5,50,validation,501042,502042,503042,504042,595042,10000,10000,50000,8,2033,2033,0.2033,0.2482441295563825,5.773289707879354,5.866886282406167,5.878894932702153,65.50758151733339,66.68326317194419,65.97566846385408,0.9982276475031783,-0.09359657452681301,0.2395077615693861,5.78529835817534,4.790155231387722e-06,0.002188642326052323,273.5092219479311,1.3700350753736177,0.31483634197479077,1.6148954919999596,0.029436601000043083,0.46976993600014794,1.6443320930000027,1.6443320930000027,True,1.9844324000132473e-07,True,0.2033,4.918839153959666
w8_n10000,5,50,test,501042,502042,503042,504042,595042,10000,10000,50000,8,2033,2033,0.2033,0.24039400791874202,5.733550048075523,5.831863404047475,5.878894932702153,62.611076330752134,64.10463342914122,63.242488326637435,0.9982484714675778,-0.09831335597195187,0.23073310661840668,5.7805815767302,4.6146621323681336e-06,0.0021481764667662046,271.35714180063553,1.3700350753736177,0.31483634197479077,1.6148954919999596,0.029436601000043083,0.46976993600014794,1.6443320930000027,1.6443320930000027,True,1.9844324000132473e-07,True,0.2033,4.918839153959666
w8_n10000,5,100,training,501042,502042,503042,504042,595042,10000,10000,50000,8,2033,2033,0.2033,0.12566814378658114,5.972662493623101,5.969758736745738,5.781007228090689,66.92771946047579,66.87474404204525,66.83839561165529,0.9990608408942007,0.0029037568773635112,0.1256722792104993,5.783910984968052,2.5134455842099864e-06,0.0015853849955799336,532.5575368007195,1.645972364379762,0.4983313125512112,3.066744476000167,0.029436601000043083,0.46976993600014794,3.0961810770002103,3.0961810770002103,True,1.9569122000120843e-07,True,0.2033,4.918839153959666
w8_n10000,5,100,validation,501042,502042,503042,504042,595042,10000,10000,50000,8,2033,2033,0.2033,0.20684629175561486,5.773289707879354,5.767645871198567,5.781007228090689,65.50758151733339,65.28462722073773,65.29268680784783,0.9984200481397603,0.005643836680786074,0.206835122375373,5.786651064771475,4.13670244750746e-06,0.002033888504197676,316.71401242216257,1.645972364379762,0.4983313125512112,3.066744476000167,0.029436601000043083,0.46976993600014794,3.0961810770002103,3.0961810770002103,True,1.9569122000120843e-07,True,0.2033,4.918839153959666
w8_n10000,5,100,test,501042,502042,503042,504042,595042,10000,10000,50000,8,2033,2033,0.2033,0.19976038725073078,5.733550048075523,5.734702435659329,5.781007228090689,62.611076330752134,62.77770028901268,62.59450678262506,0.9984077321249544,-0.0011523875838040135,0.19976305451467777,5.779854840506886,3.995261090293555e-06,0.0019988149214706084,313.4267068696215,1.645972364379762,0.4983313125512112,3.066744476000167,0.029436601000043083,0.46976993600014794,3.0961810770002103,3.0961810770002103,True,1.9569122000120843e-07,True,0.2033,4.918839153959666
w8_n10000,5,200,training,501042,502042,503042,504042,595042,10000,10000,50000,8,2033,2033,0.2033,0.04654403214165409,5.972662493623101,5.980426578707686,5.798934500314256,66.92771946047579,66.59525340300496,66.73824223175824,0.9996549310686225,-0.007764085084584596,0.04648839996444992,5.791170415229671,9.297679992889985e-07,0.0009642447818313556,1439.6649381707261,1.6384131942001297,0.4937282089312906,5.830427419999978,0.029436601000043083,0.46976993600014794,5.859864021000021,5.859864021000021,True,2.018017599993982e-07,True,0.2033,4.918839153959666
w8_n10000,5,200,validation,501042,502042,503042,504042,595042,10000,10000,50000,8,2033,2033,0.2033,0.07625835637216098,5.773289707879354,5.790957217269753,5.798934500314256,65.50758151733339,65.09241937156798,65.26202353901814,0.999423473865683,-0.017667509390399835,0.07595381086518756,5.781266990923855,1.5190762173037511e-06,0.0012325081002994467,862.4660273281685,1.6384131942001297,0.4937282089312906,5.830427419999978,0.029436601000043083,0.46976993600014794,5.859864021000021,5.859864021000021,True,2.018017599993982e-07,True,0.2033,4.918839153959666
w8_n10000,5,200,test,501042,502042,503042,504042,595042,10000,10000,50000,8,2033,2033,0.2033,0.06976210720156206,5.733550048075523,5.751342436184968,5.798934500314256,62.611076330752134,62.428446471512444,62.48503793759956,0.999445666243104,-0.017792388109445164,0.06944692706546624,5.781142112204812,1.3889385413093247e-06,0.0011785323675272243,901.5672683649475,1.6384131942001297,0.4937282089312906,5.830427419999978,0.029436601000043083,0.46976993600014794,5.859864021000021,5.859864021000021,True,2.018017599993982e-07,True,0.2033,4.918839153959666
w8_n20000,5,0,training,501042,502042,503042,504042,605042,20000,10000,50000,8,2033,2033,0.10165,88.09068853191818,5.93596302104712,1.4034220705889728,1.3993633354632893,66.74321440652494,1.7620654915866663,0.4775706634224565,0.04403754078012347,4.532540950458146,67.55013857126669,5.931904285921436,0.0013510027714253338,0.03675598959932019,0.9880544410150924,0.9669111948445783,-0.03364862348066764,0.0,0.06293391300005169,0.46976993600014794,0.06293391300005169,0.0,True,2.0114597999963734e-07,True,0.10165,9.837678307919331
w8_n20000,5,0,validation,501042,502042,503042,504042,605042,20000,10000,50000,8,2033,2033,0.10165,85.1758729030786,5.773289707879354,1.423335614818238,1.3993633354632893,65.50758151733339,1.7516432192127103,0.4994132026867679,0.046622054772823385,4.349954093061116,66.26039833117257,5.749317428524404,0.0013252079666234513,0.03640340597558766,0.9886385105915518,0.9669111948445783,-0.03364862348066764,0.0,0.06293391300005169,0.46976993600014794,0.06293391300005169,0.0,True,2.0114597999963734e-07,True,0.10165,9.837678307919331
w8_n20000,5,0,test,501042,502042,503042,504042,605042,20000,10000,50000,8,2033,2033,0.10165,82.25070075019745,5.733550048075523,1.3943366439638825,1.3993633354632893,62.611076330752134,1.7418343108886694,0.46485719697027367,0.04451337808013416,4.339213404111641,63.42319624770027,5.738576739574929,0.0012684639249540054,0.03561550118914523,0.9871952224896332,0.9669111948445783,-0.03364862348066764,0.0,0.06293391300005169,0.46976993600014794,0.06293391300005169,0.0,True,2.0114597999963734e-07,True,0.10165,9.837678307919331
w8_n20000,5,10,training,501042,502042,503042,504042,605042,20000,10000,50000,8,2033,2033,0.10165,0.18199515720672516,5.93596302104712,5.9279504131485545,5.777141382563128,66.74321440652494,66.3125065318655,66.4368904430332,0.9986378346787517,0.008012607898564443,0.1819400523240052,5.785153990461692,3.638801046480104e-06,0.001907564165756975,366.8417896663363,1.1528658999095494,0.1422509291539336,0.5764077290000387,0.06293391300005169,0.46976993600014794,0.6393416420000904,0.6393416420000904,True,1.9933422000121936e-07,True,0.10165,9.837678307919331
w8_n20000,5,10,validation,501042,502042,503042,504042,605042,20000,10000,50000,8,2033,2033,0.10165,0.2098160106923111,5.773289707879354,5.768323219217616,5.777141382563128,65.50758151733339,64.86982203388106,65.08379561264957,0.9984026759452861,0.0049664886617370825,0.20981232591527546,5.7821078712248655,4.196246518305509e-06,0.002048474192736025,312.2198909504777,1.1528658999095494,0.1422509291539336,0.5764077290000387,0.06293391300005169,0.46976993600014794,0.6393416420000904,0.6393416420000904,True,1.9933422000121936e-07,True,0.10165,9.837678307919331
w8_n20000,5,10,test,501042,502042,503042,504042,605042,20000,10000,50000,8,2033,2033,0.10165,0.1959925531902547,5.733550048075523,5.730650743256451,5.777141382563128,62.611076330752134,62.440778414689454,62.4279333392292,0.9984336714434315,0.002899304819072679,0.19598806698316046,5.780040687382201,3.919761339663209e-06,0.0019798387155683184,319.46371681971715,1.1528658999095494,0.1422509291539336,0.5764077290000387,0.06293391300005169,0.46976993600014794,0.6393416420000904,0.6393416420000904,True,1.9933422000121936e-07,True,0.10165,9.837678307919331
w8_n20000,5,25,training,501042,502042,503042,504042,605042,20000,10000,50000,8,2033,2033,0.10165,0.18512456898119686,5.93596302104712,5.887430400106523,5.7360999345798085,66.74321440652494,65.64097519856806,66.1007056562463,0.9986539500427368,0.0485326209405955,0.18277829260046327,5.784632555520404,3.6555658520092653e-06,0.0019119534126147701,365.1594150319564,1.2378236615553087,0.21335472595501662,1.4763879510001061,0.06293391300005169,0.46976993600014794,1.5393218640001578,1.5393218640001578,True,2.029774799984807e-07,True,0.10165,9.837678307919331
w8_n20000,5,25,validation,501042,502042,503042,504042,605042,20000,10000,50000,8,2033,2033,0.10165,0.22915157182015342,5.773289707879354,5.725056110089857,5.7360999345798085,65.50758151733339,64.2864072872875,64.78357051398939,0.9982964334926382,0.04823359778949653,0.2268477766420987,5.784333532369305,4.5369555328419744e-06,0.0021300130358385076,288.77330202220026,1.2378236615553087,0.21335472595501662,1.4763879510001061,0.06293391300005169,0.46976993600014794,1.5393218640001578,1.5393218640001578,True,2.029774799984807e-07,True,0.10165,9.837678307919331
w8_n20000,5,25,test,501042,502042,503042,504042,605042,20000,10000,50000,8,2033,2033,0.10165,0.212966560918944,5.733550048075523,5.689439170643175,5.7360999345798085,62.611076330752134,61.74402733969352,62.07203932926711,0.9983273115881182,0.044110877432348095,0.21102501191133058,5.780210812012157,4.220500238226612e-06,0.0020543856108887182,296.69978816094243,1.2378236615553087,0.21335472595501662,1.4763879510001061,0.06293391300005169,0.46976993600014794,1.5393218640001578,1.5393218640001578,True,2.029774799984807e-07,True,0.10165,9.837678307919331
w8_n20000,5,50,training,501042,502042,503042,504042,605042,20000,10000,50000,8,2033,2033,0.10165,0.10777197639939802,5.93596302104712,5.976555122750522,5.821008386592572,66.74321440652494,67.81531022217987,67.22619753227401,0.9992429928532527,-0.040592101703401745,0.10612956415690657,5.780416284889171,2.1225912831381312e-06,0.001456911556388421,628.8842787279223,1.2098403286493584,0.19048839110727142,2.9734186500002124,0.06293391300005169,0.46976993600014794,3.036352563000264,3.036352563000264,True,2.1319078000033187e-07,True,0.10165,9.837678307919331
w8_n20000,5,50,validation,501042,502042,503042,504042,605042,20000,10000,50000,8,2033,2033,0.10165,0.1303868833462386,5.773289707879354,5.812096883017185,5.821008386592572,65.50758151733339,66.44812653546128,65.91340713845658,0.9990485826829533,-0.0388071751378316,0.12889377588164855,5.7822012114547405,2.577875517632971e-06,0.0016055763817498596,508.22920710681217,1.2098403286493584,0.19048839110727142,2.9734186500002124,0.06293391300005169,0.46976993600014794,3.036352563000264,3.036352563000264,True,2.1319078000033187e-07,True,0.10165,9.837678307919331
w8_n20000,5,50,test,501042,502042,503042,504042,605042,20000,10000,50000,8,2033,2033,0.10165,0.12382321001614953,5.733550048075523,5.775532853883784,5.821008386592572,62.611076330752134,63.757223728456005,63.123118481956844,0.9990751630245249,-0.04198280580826099,0.1220630952945213,5.77902558078431,2.441261905890426e-06,0.0015624538092021876,512.9402640468874,1.2098403286493584,0.19048839110727142,2.9734186500002124,0.06293391300005169,0.46976993600014794,3.036352563000264,3.036352563000264,True,2.1319078000033187e-07,True,0.10165,9.837678307919331
w8_n20000,5,100,training,501042,502042,503042,504042,605042,20000,10000,50000,8,2033,2033,0.10165,0.04205981949151239,5.93596302104712,5.908013714354064,5.755005785473967,66.74321440652494,65.98932366019342,66.34562867346762,0.9997051185029874,0.02794930669305433,0.04128071978287914,5.782955092167021,8.256143956575827e-07,0.000908633256962116,1616.8132425395881,1.190154760907887,0.1740833498506144,5.885396078000213,0.06293391300005169,0.46976993600014794,5.948329991000264,5.948329991000264,True,2.1464848000050552e-07,True,0.10165,9.837678307919331
w8_n20000,5,100,validation,501042,502042,503042,504042,605042,20000,10000,50000,8,2033,2033,0.10165,0.05005769441074982,5.773289707879354,5.749054318268932,5.755005785473967,65.50758151733339,64.71497696640884,65.0865415979562,0.999638587745843,0.02423538961042092,0.04947528782996387,5.779241175084388,9.895057565992774e-07,0.0009947390394466668,1324.0464965553942,1.190154760907887,0.1740833498506144,5.885396078000213,0.06293391300005169,0.46976993600014794,5.948329991000264,5.948329991000264,True,2.1464848000050552e-07,True,0.10165,9.837678307919331
w8_n20000,5,100,test,501042,502042,503042,504042,605042,20000,10000,50000,8,2033,2033,0.10165,0.046676457920721115,5.733550048075523,5.706950488975076,5.755005785473967,62.611076330752134,61.92200304244764,62.24355476621334,0.9996461655662857,0.026599559100447895,0.04596984077319833,5.781605344574415,9.193968154639666e-07,0.0009588518214322621,1362.0033325687762,1.190154760907887,0.1740833498506144,5.885396078000213,0.06293391300005169,0.46976993600014794,5.948329991000264,5.948329991000264,True,2.1464848000050552e-07,True,0.10165,9.837678307919331
w8_n20000,5,200,training,501042,502042,503042,504042,605042,20000,10000,50000,8,2033,2033,0.10165,0.026037626398834095,5.93596302104712,5.889958732565643,5.738123611344265,66.74321440652494,65.67815820675116,66.19872509265736,0.9998516862811486,0.04600428848147711,0.023922427961545204,5.784127899825742,4.784485592309041e-07,0.0006916997609012917,2789.984967822382,1.1844182260986709,0.16925170559250996,11.596025047000012,0.06293391300005169,0.46976993600014794,11.658958960000064,11.658958960000064,True,2.0531560000108583e-07,True,0.10165,9.837678307919331
w8_n20000,5,200,validation,501042,502042,503042,504042,605042,20000,10000,50000,8,2033,2033,0.10165,0.030839439271127003,5.773289707879354,5.7297784317826155,5.738123611344265,65.50758151733339,64.41658786877217,64.94761014153595,0.9998124347525023,0.043511276096738424,0.028949103033863836,5.781634887441003,5.789820606772767e-07,0.0007609087071898156,2262.8535827415617,1.1844182260986709,0.16925170559250996,11.596025047000012,0.06293391300005169,0.46976993600014794,11.658958960000064,11.658958960000064,True,2.0531560000108583e-07,True,0.10165,9.837678307919331
w8_n20000,5,200,test,501042,502042,503042,504042,605042,20000,10000,50000,8,2033,2033,0.10165,0.02873868269308561,5.733550048075523,5.691005162985646,5.738123611344265,62.611076330752134,61.65548877512743,62.119817975925564,0.9998128568292005,0.042544885089878554,0.02692915402885519,5.780668496434144,5.385830805771038e-07,0.0007338821980243858,2325.0294555730557,1.1844182260986709,0.16925170559250996,11.596025047000012,0.06293391300005169,0.46976993600014794,11.658958960000064,11.658958960000064,True,2.0531560000108583e-07,True,0.10165,9.837678307919331
w16_n10000,5,0,training,501042,502042,503042,504042,675042,10000,10000,50000,16,4065,4065,0.4065,82.91465699519208,5.972662493623101,2.0413411622078215,2.026608477249959,66.92771946047579,1.2316783085937755,0.34664078654935615,0.03817930351736855,3.93132133141528,67.46611619597086,5.957929808665239,0.0013493223239194171,0.03673312298075699,0.9920197461206871,0.9660000583902343,-0.034591384324243774,0.0,0.029436601000043083,0.46976993600014794,0.029436601000043083,0.0,True,2.436711800010016e-07,True,0.4065,2.4600246002460024
w16_n10000,5,0,validation,501042,502042,503042,504042,675042,10000,10000,50000,16,4065,4065,0.4065,80.09556349876179,5.773289707879354,2.0238498818159134,2.026608477249959,65.50758151733339,1.184245789316976,0.32397921513578953,0.03678327900850624,3.74943982606344,66.04386887637878,5.776048303313399,0.0013208773775275756,0.0363438767542426,0.9918798312671656,0.9660000583902343,-0.034591384324243774,0.0,0.029436601000043083,0.46976993600014794,0.029436601000043083,0.0,True,2.436711800010016e-07,True,0.4065,2.4600246002460024
w16_n10000,5,0,test,501042,502042,503042,504042,675042,10000,10000,50000,16,4065,4065,0.4065,76.88219947009809,5.733550048075523,2.022849865713181,2.026608477249959,62.611076330752134,1.2067601744030045,0.35183529756138415,0.04047653598140092,3.7107001823623427,63.11416591003238,5.737308659612301,0.0012622833182006476,0.03552862674239813,0.9920288960168246,0.9660000583902343,-0.034591384324243774,0.0,0.029436601000043083,0.46976993600014794,0.029436601000043083,0.0,True,2.436711800010016e-07,True,0.4065,2.4600246002460024
w16_n10000,5,10,training,501042,502042,503042,504042,675042,10000,10000,50000,16,4065,4065,0.4065,0.146622874253863,5.972662493623101,6.004556621180154,5.8406815961418355,66.92771946047579,67.43843421744077,67.1102667385076,0.9989234591761447,-0.03189412755705373,0.14562020090132757,5.808787468584782,2.9124040180265513e-06,0.0017065766956180291,459.60463621270577,1.4872228343240352,0.3969105112098868,0.3470369680001113,0.029436601000043083,0.46976993600014794,0.3764735690001544,0.3764735690001544,True,2.3713031999704981e-07,True,0.4065,2.4600246002460024
w16_n10000,5,10,validation,501042,502042,503042,504042,675042,10000,10000,50000,16,4065,4065,0.4065,0.21806088662456674,5.773289707879354,5.8305494260106165,5.8406815961418355,65.50758151733339,65.59497591689961,65.44387687127987,0.9983617816878524,-0.05725971813126394,0.21480369167326224,5.7834218780105715,4.296073833465245e-06,0.0020726972363240234,304.9648774983669,1.4872228343240352,0.3969105112098868,0.3470369680001113,0.029436601000043083,0.46976993600014794,0.3764735690001544,0.3764735690001544,True,2.3713031999704981e-07,True,0.4065,2.4600246002460024
w16_n10000,5,10,test,501042,502042,503042,504042,675042,10000,10000,50000,16,4065,4065,0.4065,0.20989862464853978,5.733550048075523,5.7910759356076085,5.8406815961418355,62.611076330752134,62.95552498556352,62.68000389376645,0.9983584658402254,-0.05752588753208502,0.20659352878276135,5.783155708609749,4.131870575655227e-06,0.0020327003162432054,303.0640732052617,1.4872228343240352,0.3969105112098868,0.3470369680001113,0.029436601000043083,0.46976993600014794,0.3764735690001544,0.3764735690001544,True,2.3713031999704981e-07,True,0.4065,2.4600246002460024
w16_n10000,5,25,training,501042,502042,503042,504042,675042,10000,10000,50000,16,4065,4065,0.4065,0.14647593702132172,5.972662493623101,5.947448776757803,5.781368335773115,66.92771946047579,66.17642634249746,66.4791455059955,0.9989201180529514,0.025213716865298205,0.14585479098225657,5.806582052638412,2.9170958196451314e-06,0.0017079507661654453,458.86541682828664,1.541338387610928,0.43265112185592924,0.9200438130001203,0.029436601000043083,0.46976993600014794,0.9494804140001634,0.9494804140001634,True,2.446750400031306e-07,True,0.4065,2.4600246002460024
w16_n10000,5,25,validation,501042,502042,503042,504042,675042,10000,10000,50000,16,4065,4065,0.4065,0.22576898459224384,5.773289707879354,5.769748336315837,5.781368335773115,65.50758151733339,64.42323817695576,64.85252033655368,0.9982970789309906,0.003541371563515797,0.22577902118181112,5.784909707336631,4.515580423636222e-06,0.002124989511417932,290.1402494104298,1.541338387610928,0.43265112185592924,0.9200438130001203,0.029436601000043083,0.46976993600014794,0.9494804140001634,0.9494804140001634,True,2.446750400031306e-07,True,0.4065,2.4600246002460024
w16_n10000,5,25,test,501042,502042,503042,504042,675042,10000,10000,50000,16,4065,4065,0.4065,0.21958188097799675,5.733550048075523,5.734288508571955,5.781368335773115,62.611076330752134,61.87767661933222,62.13458361135789,0.9982534233782152,-0.0007384604964302578,0.21958572736863935,5.780629875276685,4.391714547372787e-06,0.0020956417984409424,285.1327227914089,1.541338387610928,0.43265112185592924,0.9200438130001203,0.029436601000043083,0.46976993600014794,0.9494804140001634,0.9494804140001634,True,2.446750400031306e-07,True,0.4065,2.4600246002460024
w16_n10000,5,50,training,501042,502042,503042,504042,675042,10000,10000,50000,16,4065,4065,0.4065,0.11352191453907667,5.972662493623101,5.998923720039959,5.817905945319379,66.92771946047579,67.51161511838713,67.16324551599105,0.9991700598003312,-0.02626122641685689,0.11284354688084734,5.791644718902521,2.256870937616947e-06,0.001502288566693146,593.101876983231,1.811494898771862,0.5941524153246645,1.8177952149999328,0.029436601000043083,0.46976993600014794,1.8472318159999759,1.8472318159999759,True,2.316932600024302e-07,True,0.4065,2.4600246002460024
w16_n10000,5,50,validation,501042,502042,503042,504042,675042,10000,10000,50000,16,4065,4065,0.4065,0.20564436908635267,5.773289707879354,5.813168268533496,5.817905945319379,65.50758151733339,65.59438622897919,65.4489466346892,0.9984436100558167,-0.0398785606541437,0.20407447693419986,5.7780273846652355,4.0814895386839975e-06,0.002020269669792624,320.9984046091914,1.811494898771862,0.5941524153246645,1.8177952149999328,0.029436601000043083,0.46976993600014794,1.8472318159999759,1.8472318159999759,True,2.316932600024302e-07,True,0.4065,2.4600246002460024
w16_n10000,5,50,test,501042,502042,503042,504042,675042,10000,10000,50000,16,4065,4065,0.4065,0.1994041483572693,5.733550048075523,5.769320352653696,5.817905945319379,62.611076330752134,62.96468344204276,62.68881558827763,0.9984261969000753,-0.035770304578171874,0.19812859623957885,5.782135640741207,3.962571924791577e-06,0.0019906209897395276,316.01231482527777,1.811494898771862,0.5941524153246645,1.8177952149999328,0.029436601000043083,0.46976993600014794,1.8472318159999759,1.8472318159999759,True,2.316932600024302e-07,True,0.4065,2.4600246002460024
w16_n10000,5,100,training,501042,502042,503042,504042,675042,10000,10000,50000,16,4065,4065,0.4065,0.06411950197933035,5.972662493623101,6.047535866152229,5.866930725418131,66.92771946047579,68.39158841727553,67.63039427287629,0.999626039492218,-0.07487337252912739,0.05851933199864472,5.792057352889003,1.1703866399728944e-06,0.001081844092266947,1143.6856364325176,2.1356803840592367,0.7587852769707555,3.3953023599999597,0.029436601000043083,0.46976993600014794,3.4247389610000027,3.4247389610000027,True,2.428107000014279e-07,True,0.4065,2.4600246002460024
w16_n10000,5,100,validation,501042,502042,503042,504042,675042,10000,10000,50000,16,4065,4065,0.4065,0.13693876261290322,5.773289707879354,5.857974772795345,5.866930725418131,65.50758151733339,66.5844176602989,65.9811094986106,0.9990506995078762,-0.08468506491599222,0.12978018041111852,5.782245660502139,2.5956036082223704e-06,0.00161108770966151,504.7579785281392,2.1356803840592367,0.7587852769707555,3.3953023599999597,0.029436601000043083,0.46976993600014794,3.4247389610000027,3.4247389610000027,True,2.428107000014279e-07,True,0.4065,2.4600246002460024
w16_n10000,5,100,test,501042,502042,503042,504042,675042,10000,10000,50000,16,4065,4065,0.4065,0.13522793332437127,5.733550048075523,5.819345794790876,5.866930725418131,62.611076330752134,63.782633825764556,63.13292028797754,0.9990312407562387,-0.08579574671535396,0.1278695805615373,5.781134978702777,2.5573916112307458e-06,0.001599184670771561,489.6479370292493,2.1356803840592367,0.7587852769707555,3.3953023599999597,0.029436601000043083,0.46976993600014794,3.4247389610000027,3.4247389610000027,True,2.428107000014279e-07,True,0.4065,2.4600246002460024
w16_n10000,5,200,training,501042,502042,503042,504042,675042,10000,10000,50000,16,4065,4065,0.4065,0.020562163181927117,5.972662493623101,5.92970901485718,5.748445154408806,66.92771946047579,66.20210667371569,66.55555355022211,0.9998742443909445,0.04295347876592053,0.01871903374720746,5.791398633174726,3.743806749441492e-07,0.0006118665499470855,3575.3832363521537,2.6363551081891505,0.9693973223580664,6.411226013000032,0.029436601000043083,0.46976993600014794,6.440662614000075,6.440662614000075,True,2.5157342000056813e-07,True,0.4065,2.4600246002460024
w16_n10000,5,200,validation,501042,502042,503042,504042,675042,10000,10000,50000,16,4065,4065,0.4065,0.05420916394009243,5.773289707879354,5.740739849195722,5.748445154408806,65.50758151733339,64.73610858761153,65.09526755940318,0.9996094165924059,0.03254985868363071,0.05315498613838192,5.780995013092436,1.0630997227676383e-06,0.0010310672736381647,1232.3882720389229,2.6363551081891505,0.9693973223580664,6.411226013000032,0.029436601000043083,0.46976993600014794,6.440662614000075,6.440662614000075,True,2.5157342000056813e-07,True,0.4065,2.4600246002460024
w16_n10000,5,200,test,501042,502042,503042,504042,675042,10000,10000,50000,16,4065,4065,0.4065,0.0505991332103785,5.733550048075523,5.700918909100785,5.748445154408806,62.611076330752134,61.88457678244407,62.22305889025505,0.999619132381877,0.03263113897473905,0.04953533268624349,5.781076293383546,9.907066537248698e-07,0.000995342480619043,1263.9680190972035,2.6363551081891505,0.9693973223580664,6.411226013000032,0.029436601000043083,0.46976993600014794,6.440662614000075,6.440662614000075,True,2.5157342000056813e-07,True,0.4065,2.4600246002460024
w16_n20000,5,0,training,501042,502042,503042,504042,685042,20000,10000,50000,16,4065,4065,0.20325,90.04694662404754,5.93596302104712,1.3484449980463276,1.352954801411065,66.74321440652494,1.3644636007952702,-0.4486986295667844,-0.04701865550660504,4.587518023000792,69.00507526645379,5.940472824411858,0.0013801015053290758,0.037149717432694906,0.9672218188126747,0.9703512132844477,-0.03009719746726556,0.0,0.06293391300005169,0.46976993600014794,0.06293391300005169,0.0,True,2.3853973999848675e-07,True,0.20325,4.920049200492005
w16_n20000,5,0,validation,501042,502042,503042,504042,685042,20000,10000,50000,16,4065,4065,0.20325,87.37716390920443,5.773289707879354,1.3481945149182604,1.352954801411065,65.50758151733339,1.3826791976797879,-0.4561079875464461,-0.04792489614170216,4.425095192961092,67.80247669010606,5.778049994372157,0.0013560495338021212,0.036824577849611816,0.9661532250029512,0.9703512132844477,-0.03009719746726556,0.0,0.06293391300005169,0.46976993600014794,0.06293391300005169,0.0,True,2.3853973999848675e-07,True,0.20325,4.920049200492005
w16_n20000,5,0,test,501042,502042,503042,504042,685042,20000,10000,50000,16,4065,4065,0.20325,84.24820034360711,5.733550048075523,1.3545266704226686,1.352954801411065,62.611076330752134,1.3875991917278259,-0.5374902761092047,-0.05766509445936301,4.379023377652855,65.07365607469838,5.731978179063921,0.0013014731214939675,0.036075935490212416,0.9621570403064578,0.9703512132844477,-0.03009719746726556,0.0,0.06293391300005169,0.46976993600014794,0.06293391300005169,0.0,True,2.3853973999848675e-07,True,0.20325,4.920049200492005
w16_n20000,5,10,training,501042,502042,503042,504042,685042,20000,10000,50000,16,4065,4065,0.20325,0.17688902532098355,5.93596302104712,5.915915066346044,5.769404556543858,66.74321440652494,66.43374225280951,66.50023036485233,0.9986774225916578,0.020047954701074854,0.17649592962976868,5.789452511244932,3.5299185925953735e-06,0.0018788077582859225,378.15724445617866,1.2420992021669062,0.2168028532418295,0.6315514100001565,0.06293391300005169,0.46976993600014794,0.6944853230002082,0.6944853230002082,True,2.4206560000038733e-07,True,0.20325,4.920049200492005
w16_n20000,5,10,validation,501042,502042,503042,504042,685042,20000,10000,50000,16,4065,4065,0.20325,0.21971371722327535,5.773289707879354,5.760671220894554,5.769404556543858,65.50758151733339,65.03322263771732,65.16061385319817,0.9983245389889182,0.012618486984799181,0.21957644865435524,5.782023043528657,4.391528973087105e-06,0.002095597521731476,298.3361007921742,1.2420992021669062,0.2168028532418295,0.6315514100001565,0.06293391300005169,0.46976993600014794,0.6944853230002082,0.6944853230002082,True,2.4206560000038733e-07,True,0.20325,4.920049200492005
w16_n20000,5,10,test,501042,502042,503042,504042,685042,20000,10000,50000,16,4065,4065,0.20325,0.20832628497672376,5.733550048075523,5.7210030092737645,5.769404556543858,62.611076330752134,62.4022795297754,62.40259142013655,0.9983361862176442,0.012547038801757776,0.20817302025443604,5.781951595345617,4.163460405088721e-06,0.002040455930690178,300.7646055873464,1.2420992021669062,0.2168028532418295,0.6315514100001565,0.06293391300005169,0.46976993600014794,0.6944853230002082,0.6944853230002082,True,2.4206560000038733e-07,True,0.20325,4.920049200492005
w16_n20000,5,25,training,501042,502042,503042,504042,685042,20000,10000,50000,16,4065,4065,0.20325,0.1445649700151754,5.93596302104712,5.842830985264688,5.694054697074125,66.74321440652494,65.28608126858187,65.9466987431356,0.999031541061074,0.09313203578243112,0.13589818883563717,5.787186732856556,2.7179637767127435e-06,0.0016486248138108148,491.1265924761359,1.3058856160925016,0.266881443628469,1.6192750420000266,0.06293391300005169,0.46976993600014794,1.6822089550000783,1.6822089550000783,True,2.3678905999986455e-07,True,0.20325,4.920049200492005
w16_n20000,5,25,validation,501042,502042,503042,504042,685042,20000,10000,50000,16,4065,4065,0.20325,0.18878531493366135,5.773289707879354,5.684759569598855,5.694054697074125,65.50758151733339,63.83307873908474,64.5798472151429,0.9986845575470732,0.08853013828049762,0.18096582613231055,5.782584835354623,3.619316522646211e-06,0.0019024501367043004,361.98868547389975,1.3058856160925016,0.266881443628469,1.6192750420000266,0.06293391300005169,0.46976993600014794,1.6822089550000783,1.6822089550000783,True,2.3678905999986455e-07,True,0.20325,4.920049200492005
w16_n20000,5,25,test,501042,502042,503042,504042,685042,20000,10000,50000,16,4065,4065,0.20325,0.1743256449473029,5.733550048075523,5.6488098912178994,5.694054697074125,62.611076330752134,61.29871733108973,61.8713227840585,0.9987070664717218,0.08474015685762333,0.1671480937249228,5.778794853931747,3.3429618744984564e-06,0.0018283768414904123,374.58444745287835,1.3058856160925016,0.266881443628469,1.6192750420000266,0.06293391300005169,0.46976993600014794,1.6822089550000783,1.6822089550000783,True,2.3678905999986455e-07,True,0.20325,4.920049200492005
w16_n20000,5,50,training,501042,502042,503042,504042,685042,20000,10000,50000,16,4065,4065,0.20325,0.05100678892285689,5.93596302104712,5.9765936481533775,5.825166969325618,66.74321440652494,67.55510557081836,67.12448078417954,0.9996507392803907,-0.04063062710625809,0.04935840898425833,5.7845363422193605,9.871681796851666e-07,0.0009935633747704103,1352.2156767210847,1.24235380838175,0.21700781281615358,3.193278846000112,0.06293391300005169,0.46976993600014794,3.2562127590001637,3.2562127590001637,True,2.3137636000228667e-07,True,0.20325,4.920049200492005
w16_n20000,5,50,validation,501042,502042,503042,504042,685042,20000,10000,50000,16,4065,4065,0.20325,0.06336847847163532,5.773289707879354,5.816901681789797,5.825166969325618,65.50758151733339,66.21302378893883,65.82956634240341,0.9995476453315929,-0.04361197391044324,0.06147262146541669,5.781554995415175,1.2294524293083337e-06,0.0011088067592273838,1065.6383273680087,1.24235380838175,0.21700781281615358,3.193278846000112,0.06293391300005169,0.46976993600014794,3.2562127590001637,3.2562127590001637,True,2.3137636000228667e-07,True,0.20325,4.920049200492005
w16_n20000,5,50,test,501042,502042,503042,504042,685042,20000,10000,50000,16,4065,4065,0.20325,0.061520004743363554,5.733550048075523,5.775863718981573,5.825166969325618,62.611076330752134,63.33089763329115,62.9411216057152,0.9995420541155069,-0.04231367090604901,0.0597307526128704,5.782853298419569,1.194615052257408e-06,0.001092984470272752,1048.2217884738507,1.24235380838175,0.21700781281615358,3.193278846000112,0.06293391300005169,0.46976993600014794,3.2562127590001637,3.2562127590001637,True,2.3137636000228667e-07,True,0.20325,4.920049200492005
w16_n20000,5,100,training,501042,502042,503042,504042,685042,20000,10000,50000,16,4065,4065,0.20325,0.045289778770446515,5.93596302104712,6.003008832927339,5.846912325851982,66.74321440652494,68.15235547548922,67.42738660215024,0.9997521175603056,-0.06704581188022,0.040796677713654333,5.779866513971762,8.159335542730867e-07,0.000903290404174143,1635.996315067256,1.08015403224396,0.07710365341462502,6.18646367600013,0.06293391300005169,0.46976993600014794,6.249397589000182,6.249397589000182,True,2.44464299998981e-07,True,0.20325,4.920049200492005
w16_n20000,5,100,validation,501042,502042,503042,504042,685042,20000,10000,50000,16,4065,4065,0.20325,0.0489199371583347,5.773289707879354,5.840471803870508,5.846912325851982,65.50758151733339,66.79062293022058,66.12689675166149,0.9997113259305588,-0.06718209599115435,0.04441094423099318,5.779730229860828,8.882188846198635e-07,0.0009424536511785943,1475.0323968932291,1.08015403224396,0.07710365341462502,6.18646367600013,0.06293391300005169,0.46976993600014794,6.249397589000182,6.249397589000182,True,2.44464299998981e-07,True,0.20325,4.920049200492005
w16_n20000,5,100,test,501042,502042,503042,504042,685042,20000,10000,50000,16,4065,4065,0.20325,0.04838518607445134,5.733550048075523,5.798796305707747,5.846912325851982,62.611076330752134,63.94626358514472,63.256605460688746,0.9997069493461426,-0.0652462576322248,0.04412899451933106,5.7816660682197565,8.825798903866212e-07,0.000939457231802822,1418.819463546237,1.08015403224396,0.07710365341462502,6.18646367600013,0.06293391300005169,0.46976993600014794,6.249397589000182,6.249397589000182,True,2.44464299998981e-07,True,0.20325,4.920049200492005
w16_n20000,5,200,training,501042,502042,503042,504042,685042,20000,10000,50000,16,4065,4065,0.20325,0.01366536321977614,5.93596302104712,5.959509834378159,5.80615442396822,66.74321440652494,67.40812917113621,67.06911600564064,0.9999145451134629,-0.0235468133310393,0.013111566380048317,5.782607610637181,2.6223132760096636e-07,0.0005120852737591332,5090.407390842877,1.4916253312449048,0.3998663517774845,12.067027207000137,0.06293391300005169,0.46976993600014794,12.12996112000019,12.12996112000019,True,2.470400199990763e-07,True,0.20325,4.920049200492005
w16_n20000,5,200,validation,501042,502042,503042,504042,685042,20000,10000,50000,16,4065,4065,0.20325,0.020383601939280523,5.773289707879354,5.798416254961482,5.80615442396822,65.50758151733339,66.12743692174332,65.80763210254116,0.999861017135659,-0.025126547082128588,0.01975423399440949,5.781027876886091,3.9508467988818974e-07,0.0006285576185905233,3316.1286606138333,1.4916253312449048,0.3998663517774845,12.067027207000137,0.06293391300005169,0.46976993600014794,12.12996112000019,12.12996112000019,True,2.470400199990763e-07,True,0.20325,4.920049200492005
w16_n20000,5,200,test,501042,502042,503042,504042,685042,20000,10000,50000,16,4065,4065,0.20325,0.018516577597156473,5.733550048075523,5.7580082176934955,5.80615442396822,62.611076330752134,63.22040027759596,62.90677893721855,0.9998693202276795,-0.024458169617972144,0.017918733910773192,5.781696254350249,3.583746782154638e-07,0.0005986440329740737,3494.1685412890015,1.4916253312449048,0.3998663517774845,12.067027207000137,0.06293391300005169,0.46976993600014794,12.12996112000019,12.12996112000019,True,2.470400199990763e-07,True,0.20325,4.920049200492005
w8_n10000,6,0,training,601042,602042,603042,604042,695042,10000,10000,50000,8,2033,2033,0.2033,89.68289315796561,5.7909152152709735,1.072393365702334,1.07421080947583,64.45897922151212,1.9367197368608051,-0.5147441367295953,-0.04606979792952116,4.718521849568641,67.42518723183213,5.7927326590444705,0.0013485037446366425,0.03672197904030558,0.9560074190061778,1.0142053083818208,0.014105358423278409,0.0,0.030387068999971234,0.48127644600003805,0.030387068999971234,0.0,True,2.1078215999750682e-07,True,0.2033,4.918839153959666
w8_n10000,6,0,validation,601042,602042,603042,604042,695042,10000,10000,50000,8,2033,2033,0.2033,90.95686631184839,5.775083564076727,1.0856708015949632,1.07421080947583,66.142057005003,2.0111308261858634,-0.40999187044494045,-0.03554808707636215,4.689412762481765,68.97317157207874,5.763623571957594,0.0013794634314415748,0.03714112856984255,0.9589533944496498,1.0142053083818208,0.014105358423278409,0.0,0.030387068999971234,0.48127644600003805,0.030387068999971234,0.0,True,2.1078215999750682e-07,True,0.2033,4.918839153959666
w8_n10000,6,0,test,601042,602042,603042,604042,695042,10000,10000,50000,8,2033,2033,0.2033,88.35119067578681,5.7932943719611245,1.072774320454464,1.07421080947583,63.19104560872847,1.9920757501668844,-0.4430405721325302,-0.03948778778604652,4.720520051506661,66.06920250316041,5.794730860982491,0.0013213840500632082,0.03635084662099644,0.956437238752893,1.0142053083818208,0.014105358423278409,0.0,0.030387068999971234,0.48127644600003805,0.030387068999971234,0.0,True,2.1078215999750682e-07,True,0.2033,4.918839153959666
w8_n10000,6,10,training,601042,602042,603042,604042,695042,10000,10000,50000,8,2033,2033,0.2033,0.154150096811656,5.7909152152709735,5.814015942375124,5.828364082778072,64.45897922151212,64.31741970741547,64.31138355626351,0.9988075912616617,-0.023100727104149527,0.15363181640055565,5.805263355673922,3.072636328011113e-06,0.0017528937012868501,419.5679041732595,1.5321805096001533,0.42669189048720935,0.33461554399991655,0.030387068999971234,0.48127644600003805,0.3650026129998878,0.3650026129998878,True,2.0139199999903211e-07,True,0.2033,4.918839153959666
w8_n10000,6,10,validation,601042,602042,603042,604042,695042,10000,10000,50000,8,2033,2033,0.2033,0.23618577388779607,5.775083564076727,5.816477408429786,5.828364082778072,66.142057005003,65.38769049262343,65.64762586225584,0.9982335835767059,-0.041393844353058686,0.23449577311478223,5.786970238425013,4.689915462295644e-06,0.002165621264740362,282.06076436451343,1.5321805096001533,0.42669189048720935,0.33461554399991655,0.030387068999971234,0.48127644600003805,0.3650026129998878,0.3650026129998878,True,2.0139199999903211e-07,True,0.2033,4.918839153959666
w8_n10000,6,10,test,601042,602042,603042,604042,695042,10000,10000,50000,8,2033,2033,0.2033,0.1999922043050616,5.7932943719611245,5.83964888141543,5.828364082778072,63.19104560872847,62.9828951143519,62.98804665118685,0.9984333056857464,-0.04635450945430523,0.19784742070672648,5.782009573323767,3.95694841413453e-06,0.001989207986645572,319.3928198962873,1.5321805096001533,0.42669189048720935,0.33461554399991655,0.030387068999971234,0.48127644600003805,0.3650026129998878,0.3650026129998878,True,2.0139199999903211e-07,True,0.2033,4.918839153959666
w8_n10000,6,25,training,601042,602042,603042,604042,695042,10000,10000,50000,8,2033,2033,0.2033,0.1540838492524258,5.7909152152709735,5.839570832469072,5.849971682313777,64.45897922151212,65.09562120665562,64.70143438741745,0.9988408809801659,-0.04865561719809759,0.15173165333283115,5.80131606511568,3.034633066656623e-06,0.0017420198238414575,424.8222292821001,1.5901697901220193,0.4638407967711592,0.8615239609998753,0.030387068999971234,0.48127644600003805,0.8919110299998465,0.8919110299998465,True,2.0425835999958507e-07,True,0.2033,4.918839153959666
w8_n10000,6,25,validation,601042,602042,603042,604042,695042,10000,10000,50000,8,2033,2033,0.2033,0.2450194822269228,5.775083564076727,5.832177500746563,5.849971682313777,66.142057005003,66.24526842854269,66.07277074526444,0.9981739658008084,-0.05709393666983494,0.2417839430167654,5.792877745643942,4.835678860335308e-06,0.00219901770350657,273.5585174918612,1.5901697901220193,0.4638407967711592,0.8615239609998753,0.030387068999971234,0.48127644600003805,0.8919110299998465,0.8919110299998465,True,2.0425835999958507e-07,True,0.2033,4.918839153959666
w8_n10000,6,25,test,601042,602042,603042,604042,695042,10000,10000,50000,8,2033,2033,0.2033,0.21802845470407978,5.7932943719611245,5.861595222155215,5.849971682313777,63.19104560872847,63.86226990066026,63.41997389673377,0.9983345762184355,-0.06830085019409007,0.21336771592116266,5.781670832119686,4.2673543184232536e-06,0.0020657575652586278,296.1602946158779,1.5901697901220193,0.4638407967711592,0.8615239609998753,0.030387068999971234,0.48127644600003805,0.8919110299998465,0.8919110299998465,True,2.0425835999958507e-07,True,0.2033,4.918839153959666
w8_n10000,6,50,training,601042,602042,603042,604042,695042,10000,10000,50000,8,2033,2033,0.2033,0.1456238802708052,5.7909152152709735,5.7944952248541375,5.800788173348859,64.45897922151212,64.29377859118081,64.30356609316405,0.9988697736233506,-0.003580009583163809,0.1456256263648262,5.797208163765694,2.912512527296524e-06,0.0017066084868230687,442.63486331744474,1.7152779598578025,0.5395751432038882,1.6527507659998264,0.030387068999971234,0.48127644600003805,1.6831378349997976,1.6831378349997976,True,2.000875800013091e-07,True,0.2033,4.918839153959666
w8_n10000,6,50,validation,601042,602042,603042,604042,695042,10000,10000,50000,8,2033,2033,0.2033,0.24978543225748362,5.775083564076727,5.78866658108963,5.800788173348859,66.142057005003,65.47176928682441,65.68210019766572,0.998116290098969,-0.013583017012902014,0.24962589649596031,5.787205156335957,4.992517929919206e-06,0.002234394309408974,264.96472494821217,1.7152779598578025,0.5395751432038882,1.6527507659998264,0.030387068999971234,0.48127644600003805,1.6831378349997976,1.6831378349997976,True,2.000875800013091e-07,True,0.2033,4.918839153959666
w8_n10000,6,50,test,601042,602042,603042,604042,695042,10000,10000,50000,8,2033,2033,0.2033,0.21978860027438146,5.7932943719611245,5.81180019789582,5.800788173348859,63.19104560872847,63.0697323946931,63.02066373986512,0.9982623871905917,-0.018505825934696005,0.21945052369133003,5.782282347414163,4.389010473826601e-06,0.0020949965331299716,287.9512180960223,1.7152779598578025,0.5395751432038882,1.6527507659998264,0.030387068999971234,0.48127644600003805,1.6831378349997976,1.6831378349997976,True,2.000875800013091e-07,True,0.2033,4.918839153959666
w8_n10000,6,100,training,601042,602042,603042,604042,695042,10000,10000,50000,8,2033,2033,0.2033,0.15206282860719375,5.7909152152709735,5.889782725755291,5.88964922386687,64.45897922151212,65.99731273149355,65.15699483940026,0.9989786521737735,-0.09886751048431734,0.14230227420524758,5.790781713382553,2.8460454841049514e-06,0.0016870226685213661,452.9722352050444,1.6725178921302093,0.5143302107987257,3.1080586889997903,0.030387068999971234,0.48127644600003805,3.1384457579997616,3.1384457579997616,True,2.057221800032494e-07,True,0.2033,4.918839153959666
w8_n10000,6,100,validation,601042,602042,603042,604042,695042,10000,10000,50000,8,2033,2033,0.2033,0.25432780157346097,5.775083564076727,5.876112724312523,5.88964922386687,66.142057005003,67.09118779855787,66.49454973933646,0.9981928634303653,-0.10102916023579568,0.24414532488799978,5.7886200636310745,4.882906497759996e-06,0.0022097299603707227,270.91265022316225,1.6725178921302093,0.5143302107987257,3.1080586889997903,0.030387068999971234,0.48127644600003805,3.1384457579997616,3.1384457579997616,True,2.057221800032494e-07,True,0.2033,4.918839153959666
w8_n10000,6,100,test,601042,602042,603042,604042,695042,10000,10000,50000,8,2033,2033,0.2033,0.23307302004578978,5.7932943719611245,5.901790858889653,5.88964922386687,63.19104560872847,64.6322159516724,63.80097780095584,0.9983321121753143,-0.10849648692852741,0.22130595848912749,5.781152736938343,4.4261191697825494e-06,0.002103834396948236,285.53702774267134,1.6725178921302093,0.5143302107987257,3.1080586889997903,0.030387068999971234,0.48127644600003805,3.1384457579997616,3.1384457579997616,True,2.057221800032494e-07,True,0.2033,4.918839153959666
w8_n10000,6,200,training,601042,602042,603042,604042,695042,10000,10000,50000,8,2033,2033,0.2033,0.09430575925487762,5.7909152152709735,5.797890123488593,5.794455238693815,64.45897922151212,64.49950056738363,64.43210662616585,0.9992690657096681,-0.006974908217619426,0.09426653656388978,5.787480330476196,1.8853307312777956e-06,0.0013730734617192905,683.7949241704092,2.009306509140214,0.6977896422095253,5.897627075999935,0.030387068999971234,0.48127644600003805,5.928014144999906,5.928014144999906,True,1.9676798000091367e-07,True,0.2033,4.918839153959666
w8_n10000,6,200,validation,601042,602042,603042,604042,695042,10000,10000,50000,8,2033,2033,0.2033,0.1894891759202356,5.775083564076727,5.781998297442115,5.794455238693815,66.142057005003,65.74813787965903,65.8503672881243,0.9985679535422622,-0.006914733365387566,0.18946030841356262,5.787540505328428,3.7892061682712526e-06,0.0019465883407313556,349.10772371712335,2.009306509140214,0.6977896422095253,5.897627075999935,0.030387068999971234,0.48127644600003805,5.928014144999906,5.928014144999906,True,1.9676798000091367e-07,True,0.2033,4.918839153959666
w8_n10000,6,200,test,601042,602042,603042,604042,695042,10000,10000,50000,8,2033,2033,0.2033,0.1655717479705461,5.7932943719611245,5.8050694324787795,5.794455238693815,63.19104560872847,63.31244926878796,63.16902923643406,0.9986926983618765,-0.011775060517654362,0.16543640464844458,5.782680178176161,3.308728092968892e-06,0.0018189909546143686,381.9657816126421,2.009306509140214,0.6977896422095253,5.897627075999935,0.030387068999971234,0.48127644600003805,5.928014144999906,5.928014144999906,True,1.9676798000091367e-07,True,0.2033,4.918839153959666
w8_n20000,6,0,training,601042,602042,603042,604042,705042,20000,10000,50000,8,2033,2033,0.10165,104.99555611755892,5.811422550095722,-0.431117733887688,-0.42381248427161117,64.15831007824671,1.2814906935072783,-0.29487381303457977,-0.0325201110040436,6.24254028398341,66.02954839782316,5.818727799711799,0.0013205909679564632,0.03633993626791967,0.9716605918867962,1.0180199474633254,0.017859512694043237,0.0,0.06290904499996941,0.48127644600003805,0.06290904499996941,0.0,True,2.0079420000001845e-07,True,0.10165,9.837678307919331
w8_n20000,6,0,validation,601042,602042,603042,604042,705042,20000,10000,50000,8,2033,2033,0.10165,106.88757052267995,5.775083564076727,-0.4363346783049712,-0.42381248427161117,66.142057005003,1.306357958832797,-0.4321351227864697,-0.04648893740551506,6.211418242381698,68.31268520940874,5.787605758110088,0.0013662537041881748,0.036962869263467285,0.9682251078587849,1.0180199474633254,0.017859512694043237,0.0,0.06290904499996941,0.48127644600003805,0.06290904499996941,0.0,True,2.0079420000001845e-07,True,0.10165,9.837678307919331
w8_n20000,6,0,test,601042,602042,603042,604042,705042,20000,10000,50000,8,2033,2033,0.10165,103.61313395272349,5.7932943719611245,-0.41619894182834466,-0.42381248427161117,63.19104560872847,1.2808165313916866,-0.29238286558231186,-0.032499799764184115,6.20949331378947,65.05662787128477,5.785680829517857,0.0013011325574256954,0.03607121508108225,0.97132371714305,1.0180199474633254,0.017859512694043237,0.0,0.06290904499996941,0.48127644600003805,0.06290904499996941,0.0,True,2.0079420000001845e-07,True,0.10165,9.837678307919331
w8_n20000,6,10,training,601042,602042,603042,604042,705042,20000,10000,50000,8,2033,2033,0.10165,0.1552823215488035,5.811422550095722,5.845317870023136,5.820237293759262,64.15831007824671,64.23578413029018,64.11997653632217,0.998799650477247,-0.03389531992741373,0.15414113589261644,5.786341973831848,3.0828227178523287e-06,0.0017557968896920648,416.23094125206836,1.3758306900311001,0.31905768690495284,0.6095303520000925,0.06290904499996941,0.48127644600003805,0.672439397000062,0.672439397000062,True,2.0073846000286721e-07,True,0.10165,9.837678307919331
w8_n20000,6,10,validation,601042,602042,603042,604042,705042,20000,10000,50000,8,2033,2033,0.10165,0.2136421836061215,5.775083564076727,5.801233559933102,5.820237293759262,66.142057005003,65.66725040210596,65.7981638739101,0.9983906610452513,-0.0261499958563759,0.2129796592887619,5.794087297902887,4.259593185775238e-06,0.0020638781906341364,310.5557461491021,1.3758306900311001,0.31905768690495284,0.6095303520000925,0.06290904499996941,0.48127644600003805,0.672439397000062,0.672439397000062,True,2.0073846000286721e-07,True,0.10165,9.837678307919331
w8_n20000,6,10,test,601042,602042,603042,604042,705042,20000,10000,50000,8,2033,2033,0.10165,0.1792669289264765,5.7932943719611245,5.831482160445193,5.820237293759262,63.19104560872847,63.325946564476745,63.16958999761223,0.9985951265858108,-0.03818778848406815,0.1778121779807322,5.782049505275195,3.556243559614644e-06,0.001885800508965528,355.3808649460212,1.3758306900311001,0.31905768690495284,0.6095303520000925,0.06290904499996941,0.48127644600003805,0.672439397000062,0.672439397000062,True,2.0073846000286721e-07,True,0.10165,9.837678307919331
w8_n20000,6,25,training,601042,602042,603042,604042,705042,20000,10000,50000,8,2033,2033,0.10165,0.15675539654977763,5.811422550095722,5.818403613054519,5.789485042874625,64.15831007824671,64.10639014983043,64.05399286552128,0.9987782764756915,-0.0069810629587967925,0.1567144970345947,5.782503979915828,3.134289940691894e-06,0.0017703925950737294,409.3961394272527,1.4233819615752028,0.35303570302993786,1.5415155910000067,0.06290904499996941,0.48127644600003805,1.604424635999976,1.604424635999976,True,1.9776635999733117e-07,True,0.10165,9.837678307919331
w8_n20000,6,25,validation,601042,602042,603042,604042,705042,20000,10000,50000,8,2033,2033,0.10165,0.22312280382852126,5.775083564076727,5.774342638180372,5.789485042874625,66.142057005003,65.56859724732821,65.7437548415085,0.9983152595789273,0.0007409258963556897,0.2231445693142689,5.790225968770979,4.462891386285378e-06,0.0021125556528255956,296.4089926466051,1.4233819615752028,0.35303570302993786,1.5415155910000067,0.06290904499996941,0.48127644600003805,1.604424635999976,1.604424635999976,True,1.9776635999733117e-07,True,0.10165,9.837678307919331
w8_n20000,6,25,test,601042,602042,603042,604042,705042,20000,10000,50000,8,2033,2033,0.10165,0.18902471316041194,5.7932943719611245,5.802492824102861,5.789485042874625,63.19104560872847,63.19265034532416,63.0973760367682,0.9985049980623126,-0.009198452141735059,0.1889438805162185,5.78028659073289,3.77887761032437e-06,0.001943933540614074,334.44346245076883,1.4233819615752028,0.35303570302993786,1.5415155910000067,0.06290904499996941,0.48127644600003805,1.604424635999976,1.604424635999976,True,1.9776635999733117e-07,True,0.10165,9.837678307919331
w8_n20000,6,50,training,601042,602042,603042,604042,705042,20000,10000,50000,8,2033,2033,0.10165,0.14008071223262672,5.811422550095722,5.8309162523855615,5.8024398198567155,64.15831007824671,63.81500459134906,63.916803488203726,0.9989119004036997,-0.019493702289839855,0.13970769318832127,5.782946117566876,2.7941538637664254e-06,0.001671572272971296,459.2324775684577,1.4647955302947981,0.38171566296362175,2.9603672660000484,0.06290904499996941,0.48127644600003805,3.023276311000018,3.023276311000018,True,2.043167400006496e-07,True,0.10165,9.837678307919331
w8_n20000,6,50,validation,601042,602042,603042,604042,705042,20000,10000,50000,8,2033,2033,0.10165,0.20518960115886348,5.775083564076727,5.787642285023107,5.8024398198567155,66.142057005003,65.24524324222408,65.59112393115075,0.9984625884554698,-0.012558720946379356,0.20505238492554703,5.789881098910336,4.101047698510941e-06,0.002025104367313186,322.5617543000959,1.4647955302947981,0.38171566296362175,2.9603672660000484,0.06290904499996941,0.48127644600003805,3.023276311000018,3.023276311000018,True,2.043167400006496e-07,True,0.10165,9.837678307919331
w8_n20000,6,50,test,601042,602042,603042,604042,705042,20000,10000,50000,8,2033,2033,0.10165,0.16895575551065936,5.7932943719611245,5.815512760502305,5.8024398198567155,63.19104560872847,62.987562539189945,63.00507133994388,0.9986661636640328,-0.022218388541178812,0.16846546803065326,5.780221431315536,3.3693093606130652e-06,0.0018355678578066965,375.09791381834106,1.4647955302947981,0.38171566296362175,2.9603672660000484,0.06290904499996941,0.48127644600003805,3.023276311000018,3.023276311000018,True,2.043167400006496e-07,True,0.10165,9.837678307919331
w8_n20000,6,100,training,601042,602042,603042,604042,705042,20000,10000,50000,8,2033,2033,0.10165,0.034171128073449686,5.811422550095722,5.807365757259758,5.7816284403494365,64.15831007824671,64.18150486317533,64.15282928154888,0.9997338761715758,0.0040567928359642805,0.03415637832425199,5.785685233185401,6.831275664850398e-07,0.0008265153153360437,1878.369816295556,1.4228890276074226,0.35268933125115653,5.7359188289999565,0.06290904499996941,0.48127644600003805,5.798827873999926,5.798827873999926,True,1.9396768000206066e-07,True,0.10165,9.837678307919331
w8_n20000,6,100,validation,601042,602042,603042,604042,705042,20000,10000,50000,8,2033,2033,0.10165,0.048621723196679525,5.775083564076727,5.772563081598719,5.7816284403494365,66.142057005003,65.85599916585868,65.97471796923686,0.9996340068661528,0.0025204824780091267,0.04862023238799637,5.784148922827446,9.724046477599275e-07,0.0009861057994758613,1360.3813424251034,1.4228890276074226,0.35268933125115653,5.7359188289999565,0.06290904499996941,0.48127644600003805,5.798827873999926,5.798827873999926,True,1.9396768000206066e-07,True,0.10165,9.837678307919331
w8_n20000,6,100,test,601042,602042,603042,604042,705042,20000,10000,50000,8,2033,2033,0.10165,0.04023344141927264,5.7932943719611245,5.7933914552706165,5.7816284403494365,63.19104560872847,63.18903721206,63.16992429205481,0.9996816411270874,-9.708330949134094e-05,0.04023423667883725,5.7815313570399445,8.04684733576745e-07,0.0008970422139324019,1570.5789602308087,1.4228890276074226,0.35268933125115653,5.7359188289999565,0.06290904499996941,0.48127644600003805,5.798827873999926,5.798827873999926,True,1.9396768000206066e-07,True,0.10165,9.837678307919331
w8_n20000,6,200,training,601042,602042,603042,604042,705042,20000,10000,50000,8,2033,2033,0.10165,0.01783681886775991,5.811422550095722,5.826467035561558,5.798482847052153,64.15831007824671,64.53639838105948,64.33854854820684,0.9998674689239905,-0.015044485465836076,0.01761136289297279,5.783438361586317,3.522272578594558e-07,0.0005934873695871344,3643.0065332335457,1.3804498111203158,0.3224093961461096,11.142169853000041,0.06290904499996941,0.48127644600003805,11.20507889800001,11.20507889800001,True,1.9871885999691586e-07,True,0.10165,9.837678307919331
w8_n20000,6,200,validation,601042,602042,603042,604042,705042,20000,10000,50000,8,2033,2033,0.10165,0.02462283323698645,5.775083564076727,5.791052960766533,5.798482847052153,66.142057005003,66.3242709217193,66.2209788390454,0.99981697273708,-0.015969396689805456,0.024370248631213225,5.782513450362347,4.874049726242645e-07,0.0006981439483546817,2714.0493314577334,1.3804498111203158,0.3224093961461096,11.142169853000041,0.06290904499996941,0.48127644600003805,11.20507889800001,11.20507889800001,True,1.9871885999691586e-07,True,0.10165,9.837678307919331
w8_n20000,6,200,test,601042,602042,603042,604042,705042,20000,10000,50000,8,2033,2033,0.10165,0.021999108203018394,5.7932943719611245,5.809601190390362,5.798482847052153,63.19104560872847,63.52230343605565,63.3458077071179,0.9998318984487786,-0.016306818429237445,0.021733630548345255,5.782176028622915,4.346726109669051e-07,0.0006592970582119301,2907.523686305585,1.3804498111203158,0.3224093961461096,11.142169853000041,0.06290904499996941,0.48127644600003805,11.20507889800001,11.20507889800001,True,1.9871885999691586e-07,True,0.10165,9.837678307919331
w16_n10000,6,0,training,601042,602042,603042,604042,775042,10000,10000,50000,16,4065,4065,0.4065,100.06347988456498,5.7909152152709735,-0.05681278691355733,-0.04866032429446751,64.45897922151212,1.1904958390490281,-0.11233472546094311,-0.012823553130032979,5.847728002184532,65.87414451148305,5.799067677890064,0.001317482890229661,0.03629714713623732,0.9785171359648664,1.0177883254870366,0.017631964765914894,0.0,0.030387068999971234,0.48127644600003805,0.030387068999971234,0.0,True,2.319988200042644e-07,True,0.4065,2.4600246002460024
w16_n10000,6,0,validation,601042,602042,603042,604042,775042,10000,10000,50000,16,4065,4065,0.4065,101.84344163411716,5.775083564076727,-0.06953863531830569,-0.04866032429446751,66.142057005003,1.206496719062787,-0.17102415829710654,-0.019145007484127265,5.844622199395032,67.69060204066,5.795961875100566,0.0013538120408131999,0.036794184877684134,0.9771231900888275,1.0177883254870366,0.017631964765914894,0.0,0.030387068999971234,0.48127644600003805,0.030387068999971234,0.0,True,2.319988200042644e-07,True,0.4065,2.4600246002460024
w16_n10000,6,0,test,601042,602042,603042,604042,775042,10000,10000,50000,16,4065,4065,0.4065,98.75508315149199,5.7932943719611245,-0.03735316800237665,-0.04866032429446751,63.19104560872847,1.2095186959826536,-0.17968165502537087,-0.0205527375004942,5.830647539963501,64.75992761476186,5.781987215669034,0.0012951985522952373,0.03598886706045687,0.9757738764724041,1.0177883254870366,0.017631964765914894,0.0,0.030387068999971234,0.48127644600003805,0.030387068999971234,0.0,True,2.319988200042644e-07,True,0.4065,2.4600246002460024
w16_n10000,6,10,training,601042,602042,603042,604042,775042,10000,10000,50000,16,4065,4065,0.4065,0.13988608796175298,5.7909152152709735,5.828365410474846,5.8491019073094845,64.45897922151212,64.9469823902423,64.6337320955857,0.9989368477399531,-0.03745019520387153,0.13849742058300313,5.811651712105612,2.7699484116600626e-06,0.0016643161994224723,465.41646010570355,1.6850946505462607,0.5218217346577284,0.34152421000021604,0.030387068999971234,0.48127644600003805,0.3719112790001873,0.3719112790001873,True,2.4345399999674557e-07,True,0.4065,2.4600246002460024
w16_n10000,6,10,validation,601042,602042,603042,604042,775042,10000,10000,50000,16,4065,4065,0.4065,0.23572129851019363,5.775083564076727,5.83566458082251,5.8491019073094845,66.142057005003,66.06481774109467,65.98740014986637,0.9982447817206832,-0.060581016745782736,0.23207444636487742,5.788520890563702,4.641488927297549e-06,0.0021544115037052574,285.0036186276692,1.6850946505462607,0.5218217346577284,0.34152421000021604,0.030387068999971234,0.48127644600003805,0.3719112790001873,0.3719112790001873,True,2.4345399999674557e-07,True,0.4065,2.4600246002460024
w16_n10000,6,10,test,601042,602042,603042,604042,775042,10000,10000,50000,16,4065,4065,0.4065,0.21073578425749553,5.7932943719611245,5.861957069512288,5.8491019073094845,63.19104560872847,63.58107033272532,63.28304530136227,0.9983795621252191,-0.06866269755116333,0.2060253387292676,5.780439209758321,4.120506774585352e-06,0.002029903144138989,306.71492156489614,1.6850946505462607,0.5218217346577284,0.34152421000021604,0.030387068999971234,0.48127644600003805,0.3719112790001873,0.3719112790001873,True,2.4345399999674557e-07,True,0.4065,2.4600246002460024
w16_n10000,6,25,training,601042,602042,603042,604042,775042,10000,10000,50000,16,4065,4065,0.4065,0.1281655331630724,5.7909152152709735,5.8006677948261,5.812476154846966,64.45897922151212,64.83345003695811,64.58217301489613,0.9990135426208605,-0.009752579555125247,0.12808322867796115,5.802723575291841,2.561664573559223e-06,0.0016005200947064749,503.25854436087747,1.887185278682235,0.6350864484674204,0.8964061580002181,0.030387068999971234,0.48127644600003805,0.9267932270001893,0.9267932270001893,True,2.3569534000216664e-07,True,0.4065,2.4600246002460024
w16_n10000,6,25,validation,601042,602042,603042,604042,775042,10000,10000,50000,16,4065,4065,0.4065,0.24187210741981,5.775083564076727,5.796980467693208,5.812476154846966,66.142057005003,65.79338329478546,65.8470117625396,0.9981736758195777,-0.021896903616481223,0.24141677470929143,5.790579251230484,4.828335494185828e-06,0.0021973473767672304,273.9745698477239,1.887185278682235,0.6350864484674204,0.8964061580002181,0.030387068999971234,0.48127644600003805,0.9267932270001893,0.9267932270001893,True,2.3569534000216664e-07,True,0.4065,2.4600246002460024
w16_n10000,6,25,test,601042,602042,603042,604042,775042,10000,10000,50000,16,4065,4065,0.4065,0.21649979449785817,5.7932943719611245,5.824024331701302,5.812476154846966,63.19104560872847,63.38389312432303,63.17968947889187,0.9982981377064731,-0.030729959740176723,0.21555977526773065,5.781746195106789,4.311195505354613e-06,0.002076341856572422,293.14859662589464,1.887185278682235,0.6350864484674204,0.8964061580002181,0.030387068999971234,0.48127644600003805,0.9267932270001893,0.9267932270001893,True,2.3569534000216664e-07,True,0.4065,2.4600246002460024
w16_n10000,6,50,training,601042,602042,603042,604042,775042,10000,10000,50000,16,4065,4065,0.4065,0.11236757813434546,5.7909152152709735,5.785738241451719,5.800112942341234,64.45897922151212,63.8623822532623,64.10450473124838,0.9991352465311488,0.005176973819255131,0.11235201227764799,5.805289916160489,2.2470402455529596e-06,0.0014990130905208798,573.7234065930121,2.2751117606083695,0.8220291767384342,1.7276418150001973,0.030387068999971234,0.48127644600003805,1.7580288840001685,1.7580288840001685,True,2.412542399997619e-07,True,0.4065,2.4600246002460024
w16_n10000,6,50,validation,601042,602042,603042,604042,775042,10000,10000,50000,16,4065,4065,0.4065,0.2556487985245292,5.775083564076727,5.786135236891849,5.800112942341234,66.142057005003,64.97538875827675,65.43094677450291,0.9980904784997635,-0.01105167281512264,0.25555221427394403,5.789061269526111,5.1110442854788805e-06,0.0022607618816405414,258.8201287667215,2.2751117606083695,0.8220291767384342,1.7276418150001973,0.030387068999971234,0.48127644600003805,1.7580288840001685,1.7580288840001685,True,2.412542399997619e-07,True,0.4065,2.4600246002460024
w16_n10000,6,50,test,601042,602042,603042,604042,775042,10000,10000,50000,16,4065,4065,0.4065,0.2256603918297881,5.7932943719611245,5.80980483546444,5.800112942341234,63.19104560872847,62.591138652949176,62.77839597870346,0.9982194279477468,-0.01651046350331563,0.22539230427077914,5.783602478837918,4.507846085415583e-06,0.002123168878213785,280.36026257938585,2.2751117606083695,0.8220291767384342,1.7276418150001973,0.030387068999971234,0.48127644600003805,1.7580288840001685,1.7580288840001685,True,2.412542399997619e-07,True,0.4065,2.4600246002460024
w16_n10000,6,100,training,601042,602042,603042,604042,775042,10000,10000,50000,16,4065,4065,0.4065,0.08096543642011175,5.7909152152709735,5.754247325942809,5.761294723018282,64.45897922151212,63.8961833513332,64.13776685382324,0.9993892277305343,0.03666788932816432,0.07962886519884912,5.797962612346447,1.5925773039769826e-06,0.0012619735749915615,809.4926263302286,2.7130257695595796,0.9980645321792619,3.2810279630000423,0.030387068999971234,0.48127644600003805,3.3114150320000135,3.3114150320000135,True,2.380165400018086e-07,True,0.4065,2.4600246002460024
w16_n10000,6,100,validation,601042,602042,603042,604042,775042,10000,10000,50000,16,4065,4065,0.4065,0.2196613154514009,5.775083564076727,5.7502746779646445,5.761294723018282,66.142057005003,64.87742146293003,65.40020536326881,0.9983744843107182,0.024808886112082307,0.21906774139541807,5.786103609130365,4.381354827908361e-06,0.002093168609526801,301.92513321994016,2.7130257695595796,0.9980645321792619,3.2810279630000423,0.030387068999971234,0.48127644600003805,3.3114150320000135,3.3114150320000135,True,2.380165400018086e-07,True,0.4065,2.4600246002460024
w16_n10000,6,100,test,601042,602042,603042,604042,775042,10000,10000,50000,16,4065,4065,0.4065,0.1913402058812604,5.7932943719611245,5.77039541135258,5.761294723018282,63.19104560872847,62.50770287023143,62.75396440954119,0.9984966835811974,0.022898960608543885,0.19081965987750635,5.784193683626826,3.816393197550127e-06,0.0019535591103291773,331.1558444726972,2.7130257695595796,0.9980645321792619,3.2810279630000423,0.030387068999971234,0.48127644600003805,3.3114150320000135,3.3114150320000135,True,2.380165400018086e-07,True,0.4065,2.4600246002460024
w16_n10000,6,200,training,601042,602042,603042,604042,775042,10000,10000,50000,16,4065,4065,0.4065,0.21706093078829386,5.7909152152709735,6.027486940721027,6.032176723406473,64.45897922151212,69.62306386227414,66.96046611159716,0.9995400279235979,-0.23657172545005223,0.16111086059193813,5.795604997956421,3.2222172118387626e-06,0.0017950535401036825,400.090837977546,1.2878647785445658,0.2529856365687426,6.296079701000053,0.030387068999971234,0.48127644600003805,6.3264667700000246,6.3264667700000246,True,2.388881600018067e-07,True,0.4065,2.4600246002460024
w16_n10000,6,200,validation,601042,602042,603042,604042,775042,10000,10000,50000,16,4065,4065,0.4065,0.2795451275603434,5.775083564076727,6.01845678444705,6.032176723406473,66.142057005003,70.83411292139964,68.37791664478603,0.9989776826386377,-0.24337322037032158,0.2203366368306052,5.788803503036152,4.406732736612104e-06,0.002099221936006792,300.1863782456342,1.2878647785445658,0.2529856365687426,6.296079701000053,0.030387068999971234,0.48127644600003805,6.3264667700000246,6.3264667700000246,True,2.388881600018067e-07,True,0.4065,2.4600246002460024
w16_n10000,6,200,test,601042,602042,603042,604042,775042,10000,10000,50000,16,4065,4065,0.4065,0.2775548258778025,5.7932943719611245,6.041739961524386,6.032176723406473,63.19104560872847,68.05736193550277,65.51628680632412,0.9990424664094807,-0.24844558956326065,0.21583393158299793,5.783731133843213,4.316678631659959e-06,0.002077661818405478,292.7762337704007,1.2878647785445658,0.2529856365687426,6.296079701000053,0.030387068999971234,0.48127644600003805,6.3264667700000246,6.3264667700000246,True,2.388881600018067e-07,True,0.4065,2.4600246002460024
w16_n20000,6,0,training,601042,602042,603042,604042,785042,20000,10000,50000,16,4065,4065,0.20325,108.281822659651,5.811422550095722,-0.7043666555369311,-0.6995381660959619,64.15831007824671,1.079993771193725,-0.29565065911497057,-0.0355174492102602,6.515789205632654,65.82960516767038,5.816251039536691,0.0013165921033534075,0.03628487430532738,0.9746118014050545,1.0136410900511252,0.013548887927592772,0.0,0.06290904499996941,0.48127644600003805,0.06290904499996941,0.0,True,2.3903918000087286e-07,True,0.20325,4.920049200492005
w16_n20000,6,0,validation,601042,602042,603042,604042,785042,20000,10000,50000,16,4065,4065,0.20325,109.75890475345126,5.775083564076727,-0.7020556522033384,-0.6995381660959619,66.142057005003,1.0823943627568604,-0.2939510969872142,-0.03474109283715658,6.477139216280066,67.81235356173428,5.777601050184104,0.0013562470712346858,0.03682725989311024,0.9753688455126291,1.0136410900511252,0.013548887927592772,0.0,0.06290904499996941,0.48127644600003805,0.06290904499996941,0.0,True,2.3903918000087286e-07,True,0.20325,4.920049200492005
w16_n20000,6,0,test,601042,602042,603042,604042,785042,20000,10000,50000,16,4065,4065,0.20325,107.06937187060538,5.7932943719611245,-0.6907747312158501,-0.6995381660959619,63.19104560872847,1.0844693063867217,-0.376002685560836,-0.04542077536612605,6.484069103176974,65.02752028623686,5.784530937081012,0.0013005504057247374,0.03606314470099269,0.9717585005636901,1.0136410900511252,0.013548887927592772,0.0,0.06290904499996941,0.48127644600003805,0.06290904499996941,0.0,True,2.3903918000087286e-07,True,0.20325,4.920049200492005
w16_n20000,6,10,training,601042,602042,603042,604042,785042,20000,10000,50000,16,4065,4065,0.20325,0.13348834097025744,5.811422550095722,5.801719128094822,5.780375264918,64.15831007824671,63.64485125618582,63.834880239909026,0.9989642627957838,0.00970342200089989,0.13340085461446055,5.7900786869189,2.6680170922892112e-06,0.0016334065912347762,480.9437710400695,1.5105793291298149,0.4124932389228856,0.6265019810000467,0.06290904499996941,0.48127644600003805,0.6894110260000161,0.6894110260000161,True,2.384822400017583e-07,True,0.20325,4.920049200492005
w16_n20000,6,10,validation,601042,602042,603042,604042,785042,20000,10000,50000,16,4065,4065,0.20325,0.20164472854950347,5.775083564076727,5.763552962830239,5.780375264918,66.142057005003,65.02270081692488,65.4816129474754,0.9984998811267067,0.011530601246487656,0.20153192697709563,5.791905866164487,4.030638539541912e-06,0.002007645023290201,328.19642027498764,1.5105793291298149,0.4124932389228856,0.6265019810000467,0.06290904499996941,0.48127644600003805,0.6894110260000161,0.6894110260000161,True,2.384822400017583e-07,True,0.20325,4.920049200492005
w16_n20000,6,10,test,601042,602042,603042,604042,785042,20000,10000,50000,16,4065,4065,0.20325,0.17119163023177786,5.7932943719611245,5.791281690443928,5.780375264918,63.19104560872847,62.65610498952091,62.83797979754222,0.9986487131971186,0.0020126815171957408,0.17119100316495145,5.782387946435196,3.423820063299029e-06,0.0018503567394691839,369.1259729802542,1.5105793291298149,0.4124932389228856,0.6265019810000467,0.06290904499996941,0.48127644600003805,0.6894110260000161,0.6894110260000161,True,2.384822400017583e-07,True,0.20325,4.920049200492005
w16_n20000,6,25,training,601042,602042,603042,604042,785042,20000,10000,50000,16,4065,4065,0.20325,0.11393674738489822,5.811422550095722,5.832017937098324,5.81022896762697,64.15831007824671,64.62840236281563,64.3365970938653,0.9991252122014876,-0.020595387002601828,0.11351825333177785,5.789633580624369,2.2703650666355572e-06,0.0015067730640795107,565.1805607925654,1.6088251214861005,0.4755041744004511,1.6168004109999856,0.06290904499996941,0.48127644600003805,1.679709455999955,1.679709455999955,True,2.4590054000327653e-07,True,0.20325,4.920049200492005
w16_n20000,6,25,validation,601042,602042,603042,604042,785042,20000,10000,50000,16,4065,4065,0.20325,0.18330430145324,5.775083564076727,5.7940571150131985,5.81022896762697,66.142057005003,66.06831741833669,66.01370591063072,0.9986162805497606,-0.018973550936471247,0.182962602078309,5.791255416690499,3.65925204156618e-06,0.0019129171549144986,361.5058829164106,1.6088251214861005,0.4755041744004511,1.6168004109999856,0.06290904499996941,0.48127644600003805,1.679709455999955,1.679709455999955,True,2.4590054000327653e-07,True,0.20325,4.920049200492005
w16_n20000,6,25,test,601042,602042,603042,604042,785042,20000,10000,50000,16,4065,4065,0.20325,0.1565482785211913,5.7932943719611245,5.8212598350800855,5.81022896762697,63.19104560872847,63.603004068972055,63.319140175460134,0.9987767493027353,-0.027965463118960837,0.15576932678026892,5.78226350450801,3.1153865356053785e-06,0.0017650457602015248,405.670660038654,1.6088251214861005,0.4755041744004511,1.6168004109999856,0.06290904499996941,0.48127644600003805,1.679709455999955,1.679709455999955,True,2.4590054000327653e-07,True,0.20325,4.920049200492005
w16_n20000,6,50,training,601042,602042,603042,604042,785042,20000,10000,50000,16,4065,4065,0.20325,0.050733820131995754,5.811422550095722,5.78549798553716,5.761824290389914,64.15831007824671,63.52250686621486,63.81537635208254,0.9996202890895993,0.025924564558562724,0.05006424029645952,5.787748854948477,1.0012848059291904e-06,0.0010006421967562584,1281.5196974592643,1.4758514324436165,0.38923506558616827,3.188001548000102,0.06290904499996941,0.48127644600003805,3.2509105930000715,3.2509105930000715,True,2.4196475999815446e-07,True,0.20325,4.920049200492005
w16_n20000,6,50,validation,601042,602042,603042,604042,785042,20000,10000,50000,16,4065,4065,0.20325,0.07487558111514273,5.775083564076727,5.755609078975418,5.761824290389914,66.142057005003,65.19272331014362,65.63013826961195,0.9994588293377288,0.019474485101309592,0.07450377592277381,5.781298775491223,1.4900755184554761e-06,0.001220686494746082,887.767850498771,1.4758514324436165,0.38923506558616827,3.188001548000102,0.06290904499996941,0.48127644600003805,3.2509105930000715,3.2509105930000715,True,2.4196475999815446e-07,True,0.20325,4.920049200492005
w16_n20000,6,50,test,601042,602042,603042,604042,785042,20000,10000,50000,16,4065,4065,0.20325,0.0636068043259813,5.7932943719611245,5.771542993104611,5.761824290389914,63.19104560872847,62.457075915053125,62.79249328961943,0.9995145790062285,0.021751378856512384,0.06313494454271262,5.783575669246425,1.2626988908542524e-06,0.001123698754495284,1000.8885897726242,1.4758514324436165,0.38923506558616827,3.188001548000102,0.06290904499996941,0.48127644600003805,3.2509105930000715,3.2509105930000715,True,2.4196475999815446e-07,True,0.20325,4.920049200492005
w16_n20000,6,100,training,601042,602042,603042,604042,785042,20000,10000,50000,16,4065,4065,0.20325,0.02931985476573335,5.811422550095722,5.848858603747722,5.821758038964776,64.15831007824671,64.65166083451584,64.3910255600601,0.9997905813988127,-0.03743605365199982,0.02791979264233006,5.7843219853127765,5.583958528466012e-07,0.0007472588927852255,2297.9508085949865,1.392420282679447,0.331043443553626,6.190170934999969,0.06290904499996941,0.48127644600003805,6.253079979999939,6.253079979999939,True,2.411331600023914e-07,True,0.20325,4.920049200492005
w16_n20000,6,100,validation,601042,602042,603042,604042,785042,20000,10000,50000,16,4065,4065,0.20325,0.040825560461022765,5.775083564076727,5.811902970364873,5.821758038964776,66.142057005003,66.2959969688628,66.19929006735015,0.9997026202201222,-0.03681940628814641,0.03947383916552772,5.7849386326766306,7.894767833105544e-07,0.0008885250605979296,1675.5921998781532,1.392420282679447,0.331043443553626,6.190170934999969,0.06290904499996941,0.48127644600003805,6.253079979999939,6.253079979999939,True,2.411331600023914e-07,True,0.20325,4.920049200492005
w16_n20000,6,100,test,601042,602042,603042,604042,785042,20000,10000,50000,16,4065,4065,0.20325,0.03682451540436102,5.7932943719611245,5.83360530350195,5.821758038964776,63.19104560872847,63.63889621574413,63.39737078813248,0.9997286937558938,-0.04031093154082527,0.03520024820763608,5.7814471074239515,7.040049641527216e-07,0.0008390500367395985,1795.187500837573,1.392420282679447,0.331043443553626,6.190170934999969,0.06290904499996941,0.48127644600003805,6.253079979999939,6.253079979999939,True,2.411331600023914e-07,True,0.20325,4.920049200492005
w16_n20000,6,200,training,601042,602042,603042,604042,785042,20000,10000,50000,16,4065,4065,0.20325,0.011233292829714863,5.811422550095722,5.791176941795369,5.762318333926698,64.15831007824671,63.6720115645801,63.909748846727595,0.9999225612754119,0.020245608300353185,0.01082394937173212,5.782563942227052,2.164789874346424e-07,0.0004652730246152708,5927.439964362996,1.795169715581868,0.5850995665414391,12.116728921999993,0.06290904499996941,0.48127644600003805,12.179637966999962,12.179637966999962,True,2.5285491999966325e-07,True,0.20325,4.920049200492005
w16_n20000,6,200,validation,601042,602042,603042,604042,785042,20000,10000,50000,16,4065,4065,0.20325,0.020165667094167068,5.775083564076727,5.755086053445288,5.762318333926698,66.142057005003,65.35225178893174,65.73727052524873,0.999867704544893,0.01999751063143923,0.019767743437056264,5.782315844558137,3.953548687411253e-07,0.0006287725095303748,3345.958895895738,1.795169715581868,0.5850995665414391,12.116728921999993,0.06290904499996941,0.48127644600003805,12.179637966999962,12.179637966999962,True,2.5285491999966325e-07,True,0.20325,4.920049200492005
w16_n20000,6,200,test,601042,602042,603042,604042,785042,20000,10000,50000,16,4065,4065,0.20325,0.01628436259978724,5.7932943719611245,5.773413375413689,5.762318333926698,63.19104560872847,62.603509690091016,62.88933293622735,0.9998845935353088,0.019880996547435543,0.01588942636459537,5.782199330474134,3.177885272919074e-07,0.000563727351910396,3976.924286551339,1.795169715581868,0.5850995665414391,12.116728921999993,0.06290904499996941,0.48127644600003805,12.179637966999962,12.179637966999962,True,2.5285491999966325e-07,True,0.20325,4.920049200492005
w8_n10000,7,0,training,701042,702042,703042,704042,795042,10000,10000,50000,8,2033,2033,0.2033,108.62651823246559,5.6401092872675305,-1.1177094398554388,-1.1182477668223425,61.99666743694049,1.815769895148746,0.42386828910108726,0.039949959983773126,6.757818727122969,62.964700753887065,5.6395709603006265,0.0012592940150777414,0.03548653286921309,0.9846257775331869,1.082274365066897,0.07906472043085744,0.0,0.0294352630000958,0.47564813100007086,0.0294352630000958,0.0,True,2.1332893999897351e-07,True,0.2033,4.918839153959666
w8_n10000,7,0,validation,701042,702042,703042,704042,795042,10000,10000,50000,8,2033,2033,0.2033,117.56369604946939,5.955156583155554,-1.1289284165081812,-1.1182477668223425,66.293552805533,1.8474856461457063,0.3774320336158039,0.034104569627619694,7.084084999663735,67.3861743844471,5.965837232841393,0.001347723487688942,0.03671135366189787,0.9837856713354797,1.082274365066897,0.07906472043085744,0.0,0.0294352630000958,0.47564813100007086,0.0294352630000958,0.0,True,2.1332893999897351e-07,True,0.2033,4.918839153959666
w8_n10000,7,0,test,701042,702042,703042,704042,795042,10000,10000,50000,8,2033,2033,0.2033,113.42614180715799,5.824352842655216,-1.1246223373318665,-1.1182477668223425,64.19156124464631,1.7944366633490219,0.4234046845715334,0.0394505100457759,6.948975179987082,65.13918853885227,5.83072741316474,0.0013027837707770453,0.03609409606538229,0.9854522705077797,1.082274365066897,0.07906472043085744,0.0,0.0294352630000958,0.47564813100007086,0.0294352630000958,0.0,True,2.1332893999897351e-07,True,0.2033,4.918839153959666
w8_n10000,7,10,training,701042,702042,703042,704042,795042,10000,10000,50000,8,2033,2033,0.2033,0.14721643518058578,5.6401092872675305,5.702010649852652,5.856337990248734,61.99666743694049,62.14540468729834,61.999336563924246,0.9988455968702726,-0.06190136258512221,0.14339899639033016,5.794436627663611,2.8679799278066033e-06,0.0016935111242051535,432.336829388864,1.5004682729302707,0.4057772413430313,0.32406458700006624,0.0294352630000958,0.47564813100007086,0.35349985000016204,0.35349985000016204,True,2.0812558000216087e-07,True,0.2033,4.918839153959666
w8_n10000,7,10,validation,701042,702042,703042,704042,795042,10000,10000,50000,8,2033,2033,0.2033,0.22089359024236468,5.955156583155554,6.032370450849823,5.856337990248734,66.293552805533,66.03061408629237,66.05460689381844,0.9983775277586827,-0.07721386769426819,0.21495310418847577,5.779124122554466,4.299062083769516e-06,0.0020734179713143984,308.4093763419453,1.5004682729302707,0.4057772413430313,0.32406458700006624,0.0294352630000958,0.47564813100007086,0.35349985000016204,0.35349985000016204,True,2.0812558000216087e-07,True,0.2033,4.918839153959666
w8_n10000,7,10,test,701042,702042,703042,704042,795042,10000,10000,50000,8,2033,2033,0.2033,0.21224919097773545,5.824352842655216,5.905373641256706,5.856337990248734,64.19156124464631,64.14269224902209,64.06428227935899,0.998397312956306,-0.0810207986014906,0.2056889349504112,5.775317191647242,4.113778699008224e-06,0.0020282452265463916,312.08077021800915,1.5004682729302707,0.4057772413430313,0.32406458700006624,0.0294352630000958,0.47564813100007086,0.35349985000016204,0.35349985000016204,True,2.0812558000216087e-07,True,0.2033,4.918839153959666
w8_n10000,7,25,training,701042,702042,703042,704042,795042,10000,10000,50000,8,2033,2033,0.2033,0.11887773076916673,5.6401092872675305,5.661471895063134,5.809771805419128,61.99666743694049,62.059695528330934,61.968964876096415,0.9990454563192066,-0.02136260779560371,0.11843321307864574,5.788409197623524,2.3686642615729146e-06,0.0015390465430171092,523.4736593338181,1.6774804762448643,0.5172929511938034,0.8502475719999438,0.0294352630000958,0.47564813100007086,0.8796828350000396,0.8796828350000396,True,2.033441000003222e-07,True,0.2033,4.918839153959666
w8_n10000,7,25,validation,701042,702042,703042,704042,795042,10000,10000,50000,8,2033,2033,0.2033,0.19941507242557058,5.955156583155554,5.988404741158846,5.809771805419128,66.293552805533,66.07067288426379,66.08294811221765,0.9985030539917706,-0.03324815800329246,0.19832946536149493,5.776523647415836,3.966589307229899e-06,0.001991629811794827,334.25972628272757,1.6774804762448643,0.5172929511938034,0.8502475719999438,0.0294352630000958,0.47564813100007086,0.8796828350000396,0.8796828350000396,True,2.033441000003222e-07,True,0.2033,4.918839153959666
w8_n10000,7,25,test,701042,702042,703042,704042,795042,10000,10000,50000,8,2033,2033,0.2033,0.18976103172940625,5.824352842655216,5.85872337149481,5.809771805419128,64.19156124464631,64.17359125347922,64.08828451398972,0.9985308924540379,-0.03437052883959513,0.18858347014609572,5.775401276579533,3.7716694029219145e-06,0.0019420786294385493,340.38805837498415,1.6774804762448643,0.5172929511938034,0.8502475719999438,0.0294352630000958,0.47564813100007086,0.8796828350000396,0.8796828350000396,True,2.033441000003222e-07,True,0.2033,4.918839153959666
w8_n10000,7,50,training,701042,702042,703042,704042,795042,10000,10000,50000,8,2033,2033,0.2033,0.14002777075988132,5.6401092872675305,5.683810305112071,5.830722604972032,61.99666743694049,62.729378196612466,62.29395691428659,0.9989097549343006,-0.043701017844539634,0.1381318049797305,5.787021587127493,2.7626360995946097e-06,0.001662117955981046,448.8225390672185,1.642994131686766,0.4965202673425845,1.6523552520000067,0.0294352630000958,0.47564813100007086,1.6817905150001025,1.6817905150001025,True,2.031410399968081e-07,True,0.2033,4.918839153959666
w8_n10000,7,50,validation,701042,702042,703042,704042,795042,10000,10000,50000,8,2033,2033,0.2033,0.23006480563166473,5.955156583155554,6.007388055501532,5.830722604972032,66.293552805533,66.81823967638411,66.44221653352366,0.9982997217187894,-0.05223147234597778,0.2273594148697232,5.778491132626055,4.547188297394464e-06,0.00213241372566265,291.5804161596702,1.642994131686766,0.4965202673425845,1.6523552520000067,0.0294352630000958,0.47564813100007086,1.6817905150001025,1.6817905150001025,True,2.031410399968081e-07,True,0.2033,4.918839153959666
w8_n10000,7,50,test,701042,702042,703042,704042,795042,10000,10000,50000,8,2033,2033,0.2033,0.22381985379224462,5.824352842655216,5.881266227014855,5.830722604972032,64.19156124464631,64.95917889110466,64.46507750178766,0.9983096669078464,-0.05691338435963942,0.22058513217562012,5.773809220612392,4.411702643512402e-06,0.002100405352190953,291.0058380251115,1.642994131686766,0.4965202673425845,1.6523552520000067,0.0294352630000958,0.47564813100007086,1.6817905150001025,1.6817905150001025,True,2.031410399968081e-07,True,0.2033,4.918839153959666
w8_n10000,7,100,training,701042,702042,703042,704042,795042,10000,10000,50000,8,2033,2033,0.2033,0.08980222524590838,5.6401092872675305,5.64130103878094,5.786558578223802,61.99666743694049,61.37569861862271,61.64127813480519,0.9992847009517021,-0.0011917515134086106,0.08980978595283384,5.785366826710393,1.7961957190566768e-06,0.0013402222647966556,690.3108250308023,1.8199329227827978,0.5987996447956718,3.1484023750001597,0.0294352630000958,0.47564813100007086,3.1778376380002555,3.1778376380002555,True,1.960542799997711e-07,True,0.2033,4.918839153959666
w8_n10000,7,100,validation,701042,702042,703042,704042,795042,10000,10000,50000,8,2033,2033,0.2033,0.16343402626418518,5.955156583155554,5.961499505477503,5.786558578223802,66.293552805533,65.54161775702775,65.83588021397334,0.99877674241754,-0.006342922321949809,0.1634101346140644,5.780215655901852,3.2682026922812877e-06,0.0018078171069777185,405.68813532956506,1.8199329227827978,0.5987996447956718,3.1484023750001597,0.0294352630000958,0.47564813100007086,3.1778376380002555,3.1778376380002555,True,1.960542799997711e-07,True,0.2033,4.918839153959666
w8_n10000,7,100,test,701042,702042,703042,704042,795042,10000,10000,50000,8,2033,2033,0.2033,0.15852586304647998,5.824352842655216,5.8334458515164584,5.786558578223802,64.19156124464631,63.587402995703464,63.81025894559326,0.9987711606405328,-0.009093008861241604,0.15844634916331257,5.77746556936256,3.1689269832662513e-06,0.0017801480228526647,405.13121055558867,1.8199329227827978,0.5987996447956718,3.1484023750001597,0.0294352630000958,0.47564813100007086,3.1778376380002555,3.1778376380002555,True,1.960542799997711e-07,True,0.2033,4.918839153959666
w8_n10000,7,200,training,701042,702042,703042,704042,795042,10000,10000,50000,8,2033,2033,0.2033,0.028792717442232607,5.6401092872675305,5.603237814601928,5.747659236553463,61.99666743694049,61.46561611497303,61.71742379818615,0.9997870274163059,0.036871472665602686,0.027435955541256444,5.784530709219066,5.487191108251289e-07,0.0007407557700248638,2259.686831162627,1.8501993560545171,0.6152933933140072,6.030675795999969,0.0294352630000958,0.47564813100007086,6.060111059000064,6.060111059000064,True,2.0365817999845604e-07,True,0.2033,4.918839153959666
w8_n10000,7,200,validation,701042,702042,703042,704042,795042,10000,10000,50000,8,2033,2033,0.2033,0.053272267270678436,5.955156583155554,5.921568861404789,5.747659236553463,66.293552805533,65.56299286087327,65.90219815962666,0.9996198425886105,0.03358772175076539,0.05214934715298702,5.781246958304228,1.0429869430597404e-06,0.0010212673220365666,1271.2249802677698,1.8501993560545171,0.6152933933140072,6.030675795999969,0.0294352630000958,0.47564813100007086,6.060111059000064,6.060111059000064,True,2.0365817999845604e-07,True,0.2033,4.918839153959666
w8_n10000,7,200,test,701042,702042,703042,704042,795042,10000,10000,50000,8,2033,2033,0.2033,0.050295621861208055,5.824352842655216,5.792135253385465,5.747659236553463,64.19156124464631,63.539082441145695,63.840692525908224,0.9996273976747744,0.03221758926975099,0.049258633975533164,5.779876825823213,9.851726795106633e-07,0.0009925586529322401,1303.1534994764645,1.8501993560545171,0.6152933933140072,6.030675795999969,0.0294352630000958,0.47564813100007086,6.060111059000064,6.060111059000064,True,2.0365817999845604e-07,True,0.2033,4.918839153959666
w8_n20000,7,0,training,701042,702042,703042,704042,805042,20000,10000,50000,8,2033,2033,0.10165,91.46650257512458,5.758595558448313,0.5875938159504,0.5869464169815135,63.8705002253231,0.60550608394208,-0.1272368844734207,-0.020459904963692266,5.171001742497913,64.73048007821204,5.757948159479426,0.0012946096015642409,0.03598068372841518,0.986714452729999,1.0495373587108536,0.04834945632042433,0.0,0.06539609300011762,0.47564813100007086,0.06539609300011762,0.0,True,2.119202600033532e-07,True,0.10165,9.837678307919331
w8_n20000,7,0,validation,701042,702042,703042,704042,805042,20000,10000,50000,8,2033,2033,0.10165,95.99751152321573,5.955156583155554,0.5810015580510992,0.5869464169815135,66.293552805533,0.6042423413710334,-0.11244320530600173,-0.017766095515290244,5.374155025104455,67.12268155751605,5.961101442085967,0.001342453631150321,0.03663950915542293,0.9876475621541939,1.0495373587108536,0.04834945632042433,0.0,0.06539609300011762,0.47564813100007086,0.06539609300011762,0.0,True,2.119202600033532e-07,True,0.10165,9.837678307919331
w8_n20000,7,0,test,701042,702042,703042,704042,805042,20000,10000,50000,8,2033,2033,0.10165,92.39764047679078,5.824352842655216,0.5939515153730184,0.5869464169815135,64.19156124464631,0.6159276219504675,-0.1171772013119979,-0.018635425408220777,5.230401327282197,65.04184326922078,5.817347744263711,0.0013008368653844155,0.03606711612236852,0.9869271536316246,1.0495373587108536,0.04834945632042433,0.0,0.06539609300011762,0.47564813100007086,0.06539609300011762,0.0,True,2.119202600033532e-07,True,0.10165,9.837678307919331
w8_n20000,7,10,training,701042,702042,703042,704042,805042,20000,10000,50000,8,2033,2033,0.10165,0.14817155205511082,5.758595558448313,5.75676952460054,5.787029254447898,63.8705002253231,63.3720204069514,63.547172502918855,0.9988431513303067,0.0018260338477721675,0.14817562643681942,5.788855288295671,2.9635125287363882e-06,0.0017214855586778497,431.04592679118406,1.2808101315476887,0.24749279299675844,0.5913048080001317,0.06539609300011762,0.47564813100007086,0.6567009010002494,0.6567009010002494,True,2.023280799994609e-07,True,0.10165,9.837678307919331
w8_n20000,7,10,validation,701042,702042,703042,704042,805042,20000,10000,50000,8,2033,2033,0.10165,0.1897796250793317,5.955156583155554,5.964305455158761,5.787029254447898,66.293552805533,65.73181493884893,65.91782642483604,0.9985720807629107,-0.009148872003206602,0.1897148947098718,5.777880382444691,3.7942978941974358e-06,0.001947895760608723,349.437786141751,1.2808101315476887,0.24749279299675844,0.5913048080001317,0.06539609300011762,0.47564813100007086,0.6567009010002494,0.6567009010002494,True,2.023280799994609e-07,True,0.10165,9.837678307919331
w8_n20000,7,10,test,701042,702042,703042,704042,805042,20000,10000,50000,8,2033,2033,0.10165,0.17861991204011268,5.824352842655216,5.836616132273696,5.787029254447898,64.19156124464631,63.73966989908951,63.876379025253065,0.9986111593709323,-0.012263289618480751,0.17847309322971056,5.774765964829417,3.569461864594211e-06,0.0018893019516726835,359.670805738914,1.2808101315476887,0.24749279299675844,0.5913048080001317,0.06539609300011762,0.47564813100007086,0.6567009010002494,0.6567009010002494,True,2.023280799994609e-07,True,0.10165,9.837678307919331
w8_n20000,7,25,training,701042,702042,703042,704042,805042,20000,10000,50000,8,2033,2033,0.10165,0.16216540137424298,5.758595558448313,5.729430240083645,5.761382845339738,63.8705002253231,63.422884892260114,63.56603113293086,0.9987388437910015,0.029165318364667552,0.1613228517215167,5.790548163704405,3.226457034430334e-06,0.0017962341257281396,395.9172525388991,1.3175297214629769,0.27575856016411193,1.5385109870001088,0.06539609300011762,0.47564813100007086,1.6039070800002264,1.6039070800002264,True,2.099071399970853e-07,True,0.10165,9.837678307919331
w8_n20000,7,25,validation,701042,702042,703042,704042,805042,20000,10000,50000,8,2033,2033,0.10165,0.21365773610353822,5.955156583155554,5.936799293456788,5.761382845339738,66.293552805533,65.64061453856237,65.86041263193442,0.9983951922276585,0.018357289698765267,0.21334208022647644,5.7797401350385025,4.266841604529529e-06,0.002065633463257586,310.73828817623837,1.3175297214629769,0.27575856016411193,1.5385109870001088,0.06539609300011762,0.47564813100007086,1.6039070800002264,1.6039070800002264,True,2.099071399970853e-07,True,0.10165,9.837678307919331
w8_n20000,7,25,test,701042,702042,703042,704042,805042,20000,10000,50000,8,2033,2033,0.10165,0.205125293072376,5.824352842655216,5.810424686060996,5.761382845339738,64.19156124464631,63.664192272435855,63.825409059424,0.9984056290167086,0.013928156594220099,0.20493539823422757,5.775311001933957,4.098707964684552e-06,0.0020245266026122136,313.22827485020235,1.3175297214629769,0.27575856016411193,1.5385109870001088,0.06539609300011762,0.47564813100007086,1.6039070800002264,1.6039070800002264,True,2.099071399970853e-07,True,0.10165,9.837678307919331
w8_n20000,7,50,training,701042,702042,703042,704042,805042,20000,10000,50000,8,2033,2033,0.10165,0.13190003223140478,5.758595558448313,5.803450250152449,5.829244064227629,63.8705002253231,64.63145158857144,64.18602861515093,0.9990066786284459,-0.04485469170413673,0.12989458359271133,5.784389372523492,2.5978916718542265e-06,0.0016117976522672522,491.7102658074729,1.3604223950239325,0.3077952361029763,3.007747456000061,0.06539609300011762,0.47564813100007086,3.0731435490001786,3.0731435490001786,True,1.9473198000014236e-07,True,0.10165,9.837678307919331
w8_n20000,7,50,validation,701042,702042,703042,704042,805042,20000,10000,50000,8,2033,2033,0.10165,0.1794397577519816,5.955156583155554,6.006714457141669,5.829244064227629,66.293552805533,67.06342863403061,66.59009110812961,0.9986908833095518,-0.051557873986115554,0.17679922330434383,5.777686190241512,3.5359844660868767e-06,0.0018804213533372984,374.96518121810215,1.3604223950239325,0.3077952361029763,3.007747456000061,0.06539609300011762,0.47564813100007086,3.0731435490001786,3.0731435490001786,True,1.9473198000014236e-07,True,0.10165,9.837678307919331
w8_n20000,7,50,test,701042,702042,703042,704042,805042,20000,10000,50000,8,2033,2033,0.10165,0.1733225482449305,5.824352842655216,5.876707777421376,5.829244064227629,64.19156124464631,64.92716303577754,64.4740696798374,0.9986950595895538,-0.05235493476616028,0.17058492074897663,5.776889129461469,3.4116984149795325e-06,0.001847078345652813,376.30267061592787,1.3604223950239325,0.3077952361029763,3.007747456000061,0.06539609300011762,0.47564813100007086,3.0731435490001786,3.0731435490001786,True,1.9473198000014236e-07,True,0.10165,9.837678307919331
w8_n20000,7,100,training,701042,702042,703042,704042,805042,20000,10000,50000,8,2033,2033,0.10165,0.03738584456046923,5.758595558448313,5.776440061059367,5.801196858122676,63.8705002253231,64.06879351388491,63.95111223372879,0.9997114596509233,-0.01784450261105496,0.037069271750620796,5.783352355511621,7.413854350124159e-07,0.0008610374178933317,1723.0039115687096,1.3237006470109698,0.28043133452720176,5.7979170339999655,0.06539609300011762,0.47564813100007086,5.863313127000083,5.863313127000083,True,1.9983895999757805e-07,True,0.10165,9.837678307919331
w8_n20000,7,100,validation,701042,702042,703042,704042,805042,20000,10000,50000,8,2033,2033,0.10165,0.04948766663374466,5.955156583155554,5.975051106576443,5.801196858122676,66.293552805533,66.5098981811998,66.37717710124132,0.9996316313438534,-0.019894523420889855,0.0490967842500253,5.7813023347017864,9.81935685000506e-07,0.0009909266799317223,1350.2626255099149,1.3237006470109698,0.28043133452720176,5.7979170339999655,0.06539609300011762,0.47564813100007086,5.863313127000083,5.863313127000083,True,1.9983895999757805e-07,True,0.10165,9.837678307919331
w8_n20000,7,100,test,701042,702042,703042,704042,805042,20000,10000,50000,8,2033,2033,0.10165,0.04623052926534656,5.824352842655216,5.8456485925188915,5.801196858122676,64.19156124464631,64.4000199215832,64.27290161518381,0.9996453186903407,-0.021295749863676324,0.04577793586180752,5.779901108259,9.155587172361504e-07,0.0009568483250945002,1402.238000385711,1.3237006470109698,0.28043133452720176,5.7979170339999655,0.06539609300011762,0.47564813100007086,5.863313127000083,5.863313127000083,True,1.9983895999757805e-07,True,0.10165,9.837678307919331
w8_n20000,7,200,training,701042,702042,703042,704042,805042,20000,10000,50000,8,2033,2033,0.10165,0.016783677301399284,5.758595558448313,5.7285938981618845,5.751971644363667,63.8705002253231,63.3959937825602,63.625304817991726,0.9998821379733961,0.0300016602864277,0.015884371900052076,5.781973304650094,3.1768743800104154e-07,0.0005636376832691738,4020.9647965440613,1.3259271724654604,0.28211196752946555,11.264821660000052,0.06539609300011762,0.47564813100007086,11.33021775300017,11.33021775300017,True,1.98396179998781e-07,True,0.10165,9.837678307919331
w8_n20000,7,200,validation,701042,702042,703042,704042,805042,20000,10000,50000,8,2033,2033,0.10165,0.022253933787817082,5.955156583155554,5.923244016956452,5.751971644363667,66.293552805533,65.71098212346854,65.9916486416651,0.9998488512912411,0.03191256619910223,0.021237645670972194,5.783884210562769,4.2475291341944385e-07,0.0006517307062118862,3121.5113874954427,1.3259271724654604,0.28211196752946555,11.264821660000052,0.06539609300011762,0.47564813100007086,11.33021775300017,11.33021775300017,True,1.98396179998781e-07,True,0.10165,9.837678307919331
w8_n20000,7,200,test,701042,702042,703042,704042,805042,20000,10000,50000,8,2033,2033,0.10165,0.020955164239214306,5.824352842655216,5.793756524945716,5.751971644363667,64.19156124464631,63.66899558025341,63.92026869746488,0.9998517782011221,0.03059631770949828,0.020019429970433166,5.7825679620731645,4.0038859940866333e-07,0.0006327626722624078,3206.4629881795468,1.3259271724654604,0.28211196752946555,11.264821660000052,0.06539609300011762,0.47564813100007086,11.33021775300017,11.33021775300017,True,1.98396179998781e-07,True,0.10165,9.837678307919331
w16_n10000,7,0,training,701042,702042,703042,704042,875042,10000,10000,50000,16,4065,4065,0.4065,90.6536203941509,5.6401092872675305,0.24143208113809575,0.22845821375911274,61.99666743694049,0.9603220639591911,0.7214666385539613,0.09350258711476019,5.398677206129435,61.514056223791755,5.627135419888547,0.0012302811244758352,0.03507536349741561,1.0078455436492917,1.0919430002007402,0.08795867834200043,0.0,0.0294352630000958,0.47564813100007086,0.0294352630000958,0.0,True,2.3954476000199063e-07,True,0.4065,2.4600246002460024
w16_n10000,7,0,validation,701042,702042,703042,704042,875042,10000,10000,50000,16,4065,4065,0.4065,98.98858623224815,5.955156583155554,0.21011348672383506,0.22845821375911274,66.293552805533,0.9543854623381428,0.6291366244894355,0.07909470544574572,5.7450430964317185,65.98966501889227,5.973501310190832,0.0013197933003778453,0.03632895952787315,1.0046050815162302,1.0919430002007402,0.08795867834200043,0.0,0.0294352630000958,0.47564813100007086,0.0294352630000958,0.0,True,2.3954476000199063e-07,True,0.4065,2.4600246002460024
w16_n10000,7,0,test,701042,702042,703042,704042,875042,10000,10000,50000,16,4065,4065,0.4065,95.16137862236846,5.824352842655216,0.23184323807639204,0.22845821375911274,64.19156124464631,0.9422183565981959,0.6236434631644672,0.08019026058506804,5.592509604578824,63.88649267491558,5.8209678183379365,0.0012777298534983115,0.035745347298610924,1.004775165405981,1.0919430002007402,0.08795867834200043,0.0,0.0294352630000958,0.47564813100007086,0.0294352630000958,0.0,True,2.3954476000199063e-07,True,0.4065,2.4600246002460024
w16_n10000,7,10,training,701042,702042,703042,704042,875042,10000,10000,50000,16,4065,4065,0.4065,0.12099154736509245,5.6401092872675305,5.648988778845516,5.811828643369096,61.99666743694049,61.647110090316225,61.76142636639144,0.9990259829107031,-0.008879491577985697,0.1209247944738563,5.802949151791109,2.418495889477126e-06,0.0015551514040366378,512.6878049012855,1.6272519805841499,0.4868926906053694,0.34561242299992045,0.0294352630000958,0.47564813100007086,0.37504768600001626,0.37504768600001626,True,2.3818522000055964e-07,True,0.4065,2.4600246002460024
w16_n10000,7,10,validation,701042,702042,703042,704042,875042,10000,10000,50000,16,4065,4065,0.4065,0.19688373508378768,5.955156583155554,5.986536597148046,5.811828643369096,66.293552805533,65.5200571556961,65.80884566978064,0.9985308614119837,-0.03138001399249217,0.19591862166778545,5.780448629376604,3.918372433355709e-06,0.0019794879220029885,338.37290320439985,1.6272519805841499,0.4868926906053694,0.34561242299992045,0.0294352630000958,0.47564813100007086,0.37504768600001626,0.37504768600001626,True,2.3818522000055964e-07,True,0.4065,2.4600246002460024
w16_n10000,7,10,test,701042,702042,703042,704042,875042,10000,10000,50000,16,4065,4065,0.4065,0.1934937803810272,5.824352842655216,5.859486229749436,5.811828643369096,64.19156124464631,63.54532156902063,63.7723097714546,0.9985076276723499,-0.035133387094219835,0.19226327075773003,5.776695256274876,3.8452654151546e-06,0.0019609348319499557,333.87324053970644,1.6272519805841499,0.4868926906053694,0.34561242299992045,0.0294352630000958,0.47564813100007086,0.37504768600001626,0.37504768600001626,True,2.3818522000055964e-07,True,0.4065,2.4600246002460024
w16_n10000,7,25,training,701042,702042,703042,704042,875042,10000,10000,50000,16,4065,4065,0.4065,0.13459772598420783,5.6401092872675305,5.580819502073132,5.735987686798513,61.99666743694049,60.87272270646272,61.36914729324584,0.9989748456401275,0.05928978519439879,0.13109555691150107,5.795277471992912,2.6219111382300213e-06,0.001619231650576909,472.91204139582476,1.7063559971529678,0.5343601008951213,0.8913618740000402,0.0294352630000958,0.47564813100007086,0.920797137000136,0.920797137000136,True,2.333273600015673e-07,True,0.4065,2.4600246002460024
w16_n10000,7,25,validation,701042,702042,703042,704042,875042,10000,10000,50000,16,4065,4065,0.4065,0.22967163693630488,5.955156583155554,5.908742401088332,5.735987686798513,66.293552805533,64.63637028640663,65.3511914886444,0.9983420933720277,0.04641418206722242,0.22754011465080065,5.782401868865735,4.5508022930160134e-06,0.00213326095286442,291.3488591111586,1.7063559971529678,0.5343601008951213,0.8913618740000402,0.0294352630000958,0.47564813100007086,0.920797137000136,0.920797137000136,True,2.333273600015673e-07,True,0.4065,2.4600246002460024
w16_n10000,7,25,test,701042,702042,703042,704042,875042,10000,10000,50000,16,4065,4065,0.4065,0.22424360020754713,5.824352842655216,5.781526223445454,5.735987686798513,64.19156124464631,62.75255716037646,63.36085223792476,0.9983120812752723,0.042826619209761246,0.22241392917319272,5.7788143060082735,4.448278583463854e-06,0.002109094256657074,288.61304453041083,1.7063559971529678,0.5343601008951213,0.8913618740000402,0.0294352630000958,0.47564813100007086,0.920797137000136,0.920797137000136,True,2.333273600015673e-07,True,0.4065,2.4600246002460024
w16_n10000,7,50,training,701042,702042,703042,704042,875042,10000,10000,50000,16,4065,4065,0.4065,0.11122645272531904,5.6401092872675305,5.588713037308636,5.747146036273907,61.99666743694049,61.15439089945103,61.521231299301135,0.999141559523032,0.0513962499588956,0.10859573778926068,5.798542286232803,2.1719147557852137e-06,0.001473741753423989,570.8941133329774,1.9788282627588363,0.6825048830462713,1.733088890999852,0.0294352630000958,0.47564813100007086,1.7625241539999479,1.7625241539999479,True,2.3459122000076605e-07,True,0.4065,2.4600246002460024
w16_n10000,7,50,validation,701042,702042,703042,704042,875042,10000,10000,50000,16,4065,4065,0.4065,0.22009804821927093,5.955156583155554,5.927555078024327,5.747146036273907,66.293552805533,65.10244586252298,65.58832026355407,0.9983715781188931,0.027601505131226264,0.21935814094785663,5.774747541405133,4.3871628189571325e-06,0.002094555518232241,302.2160587205722,1.9788282627588363,0.6825048830462713,1.733088890999852,0.0294352630000958,0.47564813100007086,1.7625241539999479,1.7625241539999479,True,2.3459122000076605e-07,True,0.4065,2.4600246002460024
w16_n10000,7,50,test,701042,702042,703042,704042,875042,10000,10000,50000,16,4065,4065,0.4065,0.21435479472694918,5.824352842655216,5.793787145291641,5.747146036273907,64.19156124464631,63.07892209675359,63.52852927001612,0.9983612134543605,0.030565697363573046,0.21342480136765496,5.77771173363748,4.268496027353099e-06,0.0020660338882392756,300.768986703036,1.9788282627588363,0.6825048830462713,1.733088890999852,0.0294352630000958,0.47564813100007086,1.7625241539999479,1.7625241539999479,True,2.3459122000076605e-07,True,0.4065,2.4600246002460024
w16_n10000,7,100,training,701042,702042,703042,704042,875042,10000,10000,50000,16,4065,4065,0.4065,0.07398937726010335,5.6401092872675305,5.618578973685281,5.772384435479979,61.99666743694049,61.34043828475555,61.631786272760635,0.9994179496229401,0.021530313582249515,0.07353317617477081,5.793914749062228,1.4706635234954163e-06,0.001212709166904999,843.1115132248498,2.4740637424314462,0.9058620385662141,3.299581214,0.0294352630000958,0.47564813100007086,3.3290164770000956,3.3290164770000956,True,2.4816222000026753e-07,True,0.4065,2.4600246002460024
w16_n10000,7,100,validation,701042,702042,703042,704042,875042,10000,10000,50000,16,4065,4065,0.4065,0.18305443560430343,5.955156583155554,5.94816995508967,5.772384435479979,66.293552805533,65.2296034999229,65.67006619021544,0.9986411037567564,0.006986628065884317,0.18302392502507495,5.779371063545863,3.660478500501499e-06,0.0019132377009931356,362.2124965162371,2.4740637424314462,0.9058620385662141,3.299581214,0.0294352630000958,0.47564813100007086,3.3290164770000956,3.3290164770000956,True,2.4816222000026753e-07,True,0.4065,2.4600246002460024
w16_n10000,7,100,test,701042,702042,703042,704042,875042,10000,10000,50000,16,4065,4065,0.4065,0.17971772945158784,5.824352842655216,5.818916587775769,5.772384435479979,64.19156124464631,63.28156083612825,63.64671515517732,0.9986158016399534,0.005436254879446368,0.17969177041988194,5.777820690359426,3.5938354083976387e-06,0.001895741387530915,357.23150311587034,2.4740637424314462,0.9058620385662141,3.299581214,0.0294352630000958,0.47564813100007086,3.3290164770000956,3.3290164770000956,True,2.4816222000026753e-07,True,0.4065,2.4600246002460024
w16_n10000,7,200,training,701042,702042,703042,704042,875042,10000,10000,50000,16,4065,4065,0.4065,0.02842526344660044,5.6401092872675305,5.588912546818572,5.74081048545813,61.99666743694049,60.8676568042602,61.41925875165648,0.999832170874944,0.051196740448957986,0.02580673788779127,5.7920072259070885,5.161347577558254e-07,0.0007184251928738478,2402.344213612138,2.29924887137394,0.8325824919335015,6.315577837999854,0.0294352630000958,0.47564813100007086,6.3450131009999495,6.3450131009999495,True,2.368904399963867e-07,True,0.4065,2.4600246002460024
w16_n10000,7,200,validation,701042,702042,703042,704042,875042,10000,10000,50000,16,4065,4065,0.4065,0.06535675489810297,5.955156583155554,5.913348771369282,5.74081048545813,66.293552805533,64.78907470447594,65.50950614335746,0.9995805327635608,0.04180781178627236,0.06361522329407594,5.782618297244403,1.272304465881519e-06,0.001127964744963919,1042.1020216981062,2.29924887137394,0.8325824919335015,6.315577837999854,0.0294352630000958,0.47564813100007086,6.3450131009999495,6.3450131009999495,True,2.368904399963867e-07,True,0.4065,2.4600246002460024
w16_n10000,7,200,test,701042,702042,703042,704042,875042,10000,10000,50000,16,4065,4065,0.4065,0.06299818690109403,5.824352842655216,5.784662187061609,5.74081048545813,64.19156124464631,62.77614918283282,63.45314318011908,0.9995783355035431,0.03969065559360713,0.06142406724098852,5.7805011410517375,1.2284813448197704e-06,0.0011083687765449596,1045.0555316175974,2.29924887137394,0.8325824919335015,6.315577837999854,0.0294352630000958,0.47564813100007086,6.3450131009999495,6.3450131009999495,True,2.368904399963867e-07,True,0.4065,2.4600246002460024
w16_n20000,7,0,training,701042,702042,703042,704042,885042,20000,10000,50000,16,4065,4065,0.20325,106.40782251467398,5.758595558448313,-0.5417938325370926,-0.534556640991891,63.8705002253231,1.1897580783878126,-0.8279967727570283,-0.09498371553757808,6.300389390985406,66.71625184922497,5.765832749993514,0.0013343250369844996,0.036528414104426976,0.9573454511453504,1.0441928633780517,0.04324420743547934,0.0,0.06539609300011762,0.47564813100007086,0.06539609300011762,0.0,True,2.4581099999977594e-07,True,0.20325,4.920049200492005
w16_n20000,7,0,validation,701042,702042,703042,704042,885042,20000,10000,50000,16,4065,4065,0.20325,111.11028887742094,5.955156583155554,-0.5238831188884037,-0.534556640991891,66.293552805533,1.1677269449023082,-0.8389837955289555,-0.09535583529684719,6.479039702043957,69.13924734149322,5.944483061052066,0.0013827849468298643,0.03718581647389047,0.958841112025638,1.0441928633780517,0.04324420743547934,0.0,0.06539609300011762,0.47564813100007086,0.06539609300011762,0.0,True,2.4581099999977594e-07,True,0.20325,4.920049200492005
w16_n20000,7,0,test,701042,702042,703042,704042,885042,20000,10000,50000,16,4065,4065,0.20325,107.24694374975552,5.824352842655216,-0.5313150475795886,-0.534556640991891,64.19156124464631,1.1774374016154414,-0.7423839239309573,-0.08539268630945417,6.355667890234805,66.85376649412368,5.821111249242914,0.0013370753298824734,0.03656604066456298,0.9601786796902255,1.0441928633780517,0.04324420743547934,0.0,0.06539609300011762,0.47564813100007086,0.06539609300011762,0.0,True,2.4581099999977594e-07,True,0.20325,4.920049200492005
w16_n20000,7,10,training,701042,702042,703042,704042,885042,20000,10000,50000,16,4065,4065,0.20325,0.15226830692854593,5.758595558448313,5.740209555439281,5.771003947307079,63.8705002253231,63.09695208901967,63.407757227813974,0.9988218697583213,0.018386003009030986,0.15193785871483356,5.78938995031611,3.038757174296671e-06,0.0017432031362685965,420.3725178541527,1.3199040444559869,0.2775590403620228,0.6265024309998353,0.06539609300011762,0.47564813100007086,0.6918985239999529,0.6918985239999529,True,2.3762463999901228e-07,True,0.20325,4.920049200492005
w16_n20000,7,10,validation,701042,702042,703042,704042,885042,20000,10000,50000,16,4065,4065,0.20325,0.20097955415745333,5.955156583155554,5.945266174850742,5.771003947307079,66.293552805533,65.38784088875558,65.74024593506257,0.9984979525808074,0.009890408304811664,0.20090182416343366,5.780894355611891,4.0180364832686736e-06,0.0020045040492023642,329.97984503915296,1.3199040444559869,0.2775590403620228,0.6265024309998353,0.06539609300011762,0.47564813100007086,0.6918985239999529,0.6918985239999529,True,2.3762463999901228e-07,True,0.20325,4.920049200492005
w16_n20000,7,10,test,701042,702042,703042,704042,885042,20000,10000,50000,16,4065,4065,0.20325,0.1936518655020629,5.824352842655216,5.820246487677493,5.771003947307079,64.19156124464631,63.42017209830837,63.70904723341314,0.9985008361436519,0.0041063549777220236,0.19363887612838238,5.775110302284802,3.872777522567648e-06,0.001967937377704801,331.50141401402976,1.3199040444559869,0.2775590403620228,0.6265024309998353,0.06539609300011762,0.47564813100007086,0.6918985239999529,0.6918985239999529,True,2.3762463999901228e-07,True,0.20325,4.920049200492005
w16_n20000,7,25,training,701042,702042,703042,704042,885042,20000,10000,50000,16,4065,4065,0.20325,0.12017825275228065,5.758595558448313,5.78871799989425,5.813821670350052,63.8705002253231,64.23456005208767,63.992891711147195,0.9990729482087707,-0.03012244144593862,0.11927685511637241,5.783699228904113,2.385537102327448e-06,0.00154451840465805,535.481088623672,1.38318824487285,0.3243911568494215,1.6150330119999126,0.06539609300011762,0.47564813100007086,1.6804291050000302,1.6804291050000302,True,2.382387400029984e-07,True,0.20325,4.920049200492005
w16_n20000,7,25,validation,701042,702042,703042,704042,885042,20000,10000,50000,16,4065,4065,0.20325,0.16622914649631285,5.955156583155554,5.98937230711166,5.813821670350052,66.293552805533,66.50960376477315,66.31904081604094,0.9987583170519938,-0.03421572395610563,0.16507493822429498,5.779605946393946,3.3014987644858994e-06,0.0018170026869781728,401.5967143083638,1.38318824487285,0.3243911568494215,1.6150330119999126,0.06539609300011762,0.47564813100007086,1.6804291050000302,1.6804291050000302,True,2.382387400029984e-07,True,0.20325,4.920049200492005
w16_n20000,7,25,test,701042,702042,703042,704042,885042,20000,10000,50000,16,4065,4065,0.20325,0.16722826541596245,5.824352842655216,5.861601346575901,5.813821670350052,64.19156124464631,64.45957642056469,64.24264676697832,0.9987130676096493,-0.037248503920685135,0.16584413125425826,5.776573166429366,3.3168826250851653e-06,0.0018212310740499584,387.0595887787745,1.38318824487285,0.3243911568494215,1.6150330119999126,0.06539609300011762,0.47564813100007086,1.6804291050000302,1.6804291050000302,True,2.382387400029984e-07,True,0.20325,4.920049200492005
w16_n20000,7,50,training,701042,702042,703042,704042,885042,20000,10000,50000,16,4065,4065,0.20325,0.05572600739226177,5.758595558448313,5.790264765403572,5.818262343900961,63.8705002253231,64.47859952656303,64.1471869734364,0.9995848365728346,-0.031669206955259786,0.05472580501333737,5.786593136945702,1.0945161002667474e-06,0.001046191235036285,1167.1002410975416,1.253416787161205,0.22587325201793879,3.196701589999975,0.06539609300011762,0.47564813100007086,3.2620976830000927,3.2620976830000927,True,2.405890599993654e-07,True,0.20325,4.920049200492005
w16_n20000,7,50,validation,701042,702042,703042,704042,885042,20000,10000,50000,16,4065,4065,0.20325,0.06984791314693031,5.955156583155554,5.989726995601643,5.818262343900961,66.293552805533,66.77853337577133,66.50171325780377,0.9994906793741669,-0.03457041244608954,0.06865966569680733,5.783691931454871,1.3731933139361466e-06,0.0011718333132046325,965.5385317236644,1.253416787161205,0.22587325201793879,3.196701589999975,0.06539609300011762,0.47564813100007086,3.2620976830000927,3.2620976830000927,True,2.405890599993654e-07,True,0.20325,4.920049200492005
w16_n20000,7,50,test,701042,702042,703042,704042,885042,20000,10000,50000,16,4065,4065,0.20325,0.0673751471827195,5.824352842655216,5.861791448949831,5.818262343900961,64.19156124464631,64.71867213980852,64.42212928350853,0.9994965668607059,-0.03743860629461667,0.06597481743778495,5.780823737606345,1.319496348755699e-06,0.0011486933223257194,972.9706536161275,1.253416787161205,0.22587325201793879,3.196701589999975,0.06539609300011762,0.47564813100007086,3.2620976830000927,3.2620976830000927,True,2.405890599993654e-07,True,0.20325,4.920049200492005
w16_n20000,7,100,training,701042,702042,703042,704042,885042,20000,10000,50000,16,4065,4065,0.20325,0.026944640730522634,5.758595558448313,5.778825675946452,5.803305282010701,63.8705002253231,64.06162325385637,63.95279338463372,0.9997936876578289,-0.020230117498139032,0.026536709912029714,5.783075164512562,5.307341982405943e-07,0.000728515063839173,2406.8733628643654,1.375972390589313,0.31916067433115064,6.189421674999949,0.06539609300011762,0.47564813100007086,6.254817768000066,6.254817768000066,True,2.4199678000059064e-07,True,0.20325,4.920049200492005
w16_n20000,7,100,validation,701042,702042,703042,704042,885042,20000,10000,50000,16,4065,4065,0.20325,0.037075081719547404,5.955156583155554,5.976856927637098,5.803305282010701,66.293552805533,66.48178683710911,66.36936590254469,0.9997252920184144,-0.021700344481545033,0.03660783755268496,5.781604937529155,7.321567510536991e-07,0.0008556615867582809,1810.9114669809492,1.375972390589313,0.31916067433115064,6.189421674999949,0.06539609300011762,0.47564813100007086,6.254817768000066,6.254817768000066,True,2.4199678000059064e-07,True,0.20325,4.920049200492005
w16_n20000,7,100,test,701042,702042,703042,704042,885042,20000,10000,50000,16,4065,4065,0.20325,0.03439689156123101,5.824352842655216,5.846278801907571,5.803305282010701,64.19156124464631,64.34022305774965,64.2489337400937,0.9997367898318913,-0.021925959252354955,0.03391682220853927,5.7813793227583465,6.783364441707853e-07,0.0008236118285762932,1892.6172048183437,1.375972390589313,0.31916067433115064,6.189421674999949,0.06539609300011762,0.47564813100007086,6.254817768000066,6.254817768000066,True,2.4199678000059064e-07,True,0.20325,4.920049200492005
w16_n20000,7,200,training,701042,702042,703042,704042,885042,20000,10000,50000,16,4065,4065,0.20325,0.014967833427288019,5.758595558448313,5.7770036805434035,5.802461072641631,63.8705002253231,64.38223462756181,64.11905257346588,0.9998938900745269,-0.018408122095090632,0.014629705953517945,5.78405295054654,2.925941190703589e-07,0.0005409196974323998,4365.808884215094,1.415977491391216,0.3478200992350285,12.081967260999818,0.06539609300011762,0.47564813100007086,12.147363353999935,12.147363353999935,True,2.3853220000091823e-07,True,0.20325,4.920049200492005
w16_n20000,7,200,validation,701042,702042,703042,704042,885042,20000,10000,50000,16,4065,4065,0.20325,0.021194115227932877,5.955156583155554,5.9759425803583985,5.802461072641631,66.293552805533,66.72330694088927,66.49804780623039,0.9998491168199897,-0.02078599720284482,0.020764133961612342,5.781675075438786,4.152826792322468e-07,0.0006444243006220722,3192.695295074338,1.415977491391216,0.3478200992350285,12.081967260999818,0.06539609300011762,0.47564813100007086,12.147363353999935,12.147363353999935,True,2.3853220000091823e-07,True,0.20325,4.920049200492005
w16_n20000,7,200,test,701042,702042,703042,704042,885042,20000,10000,50000,16,4065,4065,0.20325,0.02044332289551172,5.824352842655216,5.8456618343649716,5.802461072641631,64.19156124464631,64.68266410462046,64.42711784985305,0.9998521499694656,-0.021308991709754713,0.01998964956081652,5.781152080931875,3.997929912163304e-07,0.0006322918560414411,3211.239949422318,1.415977491391216,0.3478200992350285,12.081967260999818,0.06539609300011762,0.47564813100007086,12.147363353999935,12.147363353999935,True,2.3853220000091823e-07,True,0.20325,4.920049200492005
w8_n10000,8,0,training,801042,802042,803042,804042,895042,10000,10000,50000,8,2033,2033,0.2033,109.30347482715602,5.7893686622189025,-0.7902538693573715,-0.7705972293031755,63.08206971293455,1.4473766752070312,-0.7445988226958085,-0.07792531982369898,6.579622531576274,66.01864403353319,5.809025302273099,0.0013203728806706638,0.03633693548815948,0.9555190149148314,1.0252259248583928,0.02491300279865831,0.0,0.029056211000124677,0.47246645200016246,0.029056211000124677,0.0,True,2.1259795999867492e-07,True,0.2033,4.918839153959666
w8_n10000,8,0,validation,801042,802042,803042,804042,895042,10000,10000,50000,8,2033,2033,0.2033,112.06075606990709,5.813187640493778,-0.7788058201226695,-0.7705972293031755,65.74599938708965,1.4444189712666466,-0.7114106253508262,-0.07300272806450867,6.591993460616448,68.61323960905797,5.821396231313272,0.0013722647921811594,0.03704409254093235,0.9582115603591206,1.0252259248583928,0.02491300279865831,0.0,0.029056211000124677,0.47246645200016246,0.029056211000124677,0.0,True,2.1259795999867492e-07,True,0.2033,4.918839153959666
w8_n10000,8,0,test,801042,802042,803042,804042,895042,10000,10000,50000,8,2033,2033,0.2033,110.70209133013462,5.79137719265829,-0.7708375106835296,-0.7705972293031755,64.81058069527978,1.455052548179041,-0.6875745447834533,-0.07080395130094007,6.56221470334182,67.64078233302573,5.791617474038644,0.0013528156466605145,0.036780642281783425,0.9581583544700651,1.0252259248583928,0.02491300279865831,0.0,0.029056211000124677,0.47246645200016246,0.029056211000124677,0.0,True,2.1259795999867492e-07,True,0.2033,4.918839153959666
w8_n10000,8,10,training,801042,802042,803042,804042,895042,10000,10000,50000,8,2033,2033,0.2033,0.14180830828981128,5.7893686622189025,5.834675411813117,5.839077432868348,63.08206971293455,63.10441737855221,63.02335875389868,0.9988923726286907,-0.04530674959421428,0.13976958368938738,5.793770683274134,2.7953916737877475e-06,0.001671942485191326,451.32902343848315,1.5406190072563437,0.4321842884280259,0.3318017999999938,0.029056211000124677,0.47246645200016246,0.3608580110001185,0.3608580110001185,True,1.9966438000210473e-07,True,0.2033,4.918839153959666
w8_n10000,8,10,validation,801042,802042,803042,804042,895042,10000,10000,50000,8,2033,2033,0.2033,0.2184725751381506,5.813187640493778,5.869409024866306,5.839077432868348,65.74599938708965,65.04375218302705,65.28720915285646,0.9983679834003731,-0.05622138437252704,0.21533326440382758,5.7828560484958205,4.3066652880765515e-06,0.0020752506566862113,305.3220763132638,1.5406190072563437,0.4321842884280259,0.3318017999999938,0.029056211000124677,0.47246645200016246,0.3608580110001185,0.3608580110001185,True,1.9966438000210473e-07,True,0.2033,4.918839153959666
w8_n10000,8,10,test,801042,802042,803042,804042,895042,10000,10000,50000,8,2033,2033,0.2033,0.19829344711883176,5.79137719265829,5.849851383223392,5.839077432868348,64.81058069527978,64.40398697945285,64.50984478050685,0.9984967688078479,-0.058474190565102384,0.19487811371886216,5.780603242303246,3.897562274377243e-06,0.0019742244741612447,332.56982766560304,1.5406190072563437,0.4321842884280259,0.3318017999999938,0.029056211000124677,0.47246645200016246,0.3608580110001185,0.3608580110001185,True,1.9966438000210473e-07,True,0.2033,4.918839153959666
w8_n10000,8,25,training,801042,802042,803042,804042,895042,10000,10000,50000,8,2033,2033,0.2033,0.13096079358082713,5.7893686622189025,5.75853607427082,5.757998878977585,63.08206971293455,62.22622214504881,62.58913435528368,0.9989856745779517,0.030832587948082392,0.1300231474159925,5.788831466925666,2.60046294831985e-06,0.0016125950974500232,485.16030388890294,1.6306697775406025,0.48899083688635536,0.8599718259999918,0.029056211000124677,0.47246645200016246,0.8890280370001165,0.8890280370001165,True,2.0259136000277067e-07,True,0.2033,4.918839153959666
w8_n10000,8,25,validation,801042,802042,803042,804042,895042,10000,10000,50000,8,2033,2033,0.2033,0.21355380813498814,5.813187640493778,5.786732011439702,5.757998878977585,65.74599938708965,64.26773999917081,64.90043209545732,0.9984272106927866,0.026455629054075797,0.21287519534587598,5.7844545080316605,4.2575039069175195e-06,0.002063371974927817,308.84762914846266,1.6306697775406025,0.48899083688635536,0.8599718259999918,0.029056211000124677,0.47246645200016246,0.8890280370001165,0.8890280370001165,True,2.0259136000277067e-07,True,0.2033,4.918839153959666
w8_n10000,8,25,test,801042,802042,803042,804042,895042,10000,10000,50000,8,2033,2033,0.2033,0.1941979028608664,5.79137719265829,5.7671304972143425,5.757998878977585,64.81058069527978,63.620390641001464,64.11867873169139,0.9985353455585795,0.02424669544394721,0.1936138728983728,5.782245574421532,3.8722774579674565e-06,0.0019678103206273354,334.74140940974104,1.6306697775406025,0.48899083688635536,0.8599718259999918,0.029056211000124677,0.47246645200016246,0.8890280370001165,0.8890280370001165,True,2.0259136000277067e-07,True,0.2033,4.918839153959666
w8_n10000,8,50,training,801042,802042,803042,804042,895042,10000,10000,50000,8,2033,2033,0.2033,0.13344200551007895,5.7893686622189025,5.8118803751324,5.808711009593596,63.08206971293455,63.590069800352396,63.26959549507143,0.9989584848692469,-0.022511712913497125,0.13294852314409356,5.786199296680099,2.658970462881871e-06,0.0016306349876296262,474.48492259341856,1.6931153461679376,0.5265702320575417,1.6479042999999365,0.029056211000124677,0.47246645200016246,1.6769605110000612,1.6769605110000612,True,1.9952857999669503e-07,True,0.2033,4.918839153959666
w8_n10000,8,50,validation,801042,802042,803042,804042,895042,10000,10000,50000,8,2033,2033,0.2033,0.22593270735254117,5.813187640493778,5.839195279557089,5.808711009593596,65.74599938708965,65.79167587224933,65.65619821069616,0.9982874038141576,-0.026007639063310817,0.2252788379466884,5.782703370530285,4.505576758933768e-06,0.002122634391253889,291.84276688540206,1.6931153461679376,0.5265702320575417,1.6479042999999365,0.029056211000124677,0.47246645200016246,1.6769605110000612,1.6769605110000612,True,1.9952857999669503e-07,True,0.2033,4.918839153959666
w8_n10000,8,50,test,801042,802042,803042,804042,895042,10000,10000,50000,8,2033,2033,0.2033,0.20786152248096376,5.79137719265829,5.819260150325381,5.808711009593596,64.81058069527978,65.06882826306372,64.83616037671337,0.99840750839508,-0.027882957667091108,0.20708820491679727,5.780828051926505,4.141764098335946e-06,0.00203513245228313,312.9612365963528,1.6931153461679376,0.5265702320575417,1.6479042999999365,0.029056211000124677,0.47246645200016246,1.6769605110000612,1.6769605110000612,True,1.9952857999669503e-07,True,0.2033,4.918839153959666
w8_n10000,8,100,training,801042,802042,803042,804042,895042,10000,10000,50000,8,2033,2033,0.2033,0.11483700185993084,5.7893686622189025,5.743737036196516,5.737825411189194,63.08206971293455,62.32674444573747,62.6480240627511,0.9991189344102164,0.04563162602238691,0.11276603316980084,5.783457037211581,2.255320663396017e-06,0.0015017725072047421,559.4066576585773,1.8992291864941266,0.6414481125385272,3.141135908000024,0.029056211000124677,0.47246645200016246,3.1701921190001485,3.1701921190001485,True,1.9823044000077062e-07,True,0.2033,4.918839153959666
w8_n10000,8,100,validation,801042,802042,803042,804042,895042,10000,10000,50000,8,2033,2033,0.2033,0.21810178562186097,5.813187640493778,5.767538456518256,5.737825411189194,65.74599938708965,64.46689029210434,64.99842506880782,0.9983890455828839,0.04564918397552176,0.21603954157838773,5.783474595164716,4.320790831567755e-06,0.002078651204884493,304.32391638469755,1.8992291864941266,0.6414481125385272,3.141135908000024,0.029056211000124677,0.47246645200016246,3.1701921190001485,3.1701921190001485,True,1.9823044000077062e-07,True,0.2033,4.918839153959666
w8_n10000,8,100,test,801042,802042,803042,804042,895042,10000,10000,50000,8,2033,2033,0.2033,0.1960676080687029,5.79137719265829,5.748154898026315,5.737825411189194,64.81058069527978,63.75317760946076,64.18477748967929,0.9985232133450859,0.043222294631974294,0.19420332538195734,5.781047705821168,3.884066507639147e-06,0.001970803518273485,333.7253909932331,1.8992291864941266,0.6414481125385272,3.141135908000024,0.029056211000124677,0.47246645200016246,3.1701921190001485,3.1701921190001485,True,1.9823044000077062e-07,True,0.2033,4.918839153959666
w8_n10000,8,200,training,801042,802042,803042,804042,895042,10000,10000,50000,8,2033,2033,0.2033,0.07266865888075269,5.7893686622189025,5.799995937155603,5.786325792957723,63.08206971293455,62.77016460027242,62.88983566850059,0.9994264965289906,-0.010627274936699769,0.07256297620579318,5.775698518021024,1.4512595241158634e-06,0.0012046823332795512,869.3423700542522,1.9165216696758076,0.6505119126755716,5.983208740000009,0.029056211000124677,0.47246645200016246,6.012264951000134,6.012264951000134,True,2.0102436000343006e-07,True,0.2033,4.918839153959666
w8_n10000,8,200,validation,801042,802042,803042,804042,895042,10000,10000,50000,8,2033,2033,0.2033,0.13927105945124185,5.813187640493778,5.8105683983135155,5.786325792957723,65.74599938708965,64.97877058610167,65.2927459231785,0.9989517746364358,0.0026192421802625175,0.13927812683432647,5.788945035137986,2.7855625366865296e-06,0.0016690004603613893,472.0482740645669,1.9165216696758076,0.6505119126755716,5.983208740000009,0.029056211000124677,0.47246645200016246,6.012264951000134,6.012264951000134,True,2.0102436000343006e-07,True,0.2033,4.918839153959666
w8_n10000,8,200,test,801042,802042,803042,804042,895042,10000,10000,50000,8,2033,2033,0.2033,0.1232171188012715,5.79137719265829,5.7962281980773716,5.786325792957723,64.81058069527978,64.29954832431221,64.49346648456165,0.9990536324079314,-0.004851005419081893,0.12319605046870495,5.781474787538642,2.463921009374099e-06,0.0015696881885820823,526.0767731490173,1.9165216696758076,0.6505119126755716,5.983208740000009,0.029056211000124677,0.47246645200016246,6.012264951000134,6.012264951000134,True,2.0102436000343006e-07,True,0.2033,4.918839153959666
w8_n20000,8,0,training,801042,802042,803042,804042,905042,20000,10000,50000,8,2033,2033,0.10165,94.7724840057397,5.826427413905203,0.4054868904855752,0.39199930054242504,64.13675680505165,1.507517068431229,0.12755828416549914,0.012972511134429418,5.420940523419628,65.3891573051519,5.812939823962053,0.001307783146103038,0.03616328450380355,0.9808469698690921,1.0177612194786547,0.017605332146285967,0.0,0.06084164599997166,0.47246645200016246,0.06084164599997166,0.0,True,2.117644999998447e-07,True,0.10165,9.837678307919331
w8_n20000,8,0,validation,801042,802042,803042,804042,905042,20000,10000,50000,8,2033,2033,0.10165,96.45575889470294,5.813187640493778,0.40081502387556245,0.39199930054242504,65.74599938708965,1.5024268384487853,0.03986390105594661,0.0040109612296270625,5.412372616618216,67.16869842342656,5.804371917160641,0.0013433739684685312,0.0366520663601458,0.9788190173439373,1.0177612194786547,0.017605332146285967,0.0,0.06084164599997166,0.47246645200016246,0.06084164599997166,0.0,True,2.117644999998447e-07,True,0.10165,9.837678307919331
w8_n20000,8,0,test,801042,802042,803042,804042,905042,20000,10000,50000,8,2033,2033,0.10165,95.48917853269566,5.79137719265829,0.3935456624217155,0.39199930054242504,64.81058069527978,1.5173523084898046,-0.012993689258803733,-0.0013102866170826594,5.397831530236575,66.3539203822872,5.789830830778999,0.001327078407645744,0.036429087384200885,0.9767407912280733,1.0177612194786547,0.017605332146285967,0.0,0.06084164599997166,0.47246645200016246,0.06084164599997166,0.0,True,2.117644999998447e-07,True,0.10165,9.837678307919331
w8_n20000,8,10,training,801042,802042,803042,804042,905042,20000,10000,50000,8,2033,2033,0.10165,0.15445185239764606,5.826427413905203,5.801521070628961,5.762671090434198,64.13675680505165,63.29225256239113,63.6375850745098,0.9988146801583992,0.024906343276243022,0.15383921842317316,5.787577433710441,3.0767843684634634e-06,0.0017540765001742265,416.90771353652804,1.3075603933062616,0.2681631057994066,0.5935769620000428,0.06084164599997166,0.47246645200016246,0.6544186080000145,0.6544186080000145,True,1.9983209999736573e-07,True,0.10165,9.837678307919331
w8_n20000,8,10,validation,801042,802042,803042,804042,905042,20000,10000,50000,8,2033,2033,0.10165,0.20195512486794676,5.813187640493778,5.788220995104582,5.762671090434198,65.74599938708965,64.54308604276352,65.04386675158726,0.9984971333920176,0.024966645389195363,0.20135192667862478,5.7876377358233935,4.027038533572496e-06,0.0020067482486780686,326.5228223617944,1.3075603933062616,0.2681631057994066,0.5935769620000428,0.06084164599997166,0.47246645200016246,0.6544186080000145,0.6544186080000145,True,1.9983209999736573e-07,True,0.10165,9.837678307919331
w8_n20000,8,10,test,801042,802042,803042,804042,905042,20000,10000,50000,8,2033,2033,0.10165,0.1899460073396762,5.79137719265829,5.774865052620128,5.762671090434198,64.81058069527978,63.82688765157057,64.22389559836814,0.9985546872586037,0.01651214003816229,0.1896771501140386,5.779183230472361,3.793543002280772e-06,0.0019477019798420836,341.6889206544597,1.3075603933062616,0.2681631057994066,0.5935769620000428,0.06084164599997166,0.47246645200016246,0.6544186080000145,0.6544186080000145,True,1.9983209999736573e-07,True,0.10165,9.837678307919331
w8_n20000,8,25,training,801042,802042,803042,804042,905042,20000,10000,50000,8,2033,2033,0.10165,0.15730089302938507,5.826427413905203,5.838366650404048,5.796955565837058,64.13675680505165,64.23780401531367,64.10869730719696,0.9987760309745748,-0.01193923649884442,0.15716620597150832,5.785016329338213,3.1433241194301665e-06,0.0017729422211200697,408.08236356280435,1.31428624350995,0.2732937376702144,1.513078501000109,0.06084164599997166,0.47246645200016246,1.5739201470000808,1.5739201470000808,True,2.01305720001983e-07,True,0.10165,9.837678307919331
w8_n20000,8,25,validation,801042,802042,803042,804042,905042,20000,10000,50000,8,2033,2033,0.10165,0.206738399800351,5.813187640493778,5.818642368750334,5.796955565837058,65.74599938708965,65.49586645759457,65.5175682630062,0.9984266352136788,-0.005454728256555981,0.20672931867186534,5.791500837580502,4.134586373437307e-06,0.0020333682336058333,318.0293913290844,1.31428624350995,0.2732937376702144,1.513078501000109,0.06084164599997166,0.47246645200016246,1.5739201470000808,1.5739201470000808,True,2.01305720001983e-07,True,0.10165,9.837678307919331
w8_n20000,8,25,test,801042,802042,803042,804042,905042,20000,10000,50000,8,2033,2033,0.10165,0.1977135258176262,5.79137719265829,5.811172171431794,5.796955565837058,64.81058069527978,64.84273948300627,64.72799727357027,0.9984780825615289,-0.01979497877350316,0.19732563114560564,5.777160587063554,3.946512622912113e-06,0.001986583152780702,328.4448164134155,1.31428624350995,0.2732937376702144,1.513078501000109,0.06084164599997166,0.47246645200016246,1.5739201470000808,1.5739201470000808,True,2.01305720001983e-07,True,0.10165,9.837678307919331
w8_n20000,8,50,training,801042,802042,803042,804042,905042,20000,10000,50000,8,2033,2033,0.10165,0.053413388300413124,5.826427413905203,5.835192511983855,5.794382442026953,64.13675680505165,64.3511758361804,64.2172967064572,0.9995862615948183,-0.008765098078650883,0.05333922831750061,5.785617343948303,1.0667845663500122e-06,0.001032852635350277,1202.4312842187926,1.373212445684715,0.3171528458320408,2.9588867470001787,0.06084164599997166,0.47246645200016246,3.0197283930001504,3.0197283930001504,True,2.044551600010891e-07,True,0.10165,9.837678307919331
w8_n20000,8,50,validation,801042,802042,803042,804042,905042,20000,10000,50000,8,2033,2033,0.10165,0.07334792958031765,5.813187640493778,5.825634454157429,5.794382442026953,65.74599938708965,65.78050625260747,65.72665265662735,0.9994434901007146,-0.012446813663651675,0.07320032644258428,5.781935628363302,1.4640065288516857e-06,0.0012099613749420623,898.1653850773256,1.373212445684715,0.3171528458320408,2.9588867470001787,0.06084164599997166,0.47246645200016246,3.0197283930001504,3.0197283930001504,True,2.044551600010891e-07,True,0.10165,9.837678307919331
w8_n20000,8,50,test,801042,802042,803042,804042,905042,20000,10000,50000,8,2033,2033,0.10165,0.06820917177996988,5.79137719265829,5.806015323629717,5.794382442026953,64.81058069527978,64.89712996804418,64.81985720324867,0.9994759957137137,-0.014638130971425673,0.0679962568267698,5.779744311055527,1.359925136535396e-06,0.0011661582810816875,953.1492426177814,1.373212445684715,0.3171528458320408,2.9588867470001787,0.06084164599997166,0.47246645200016246,3.0197283930001504,3.0197283930001504,True,2.044551600010891e-07,True,0.10165,9.837678307919331
w8_n20000,8,100,training,801042,802042,803042,804042,905042,20000,10000,50000,8,2033,2033,0.10165,0.03597046868442496,5.826427413905203,5.803718017720754,5.761510481591757,64.13675680505165,63.5202844797708,63.81079237999338,0.9997339089196089,0.022709396184450524,0.03545652483560441,5.7842198777762075,7.091304967120882e-07,0.0008420988639774359,1808.8844606859889,1.3682245053510513,0.31351391783416316,5.791256590000103,0.06084164599997166,0.47246645200016246,5.852098236000074,5.852098236000074,True,2.121848200022214e-07,True,0.10165,9.837678307919331
w8_n20000,8,100,validation,801042,802042,803042,804042,905042,20000,10000,50000,8,2033,2033,0.10165,0.049215676722992825,5.813187640493778,5.793695262901093,5.761510481591757,65.74599938708965,65.10308159886976,65.40012018897997,0.9996388075265054,0.01949237759268476,0.048840607999576936,5.781002859184441,9.768121599915387e-07,0.0009883380798044457,1346.133925844231,1.3682245053510513,0.31351391783416316,5.791256590000103,0.06084164599997166,0.47246645200016246,5.852098236000074,5.852098236000074,True,2.121848200022214e-07,True,0.10165,9.837678307919331
w8_n20000,8,100,test,801042,802042,803042,804042,905042,20000,10000,50000,8,2033,2033,0.10165,0.04383567157003793,5.79137719265829,5.771100975018064,5.761510481591757,64.81058069527978,64.2053978072968,64.48627654374992,0.9996744086562089,0.020276217640225885,0.04342541507654565,5.781786699231983,8.685083015309129e-07,0.0009319379279388262,1492.457368134275,1.3682245053510513,0.31351391783416316,5.791256590000103,0.06084164599997166,0.47246645200016246,5.852098236000074,5.852098236000074,True,2.121848200022214e-07,True,0.10165,9.837678307919331
w8_n20000,8,200,training,801042,802042,803042,804042,905042,20000,10000,50000,8,2033,2033,0.10165,0.013721542249754729,5.826427413905203,5.8189479616795055,5.777349173041973,64.13675680505165,64.07048010615569,64.09678531392437,0.999893538347378,0.007479452225697616,0.013666283358326153,5.78482862526767,2.7332566716652306e-07,0.000522805573006374,4693.065050928895,1.6860844872007454,0.5224089693566185,11.284614123999972,0.06084164599997166,0.47246645200016246,11.345455769999944,11.345455769999944,True,2.0532624000225043e-07,True,0.10165,9.837678307919331
w8_n20000,8,200,validation,801042,802042,803042,804042,905042,20000,10000,50000,8,2033,2033,0.10165,0.023135679527781065,5.813187640493778,5.8107714437453195,5.777349173041973,65.74599938708965,65.72184329463813,65.72235526349577,0.9998240639275962,0.002416196748458403,0.023132154736527497,5.7797653697904305,4.6264309473054995e-07,0.0006801787226388003,2842.190886924664,1.6860844872007454,0.5224089693566185,11.284614123999972,0.06084164599997166,0.47246645200016246,11.345455769999944,11.345455769999944,True,2.0532624000225043e-07,True,0.10165,9.837678307919331
w8_n20000,8,200,test,801042,802042,803042,804042,905042,20000,10000,50000,8,2033,2033,0.10165,0.017771971084531702,5.79137719265829,5.786496457836654,5.777349173041973,64.81058069527978,64.769384619122,64.78110840496002,0.9998630810186995,0.004880734821636421,0.017748504482222226,5.782229907863608,3.549700896444445e-07,0.0005957936636491231,3651.607985348695,1.6860844872007454,0.5224089693566185,11.284614123999972,0.06084164599997166,0.47246645200016246,11.345455769999944,11.345455769999944,True,2.0532624000225043e-07,True,0.10165,9.837678307919331
w16_n10000,8,0,training,801042,802042,803042,804042,975042,10000,10000,50000,16,4065,4065,0.4065,104.81059236831811,5.7893686622189025,-0.6218452087845623,-0.6069736256430371,63.08206971293455,1.1864348237093576,0.277602069016573,0.032088379770565015,6.411213871003465,63.71330039861075,5.804240245360429,0.001274266007972215,0.03569686271890311,0.9900926387155112,1.0252568715340749,0.024943187568546493,0.0,0.029056211000124677,0.47246645200016246,0.029056211000124677,0.0,True,2.379854199989495e-07,True,0.4065,2.4600246002460024
w16_n10000,8,0,validation,801042,802042,803042,804042,975042,10000,10000,50000,16,4065,4065,0.4065,107.457780035175,5.813187640493778,-0.6014144419081575,-0.6069736256430371,65.74599938708965,1.23113782197727,0.32992266012914334,0.03667111734545737,6.414602082401935,66.31729188880867,5.8076284567588985,0.0013263458377761733,0.036419031258068536,0.9913854669657368,1.0252568715340749,0.024943187568546493,0.0,0.029056211000124677,0.47246645200016246,0.029056211000124677,0.0,True,2.379854199989495e-07,True,0.4065,2.4600246002460024
w16_n10000,8,0,test,801042,802042,803042,804042,975042,10000,10000,50000,16,4065,4065,0.4065,106.3964740833111,5.79137719265829,-0.6166122325142144,-0.6069736256430371,64.81058069527978,1.2105851366464302,0.3428567563456867,0.03870722946268762,6.407989425172504,65.33545231923483,5.801015799529467,0.0013067090463846967,0.0361484307596429,0.991966511207568,1.0252568715340749,0.024943187568546493,0.0,0.029056211000124677,0.47246645200016246,0.029056211000124677,0.0,True,2.379854199989495e-07,True,0.4065,2.4600246002460024
w16_n10000,8,10,training,801042,802042,803042,804042,975042,10000,10000,50000,16,4065,4065,0.4065,0.12555660845044572,5.7893686622189025,5.767459663826056,5.780333735824691,63.08206971293455,62.36380811346237,62.66039435662287,0.9990192196744171,0.021908998392846633,0.125089113151183,5.802242734217537,2.5017822630236602e-06,0.0015817023307258735,504.2970417153202,1.7076573961294277,0.5351224874997288,0.3262170640000477,0.029056211000124677,0.47246645200016246,0.35527327500017236,0.35527327500017236,True,2.4558778000027816e-07,True,0.4065,2.4600246002460024
w16_n10000,8,10,validation,801042,802042,803042,804042,975042,10000,10000,50000,16,4065,4065,0.4065,0.21440767105333025,5.813187640493778,5.807038223985496,5.780333735824691,65.74599938708965,64.29153178382221,64.91156993802623,0.9984137668279289,0.006149416508281511,0.21439129485942374,5.7864831523329725,4.287825897188475e-06,0.0020707066178453372,306.66356780110533,1.7076573961294277,0.5351224874997288,0.3262170640000477,0.029056211000124677,0.47246645200016246,0.35527327500017236,0.35527327500017236,True,2.4558778000027816e-07,True,0.4065,2.4600246002460024
w16_n10000,8,10,test,801042,802042,803042,804042,975042,10000,10000,50000,16,4065,4065,0.4065,0.19808730644348974,5.79137719265829,5.7937294035832725,5.780333735824691,64.81058069527978,63.52940912121236,64.07095204061513,0.9985063081848288,-0.002352210924982358,0.19808573526195933,5.777981524899708,3.961714705239187e-06,0.0019904056634865133,327.18449215725076,1.7076573961294277,0.5351224874997288,0.3262170640000477,0.029056211000124677,0.47246645200016246,0.35527327500017236,0.35527327500017236,True,2.4558778000027816e-07,True,0.4065,2.4600246002460024
w16_n10000,8,25,training,801042,802042,803042,804042,975042,10000,10000,50000,16,4065,4065,0.4065,0.11899892573730605,5.7893686622189025,5.819982772478648,5.824388199077571,63.08206971293455,63.54808596829335,63.256041085943316,0.9990743374052069,-0.030614110259744906,0.11807350934124433,5.793774088817826,2.3614701868248867e-06,0.0015367075801286615,534.2609876244214,1.8888120487924662,0.6359480858414936,0.8717696260000594,0.029056211000124677,0.47246645200016246,0.900825837000184,0.900825837000184,True,2.466813199998796e-07,True,0.4065,2.4600246002460024
w16_n10000,8,25,validation,801042,802042,803042,804042,975042,10000,10000,50000,16,4065,4065,0.4065,0.2247666047259836,5.813187640493778,5.852710115257614,5.824388199077571,65.74599938708965,65.57158480462778,65.54717864515638,0.9983009794785066,-0.039522474763836433,0.223226901404666,5.784865724313735,4.46453802809332e-06,0.0021129453443223087,294.52543117957464,1.8888120487924662,0.6359480858414936,0.8717696260000594,0.029056211000124677,0.47246645200016246,0.900825837000184,0.900825837000184,True,2.466813199998796e-07,True,0.4065,2.4600246002460024
w16_n10000,8,25,test,801042,802042,803042,804042,975042,10000,10000,50000,16,4065,4065,0.4065,0.204025734075251,5.79137719265829,5.8391519027383785,5.824388199077571,64.81058069527978,64.76223636331136,64.6855348562461,0.9984430504333238,-0.047774710080089156,0.20174734609893638,5.776613488997482,4.0349469219787275e-06,0.0020087177307871627,321.246261467533,1.8888120487924662,0.6359480858414936,0.8717696260000594,0.029056211000124677,0.47246645200016246,0.900825837000184,0.900825837000184,True,2.466813199998796e-07,True,0.4065,2.4600246002460024
w16_n10000,8,50,training,801042,802042,803042,804042,975042,10000,10000,50000,16,4065,4065,0.4065,0.09893026228839884,5.7893686622189025,5.764088629245905,5.7671020843395215,63.08206971293455,62.55966033032717,62.77171451546958,0.9992262461093908,0.025280032972998016,0.09830101232251522,5.79238211731252,1.966020246450304e-06,0.0014021484395206894,641.7235003233634,2.288218162474048,0.8277734197036237,1.7106995189999452,0.029056211000124677,0.47246645200016246,1.7397557300000699,1.7397557300000699,True,2.440974000001006e-07,True,0.4065,2.4600246002460024
w16_n10000,8,50,validation,801042,802042,803042,804042,975042,10000,10000,50000,16,4065,4065,0.4065,0.2263740229866356,5.813187640493778,5.792717798254168,5.7671020843395215,65.74599938708965,64.66910155034783,65.09456166556579,0.9983012790692444,0.020469842239609314,0.22597760630595173,5.787571926579131,4.5195521261190345e-06,0.0021259238288610046,290.94033015853773,2.288218162474048,0.8277734197036237,1.7106995189999452,0.029056211000124677,0.47246645200016246,1.7397557300000699,1.7397557300000699,True,2.440974000001006e-07,True,0.4065,2.4600246002460024
w16_n10000,8,50,test,801042,802042,803042,804042,975042,10000,10000,50000,16,4065,4065,0.4065,0.205814741733001,5.79137719265829,5.781119514330784,5.7671020843395215,64.81058069527978,63.85198662460646,64.22842684192256,0.9984288498003037,0.01025767832750639,0.2057136360410512,5.777359762667029,4.114272720821024e-06,0.0020283670084136705,315.0524289131057,2.288218162474048,0.8277734197036237,1.7106995189999452,0.029056211000124677,0.47246645200016246,1.7397557300000699,1.7397557300000699,True,2.440974000001006e-07,True,0.4065,2.4600246002460024
w16_n10000,8,100,training,801042,802042,803042,804042,975042,10000,10000,50000,16,4065,4065,0.4065,0.038868465954197476,5.7893686622189025,5.752765754403414,5.759445266857406,63.08206971293455,62.27138859062684,62.65796292861155,0.9997214935558134,0.036602907815488535,0.03753244633828213,5.796048174672895,7.506489267656426e-07,0.0008663999808204306,1680.7342943855078,2.6793327214091005,0.9855677789721233,3.2621806160000233,0.029056211000124677,0.47246645200016246,3.291236827000148,3.291236827000148,True,2.3444993999873986e-07,True,0.4065,2.4600246002460024
w16_n10000,8,100,validation,801042,802042,803042,804042,975042,10000,10000,50000,16,4065,4065,0.4065,0.1041415526620569,5.813187640493778,5.7864173872183695,5.759445266857406,65.74599938708965,64.48339897057794,65.06298155397049,0.9992527102360765,0.026770253275408117,0.10343524972660008,5.786215520132814,2.0687049945320014e-06,0.0014382993410733391,635.6246981649814,2.6793327214091005,0.9855677789721233,3.2621806160000233,0.029056211000124677,0.47246645200016246,3.291236827000148,3.291236827000148,True,2.3444993999873986e-07,True,0.4065,2.4600246002460024
w16_n10000,8,100,test,801042,802042,803042,804042,975042,10000,10000,50000,16,4065,4065,0.4065,0.09586747953254059,5.79137719265829,5.773399066479568,5.759445266857406,64.81058069527978,63.6411581669644,64.17809634240452,0.9992975836268766,0.01797812617872186,0.09554617743519123,5.777423393036127,1.9109235487038247e-06,0.001382361583922175,678.3168352207566,2.6793327214091005,0.9855677789721233,3.2621806160000233,0.029056211000124677,0.47246645200016246,3.291236827000148,3.291236827000148,True,2.3444993999873986e-07,True,0.4065,2.4600246002460024
w16_n10000,8,200,training,801042,802042,803042,804042,975042,10000,10000,50000,16,4065,4065,0.4065,0.029040741020563747,5.7893686622189025,5.739892024093341,5.740108366493765,63.08206971293455,62.257137699452734,62.656305974770326,0.9998094669129873,0.049476638125561544,0.026595462846640626,5.789585004619327,5.319092569328126e-07,0.0007293210931632326,2371.9109562668386,2.535206350909613,0.930275034483584,6.2332919460000085,0.029056211000124677,0.47246645200016246,6.262348157000133,6.262348157000133,True,2.4325708000105807e-07,True,0.4065,2.4600246002460024
w16_n10000,8,200,validation,801042,802042,803042,804042,975042,10000,10000,50000,16,4065,4065,0.4065,0.07362427107045452,5.813187640493778,5.7694136115917996,5.740108366493765,65.74599938708965,64.57908535660397,65.12668473335091,0.9994897863375881,0.04377402890197783,0.0717152769918425,5.783882395395743,1.4343055398368502e-06,0.0011976249579216567,916.7642118229307,2.535206350909613,0.930275034483584,6.2332919460000085,0.029056211000124677,0.47246645200016246,6.262348157000133,6.262348157000133,True,2.4325708000105807e-07,True,0.4065,2.4600246002460024
w16_n10000,8,200,test,801042,802042,803042,804042,975042,10000,10000,50000,16,4065,4065,0.4065,0.06676814035903036,5.79137719265829,5.753249443403389,5.740108366493765,64.81058069527978,63.73854768343971,64.24190632865462,0.9995266583218664,0.03812774925490007,0.06531572141021402,5.7782361157486655,1.3063144282042805e-06,0.001142941130681839,992.2661695526301,2.535206350909613,0.930275034483584,6.2332919460000085,0.029056211000124677,0.47246645200016246,6.262348157000133,6.262348157000133,True,2.4325708000105807e-07,True,0.4065,2.4600246002460024
w16_n20000,8,0,training,801042,802042,803042,804042,985042,20000,10000,50000,16,4065,4065,0.20325,106.66223177174423,5.826427413905203,-0.5712082471587723,-0.5747437445986647,64.13675680505165,1.1051313244103884,-0.24694418969506884,-0.029331776699620928,6.397635661063975,65.73577650885217,5.822891916465311,0.0013147155301770435,0.03625900619400708,0.9756750465466063,1.013179272777891,0.013093181748894523,0.0,0.06084164599997166,0.47246645200016246,0.06084164599997166,0.0,True,2.4367049999909793e-07,True,0.20325,4.920049200492005
w16_n20000,8,0,validation,801042,802042,803042,804042,985042,20000,10000,50000,16,4065,4065,0.20325,108.06796241936267,5.813187640493778,-0.5894799189484473,-0.5747437445986647,65.74599938708965,1.1052317854251466,-0.11464371098672482,-0.013448965724972898,6.402667559442225,67.08051859448827,5.82792381484356,0.0013416103718897653,0.036627999834686106,0.9801057112353889,1.013179272777891,0.013093181748894523,0.0,0.06084164599997166,0.47246645200016246,0.06084164599997166,0.0,True,2.4367049999909793e-07,True,0.20325,4.920049200492005
w16_n20000,8,0,test,801042,802042,803042,804042,985042,20000,10000,50000,16,4065,4065,0.20325,106.81728309982024,5.79137719265829,-0.5739196954047836,-0.5747437445986647,64.81058069527978,1.1032252018844932,-0.19389938078184749,-0.02293091469382603,6.365296888063073,66.30160465872797,5.790553143464408,0.0013260320931745594,0.03641472357679733,0.9775114950667803,1.013179272777891,0.013093181748894523,0.0,0.06084164599997166,0.47246645200016246,0.06084164599997166,0.0,True,2.4367049999909793e-07,True,0.20325,4.920049200492005
w16_n20000,8,10,training,801042,802042,803042,804042,985042,20000,10000,50000,16,4065,4065,0.20325,0.14867314195320483,5.826427413905203,5.844305789912445,5.806691063913893,64.13675680505165,64.32197422089145,64.1551850511362,0.9988461076237577,-0.017878376007241032,0.14836092367073203,5.788812687906652,2.9672184734146406e-06,0.0017225616022118456,432.30222095000516,1.3863935494352746,0.32670580666411514,0.6143961269999636,0.06084164599997166,0.47246645200016246,0.6752377729999353,0.6752377729999353,True,2.3550890000024082e-07,True,0.20325,4.920049200492005
w16_n20000,8,10,validation,801042,802042,803042,804042,985042,20000,10000,50000,16,4065,4065,0.20325,0.20611948497819807,5.813187640493778,5.8314621794243005,5.806691063913893,65.74599938708965,65.50489506573057,65.52254417300223,0.9984336487509837,-0.018274538930522437,0.2058061068157565,5.78841652498337,4.11612213631513e-06,0.002028822844980589,319.4560181148917,1.3863935494352746,0.32670580666411514,0.6143961269999636,0.06084164599997166,0.47246645200016246,0.6752377729999353,0.6752377729999353,True,2.3550890000024082e-07,True,0.20325,4.920049200492005
w16_n20000,8,10,test,801042,802042,803042,804042,985042,20000,10000,50000,16,4065,4065,0.20325,0.19152888040834645,5.79137719265829,5.819068839544384,5.806691063913893,64.81058069527978,64.74362502896993,64.68171992791564,0.9985276541896044,-0.027691646886094167,0.19076586841845064,5.778999417027799,3.8153173683690125e-06,0.001953283739851692,339.7388706511997,1.3863935494352746,0.32670580666411514,0.6143961269999636,0.06084164599997166,0.47246645200016246,0.6752377729999353,0.6752377729999353,True,2.3550890000024082e-07,True,0.20325,4.920049200492005
w16_n20000,8,25,training,801042,802042,803042,804042,985042,20000,10000,50000,16,4065,4065,0.20325,0.12883979533104092,5.826427413905203,5.797872553364011,5.759529301959766,64.13675680505165,63.71963595266759,63.86418097045391,0.9990039521769273,0.028554860541191936,0.12803081681135461,5.788084162500958,2.560616336227092e-06,0.0016001925934796388,500.94780617976636,1.4657020050022203,0.3823343119987531,1.5847271959999034,0.06084164599997166,0.47246645200016246,1.645568841999875,1.645568841999875,True,2.362215399989509e-07,True,0.20325,4.920049200492005
w16_n20000,8,25,validation,801042,802042,803042,804042,985042,20000,10000,50000,16,4065,4065,0.20325,0.18884074634078238,5.813187640493778,5.784944960751043,5.759529301959766,65.74599938708965,64.93484542468104,65.24639145409931,0.9985801439988083,0.028242679742734946,0.18806190357208882,5.787771981702501,3.7612380714417766e-06,0.0019393911599885612,349.597649169214,1.4657020050022203,0.3823343119987531,1.5847271959999034,0.06084164599997166,0.47246645200016246,1.645568841999875,1.645568841999875,True,2.362215399989509e-07,True,0.20325,4.920049200492005
w16_n20000,8,25,test,801042,802042,803042,804042,985042,20000,10000,50000,16,4065,4065,0.20325,0.17640777232332658,5.79137719265829,5.772488160172181,5.759529301959766,64.81058069527978,64.28649272223309,64.4605094598239,0.9986444918855804,0.018889032486107377,0.1760544978650226,5.778418334445874,3.5210899573004523e-06,0.0018764567560432754,368.1279460691128,1.4657020050022203,0.3823343119987531,1.5847271959999034,0.06084164599997166,0.47246645200016246,1.645568841999875,1.645568841999875,True,2.362215399989509e-07,True,0.20325,4.920049200492005
w16_n20000,8,50,training,801042,802042,803042,804042,985042,20000,10000,50000,16,4065,4065,0.20325,0.04032164416258392,5.826427413905203,5.820202579556509,5.777425966780339,64.13675680505165,64.30160834564214,64.19904012042417,0.9996871717512367,0.0062248343486947955,0.04028490984540751,5.783650801129034,8.056981969081502e-07,0.0008976069278409956,1592.0789459669911,1.4693526513503514,0.3848219305668238,3.095575457999985,0.06084164599997166,0.47246645200016246,3.1564171039999565,3.1564171039999565,True,2.3413330000039424e-07,True,0.20325,4.920049200492005
w16_n20000,8,50,validation,801042,802042,803042,804042,985042,20000,10000,50000,16,4065,4065,0.20325,0.059246714757098105,5.813187640493778,5.8087677917958604,5.777425966780339,65.74599938708965,65.7800734168386,65.73341985046171,0.9995496809871549,0.004419848697917178,0.05923310300488612,5.781845815478256,1.1846620600977225e-06,0.0010884218208478376,1109.9536585423573,1.4693526513503514,0.3848219305668238,3.095575457999985,0.06084164599997166,0.47246645200016246,3.1564171039999565,3.1564171039999565,True,2.3413330000039424e-07,True,0.20325,4.920049200492005
w16_n20000,8,50,test,801042,802042,803042,804042,985042,20000,10000,50000,16,4065,4065,0.20325,0.05347329658600638,5.79137719265829,5.788960365392595,5.777425966780339,64.81058069527978,64.87938665710148,64.8182494137394,0.9995878611021948,0.002416827265695537,0.05346852490247226,5.779842794046034,1.0693704980494451e-06,0.0010341037172592724,1212.1258406416798,1.4693526513503514,0.3848219305668238,3.095575457999985,0.06084164599997166,0.47246645200016246,3.1564171039999565,3.1564171039999565,True,2.3413330000039424e-07,True,0.20325,4.920049200492005
w16_n20000,8,100,training,801042,802042,803042,804042,985042,20000,10000,50000,16,4065,4065,0.20325,0.02780047295005629,5.826427413905203,5.822369531629286,5.7789956989568125,64.13675680505165,64.00623492889993,64.05760316907013,0.9997836874468414,0.0040578822759178845,0.02778539581128166,5.78305358123273,5.557079162256332e-07,0.0007454581921379852,2308.290198227455,1.431957924444856,0.3590426857358729,6.0221767430000455,0.06084164599997166,0.47246645200016246,6.083018389000017,6.083018389000017,True,2.3118976000205294e-07,True,0.20325,4.920049200492005
w16_n20000,8,100,validation,801042,802042,803042,804042,985042,20000,10000,50000,16,4065,4065,0.20325,0.039809107544147966,5.813187640493778,5.8115109331106,5.7789956989568125,65.74599938708965,65.60306087723787,65.65462499355166,0.9996975043035978,0.001676707383178183,0.039810277224221584,5.780672406339991,7.962055444844317e-07,0.0008923035046913307,1651.4830835462787,1.431957924444856,0.3590426857358729,6.0221767430000455,0.06084164599997166,0.47246645200016246,6.083018389000017,6.083018389000017,True,2.3118976000205294e-07,True,0.20325,4.920049200492005
w16_n20000,8,100,test,801042,802042,803042,804042,985042,20000,10000,50000,16,4065,4065,0.20325,0.03564349312397906,5.79137719265829,5.790903080444792,5.7789956989568125,64.81058069527978,64.598763362114,64.68685003808632,0.9997259032763353,0.0004741122134968666,0.03564398122121249,5.7794698111703084,7.128796244242498e-07,0.0008443219909633112,1818.2755818732624,1.431957924444856,0.3590426857358729,6.0221767430000455,0.06084164599997166,0.47246645200016246,6.083018389000017,6.083018389000017,True,2.3118976000205294e-07,True,0.20325,4.920049200492005
w16_n20000,8,200,training,801042,802042,803042,804042,985042,20000,10000,50000,16,4065,4065,0.20325,0.022105158047219173,5.826427413905203,5.783130931339175,5.739178020503743,64.13675680505165,63.31372962216887,63.71512742149839,0.9998621070515281,0.043296482566027916,0.020231584223840002,5.782474503069771,4.0463168447680005e-07,0.0006361066612422795,3170.130232781066,1.4722882690922028,0.3868178361146338,11.972029207999867,0.06084164599997166,0.47246645200016246,12.032870853999839,12.032870853999839,True,3.147999400016488e-07,True,0.20325,4.920049200492005
w16_n20000,8,200,validation,801042,802042,803042,804042,985042,20000,10000,50000,16,4065,4065,0.20325,0.03254516487934989,5.813187640493778,5.769319344115448,5.739178020503743,65.74599938708965,64.77842884508878,65.24690221617294,0.9997928493559801,0.04386829637833073,0.03062379983219602,5.783046316882073,6.124759966439204e-07,0.0007826084567929997,2146.892278141404,1.4722882690922028,0.3868178361146338,11.972029207999867,0.06084164599997166,0.47246645200016246,12.032870853999839,12.032870853999839,True,3.147999400016488e-07,True,0.20325,4.920049200492005
w16_n20000,8,200,test,801042,802042,803042,804042,985042,20000,10000,50000,16,4065,4065,0.20325,0.027904219265898863,5.79137719265829,5.749153720366054,5.739178020503743,64.81058069527978,63.93612969902596,64.3602942371071,0.9998201680424179,0.04222347229223598,0.026121920091887484,5.781401492795979,5.224384018377497e-07,0.0007227990051444106,2481.0802753893877,1.4722882690922028,0.3868178361146338,11.972029207999867,0.06084164599997166,0.47246645200016246,12.032870853999839,12.032870853999839,True,3.147999400016488e-07,True,0.20325,4.920049200492005
w8_n10000,9,0,training,901042,902042,903042,904042,995042,10000,10000,50000,8,2033,2033,0.2033,88.83207382884983,5.70685989069966,0.6707215802190432,0.6750140115734033,62.436845635943634,1.1626126494522508,0.061862982802318826,0.007260940155069484,5.0361383104806166,63.47573231979125,5.711152322054021,0.001269514646395825,0.035630249036399185,0.9836333249593137,1.0208425230604026,0.020628289343835135,0.0,0.029867602999956944,0.5236179260000426,0.029867602999956944,0.0,True,2.5846831999842834e-07,True,0.2033,4.918839153959666
w8_n10000,9,0,validation,901042,902042,903042,904042,995042,10000,10000,50000,8,2033,2033,0.2033,90.68355837613102,5.806564734163928,0.6855543381694938,0.6750140115734033,63.397200191845414,1.199348473088117,0.06564561947148431,0.007528319087757092,5.121010395994433,64.46525742599056,5.796024407567836,0.0012893051485198112,0.03590689555670068,0.9834320488773146,1.0208425230604026,0.020628289343835135,0.0,0.029867602999956944,0.5236179260000426,0.029867602999956944,0.0,True,2.5846831999842834e-07,True,0.2033,4.918839153959666
w8_n10000,9,0,test,901042,902042,903042,904042,995042,10000,10000,50000,8,2033,2033,0.2033,90.48205915047825,5.758551819541905,0.6733802449008499,0.6750140115734033,63.40752641511598,1.2183218398901854,0.0007332802157141189,8.342928991909667e-05,5.0851715746410555,64.62438169457474,5.760185586214459,0.0012924876338914948,0.03595118404018837,0.9811703377649351,1.0208425230604026,0.020628289343835135,0.0,0.029867602999956944,0.5236179260000426,0.029867602999956944,0.0,True,2.5846831999842834e-07,True,0.2033,4.918839153959666
w8_n10000,9,10,training,901042,902042,903042,904042,995042,10000,10000,50000,8,2033,2033,0.2033,0.13229501098570298,5.70685989069966,5.7453825848906055,5.832836042785489,62.436845635943634,62.606073444644075,62.45604749258008,0.9989546812954133,-0.038522694190945526,0.13082409542751666,5.794313348594544,2.6164819085503333e-06,0.0016175542984859376,477.25799618111546,1.3373568530385922,0.2906951682948201,0.36053176499990514,0.029867602999956944,0.5236179260000426,0.3903993679998621,0.3903993679998621,True,2.67899719997331e-07,True,0.2033,4.918839153959666
w8_n10000,9,10,validation,901042,902042,903042,904042,995042,10000,10000,50000,8,2033,2033,0.2033,0.1769256395645457,5.806564734163928,5.861845313353352,5.832836042785489,63.397200191845414,63.45807328465163,63.34069319532972,0.9986293632441751,-0.05528057918942456,0.17388708583761117,5.777555463596064,3.4777417167522236e-06,0.0018648704289446556,364.5883182552756,1.3373568530385922,0.2906951682948201,0.36053176499990514,0.029867602999956944,0.5236179260000426,0.3903993679998621,0.3903993679998621,True,2.67899719997331e-07,True,0.2033,4.918839153959666
w8_n10000,9,10,test,901042,902042,903042,904042,995042,10000,10000,50000,8,2033,2033,0.2033,0.1789102899930229,5.758551819541905,5.809393613634759,5.832836042785489,63.40752641511598,63.198629576227376,63.21491353139916,0.9986086234932274,-0.05084179409285265,0.17632892854501378,5.781994248692636,3.5265785709002756e-06,0.0018779186805877074,359.5979794031875,1.3373568530385922,0.2906951682948201,0.36053176499990514,0.029867602999956944,0.5236179260000426,0.3903993679998621,0.3903993679998621,True,2.67899719997331e-07,True,0.2033,4.918839153959666
w8_n10000,9,25,training,901042,902042,903042,904042,995042,10000,10000,50000,8,2033,2033,0.2033,0.13384075737153348,5.70685989069966,5.686375490576076,5.767282499273725,62.436845635943634,61.78336370504452,62.04338742540803,0.9989396457777899,0.020484400123584556,0.1334344901721276,5.78776689939731,2.668689803442552e-06,0.001633612501005839,467.92134144179255,1.445051723141012,0.3681451154850395,0.9385447899999235,0.029867602999956944,0.5236179260000426,0.9684123929998805,0.9684123929998805,True,2.410111600011078e-07,True,0.2033,4.918839153959666
w8_n10000,9,25,validation,901042,902042,903042,904042,995042,10000,10000,50000,8,2033,2033,0.2033,0.19340681706623256,5.806564734163928,5.7929777100596365,5.767282499273725,63.397200191845414,62.64657244160507,62.925265549727456,0.9984845756930403,0.013587024104290284,0.19324153399562158,5.780869523378016,3.864830679912431e-06,0.001965917261715872,328.07232938485083,1.445051723141012,0.3681451154850395,0.9385447899999235,0.029867602999956944,0.5236179260000426,0.9684123929998805,0.9684123929998805,True,2.410111600011078e-07,True,0.2033,4.918839153959666
w8_n10000,9,25,test,901042,902042,903042,904042,995042,10000,10000,50000,8,2033,2033,0.2033,0.19627731618194252,5.758551819541905,5.743928191745388,5.767282499273725,63.40752641511598,62.45724625359655,62.83435264083641,0.9984706959212133,0.014623627796517753,0.19606738703975218,5.781906127070242,3.921347740795044e-06,0.0019802393140211723,323.39660038545964,1.445051723141012,0.3681451154850395,0.9385447899999235,0.029867602999956944,0.5236179260000426,0.9684123929998805,0.9684123929998805,True,2.410111600011078e-07,True,0.2033,4.918839153959666
w8_n10000,9,50,training,901042,902042,903042,904042,995042,10000,10000,50000,8,2033,2033,0.2033,0.1322201861132195,5.70685989069966,5.74114960334057,5.821026665943505,62.436845635943634,63.002610883689464,62.654199506081056,0.9989653738232175,-0.03428971264090895,0.13105750747097059,5.786736953302595,2.6211501494194116e-06,0.0016189966489833793,476.40800470567075,1.570464421098202,0.4513713852338674,1.8033301929999652,0.029867602999956944,0.5236179260000426,1.8331977959999222,1.8331977959999222,True,2.521688799970434e-07,True,0.2033,4.918839153959666
w8_n10000,9,50,validation,901042,902042,903042,904042,995042,10000,10000,50000,8,2033,2033,0.2033,0.2076470980417938,5.806564734163928,5.8520256699213204,5.821026665943505,63.397200191845414,63.87697901824506,63.53428912431624,0.9983916760231066,-0.04546093575739312,0.20560096145800172,5.775565730186111,4.112019229160034e-06,0.002027811438265411,308.35069905446727,1.570464421098202,0.4513713852338674,1.8033301929999652,0.029867602999956944,0.5236179260000426,1.8331977959999222,1.8331977959999222,True,2.521688799970434e-07,True,0.2033,4.918839153959666
w8_n10000,9,50,test,901042,902042,903042,904042,995042,10000,10000,50000,8,2033,2033,0.2033,0.20722045685068394,5.758551819541905,5.796688464723741,5.821026665943505,63.40752641511598,63.73048954167439,63.46612289412102,0.9983847425619,-0.03813664518183543,0.20577016854832975,5.782890020761669,4.115403370966595e-06,0.0020286456987277483,308.14732214316723,1.570464421098202,0.4513713852338674,1.8033301929999652,0.029867602999956944,0.5236179260000426,1.8331977959999222,1.8331977959999222,True,2.521688799970434e-07,True,0.2033,4.918839153959666
w8_n10000,9,100,training,901042,902042,903042,904042,995042,10000,10000,50000,8,2033,2033,0.2033,0.177245799229648,5.70685989069966,5.850762154977947,5.9259549671694165,62.436845635943634,65.14158029950045,63.710936171259796,0.9989974153788418,-0.14390226427828715,0.1565535929245225,5.7820527028911295,3.13107185849045e-06,0.001769483500485509,398.8209051583098,1.4456312180757638,0.368546055300508,3.383401855999864,0.029867602999956944,0.5236179260000426,3.413269458999821,3.413269458999821,True,2.4476145999869915e-07,True,0.2033,4.918839153959666
w8_n10000,9,100,validation,901042,902042,903042,904042,995042,10000,10000,50000,8,2033,2033,0.2033,0.2562320606391683,5.806564734163928,5.950301398717522,5.9259549671694165,63.397200191845414,65.95453817324405,64.55807148682405,0.9983737813113195,-0.14373666455359477,0.23559539144131975,5.7822183026158225,4.711907828826395e-06,0.0021706929374801943,269.093549767657,1.4456312180757638,0.368546055300508,3.383401855999864,0.029867602999956944,0.5236179260000426,3.413269458999821,3.413269458999821,True,2.4476145999869915e-07,True,0.2033,4.918839153959666
w8_n10000,9,100,test,901042,902042,903042,904042,995042,10000,10000,50000,8,2033,2033,0.2033,0.2549576963996382,5.758551819541905,5.902417323566913,5.9259549671694165,63.40752641511598,65.81598713350012,64.49462422508144,0.9983605493784842,-0.14386550402500758,0.23426509845323779,5.782089463144409,4.685301969064755e-06,0.0021645558364396045,270.66569810770557,1.4456312180757638,0.368546055300508,3.383401855999864,0.029867602999956944,0.5236179260000426,3.413269458999821,3.413269458999821,True,2.4476145999869915e-07,True,0.2033,4.918839153959666
w8_n10000,9,200,training,901042,902042,903042,904042,995042,10000,10000,50000,8,2033,2033,0.2033,0.03700473291643043,5.70685989069966,5.6955985451986395,5.7753522718211725,62.436845635943634,62.36131777791536,62.380640905342275,0.9997046530639436,0.011261345501020634,0.03688160317425454,5.786613617322193,7.376320634850908e-07,0.0008588550887577548,1692.8994474819388,1.6680057398411035,0.511628745082375,6.407998487999976,0.029867602999956944,0.5236179260000426,6.437866090999933,6.437866090999933,True,1.977716400006102e-07,True,0.2033,4.918839153959666
w8_n10000,9,200,validation,901042,902042,903042,904042,995042,10000,10000,50000,8,2033,2033,0.2033,0.06172410690589297,5.806564734163928,5.797954235291541,5.7753522718211725,63.397200191845414,63.183327408483514,63.259435734250395,0.9995143365340275,0.008610498872386574,0.061656131828244504,5.783962770693559,1.2331226365648901e-06,0.0011104605515572762,1028.2383651386208,1.6680057398411035,0.511628745082375,6.407998487999976,0.029867602999956944,0.5236179260000426,6.437866090999933,6.437866090999933,True,1.977716400006102e-07,True,0.2033,4.918839153959666
w8_n10000,9,200,test,901042,902042,903042,904042,995042,10000,10000,50000,8,2033,2033,0.2033,0.06246037782368921,5.758551819541905,5.7532665526373465,5.7753522718211725,63.40752641511598,63.20685634821863,63.27597453544172,0.9995081542155217,0.005285266904559985,0.06243369245128582,5.780637538725731,1.2486738490257165e-06,0.0011174407586202128,1015.5978915485417,1.6680057398411035,0.511628745082375,6.407998487999976,0.029867602999956944,0.5236179260000426,6.437866090999933,6.437866090999933,True,1.977716400006102e-07,True,0.2033,4.918839153959666
w8_n20000,9,0,training,901042,902042,903042,904042,1005042,20000,10000,50000,8,2033,2033,0.10165,138.31245174885487,5.7352983141954015,-2.765830962544614,-2.7558959559399208,63.04123211083244,2.077955867939029,-0.46368355899602237,-0.040512700282139276,8.501129276740015,66.04655509676348,5.745233320800095,0.0013209311019352697,0.036344615858958665,0.9544969002315411,1.0129509758401039,0.012867829070892692,0.0,0.058819180000000415,0.5236179260000426,0.058819180000000415,0.0,True,1.995974599958572e-07,True,0.10165,9.837678307919331
w8_n20000,9,0,validation,901042,902042,903042,904042,1005042,20000,10000,50000,8,2033,2033,0.10165,140.10373296983983,5.806564734163928,-2.7526429041209077,-2.7558959559399208,63.397200191845414,2.0899374590834445,-0.6816224809494074,-0.05921642999204013,8.559207638284835,66.85038261282769,5.803311682344914,0.0013370076522565538,0.03656511523647305,0.9483446124612059,1.0129509758401039,0.012867829070892692,0.0,0.058819180000000415,0.5236179260000426,0.058819180000000415,0.0,True,1.995974599958572e-07,True,0.10165,9.837678307919331
w8_n20000,9,0,test,901042,902042,903042,904042,1005042,20000,10000,50000,8,2033,2033,0.10165,139.21036707076945,5.758551819541905,-2.7564608845466583,-2.7558959559399208,63.40752641511598,2.049696031979664,-0.6245186990405253,-0.05478104474015394,8.515012704088564,66.7062598451767,5.759116748148643,0.001334125196903534,0.03652567859607175,0.9505483677586334,1.0129509758401039,0.012867829070892692,0.0,0.058819180000000415,0.5236179260000426,0.058819180000000415,0.0,True,1.995974599958572e-07,True,0.10165,9.837678307919331
w8_n20000,9,10,training,901042,902042,903042,904042,1005042,20000,10000,50000,8,2033,2033,0.10165,46.438989176487866,5.7352983141954015,3.214765992894902,3.2170645123713917,63.04123211083244,7.293685413871579,15.123503567708577,0.7052880946205734,2.5205323213004993,40.08791038928685,5.737596833671891,0.0008017582077857369,0.02831533520525118,1.5725746615039249,1.0107926621216559,0.01073483702954868,0.6216399669999646,0.058819180000000415,0.5236179260000426,0.680459146999965,0.680459146999965,True,2.1742477999850962e-07,True,0.10165,9.837678307919331
w8_n20000,9,10,validation,901042,902042,903042,904042,1005042,20000,10000,50000,8,2033,2033,0.10165,46.94018949594093,5.806564734163928,3.2439374822948333,3.2170645123713917,63.397200191845414,7.217298542268223,15.118664976658385,0.706791094788415,2.5626272518690936,40.377168780796865,5.779691764240487,0.0008075433756159373,0.02841730767711708,1.5701249519504878,1.0107926621216559,0.01073483702954868,0.6216399669999646,0.058819180000000415,0.5236179260000426,0.680459146999965,0.680459146999965,True,2.1742477999850962e-07,True,0.10165,9.837678307919331
w8_n20000,9,10,test,901042,902042,903042,904042,1005042,20000,10000,50000,8,2033,2033,0.10165,46.90044919966735,5.758551819541905,3.222778790880945,3.2170645123713917,63.40752641511598,7.2616790258652655,15.099045835961464,0.703656288877934,2.5357730286609605,40.47111376905835,5.752837541032352,0.0008094222753811669,0.028450347544119157,1.5667353949520748,1.0107926621216559,0.01073483702954868,0.6216399669999646,0.058819180000000415,0.5236179260000426,0.680459146999965,0.680459146999965,True,2.1742477999850962e-07,True,0.10165,9.837678307919331
w8_n20000,9,25,training,901042,902042,903042,904042,1005042,20000,10000,50000,8,2033,2033,0.10165,15.19779488818947,5.7352983141954015,4.570637590505117,4.586243153692891,63.04123211083244,28.74937214458698,38.97427593295862,0.9154856198954195,1.1646607236902846,13.842052389502166,5.750903877383176,0.0002768410477900433,0.01663854103550078,4.554326940609111,0.9874308977346007,-0.0126487616329826,1.6064946320000217,0.058819180000000415,0.5236179260000426,1.6653138120000222,1.6653138120000222,True,2.164784399974451e-07,True,0.10165,9.837678307919331
w8_n20000,9,25,validation,901042,902042,903042,904042,1005042,20000,10000,50000,8,2033,2033,0.10165,15.006772250031254,5.806564734163928,4.613997309456074,4.586243153692891,63.397200191845414,28.994254471343552,39.40277044212708,0.9190428192111751,1.1925674247078537,13.585913778934827,5.778810578400745,0.00027171827557869653,0.016483879263653217,4.6663920604401135,0.9874308977346007,-0.0126487616329826,1.6064946320000217,0.058819180000000415,0.5236179260000426,1.6653138120000222,1.6653138120000222,True,2.164784399974451e-07,True,0.10165,9.837678307919331
w8_n20000,9,25,test,901042,902042,903042,904042,1005042,20000,10000,50000,8,2033,2033,0.10165,15.47395307698401,5.758551819541905,4.581286718802965,4.586243153692891,63.40752641511598,28.743466962749732,39.03135582633254,0.9142682889694883,1.17726510073894,14.088281725200648,5.763508254431831,0.000281765634504013,0.01678587604219729,4.500728169120491,0.9874308977346007,-0.0126487616329826,1.6064946320000217,0.058819180000000415,0.5236179260000426,1.6653138120000222,1.6653138120000222,True,2.164784399974451e-07,True,0.10165,9.837678307919331
w8_n20000,9,50,training,901042,902042,903042,904042,1005042,20000,10000,50000,8,2033,2033,0.10165,4.180170342231555,5.7352983141954015,5.384562706481291,5.417970504434329,63.04123211083244,48.18287241762596,53.5833733924291,0.9722352471225394,0.35073560771411094,4.057357743600147,5.768706112148441,8.114715487200295e-05,0.009008171560977453,15.537508914581222,0.9362814213417463,-0.06583918386820346,3.168055501000026,0.058819180000000415,0.5236179260000426,3.2268746810000266,3.2268746810000266,True,2.1539016000133415e-07,True,0.10165,9.837678307919331
w8_n20000,9,50,validation,901042,902042,903042,904042,1005042,20000,10000,50000,8,2033,2033,0.10165,3.913815829475174,5.806564734163928,5.469289349455006,5.417970504434329,63.397200191845414,49.212155718535946,54.40445736095895,0.9740096257809041,0.33727538470892143,3.80044118846347,5.755245889143251,7.60088237692694e-05,0.00871830395026862,16.681536971100215,0.9362814213417463,-0.06583918386820346,3.168055501000026,0.058819180000000415,0.5236179260000426,3.2268746810000266,3.2268746810000266,True,2.1539016000133415e-07,True,0.10165,9.837678307919331
w8_n20000,9,50,test,901042,902042,903042,904042,1005042,20000,10000,50000,8,2033,2033,0.10165,4.3127958623476,5.758551819541905,5.404759683700742,5.417970504434329,63.40752641511598,48.202083542258556,53.71094960809759,0.9715373906998628,0.3537921358411631,4.187710741179372,5.771762640275492,8.375421482358744e-05,0.009151732886376626,15.14133385374624,0.9362814213417463,-0.06583918386820346,3.168055501000026,0.058819180000000415,0.5236179260000426,3.2268746810000266,3.2268746810000266,True,2.1539016000133415e-07,True,0.10165,9.837678307919331
w8_n20000,9,100,training,901042,902042,903042,904042,1005042,20000,10000,50000,8,2033,2033,0.10165,0.6029493743751815,5.7352983141954015,5.6291226622242085,5.67472511654481,63.04123211083244,60.275736110013234,61.36263126512874,0.9954520983330453,0.10617565197119243,0.5917056905882031,5.780900768516002,1.1834113811764062e-05,0.003440074681131801,106.54153426877538,1.0186794868559446,0.018507167821314074,6.030477046999977,0.058819180000000415,0.5236179260000426,6.089296226999977,6.089296226999977,True,2.086561400028586e-07,True,0.10165,9.837678307919331
w8_n20000,9,100,validation,901042,902042,903042,904042,1005042,20000,10000,50000,8,2033,2033,0.10165,0.6142121592886227,5.806564734163928,5.708092867739038,5.67472511654481,63.397200191845414,60.803899495688924,61.798261889566035,0.9953492761609325,0.09847186642488912,0.6045759084022618,5.7731969829697,1.2091518168045237e-05,0.0034772860348330904,104.86226677372551,1.0186794868559446,0.018507167821314074,6.030477046999977,0.058819180000000415,0.5236179260000426,6.089296226999977,6.089296226999977,True,2.086561400028586e-07,True,0.10165,9.837678307919331
w8_n20000,9,100,test,901042,902042,903042,904042,1005042,20000,10000,50000,8,2033,2033,0.10165,0.6762109331421225,5.758551819541905,5.653226908377949,5.67472511654481,63.40752641511598,60.43839530379888,61.59039541003323,0.9949153334255462,0.10532491116395609,0.6651308988484042,5.780050027708766,1.3302617976968083e-05,0.003647275418304475,95.33089881239715,1.0186794868559446,0.018507167821314074,6.030477046999977,0.058819180000000415,0.5236179260000426,6.089296226999977,6.089296226999977,True,2.086561400028586e-07,True,0.10165,9.837678307919331
w8_n20000,9,200,training,901042,902042,903042,904042,1005042,20000,10000,50000,8,2033,2033,0.10165,0.12369033127760941,5.7352983141954015,5.758634839744314,5.807760895626146,63.04123211083244,62.6215275509945,62.769803883189596,0.9990255531128189,-0.02333652554891163,0.12315189544768686,5.784424370077233,2.4630379089537373e-06,0.0015694068653328039,511.8981878570553,1.0745751543972426,0.0719253782535976,11.545150137000064,0.058819180000000415,0.5236179260000426,11.603969317000065,11.603969317000065,True,1.9865115999891714e-07,True,0.10165,9.837678307919331
w8_n20000,9,200,validation,901042,902042,903042,904042,1005042,20000,10000,50000,8,2033,2033,0.10165,0.1329145568300832,5.806564734163928,5.8297848915259145,5.807760895626146,63.397200191845414,62.99031928624872,63.12756542905499,0.9989576948490555,-0.023220157361986786,0.13238861998416632,5.784540738264159,2.6477723996833263e-06,0.0016271977137653944,478.87197705835837,1.0745751543972426,0.0719253782535976,11.545150137000064,0.058819180000000415,0.5236179260000426,11.603969317000065,11.603969317000065,True,1.9865115999891714e-07,True,0.10165,9.837678307919331
w8_n20000,9,200,test,901042,902042,903042,904042,1005042,20000,10000,50000,8,2033,2033,0.10165,0.14101284535555808,5.758551819541905,5.7839298262100245,5.807760895626146,63.40752641511598,62.8600242561142,63.06358953083244,0.9988976905477815,-0.0253780066681194,0.14037160956530229,5.7823828889580255,2.8074321913060457e-06,0.0016755393732485208,451.71189966029533,1.0745751543972426,0.0719253782535976,11.545150137000064,0.058819180000000415,0.5236179260000426,11.603969317000065,11.603969317000065,True,1.9865115999891714e-07,True,0.10165,9.837678307919331
w16_n10000,9,0,training,901042,902042,903042,904042,1075042,10000,10000,50000,16,4065,4065,0.4065,91.27563547685446,5.70685989069966,0.4727161670811526,0.4487539248284641,62.436845635943634,1.5135112682275023,0.03229668522916263,0.0033223443563155843,5.234143723618508,63.88576353371281,5.682897648446971,0.0012777152706742562,0.03574514331590036,0.9773201756130757,1.0246169660244766,0.024318851066797247,0.0,0.029867602999956944,0.5236179260000426,0.029867602999956944,0.0,True,2.4052964000020436e-07,True,0.4065,2.4600246002460024
w16_n10000,9,0,validation,901042,902042,903042,904042,1075042,10000,10000,50000,16,4065,4065,0.4065,93.5225646942507,5.806564734163928,0.4686745356699753,0.4487539248284641,63.397200191845414,1.5811964505195963,-0.02879994018007435,-0.002876495050098908,5.337890198493951,65.03599652272516,5.786644123322415,0.001300719930454503,0.03606549501191552,0.9748017033873371,1.0246169660244766,0.024318851066797247,0.0,0.029867602999956944,0.5236179260000426,0.029867602999956944,0.0,True,2.4052964000020436e-07,True,0.4065,2.4600246002460024
w16_n10000,9,0,test,901042,902042,903042,904042,1075042,10000,10000,50000,16,4065,4065,0.4065,93.50161682073391,5.758551819541905,0.4487878657850853,0.4487539248284641,63.40752641511598,1.5405125429014292,-0.18064540234826157,-0.01827779860443238,5.30976395375682,65.30932976271393,5.758517878585284,0.0013061865952542786,0.03614120356676405,0.9708800663778406,1.0246169660244766,0.024318851066797247,0.0,0.029867602999956944,0.5236179260000426,0.029867602999956944,0.0,True,2.4052964000020436e-07,True,0.4065,2.4600246002460024
w16_n10000,9,10,training,901042,902042,903042,904042,1075042,10000,10000,50000,16,4065,4065,0.4065,0.12314667380567312,5.70685989069966,5.694808288994069,5.794594218466532,62.436845635943634,62.087248617955105,62.20054025991164,0.9990160661193354,0.01205160170559141,0.12301373407541034,5.806645820172123,2.460274681508207e-06,0.0015685262769581539,507.55995747327177,1.715417308317267,0.5396563794832125,0.34054045400012,0.029867602999956944,0.5236179260000426,0.37040805700007695,0.37040805700007695,True,2.4860739999894575e-07,True,0.4065,2.4600246002460024
w16_n10000,9,10,validation,901042,902042,903042,904042,1075042,10000,10000,50000,16,4065,4065,0.4065,0.21124793570795228,5.806564734163928,5.82271325481942,5.794594218466532,63.397200191845414,62.652365569688,62.91927874985934,0.9983434195099913,-0.016148520655493725,0.21100826181477278,5.778445697811038,4.220165236295456e-06,0.002054304075908787,300.4489001833337,1.715417308317267,0.5396563794832125,0.34054045400012,0.029867602999956944,0.5236179260000426,0.37040805700007695,0.37040805700007695,True,2.4860739999894575e-07,True,0.4065,2.4600246002460024
w16_n10000,9,10,test,901042,902042,903042,904042,1075042,10000,10000,50000,16,4065,4065,0.4065,0.20952047827418901,5.758551819541905,5.769189619888194,5.794594218466532,63.40752641511598,62.50558873186696,62.85185182163744,0.998362470953329,-0.010637800346288757,0.2094115037080557,5.783956418120244,4.188230074161114e-06,0.0020465165707027914,302.7891271126802,1.715417308317267,0.5396563794832125,0.34054045400012,0.029867602999956944,0.5236179260000426,0.37040805700007695,0.37040805700007695,True,2.4860739999894575e-07,True,0.4065,2.4600246002460024
w16_n10000,9,25,training,901042,902042,903042,904042,1075042,10000,10000,50000,16,4065,4065,0.4065,0.11347659443931006,5.70685989069966,5.7070408431591915,5.799747907267189,62.436845635943634,62.42309756243741,62.37322764394725,0.9990910843671608,-0.0001809524595317586,0.11348791048656612,5.799566954807657,2.2697582097313225e-06,0.0015065716742761767,550.1629677403785,1.8587946299730354,0.6199282292493868,0.8967406980000305,0.029867602999956944,0.5236179260000426,0.9266083009999875,0.9266083009999875,True,2.5547289999849454e-07,True,0.4065,2.4600246002460024
w16_n10000,9,25,validation,901042,902042,903042,904042,1075042,10000,10000,50000,16,4065,4065,0.4065,0.21092968437141754,5.806564734163928,5.826848027478208,5.799747907267189,63.397200191845414,63.14310089390332,63.16488087971621,0.9983382003510118,-0.0202832933142809,0.21053932631637598,5.779464613952908,4.21078652632752e-06,0.002052020108655741,301.1180918123528,1.8587946299730354,0.6199282292493868,0.8967406980000305,0.029867602999956944,0.5236179260000426,0.9266083009999875,0.9266083009999875,True,2.5547289999849454e-07,True,0.4065,2.4600246002460024
w16_n10000,9,25,test,901042,902042,903042,904042,1075042,10000,10000,50000,16,4065,4065,0.4065,0.207342067886092,5.758551819541905,5.775733356965806,5.799747907267189,63.40752641511598,63.00879867344758,63.10463704244281,0.9983671158112011,-0.01718153742390115,0.20705100367791668,5.7825663698432885,4.141020073558334e-06,0.0020349496489000247,306.2410965838694,1.8587946299730354,0.6199282292493868,0.8967406980000305,0.029867602999956944,0.5236179260000426,0.9266083009999875,0.9266083009999875,True,2.5547289999849454e-07,True,0.4065,2.4600246002460024
w16_n10000,9,50,training,901042,902042,903042,904042,1075042,10000,10000,50000,16,4065,4065,0.4065,0.1119475892384543,5.70685989069966,5.702028793541633,5.787889247340626,62.436845635943634,62.204658463470565,62.264784328065595,0.9991036743821732,0.004831097158026526,0.11193544328303233,5.792720344498653,2.2387088656606464e-06,0.0014962315548272087,557.7933477073038,1.998694277810366,0.6924941062585225,1.7491688869999962,0.029867602999956944,0.5236179260000426,1.7790364899999531,1.7790364899999531,True,2.4698353999610845e-07,True,0.4065,2.4600246002460024
w16_n10000,9,50,validation,901042,902042,903042,904042,1075042,10000,10000,50000,16,4065,4065,0.4065,0.2237490060255639,5.806564734163928,5.818932874734141,5.787889247340626,63.397200191845414,62.957765276851234,63.06567353586625,0.998236273403917,-0.012368140570213609,0.22361839696409566,5.775521106770412,4.472367939281913e-06,0.002114797375466953,283.5061920331381,1.998694277810366,0.6924941062585225,1.7491688869999962,0.029867602999956944,0.5236179260000426,1.7790364899999531,1.7790364899999531,True,2.4698353999610845e-07,True,0.4065,2.4600246002460024
w16_n10000,9,50,test,901042,902042,903042,904042,1075042,10000,10000,50000,16,4065,4065,0.4065,0.22557240761878908,5.758551819541905,5.764745576952262,5.787889247340626,63.40752641511598,62.79677915567275,62.989383507514844,0.998224598132014,-0.006193757410357745,0.22553855575904594,5.781695489930268,4.510771115180919e-06,0.0021238576023784924,281.13830117302604,1.998694277810366,0.6924941062585225,1.7491688869999962,0.029867602999956944,0.5236179260000426,1.7790364899999531,1.7790364899999531,True,2.4698353999610845e-07,True,0.4065,2.4600246002460024
w16_n10000,9,100,training,901042,902042,903042,904042,1075042,10000,10000,50000,16,4065,4065,0.4065,0.07477670649799868,5.70685989069966,5.700558536994274,5.783540353945903,62.436845635943634,62.21811170897501,62.290106435515916,0.9994019276710081,0.006301353705385875,0.074744473886867,5.789841707651289,1.49488947773734e-06,0.0012226567293142177,835.3372816624255,2.432049684432833,0.8887343933495321,3.3194781750000857,0.029867602999956944,0.5236179260000426,3.3493457780000426,3.3493457780000426,True,2.443930399977035e-07,True,0.4065,2.4600246002460024
w16_n10000,9,100,validation,901042,902042,903042,904042,1075042,10000,10000,50000,16,4065,4065,0.4065,0.18186066544138427,5.806564734163928,5.80882779618637,5.783540353945903,63.397200191845414,62.972906249575296,63.09411635502796,0.9985664136752892,-0.0022630620224431924,0.1818737313648033,5.78127729192346,3.6374746272960663e-06,0.001907216460524622,348.5781025995611,2.432049684432833,0.8887343933495321,3.3194781750000857,0.029867602999956944,0.5236179260000426,3.3493457780000426,3.3493457780000426,True,2.443930399977035e-07,True,0.4065,2.4600246002460024
w16_n10000,9,100,test,901042,902042,903042,904042,1075042,10000,10000,50000,16,4065,4065,0.4065,0.18169193096103434,5.758551819541905,5.76005196978685,5.783540353945903,63.40752641511598,62.85498780788671,63.04041045431306,0.9985705491996173,-0.0015001502449441327,0.1816933143765645,5.7820402037009595,3.63386628753129e-06,0.0019062702556382949,348.9810653335439,2.432049684432833,0.8887343933495321,3.3194781750000857,0.029867602999956944,0.5236179260000426,3.3493457780000426,3.3493457780000426,True,2.443930399977035e-07,True,0.4065,2.4600246002460024
w16_n10000,9,200,training,901042,902042,903042,904042,1075042,10000,10000,50000,16,4065,4065,0.4065,0.01815692253345702,5.70685989069966,5.714723761762449,5.794954290918047,62.436845635943634,62.520526729757094,62.46963773697309,0.999855399679075,-0.00786387106278927,0.0180968917545403,5.787090419855257,3.6193783509080596e-07,0.0006016126952540197,3450.141962653833,2.767382216747831,1.0179018252542646,6.272363818000031,0.029867602999956944,0.5236179260000426,6.302231420999988,6.302231420999988,True,2.334930400002122e-07,True,0.4065,2.4600246002460024
w16_n10000,9,200,validation,901042,902042,903042,904042,1075042,10000,10000,50000,16,4065,4065,0.4065,0.050247144529956926,5.806564734163928,5.819627727428203,5.794954290918047,63.397200191845414,63.38940050584664,63.368259593402016,0.9996049955531917,-0.013062993264275593,0.05008151088802322,5.781891297653772,1.0016302177604644e-06,0.0010008147769494935,1265.8803432187703,2.767382216747831,1.0179018252542646,6.272363818000031,0.029867602999956944,0.5236179260000426,6.302231420999988,6.302231420999988,True,2.334930400002122e-07,True,0.4065,2.4600246002460024
w16_n10000,9,200,test,901042,902042,903042,904042,1075042,10000,10000,50000,16,4065,4065,0.4065,0.05004216486799278,5.758551819541905,5.771211007820438,5.794954290918047,63.40752641511598,63.38018080591088,63.368912156774314,0.9996065867837117,-0.012659188278532315,0.04988290747827102,5.782295102639515,9.976581495654204e-07,0.0009988283884458933,1271.1273183652393,2.767382216747831,1.0179018252542646,6.272363818000031,0.029867602999956944,0.5236179260000426,6.302231420999988,6.302231420999988,True,2.334930400002122e-07,True,0.4065,2.4600246002460024
w16_n20000,9,0,training,901042,902042,903042,904042,1085042,20000,10000,50000,16,4065,4065,0.20325,124.16026616925372,5.7352983141954015,-1.9601577752899262,-1.9564087415016627,63.04123211083244,1.7724401148978848,-0.0648983458862274,-0.006139535234253055,7.6954560894853286,64.94346891750276,5.739047347983665,0.001298869378350055,0.0360398304428594,0.9707093440129182,1.0092939828621321,0.009251059550793164,0.0,0.058819180000000415,0.5236179260000426,0.058819180000000415,0.0,True,2.4218456000198787e-07,True,0.20325,4.920049200492005
w16_n20000,9,0,validation,901042,902042,903042,904042,1085042,20000,10000,50000,16,4065,4065,0.20325,125.31420955518853,5.806564734163928,-1.9530392078977798,-1.9564087415016627,63.397200191845414,1.8103735717616676,0.04915330968186434,0.004588107934477603,7.759603942061707,65.10926714424335,5.803195200560044,0.001302185342884867,0.036085805282477304,0.9737047116717653,1.0092939828621321,0.009251059550793164,0.0,0.058819180000000415,0.5236179260000426,0.058819180000000415,0.0,True,2.4218456000198787e-07,True,0.20325,4.920049200492005
w16_n20000,9,0,test,901042,902042,903042,904042,1085042,20000,10000,50000,16,4065,4065,0.20325,124.70106504030949,5.758551819541905,-1.9561912656091007,-1.9564087415016627,63.40752641511598,1.775339522431055,-0.0011209675173151719,-0.00010565301908073767,7.714743085151007,65.18510787258167,5.758334343649344,0.0013037021574516334,0.036106815941753065,0.9727302521161681,1.0092939828621321,0.009251059550793164,0.0,0.058819180000000415,0.5236179260000426,0.058819180000000415,0.0,True,2.4218456000198787e-07,True,0.20325,4.920049200492005
w16_n20000,9,10,training,901042,902042,903042,904042,1085042,20000,10000,50000,16,4065,4065,0.20325,0.13823483899345185,5.7352983141954015,5.733110782008574,5.785683534362879,63.04123211083244,62.62942043715571,62.76620779122174,0.9989053691994316,0.0021875321868273447,0.1382369655446606,5.787871066549706,2.7647393108932124e-06,0.0016627505257534013,456.03744166726176,1.3251975954786153,0.2815615769827177,0.5996331169999394,0.058819180000000415,0.5236179260000426,0.6584522969999398,0.6584522969999398,True,2.481536599998435e-07,True,0.20325,4.920049200492005
w16_n20000,9,10,validation,901042,902042,903042,904042,1085042,20000,10000,50000,16,4065,4065,0.20325,0.18318847624549592,5.806564734163928,5.816982918782076,5.785683534362879,63.397200191845414,63.10000484627942,63.157053395312666,0.9985553069519851,-0.010418184618148434,0.18309824749950804,5.77526534974473,3.661964949990161e-06,0.0019136261259687485,346.2468978137858,1.3251975954786153,0.2815615769827177,0.5996331169999394,0.058819180000000415,0.5236179260000426,0.6584522969999398,0.6584522969999398,True,2.481536599998435e-07,True,0.20325,4.920049200492005
w16_n20000,9,10,test,901042,902042,903042,904042,1085042,20000,10000,50000,16,4065,4065,0.20325,0.1862242920544282,5.758551819541905,5.762782084705436,5.785683534362879,63.40752641511598,62.87213621758762,63.04672625579506,0.998534389277352,-0.0042302651635312775,0.1862101211134967,5.781453269199347,3.7242024222699337e-06,0.0019298192719189881,340.51600437158055,1.3251975954786153,0.2815615769827177,0.5996331169999394,0.058819180000000415,0.5236179260000426,0.6584522969999398,0.6584522969999398,True,2.481536599998435e-07,True,0.20325,4.920049200492005
w16_n20000,9,25,training,901042,902042,903042,904042,1085042,20000,10000,50000,16,4065,4065,0.20325,0.13927256330381996,5.7352983141954015,5.726838131609822,5.775302428023493,63.04123211083244,62.491657449098824,62.696840805459686,0.9989006365935703,0.008460182585579743,0.13920794901188918,5.783762610609073,2.7841589802377836e-06,0.0016685799292325745,452.8565542291579,1.4368679597960223,0.3624657168598152,1.5750617969999894,0.058819180000000415,0.5236179260000426,1.6338809769999898,1.6338809769999898,True,2.3538235999694734e-07,True,0.20325,4.920049200492005
w16_n20000,9,25,validation,901042,902042,903042,904042,1085042,20000,10000,50000,16,4065,4065,0.20325,0.20011628388992214,5.806564734163928,5.80907696166953,5.775302428023493,63.397200191845414,63.0668971762691,63.13198369125652,0.998420901092721,-0.0025122275056018127,0.2001299856014424,5.772790200517891,4.0025997120288485e-06,0.002000649822439911,316.7801166892628,1.4368679597960223,0.3624657168598152,1.5750617969999894,0.058819180000000415,0.5236179260000426,1.6338809769999898,1.6338809769999898,True,2.3538235999694734e-07,True,0.20325,4.920049200492005
w16_n20000,9,25,test,901042,902042,903042,904042,1085042,20000,10000,50000,16,4065,4065,0.20325,0.20221428048233517,5.758551819541905,5.752015505693866,5.775302428023493,63.40752641511598,62.793099925332804,62.999225369926606,0.9984098156822048,0.006536313848039249,0.20217560059562695,5.781838741871532,4.043512011912539e-06,0.002010848580055828,313.62600743270644,1.4368679597960223,0.3624657168598152,1.5750617969999894,0.058819180000000415,0.5236179260000426,1.6338809769999898,1.6338809769999898,True,2.3538235999694734e-07,True,0.20325,4.920049200492005
w16_n20000,9,50,training,901042,902042,903042,904042,1085042,20000,10000,50000,16,4065,4065,0.20325,0.12405343903776764,5.7352983141954015,5.753440192952441,5.803052944304592,63.04123211083244,63.52591735483489,63.22170948393474,0.9990297375638901,-0.018141878757039445,0.12373049779782248,5.784911065547552,2.4746099559564495e-06,0.001573089303236294,509.50439247276586,1.5454756086402779,0.4353317002851497,3.112365185000044,0.058819180000000415,0.5236179260000426,3.1711843650000446,3.1711843650000446,True,2.4099814000237527e-07,True,0.20325,4.920049200492005
w16_n20000,9,50,validation,901042,902042,903042,904042,1085042,20000,10000,50000,16,4065,4065,0.20325,0.19172156420081354,5.806564734163928,5.833679481709209,5.803052944304592,63.397200191845414,64.02174118128936,63.61396795896144,0.9985129594278612,-0.027114747545282068,0.19100545521189033,5.775938196759309,3.820109104237806e-06,0.0019545099396620644,331.9130342194481,1.5454756086402779,0.4353317002851497,3.112365185000044,0.058819180000000415,0.5236179260000426,3.1711843650000446,3.1711843650000446,True,2.4099814000237527e-07,True,0.20325,4.920049200492005
w16_n20000,9,50,test,901042,902042,903042,904042,1085042,20000,10000,50000,16,4065,4065,0.20325,0.1938302605504758,5.758551819541905,5.777125660933318,5.803052944304592,63.40752641511598,63.85825155999639,63.536144416181536,0.9984859071581009,-0.018573841391411383,0.19348914274929746,5.784479102913181,3.869782854985949e-06,0.0019671763660094,327.7058625313808,1.5454756086402779,0.4353317002851497,3.112365185000044,0.058819180000000415,0.5236179260000426,3.1711843650000446,3.1711843650000446,True,2.4099814000237527e-07,True,0.20325,4.920049200492005
w16_n20000,9,100,training,901042,902042,903042,904042,1085042,20000,10000,50000,16,4065,4065,0.20325,0.04805728545410292,5.7352983141954015,5.747555869541847,5.792109406996067,63.04123211083244,62.76257342078771,62.87794804917871,0.9996216256627088,-0.012257555346445525,0.04790943326269493,5.779851851649622,9.581886652538986e-07,0.0009788711177953402,1315.8417417540193,1.4403536500124248,0.3648886737219576,6.054287365999926,0.058819180000000415,0.5236179260000426,6.113106545999926,6.113106545999926,True,2.4455071999909703e-07,True,0.20325,4.920049200492005
w16_n20000,9,100,validation,901042,902042,903042,904042,1085042,20000,10000,50000,16,4065,4065,0.20325,0.06921948651350615,5.806564734163928,5.817537811410277,5.792109406996067,63.397200191845414,63.157713052734934,63.24290362794611,0.9994557341757272,-0.010973077246350304,0.06910598868812058,5.781136329749717,1.3821197737624117e-06,0.0011756359018686064,917.390828137352,1.4403536500124248,0.3648886737219576,6.054287365999926,0.058819180000000415,0.5236179260000426,6.113106545999926,6.113106545999926,True,2.4455071999909703e-07,True,0.20325,4.920049200492005
w16_n20000,9,100,test,901042,902042,903042,904042,1085042,20000,10000,50000,16,4065,4065,0.20325,0.0698129072730925,5.758551819541905,5.768768644124268,5.792109406996067,63.40752641511598,63.087022229487,63.21241936331804,0.9994521178697214,-0.010216824582363188,0.06970991796690512,5.781892582413703,1.3941983593381025e-06,0.001180761770781093,909.5911781910114,1.4403536500124248,0.3648886737219576,6.054287365999926,0.058819180000000415,0.5236179260000426,6.113106545999926,6.113106545999926,True,2.4455071999909703e-07,True,0.20325,4.920049200492005
w16_n20000,9,200,training,901042,902042,903042,904042,1085042,20000,10000,50000,16,4065,4065,0.20325,0.012437757111511525,5.7352983141954015,5.743706951275538,5.789016569989538,63.04123211083244,63.127514588774446,63.07818951464476,0.9999022089803685,-0.008408637080136507,0.012367670317481946,5.780607932909402,2.473534063496389e-07,0.0004973463645686363,5097.26007344507,1.3253755043178266,0.2816958187732891,11.86916810699995,0.058819180000000415,0.5236179260000426,11.92798728699995,11.92798728699995,True,2.3707849999937025e-07,True,0.20325,4.920049200492005
w16_n20000,9,200,validation,901042,902042,903042,904042,1085042,20000,10000,50000,16,4065,4065,0.20325,0.01648469860425222,5.806564734163928,5.813584764510225,5.789016569989538,63.397200191845414,63.38135560329841,63.38105936682975,0.9998703560598775,-0.007020030346299475,0.016437061484337708,5.78199653964324,3.2874122968675417e-07,0.0005733595989313811,3856.966785228269,1.3253755043178266,0.2816958187732891,11.86916810699995,0.058819180000000415,0.5236179260000426,11.92798728699995,11.92798728699995,True,2.3707849999937025e-07,True,0.20325,4.920049200492005
w16_n20000,9,200,test,901042,902042,903042,904042,1085042,20000,10000,50000,16,4065,4065,0.20325,0.01675401770392633,5.758551819541905,5.764854253842883,5.789016569989538,63.40752641511598,63.41286063806648,63.401836210932196,0.9998682032160678,-0.006302434300977332,0.016714631318434568,5.782714135688562,3.342926263686914e-07,0.0005781804444710072,3793.5342519451096,1.3253755043178266,0.2816958187732891,11.86916810699995,0.058819180000000415,0.5236179260000426,11.92798728699995,11.92798728699995,True,2.3707849999937025e-07,True,0.20325,4.920049200492005
