replication,monitoring_dates,checkpoint,trajectory_id,training_seed,validation_seed,pilot_seed,pricing_seed,train_mse,validation_mse,validation_ncv_observation_variance,validation_gcv_observation_variance,advantage,pricing_ncv_observation_variance,pricing_gcv_observation_variance,optimizer_cumulative_training_runtime_s,training_data_generation_runtime_s,ncv_setup_cost_s
0,12,0,rep0_m12,1042,2042,3042,4042,109.01386274862892,110.0190918085408,74.50320565723472,0.06019245267431191,0.0008079176210381876,74.62558717528158,0.055973954719070865,0.0,8.219999472203199e-07,0.0
0,12,10,rep0_m12,1042,2042,3042,4042,0.1393059236603849,0.21411484111408632,0.2138334586560002,0.06019245267431191,0.28149220918296597,0.1762127855728384,0.055973954719070865,0.11138416199992207,8.219999472203199e-07,0.11138498399986929
0,12,25,rep0_m12,1042,2042,3042,4042,0.08999744306647713,0.15870697327474043,0.15860116057933585,0.06019245267431191,0.37952088404928347,0.12584018209648395,0.055973954719070865,0.27636368200001016,8.219999472203199e-07,0.2763645039999574
0,12,50,rep0_m12,1042,2042,3042,4042,0.020063957255264945,0.049237286912254305,0.0492385128236445,0.06019245267431191,1.222466911011319,0.03393498884033084,0.055973954719070865,0.5506670110003142,8.219999472203199e-07,0.5506678330002615
0,12,100,rep0_m12,1042,2042,3042,4042,0.006170471301145123,0.01829511117281146,0.018294920088962777,0.06019245267431191,3.290118370652282,0.011013541038687027,0.055973954719070865,1.0956392170000981,8.219999472203199e-07,1.0956400390000454
0,12,200,rep0_m12,1042,2042,3042,4042,0.0026509845213537296,0.009220910501159418,0.009136450555329717,0.06019245267431191,6.588165974279678,0.004907774123853176,0.055973954719070865,2.1830587120002747,8.219999472203199e-07,2.183059534000222
0,12,500,rep0_m12,1042,2042,3042,4042,0.0015455868671126187,0.0060015285932397125,0.006001751337169696,0.06019245267431191,10.02914804242747,0.003180109969301365,0.055973954719070865,5.443831414000215,8.219999472203199e-07,5.443832236000162
0,12,1000,rep0_m12,1042,2042,3042,4042,0.00134311759848329,0.004372905160577425,0.0043656609661001065,0.06019245267431191,13.787706636340681,0.002557179820881505,0.055973954719070865,10.886633670000265,8.219999472203199e-07,10.886634492000212
0,252,0,rep0_m252,1042,2042,3042,4042,100.46210459455419,99.79968939985271,68.1635587094405,0.044042612423777945,0.0006461313531401368,66.38723001842946,0.048397448305097526,0.0,1.0019998626376037e-06,0.0
0,252,10,rep0_m252,1042,2042,3042,4042,0.09031136851207348,0.2629145164633582,0.25646173728184474,0.044042612423777945,0.17173170895031514,0.25469397163002794,0.048397448305097526,0.15952372200035825,1.0019998626376037e-06,0.15952472400022089
0,252,25,rep0_m252,1042,2042,3042,4042,0.05165185789622303,0.2520319190899915,0.24890249250785343,0.044042612423777945,0.17694725344057494,0.2411800376984708,0.048397448305097526,0.39886755900033677,1.0019998626376037e-06,0.3988685610001994
0,252,50,rep0_m252,1042,2042,3042,4042,0.04628438242271814,0.287696629615598,0.2862820092910496,0.044042612423777945,0.15384345154222342,0.28110122316821606,0.048397448305097526,0.7868684710001617,1.0019998626376037e-06,0.7868694730000243
0,252,100,rep0_m252,1042,2042,3042,4042,0.04524183497107233,0.32584840684596683,0.3237889850473699,0.044042612423777945,0.13602257784443955,0.3195645523811889,0.048397448305097526,1.5525950170003853,1.0019998626376037e-06,1.552596019000248
0,252,200,rep0_m252,1042,2042,3042,4042,0.028700847869578536,0.3220355239836073,0.3204052405025142,0.044042612423777945,0.13745908885479777,0.3208724126616753,0.048397448305097526,3.0708761230002892,1.0019998626376037e-06,3.070877125000152
0,252,500,rep0_m252,1042,2042,3042,4042,0.016723351328338458,0.3139197050598303,0.31338001708082314,0.044042612423777945,0.1405405897735305,0.3150861283669861,0.048397448305097526,7.622944251000263,1.0019998626376037e-06,7.622945253000125
0,252,1000,rep0_m252,1042,2042,3042,4042,0.01620631784383211,0.26848296178326636,0.26740484049850566,0.044042612423777945,0.16470387126004202,0.26806449621497985,0.048397448305097526,15.189648509000108,1.0019998626376037e-06,15.18964951099997
1,12,0,rep1_m12,101042,102042,103042,104042,119.88452066470285,114.74646031875021,70.8549143352236,0.05433757243935193,0.0007668850205967927,71.87254260823339,0.055616125569477544,0.0,7.009998626017477e-07,0.0
1,12,10,rep1_m12,101042,102042,103042,104042,0.16465341779803158,0.1703011689285309,0.16915892296863286,0.05433757243935193,0.32122202888125356,0.16710084215617077,0.055616125569477544,0.11120866700002807,7.009998626017477e-07,0.11120936799989067
1,12,25,rep1_m12,101042,102042,103042,104042,0.13061074998679925,0.13899066190114645,0.1388736094457862,0.05433757243935193,0.39127356634713495,0.13643002227275927,0.055616125569477544,0.27760349099980886,7.009998626017477e-07,0.27760419199967146
1,12,50,rep1_m12,101042,102042,103042,104042,0.07033297020013549,0.07762670664541838,0.07760079838742727,0.05433757243935193,0.7002192447565797,0.07653055147071652,0.055616125569477544,0.5530187599997589,7.009998626017477e-07,0.5530194609996215
1,12,100,rep1_m12,101042,102042,103042,104042,0.012748757894494698,0.016198146469621845,0.015766753786991577,0.05433757243935193,3.446338616905616,0.015314208797390158,0.055616125569477544,1.097703193000143,7.009998626017477e-07,1.0977038940000057
1,12,200,rep1_m12,101042,102042,103042,104042,0.005555443971750438,0.006176393931796611,0.005597082819576026,0.05433757243935193,9.708195177906614,0.005961555546860524,0.055616125569477544,2.188776663999761,7.009998626017477e-07,2.1887773649996234
1,12,500,rep1_m12,101042,102042,103042,104042,0.0019165563549837414,0.002744968969116801,0.002744246511685283,0.05433757243935193,19.800543503645528,0.003103702172720657,0.055616125569477544,5.463774166999883,7.009998626017477e-07,5.463774867999746
1,12,1000,rep1_m12,101042,102042,103042,104042,0.0019483446054118431,0.002841728246028475,0.002497764127881661,0.05433757243935193,21.754485074391432,0.0027232279323126064,0.055616125569477544,10.91483252099988,7.009998626017477e-07,10.914833221999743
1,252,0,rep1_m252,101042,102042,103042,104042,94.06412616778162,94.93312085412016,67.78711621708091,0.05207649696851458,0.0007682359108144568,65.28434957545602,0.0465765418392999,0.0,8.010001693037339e-07,0.0
1,252,10,rep1_m252,101042,102042,103042,104042,0.09778999701472198,0.30116934077539353,0.29466654344571114,0.05207649696851458,0.1767302672354762,0.28835594190211666,0.0465765418392999,0.15954113900033917,8.010001693037339e-07,0.15954194000050848
1,252,25,rep1_m252,101042,102042,103042,104042,0.053291186063381464,0.29472022130039194,0.29164448396106074,0.05207649696851458,0.17856157010488027,0.28443153044927716,0.0465765418392999,0.39847653100014213,8.010001693037339e-07,0.39847733200031143
1,252,50,rep1_m252,101042,102042,103042,104042,0.037351345261325934,0.3495319043034307,0.3400061907615903,0.05207649696851458,0.153163378736919,0.3357353974489276,0.0465765418392999,0.7873999950002144,8.010001693037339e-07,0.7874007960003837
1,252,100,rep1_m252,101042,102042,103042,104042,0.04068367318278172,0.3760174280240199,0.3714798178383515,0.05207649696851458,0.14018661167529575,0.3673489995772352,0.0465765418392999,1.556876568000007,8.010001693037339e-07,1.5568773690001763
1,252,200,rep1_m252,101042,102042,103042,104042,0.027471850817756775,0.38079558069307207,0.3700540622249865,0.05207649696851458,0.14072672694200278,0.362885730243457,0.0465765418392999,3.0857135589999416,8.010001693037339e-07,3.085714360000111
1,252,500,rep1_m252,101042,102042,103042,104042,0.024018795008553282,0.35961091989104815,0.3572650256303805,0.05207649696851458,0.14576432965031377,0.35659090299301477,0.0465765418392999,7.682669712999996,8.010001693037339e-07,7.682670514000165
1,252,1000,rep1_m252,101042,102042,103042,104042,0.00883966266828182,0.3448201552835328,0.3442086877909966,0.05207649696851458,0.15129338339111129,0.34621994128112404,0.0465765418392999,15.286923977000242,8.010001693037339e-07,15.286924778000412
2,12,0,rep2_m12,201042,202042,203042,204042,105.63956077900724,102.02889604519298,67.42454733711102,0.05500396355951502,0.0008157854332266372,67.15444693054307,0.055635772765876015,0.0,6.909999683557544e-07,0.0
2,12,10,rep2_m12,201042,202042,203042,204042,0.16547346921734776,0.16598082858157412,0.1656667869481477,0.05500396355951502,0.33201563555844654,0.16291496657276597,0.055635772765876015,0.10921706999988601,6.909999683557544e-07,0.10921776099985436
2,12,25,rep2_m12,201042,202042,203042,204042,0.11610477768652538,0.12083497770383349,0.120767923082866,0.05500396355951502,0.45545176364235024,0.1187253810356723,0.055635772765876015,0.27379483400000026,6.909999683557544e-07,0.2737955249999686
2,12,50,rep2_m12,201042,202042,203042,204042,0.05582177701285334,0.0605467170112005,0.06055214314216017,0.05500396355951502,0.9083735224760003,0.058213362096783704,0.055635772765876015,0.5488381039999695,6.909999683557544e-07,0.5488387949999378
2,12,100,rep2_m12,201042,202042,203042,204042,0.008735269110547603,0.011247804696683633,0.011222842183519441,0.05500396355951502,4.901072532258133,0.009677015875941062,0.055635772765876015,1.0979771440001969,6.909999683557544e-07,1.0979778350001652
2,12,200,rep2_m12,201042,202042,203042,204042,0.003519152274450684,0.004907630360413654,0.004856022078993798,0.05500396355951502,11.326959116897637,0.0046138615774459595,0.055635772765876015,2.1882230289998006,6.909999683557544e-07,2.188223719999769
2,12,500,rep2_m12,201042,202042,203042,204042,0.0016015822055321068,0.002425387621611618,0.0023569696865316874,0.05500396355951502,23.336729307051076,0.002242849039083946,0.055635772765876015,5.472020496999903,6.909999683557544e-07,5.4720211879998715
2,12,1000,rep2_m12,201042,202042,203042,204042,0.002214708823757823,0.003335270496383299,0.003276614387782379,0.05500396355951502,16.78682843016564,0.0030414385302025403,0.055635772765876015,10.92684657000018,6.909999683557544e-07,10.926847261000148
2,252,0,rep2_m252,201042,202042,203042,204042,91.8169970212771,92.93161613695418,63.15104416047222,0.04880240849606207,0.0007727886236061429,64.9905195963245,0.04929474443207923,0.0,9.219997991749551e-07,0.0
2,252,10,rep2_m252,201042,202042,203042,204042,0.10550246638063536,0.31567916752453384,0.3110937671058122,0.04880240849606207,0.15687362993506368,0.3109738914493198,0.04929474443207923,0.15911769200010895,9.219997991749551e-07,0.15911861399990812
2,252,25,rep2_m252,201042,202042,203042,204042,0.05693323591021956,0.28747579300862713,0.28153937473900986,0.04880240849606207,0.17334132584936812,0.2809011033711068,0.04929474443207923,0.3959467460003907,9.219997991749551e-07,0.3959476680001899
2,252,50,rep2_m252,201042,202042,203042,204042,0.048718176955064904,0.3344863165137622,0.3295930837425029,0.04880240849606207,0.14806866679942024,0.3257515623974,0.04929474443207923,0.7823911280001994,9.219997991749551e-07,0.7823920499999986
2,252,100,rep2_m252,201042,202042,203042,204042,0.037633645929872145,0.38120631101452773,0.3704545804190284,0.04880240849606207,0.13173655037781073,0.36822072860702215,0.04929474443207923,1.5480932730001769,9.219997991749551e-07,1.548094194999976
2,252,200,rep2_m252,201042,202042,203042,204042,0.03293760158446776,0.3605862745163683,0.3527889115332842,0.04880240849606207,0.1383331700646656,0.35148220608301056,0.04929474443207923,3.098055284000111,9.219997991749551e-07,3.09805620599991
2,252,500,rep2_m252,201042,202042,203042,204042,0.014650152732486908,0.3292800204161269,0.3259073907728861,0.04880240849606207,0.1497431782087778,0.3315764873532693,0.04929474443207923,7.689734967000277,9.219997991749551e-07,7.689735889000076
2,252,1000,rep2_m252,201042,202042,203042,204042,0.09389400112719638,0.36925186892307904,0.33123739212446174,0.04880240849606207,0.14733363338920585,0.3418858740013166,0.04929474443207923,15.264558970000053,9.219997991749551e-07,15.264559891999852
3,12,0,rep3_m12,301042,302042,303042,304042,106.79105647191652,102.69101421461748,67.87892450858885,0.05307003163345511,0.0007818337137433587,73.16453490554247,0.059445988703710914,0.0,1.0520002433622722e-06,0.0
3,12,10,rep3_m12,301042,302042,303042,304042,0.16325959530578713,0.14008171727863183,0.1396543261391098,0.05307003163345511,0.38000993668174665,0.17020949586789547,0.059445988703710914,0.10951485800023875,1.0520002433622722e-06,0.10951591000048211
3,12,25,rep3_m12,301042,302042,303042,304042,0.1284284045658346,0.10750217994784775,0.10750866318761518,0.05307003163345511,0.4936349319202463,0.13818304248595004,0.059445988703710914,0.2725801460001094,1.0520002433622722e-06,0.27258119800035274
3,12,50,rep3_m12,301042,302042,303042,304042,0.0772533998883733,0.06503348728508682,0.06412223766081793,0.05307003163345511,0.8276384850163098,0.08312047812814517,0.059445988703710914,0.5426883439999983,1.0520002433622722e-06,0.5426893960002417
3,12,100,rep3_m12,301042,302042,303042,304042,0.02451928858554426,0.01830440508971863,0.016894135305956366,0.05307003163345511,3.141328672485783,0.02361367955132603,0.059445988703710914,1.0823742420002418,1.0520002433622722e-06,1.0823752940004852
3,12,200,rep3_m12,301042,302042,303042,304042,0.006455045806604416,0.005639021326303998,0.005346850515874686,0.05307003163345511,9.925475095271752,0.006562931121101345,0.059445988703710914,2.162266006000209,1.0520002433622722e-06,2.1622670580004524
3,12,500,rep3_m12,301042,302042,303042,304042,0.0026485842712686654,0.0033225413809783774,0.003165411304609982,0.05307003163345511,16.76560374829204,0.004038651644901691,0.059445988703710914,5.4133194340001864,1.0520002433622722e-06,5.41332048600043
3,12,1000,rep3_m12,301042,302042,303042,304042,0.0019131319518341133,0.0030879462141134417,0.002852943049626174,0.05307003163345511,18.601854544698664,0.003710534699715401,0.059445988703710914,10.802426058000037,1.0520002433622722e-06,10.80242711000028
3,252,0,rep3_m252,301042,302042,303042,304042,90.49314306529,84.61275819595862,60.634899781204375,0.046323928323462674,0.000763981279603305,64.35426874147275,0.04891452302627744,0.0,8.920001164369751e-07,0.0
3,252,10,rep3_m252,301042,302042,303042,304042,0.10468120882571189,0.2803947911000843,0.27521613288507124,0.046323928323462674,0.16831836069292963,0.30046075389740984,0.04891452302627744,0.158498858999792,8.920001164369751e-07,0.15849975099990843
3,252,25,rep3_m252,301042,302042,303042,304042,0.06503158990199451,0.28025587057381496,0.2748365151903413,0.046323928323462674,0.16855085028050398,0.30046774979315843,0.04891452302627744,0.39551875300003303,8.920001164369751e-07,0.39551964500014947
3,252,50,rep3_m252,301042,302042,303042,304042,0.055353242506907915,0.3153130672713306,0.3122226211042921,0.046323928323462674,0.1483682641559435,0.3350211719385724,0.04891452302627744,0.7832723800001986,8.920001164369751e-07,0.783273272000315
3,252,100,rep3_m252,301042,302042,303042,304042,0.04584003153378987,0.36639671630993736,0.3638761719586509,0.046323928323462674,0.1273068474753733,0.37956475778394855,0.04891452302627744,1.557263846999831,8.920001164369751e-07,1.5572647389999474
3,252,200,rep3_m252,301042,302042,303042,304042,0.0405376453865592,0.3503421133398166,0.3367255291441871,0.046323928323462674,0.13757177378620022,0.34945787381279625,0.04891452302627744,3.073457479999888,8.920001164369751e-07,3.0734583720000046
3,252,500,rep3_m252,301042,302042,303042,304042,0.0041682692186837695,0.29169693364921195,0.2910357107220746,0.046323928323462674,0.15916922431453726,0.30169826445210085,0.04891452302627744,7.6294517350002025,8.920001164369751e-07,7.629452627000319
3,252,1000,rep3_m252,301042,302042,303042,304042,0.07189790809558437,0.2713248497859483,0.2713090107760739,0.046323928323462674,0.1707423140534626,0.2878543731356669,0.04891452302627744,15.179819638000026,8.920001164369751e-07,15.179820530000143
4,12,0,rep4_m12,401042,402042,403042,404042,114.12958975296267,109.6298055441025,72.14088818539945,0.054654947623852326,0.00075761401056487,73.11992470564978,0.056539203812641145,0.0,8.510000952810515e-07,0.0
4,12,10,rep4_m12,401042,402042,403042,404042,0.15910187667560327,0.15400946963359155,0.15256800677868756,0.054654947623852326,0.3582333464127497,0.17932967332078742,0.056539203812641145,0.10909072899994499,8.510000952810515e-07,0.10909158000004027
4,12,25,rep4_m12,401042,402042,403042,404042,0.09738558518730152,0.09125446826605611,0.09117063693551887,0.054654947623852326,0.5994797169455716,0.11594505721461713,0.056539203812641145,0.27215620000015406,8.510000952810515e-07,0.27215705100024934
4,12,50,rep4_m12,401042,402042,403042,404042,0.035163570695030774,0.03429279424623217,0.034235554246664614,0.054654947623852326,1.5964382299777449,0.0491967994564904,0.056539203812641145,0.5447932040001433,8.510000952810515e-07,0.5447940550002386
4,12,100,rep4_m12,401042,402042,403042,404042,0.006972977835797795,0.008171434498149645,0.008048287168058058,0.054654947623852326,6.790879411058567,0.013051960126920791,0.056539203812641145,1.0853760840000177,8.510000952810515e-07,1.085376935000113
4,12,200,rep4_m12,401042,402042,403042,404042,0.0030215459947232626,0.0039755496332589705,0.003955449320776518,0.054654947623852326,13.817633141390543,0.006473275591590611,0.056539203812641145,2.168416157000138,8.510000952810515e-07,2.168417008000233
4,12,500,rep4_m12,401042,402042,403042,404042,0.0032458004533644823,0.0036266342630408566,0.003134693177392696,0.054654947623852326,17.43550150873521,0.004218671153349939,0.056539203812641145,5.412464659000307,8.510000952810515e-07,5.412465510000402
4,12,1000,rep4_m12,401042,402042,403042,404042,0.0014972029468777767,0.0021632549949264393,0.0019933691738215358,0.054654947623852326,27.418377058110124,0.003402672712094282,0.056539203812641145,10.836105203999978,8.510000952810515e-07,10.836106055000073
4,252,0,rep4_m252,401042,402042,403042,404042,109.46255824160635,108.05018949208315,65.37757099815875,0.04542180208363174,0.0006947612367689673,64.43129971134566,0.04841076210338659,0.0,9.209998097503558e-07,0.0
4,252,10,rep4_m252,401042,402042,403042,404042,0.10880871892346042,0.27166486957761565,0.26069175268331224,0.04542180208363174,0.17423566958334138,0.26769443300479273,0.04841076210338659,0.16059351500007324,9.209998097503558e-07,0.160594435999883
4,252,25,rep4_m252,401042,402042,403042,404042,0.06546252017355583,0.25918352438431813,0.25699074608717487,0.04542180208363174,0.17674489363996018,0.26110678953797345,0.04841076210338659,0.3992629979998128,9.209998097503558e-07,0.39926391899962255
4,252,50,rep4_m252,401042,402042,403042,404042,0.04209479239677561,0.30174099628250606,0.3004680300492863,0.04542180208363174,0.1511701663440903,0.30761830662775547,0.04841076210338659,0.7862274009999055,9.209998097503558e-07,0.7862283219997153
4,252,100,rep4_m252,401042,402042,403042,404042,0.03835888724142271,0.353598784604941,0.35353337881668295,0.04542180208363174,0.12847952924746103,0.3563170927727011,0.04841076210338659,1.5499286459998984,9.209998097503558e-07,1.5499295669997082
4,252,200,rep4_m252,401042,402042,403042,404042,0.02858113576376335,0.35017170125898417,0.3496208646159242,0.04542180208363174,0.1299173095219298,0.3504304401264853,0.04841076210338659,3.067974696999954,9.209998097503558e-07,3.067975617999764
4,252,500,rep4_m252,401042,402042,403042,404042,0.030048978634467788,0.3117613572770838,0.31024658855181664,0.04542180208363174,0.14640548441049336,0.31448708203396525,0.04841076210338659,7.610077725999872,9.209998097503558e-07,7.610078646999682
4,252,1000,rep4_m252,401042,402042,403042,404042,0.005615740346772064,0.266200901120018,0.26608719505515244,0.04542180208363174,0.17070269794161672,0.2663299833157426,0.04841076210338659,15.261448781000126,9.209998097503558e-07,15.261449701999936
5,12,0,rep5_m12,501042,502042,503042,504042,112.07240490096197,106.208115626488,67.08566603869075,0.05517822205458902,0.0008225039015453127,67.65788919356083,0.057692526888238706,0.0,7.310000000870787e-07,0.0
5,12,10,rep5_m12,501042,502042,503042,504042,0.19294094586692145,0.17811811972920724,0.17551690007130133,0.05517822205458902,0.3143755503440046,0.1691043686810359,0.057692526888238706,0.10937624700000015,7.310000000870787e-07,0.10937697800000024
5,12,25,rep5_m12,501042,502042,503042,504042,0.13250112329155184,0.11439197448546874,0.11375641177334554,0.05517822205458902,0.4850559295464515,0.11107493835492274,0.057692526888238706,0.27423753500033854,7.310000000870787e-07,0.2742382660003386
5,12,50,rep5_m12,501042,502042,503042,504042,0.0388056771379085,0.03247522597745318,0.03199651013693127,0.05517822205458902,1.7245075109269734,0.03226713636001778,0.057692526888238706,0.548247862000153,7.310000000870787e-07,0.548248593000153
5,12,100,rep5_m12,501042,502042,503042,504042,0.011676237363439777,0.010930705508191564,0.010901148070296523,0.05517822205458902,5.061689071533555,0.011032237634850584,0.057692526888238706,1.126090120000299,7.310000000870787e-07,1.1260908510002992
5,12,200,rep5_m12,501042,502042,503042,504042,0.0042039826674127026,0.004854129826616233,0.004849463554953749,0.05517822205458902,11.378211513358877,0.004961368192901718,0.057692526888238706,2.221455017000153,7.310000000870787e-07,2.221455748000153
5,12,500,rep5_m12,501042,502042,503042,504042,0.0022116909600529418,0.0030834556487015306,0.002997489464958439,0.05517822205458902,18.408145449596795,0.002872484335422834,0.057692526888238706,5.499485871000161,7.310000000870787e-07,5.499486602000161
5,12,1000,rep5_m12,501042,502042,503042,504042,0.003005025391254429,0.003846904775577113,0.0036708963845316907,0.05517822205458902,15.031266555792014,0.0037884778545032396,0.057692526888238706,10.964386654000009,7.310000000870787e-07,10.964387385000009
5,252,0,rep5_m252,501042,502042,503042,504042,119.36073796570396,114.6632250310956,65.98504385455931,0.044762508081045115,0.0006783735444611999,65.9097401054559,0.05122932940106964,0.0,7.310000000870787e-07,0.0
5,252,10,rep5_m252,501042,502042,503042,504042,0.11020920423878647,0.28906990877503413,0.28306470211386114,0.044762508081045115,0.15813525228249636,0.2871122049929544,0.05122932940106964,0.15895487599982516,7.310000000870787e-07,0.15895560699982525
5,252,25,rep5_m252,501042,502042,503042,504042,0.057534909433157665,0.2743369816132439,0.27155030084061865,0.044762508081045115,0.164840576285414,0.2714828412410216,0.05122932940106964,0.39697292099981496,7.310000000870787e-07,0.39697365199981505
5,252,50,rep5_m252,501042,502042,503042,504042,0.03102015880483699,0.30962713794604885,0.3073607082717625,0.044762508081045115,0.14563510193849163,0.3108605112522734,0.05122932940106964,0.7886952329999986,7.310000000870787e-07,0.7886959639999986
5,252,100,rep5_m252,501042,502042,503042,504042,0.03136904857471795,0.35193496166260957,0.3496964034060251,0.044762508081045115,0.12800391323748422,0.3539381806590405,0.05122932940106964,1.560928431999855,7.310000000870787e-07,1.5609291629998552
5,252,200,rep5_m252,501042,502042,503042,504042,0.02368267176772977,0.3313686768089299,0.32781136602999594,0.044762508081045115,0.13654959137978512,0.3353521004637236,0.05122932940106964,3.0905900879997716,7.310000000870787e-07,3.0905908189997717
5,252,500,rep5_m252,501042,502042,503042,504042,0.02794688863757309,0.3057489763885883,0.2997424549896676,0.044762508081045115,0.14933656322588043,0.3004090633875168,0.05122932940106964,7.655127086999983,7.310000000870787e-07,7.655127817999983
5,252,1000,rep5_m252,501042,502042,503042,504042,0.01611590877944596,0.2779464854838656,0.2779009352191543,0.044762508081045115,0.16107361440056017,0.2801400295799512,0.05122932940106964,15.319547984999645,7.310000000870787e-07,15.319548715999645
6,12,0,rep6_m12,601042,602042,603042,604042,108.38972606017094,109.90436667951329,73.79747570270506,0.05704192186497482,0.0007729522090263576,74.44437450224883,0.054902504288016137,0.0,9.719997251522727e-07,0.0
6,12,10,rep6_m12,601042,602042,603042,604042,0.201459059013082,0.18617226501925335,0.18601504062159246,0.05704192186497482,0.3066522022862352,0.16762534550770877,0.054902504288016137,0.10922502199991868,9.719997251522727e-07,0.10922599399964383
6,12,25,rep6_m12,601042,602042,603042,604042,0.08573022155785338,0.07669057928536231,0.07668202544749152,0.05704192186497482,0.7438760456847169,0.06538793541375044,0.054902504288016137,0.2744623869998577,9.719997251522727e-07,0.27446335899958285
6,12,50,rep6_m12,601042,602042,603042,604042,0.02873712852380287,0.02851153339053293,0.027242072719484707,0.05704192186497482,2.0938906687586947,0.025095373557846877,0.054902504288016137,0.5476638639997873,9.719997251522727e-07,0.5476648359995124
6,12,100,rep6_m12,601042,602042,603042,604042,0.015413624987122981,0.015135735821551071,0.014645901251829487,0.05704192186497482,3.894736205315426,0.013287343890058171,0.054902504288016137,1.0936752019997584,9.719997251522727e-07,1.0936761739994836
6,12,200,rep6_m12,601042,602042,603042,604042,0.00500930043793471,0.005978817496199329,0.0058645004950225,0.05704192186497482,9.7266462699405,0.005493401842764017,0.054902504288016137,2.18628102699995,9.719997251522727e-07,2.186281998999675
6,12,500,rep6_m12,601042,602042,603042,604042,0.004003052613334471,0.0051976071070887475,0.004936937806337535,0.05704192186497482,11.554109875913415,0.004926049026033483,0.054902504288016137,5.452586509999946,9.719997251522727e-07,5.452587481999672
6,12,1000,rep6_m12,601042,602042,603042,604042,0.014583448264429023,0.015787640299967723,0.010937461253946122,0.05704192186497482,5.215279902764885,0.011066869664265386,0.054902504288016137,10.921286222999697,9.719997251522727e-07,10.921287194999422
6,252,0,rep6_m252,601042,602042,603042,604042,105.58082442807068,107.14356932280178,68.63701075842795,0.04783213400113933,0.0006968854481365364,65.41493550764272,0.04870868867637123,0.0,9.810000847210176e-07,0.0
6,252,10,rep6_m252,601042,602042,603042,604042,0.11532213589722132,0.31945755946389487,0.315316051121642,0.04783213400113933,0.15169584241268688,0.28878509575168665,0.04870868867637123,0.16319493499986493,9.810000847210176e-07,0.16319591599994965
6,252,25,rep6_m252,601042,602042,603042,604042,0.06785047999972,0.3096100632777901,0.3039722288346943,0.04783213400113933,0.15735692100725202,0.2776210678723394,0.04870868867637123,0.40278242300018974,9.810000847210176e-07,0.40278340400027446
6,252,50,rep6_m252,601042,602042,603042,604042,0.06225514931567212,0.3690455841643071,0.3687135558378304,0.04783213400113933,0.12972708283656684,0.3429361493635412,0.04870868867637123,0.7948561560001508,9.810000847210176e-07,0.7948571370002355
6,252,100,rep6_m252,601042,602042,603042,604042,0.03333180993522379,0.3976775201897123,0.39750794158041136,0.04783213400113933,0.12033000853006462,0.3723214224393068,0.04870868867637123,1.5718657470001745,9.810000847210176e-07,1.5718667280002592
6,252,200,rep6_m252,601042,602042,603042,604042,0.06676101233011811,0.39415128152978446,0.3922444484013166,0.04783213400113933,0.12194470615477238,0.3715021654622655,0.04870868867637123,3.1152723989998776,9.810000847210176e-07,3.1152733799999623
6,252,500,rep6_m252,601042,602042,603042,604042,0.03440883796015535,0.34462616527413337,0.33612837747149743,0.04783213400113933,0.14230317107098564,0.31839686248511734,0.04870868867637123,7.7296985009998025,9.810000847210176e-07,7.729699481999887
6,252,1000,rep6_m252,601042,602042,603042,604042,0.0030871874509428524,0.296072892160983,0.29479292358134096,0.04783213400113933,0.1622567238726177,0.275552064017063,0.04870868867637123,15.431902249999894,9.810000847210176e-07,15.431903230999978
7,12,0,rep7_m12,701042,702042,703042,704042,110.45606209056871,111.56843218039597,73.23634461103099,0.06017913597173946,0.0008217113550841418,73.18145578086956,0.05721356280852826,0.0,8.810002327663824e-07,0.0
7,12,10,rep7_m12,701042,702042,703042,704042,0.14262157952692392,0.16527564102197598,0.16528519205130712,0.06017913597173946,0.36409272497356515,0.1680131547667716,0.05721356280852826,0.1092551699998694,8.810002327663824e-07,0.10925605100010216
7,12,25,rep7_m12,701042,702042,703042,704042,0.07609568192737565,0.08866718540404427,0.08830365203424773,0.06017913597173946,0.6815022321885347,0.09324295389325533,0.05721356280852826,0.2741959489999317,8.810002327663824e-07,0.2741968300001645
7,12,50,rep7_m12,701042,702042,703042,704042,0.014351674707883734,0.018812410540452275,0.018723161630344452,0.06017913597173946,3.2141545941796337,0.02125653480817047,0.05721356280852826,0.5467545009996684,8.810002327663824e-07,0.5467553819999011
7,12,100,rep7_m12,701042,702042,703042,704042,0.007726887014182113,0.010326049189034799,0.010309817966559116,0.06017913597173946,5.837070660892002,0.012207669611626278,0.05721356280852826,1.1080498029996306,8.810002327663824e-07,1.1080506839998634
7,12,200,rep7_m12,701042,702042,703042,704042,0.004086665779823873,0.005814197149334498,0.005684691477159751,0.06017913597173946,10.586174502790577,0.006863896211723084,0.05721356280852826,2.2004964469997503,8.810002327663824e-07,2.200497327999983
7,12,500,rep7_m12,701042,702042,703042,704042,0.002619968797328245,0.003417762387154032,0.0031510405238046072,0.06017913597173946,19.098179003765523,0.0035572590360095696,0.05721356280852826,5.450241951999942,8.810002327663824e-07,5.450242833000175
7,12,1000,rep7_m12,701042,702042,703042,704042,0.0018862561190041678,0.0028631717188855386,0.0026407564591672643,0.06017913597173946,22.78859747283032,0.003029768535560666,0.05721356280852826,10.868967123999937,8.810002327663824e-07,10.86896800500017
7,252,0,rep7_m252,701042,702042,703042,704042,95.20330808499534,103.52979268120959,68.94842675358325,0.04925120613903748,0.0007143195060136437,66.37270319919638,0.04935586455014361,0.0,9.119999049289618e-07,0.0
7,252,10,rep7_m252,701042,702042,703042,704042,0.10381733755129066,0.29268809788604905,0.2863267358071319,0.04925120613903748,0.17201050401459128,0.270581068624758,0.04935586455014361,0.16130743999974584,9.119999049289618e-07,0.16130835199965077
7,252,25,rep7_m252,701042,702042,703042,704042,0.0661141885774643,0.2932384972363888,0.29176426507974856,0.04925120613903748,0.16880479220296407,0.27995577911454966,0.04935586455014361,0.39907068899992737,9.119999049289618e-07,0.3990716009998323
7,252,50,rep7_m252,701042,702042,703042,704042,0.04386629337156987,0.3272070471110036,0.3240223501551824,0.04925120613903748,0.15199941027355013,0.3156382847273307,0.04935586455014361,0.7850253869996777,9.119999049289618e-07,0.7850262989995827
7,252,100,rep7_m252,701042,702042,703042,704042,0.047852766985012604,0.41037200533023577,0.40040693432355684,0.04925120613903748,0.12300288011305782,0.3879845421030965,0.04935586455014361,1.5482608689999324,9.119999049289618e-07,1.5482617809998374
7,252,200,rep7_m252,701042,702042,703042,704042,0.04075945352802622,0.3886813731074868,0.3838757675612394,0.04925120613903748,0.12829985714370593,0.3696293308103522,0.04935586455014361,3.077278078999825,9.119999049289618e-07,3.07727899099973
7,252,500,rep7_m252,701042,702042,703042,704042,0.014957672784743921,0.3605805864495226,0.35811778270946826,0.04925120613903748,0.13752795453610223,0.35197366821442666,0.04935586455014361,7.635287480999978,9.119999049289618e-07,7.6352883929998825
7,252,1000,rep7_m252,701042,702042,703042,704042,0.026365400987693546,0.3497435368514282,0.34971876202735863,0.04925120613903748,0.14083089466954174,0.33624194551207087,0.04935586455014361,15.21853242599991,9.119999049289618e-07,15.218533337999816
8,12,0,rep8_m12,801042,802042,803042,804042,123.88574291378544,122.22814090296156,71.16038663379994,0.05434828205405083,0.0007637434902333195,70.23439418394476,0.058424517126080745,0.0,9.319996934209485e-07,0.0
8,12,10,rep8_m12,801042,802042,803042,804042,0.18226435164041185,0.21403481488383883,0.21400726106113654,0.05434828205405083,0.25395531807925376,0.20773849928146682,0.058424517126080745,0.10947467300002245,9.319996934209485e-07,0.10947560499971587
8,12,25,rep8_m12,801042,802042,803042,804042,0.10283438572742117,0.13258044281055287,0.13240466366536818,0.05434828205405083,0.4104710555468613,0.12683877655829504,0.058424517126080745,0.272687704999953,9.319996934209485e-07,0.2726886369996464
8,12,50,rep8_m12,801042,802042,803042,804042,0.03151221206203278,0.04990487304833245,0.0492181057807143,0.05434828205405083,1.1042335171571505,0.04552637929187876,0.058424517126080745,0.5455073279999851,9.319996934209485e-07,0.5455082599996786
8,12,100,rep8_m12,801042,802042,803042,804042,0.011869978032119657,0.020780446415724838,0.020550801461738464,0.05434828205405083,2.6445821178914413,0.019667480586714428,0.058424517126080745,1.0897375049999027,9.319996934209485e-07,1.0897384369995962
8,12,200,rep8_m12,801042,802042,803042,804042,0.004662540179160649,0.010205122329986573,0.010181882200017105,0.05434828205405083,5.337744140661884,0.00988012282655446,0.058424517126080745,2.170874845000071,9.319996934209485e-07,2.1708757769997646
8,12,500,rep8_m12,801042,802042,803042,804042,0.0023624497275103783,0.005150713467169125,0.0051057216373493804,0.05434828205405083,10.644583844227272,0.005150552370166964,0.058424517126080745,5.413449218999631,9.319996934209485e-07,5.413450150999324
8,12,1000,rep8_m12,801042,802042,803042,804042,0.0017825381251502734,0.003099091349796599,0.0029979349696713604,0.05434828205405083,18.12857270216525,0.003364718280151885,0.058424517126080745,10.819478891000017,9.319996934209485e-07,10.81947982299971
8,252,0,rep8_m252,801042,802042,803042,804042,103.75330644440719,104.68084791378723,66.77161357010102,0.053392237321896165,0.0007996247876478475,65.1499423783803,0.04891130805613938,0.0,1.0019998626376037e-06,0.0
8,252,10,rep8_m252,801042,802042,803042,804042,0.09966184756698551,0.3002147741819209,0.29571060483110273,0.053392237321896165,0.1805557069973582,0.2941740267892085,0.04891130805613938,0.158385852000265,1.0019998626376037e-06,0.15838685400012764
8,252,25,rep8_m252,801042,802042,803042,804042,0.05938846930368921,0.2821114028656922,0.277926443239451,0.053392237321896165,0.1921092383278385,0.2760695850068879,0.04891130805613938,0.39366509700039387,1.0019998626376037e-06,0.3936660990002565
8,252,50,rep8_m252,801042,802042,803042,804042,0.0444218264643077,0.3233916697235331,0.32074974778502485,0.053392237321896165,0.16646073049348456,0.315286328546594,0.04891130805613938,0.7870533940003952,1.0019998626376037e-06,0.7870543960002578
8,252,100,rep8_m252,801042,802042,803042,804042,0.05577210286976209,0.37883311069398706,0.37053697132765434,0.053392237321896165,0.1440942239328746,0.3660932572400929,0.04891130805613938,1.5520807460002288,1.0019998626376037e-06,1.5520817480000915
8,252,200,rep8_m252,801042,802042,803042,804042,0.05927332245781046,0.38573300424526513,0.3568356344735916,0.053392237321896165,0.14962697713937975,0.35448086932233064,0.04891130805613938,3.0670972220000294,1.0019998626376037e-06,3.067098223999892
8,252,500,rep8_m252,801042,802042,803042,804042,0.026719883316226618,0.33381027005795605,0.32532197583267647,0.053392237321896165,0.16412121310045621,0.3194796712807857,0.04891130805613938,7.6061812380003175,1.0019998626376037e-06,7.60618224000018
8,252,1000,rep8_m252,801042,802042,803042,804042,0.01436998081785268,0.27438912396643156,0.27051896868393216,0.053392237321896165,0.197369661660504,0.26790026336527345,0.04891130805613938,15.137286394000057,1.0019998626376037e-06,15.13728739599992
9,12,0,rep9_m12,901042,902042,903042,904042,115.98283789929548,118.2897660656123,76.90188480776263,0.06039680015879249,0.0007853747708495165,77.91939407861813,0.057039157536622455,0.0,1.0519997886149213e-06,0.0
9,12,10,rep9_m12,901042,902042,903042,904042,0.18183574754555654,0.1918813944381504,0.19180010982767673,0.06039680015879249,0.3148945024747699,0.19644252222411399,0.057039157536622455,0.10903076700014935,1.0519997886149213e-06,0.10903181899993797
9,12,25,rep9_m12,901042,902042,903042,904042,0.11415189062546924,0.12190036092357599,0.12165912418933024,0.06039680015879249,0.4964428320624834,0.125415621727561,0.057039157536622455,0.2734258390000832,1.0519997886149213e-06,0.27342689099987183
9,12,50,rep9_m12,901042,902042,903042,904042,0.042593452483713976,0.04584262587080268,0.04584720997285562,0.06039680015879249,1.317349522349367,0.04920681615410323,0.057039157536622455,0.5509300650001023,1.0519997886149213e-06,0.550931116999891
9,12,100,rep9_m12,901042,902042,903042,904042,0.009713742446242865,0.010826529767663734,0.010701254175396626,0.06039680015879249,5.64389922609739,0.012079375383372691,0.057039157536622455,1.0968653120003182,1.0519997886149213e-06,1.0968663640001068
9,12,200,rep9_m12,901042,902042,903042,904042,0.0045260692615441975,0.00564192441870528,0.005298165120923318,0.06039680015879249,11.39956924337365,0.005687655911389246,0.057039157536622455,2.2161280640002587,1.0519997886149213e-06,2.2161291160000474
9,12,500,rep9_m12,901042,902042,903042,904042,0.0020122572457741835,0.0032380679028837234,0.0032120711974872014,0.06039680015879249,18.803070182890345,0.0036581851908978036,0.057039157536622455,5.4654564370002845,1.0519997886149213e-06,5.465457489000073
9,12,1000,rep9_m12,901042,902042,903042,904042,0.0013437007589990205,0.0022274171049899115,0.002226894495342668,0.06039680015879249,27.121536419936593,0.002460261410987505,0.057039157536622455,10.902007827000034,1.0519997886149213e-06,10.902008878999823
9,252,0,rep9_m252,901042,902042,903042,904042,92.56822177841177,98.12304438649336,64.53970837330918,0.04963842475745483,0.0007691144879418625,64.47348912813443,0.04862126405469096,0.0,8.420001904596575e-07,0.0
9,252,10,rep9_m252,901042,902042,903042,904042,0.0979868799614701,0.28434049001783945,0.27538747485438175,0.04963842475745483,0.18024939145726374,0.271143129349637,0.04862126405469096,0.15871402399989165,8.420001904596575e-07,0.1587148660000821
9,252,25,rep9_m252,901042,902042,903042,904042,0.06264856179048536,0.26753930398213777,0.26512715332132414,0.04963842475745483,0.18722497539622027,0.26487177183139266,0.04862126405469096,0.3945678830000361,8.420001904596575e-07,0.39456872500022655
9,252,50,rep9_m252,901042,902042,903042,904042,0.05118812920231144,0.31035966648519725,0.29980666290787983,0.04963842475745483,0.1655681173860602,0.29465200855420315,0.04862126405469096,0.7805054639998161,8.420001904596575e-07,0.7805063060000066
9,252,100,rep9_m252,901042,902042,903042,904042,0.040040833225344255,0.36061864139296496,0.3550746629940533,0.04963842475745483,0.1397971467152703,0.3523756122654545,0.04862126405469096,1.540625400999943,8.420001904596575e-07,1.5406262430001334
9,252,200,rep9_m252,901042,902042,903042,904042,0.030092548147331366,0.3563010473763977,0.3559097323739439,0.04963842475745483,0.13946914130828317,0.34374376577303417,0.04862126405469096,3.057774064000114,8.420001904596575e-07,3.0577749060003043
9,252,500,rep9_m252,901042,902042,903042,904042,0.007976401035083111,0.32802596059801825,0.3266492533878561,0.04963842475745483,0.1519624620066566,0.31652432021634563,0.04862126405469096,7.606879062000189,8.420001904596575e-07,7.60687990400038
9,252,1000,rep9_m252,901042,902042,903042,904042,0.07891838969069606,0.34917227216454816,0.3417838106405784,0.04963842475745483,0.14523339962891002,0.3354687197192173,0.04862126405469096,15.097036996000043,8.420001904596575e-07,15.097037838000233
10,12,0,rep10_m12,1001042,1002042,1003042,1004042,121.73921211085153,121.74957386196624,72.84757543312467,0.05558383308702608,0.0007630155534559005,72.7537707512131,0.05685278688048083,0.0,7.819999154889956e-07,0.0
10,12,10,rep10_m12,1001042,1002042,1003042,1004042,0.16486986847949306,0.1883293715120582,0.18775517032333636,0.05558383308702608,0.2960442207333317,0.19316185078795672,0.05685278688048083,0.10846033000007083,7.819999154889956e-07,0.10846111199998631
10,12,25,rep10_m12,1001042,1002042,1003042,1004042,0.07766173806628382,0.0954617053658687,0.09489244514348893,0.05558383308702608,0.5857561474253988,0.09701753627697628,0.05685278688048083,0.27252008799996474,7.819999154889956e-07,0.27252086999988023
10,12,50,rep10_m12,1001042,1002042,1003042,1004042,0.02444684639796673,0.033283193278712986,0.033285947749529546,0.05558383308702608,1.6698888523554714,0.03432246853780601,0.05685278688048083,0.5444133169999077,7.819999154889956e-07,0.5444140989998232
10,12,100,rep10_m12,1001042,1002042,1003042,1004042,0.01098146619532046,0.01562673490530572,0.015588755304053372,0.05558383308702608,3.565636383590756,0.016288589995196386,0.05685278688048083,1.0849049420003212,7.819999154889956e-07,1.0849057240002367
10,12,200,rep10_m12,1001042,1002042,1003042,1004042,0.004407625510847477,0.007283287910386551,0.007140549488754991,0.05558383308702608,7.784251502571344,0.007434084834097047,0.05685278688048083,2.1652969000001576,7.819999154889956e-07,2.165297682000073
10,12,500,rep10_m12,1001042,1002042,1003042,1004042,0.00336593878088919,0.004945702237520369,0.0044768407131040985,0.05558383308702608,12.415861239897906,0.00462544466481867,0.05685278688048083,5.404446024000208,7.819999154889956e-07,5.404446806000124
10,12,1000,rep10_m12,1001042,1002042,1003042,1004042,0.0014591302081848024,0.002983523434019329,0.0029221685352574587,0.05558383308702608,19.021433027006722,0.0031640439876811704,0.05685278688048083,10.823952181000095,7.819999154889956e-07,10.82395296300001
10,252,0,rep10_m252,1001042,1002042,1003042,1004042,115.75850057778084,115.30868022031714,66.17095627018465,0.05147069949765392,0.0007778442748732894,66.68364766468562,0.0522402215650805,0.0,8.609999895270448e-07,0.0
10,252,10,rep10_m252,1001042,1002042,1003042,1004042,0.12645753043594718,0.2665805370416582,0.26375283004843714,0.05147069949765392,0.1951474776145588,0.2586616869797833,0.0522402215650805,0.15978108800027258,8.609999895270448e-07,0.1597819490002621
10,252,25,rep10_m252,1001042,1002042,1003042,1004042,0.0889119852765875,0.26781793651875824,0.2657138527969656,0.05147069949765392,0.19370724919254834,0.2574480866087838,0.0522402215650805,0.398145778000071,8.609999895270448e-07,0.39814663900006053
10,252,50,rep10_m252,1001042,1002042,1003042,1004042,0.05642183374895077,0.32460907815442525,0.32114162380490147,0.05147069949765392,0.16027414599149928,0.31093314911874403,0.0522402215650805,0.7889518100000714,8.609999895270448e-07,0.788952671000061
10,252,100,rep10_m252,1001042,1002042,1003042,1004042,0.026929545543270036,0.431879014211448,0.4307974171563339,0.05147069949765392,0.11947773465636982,0.41742143715684543,0.0522402215650805,1.5583504460000768,8.609999895270448e-07,1.5583513070000663
10,252,200,rep10_m252,1001042,1002042,1003042,1004042,0.03141777755040418,0.3732687947641176,0.3726833668230203,0.05147069949765392,0.1381083892646497,0.3500989186260808,0.0522402215650805,3.0769659040001898,8.609999895270448e-07,3.0769667650001793
10,252,500,rep10_m252,1001042,1002042,1003042,1004042,0.023011833928018734,0.28633921549898456,0.27729143713805005,0.05147069949765392,0.1856195057044951,0.2656192224557857,0.0522402215650805,7.606963408999945,8.609999895270448e-07,7.606964269999935
10,252,1000,rep10_m252,1001042,1002042,1003042,1004042,0.016440163775892386,0.2640066557706168,0.2613265350061632,0.05147069949765392,0.19695933096285081,0.25372223501321,0.0522402215650805,15.17343382800027,8.609999895270448e-07,15.17343468900026
11,12,0,rep11_m12,1101042,1102042,1103042,1104042,113.26935691075363,105.7048910462532,72.95053039600256,0.0523376612896166,0.0007174404491030887,74.06911618756322,0.05708504003719778,0.0,1.0520002433622722e-06,0.0
11,12,10,rep11_m12,1101042,1102042,1103042,1104042,0.19548798451912824,0.1649238485227282,0.16480471991539164,0.0523376612896166,0.31757380077758696,0.18189109263912842,0.05708504003719778,0.10867634800024462,1.0520002433622722e-06,0.10867740000048798
11,12,25,rep11_m12,1101042,1102042,1103042,1104042,0.13730487559837734,0.10899714546533391,0.10882168036071554,0.0523376612896166,0.48094884324640896,0.1241173330777476,0.05708504003719778,0.27247511800032953,1.0520002433622722e-06,0.2724761700005729
11,12,50,rep11_m12,1101042,1102042,1103042,1104042,0.054201100086487965,0.041111403656972884,0.04019215776888285,0.0523376612896166,1.3021859037918315,0.04656525533132395,0.05708504003719778,0.5445228920002592,1.0520002433622722e-06,0.5445239440005025
11,12,100,rep11_m12,1101042,1102042,1103042,1104042,0.012631618280736319,0.011030160410596353,0.010676834421355133,0.0523376612896166,4.901983043301121,0.01157459600043823,0.05708504003719778,1.0865916920001837,1.0520002433622722e-06,1.086592744000427
11,12,200,rep11_m12,1101042,1102042,1103042,1104042,0.004147384230040907,0.004958922657518932,0.004882799773856093,0.0523376612896166,10.718780968625298,0.004756238267958016,0.05708504003719778,2.1673105040003975,1.0520002433622722e-06,2.167311556000641
11,12,500,rep11_m12,1101042,1102042,1103042,1104042,0.02955808841961201,0.028666862297112038,0.019756651178010492,0.0523376612896166,2.649116027713713,0.020479797654396663,0.05708504003719778,5.437109217000398,1.0520002433622722e-06,5.437110269000641
11,12,1000,rep11_m12,1101042,1102042,1103042,1104042,0.0013263356314395347,0.002553185672021609,0.0025516892348590465,0.0523376612896166,20.51098565398294,0.0025015165555995118,0.05708504003719778,10.850127674000305,1.0520002433622722e-06,10.850128726000548
11,252,0,rep11_m252,1101042,1102042,1103042,1104042,86.97229922175386,85.96412224790754,62.81651094417974,0.04635871993774012,0.0007380021469026765,64.80123278247378,0.04881036211416461,0.0,7.210001058410853e-07,0.0
11,252,10,rep11_m252,1101042,1102042,1103042,1104042,0.09211492208433608,0.253501299345298,0.24670614952736253,0.04635871993774012,0.18791067845918616,0.2649812625349998,0.04881036211416461,0.16131245999986277,7.210001058410853e-07,0.1613131809999686
11,252,25,rep11_m252,1101042,1102042,1103042,1104042,0.05419096353168693,0.24315545415802425,0.2408902642490932,0.04635871993774012,0.19244746184429756,0.25779197409918564,0.04881036211416461,0.4021439670000291,7.210001058410853e-07,0.4021446880001349
11,252,50,rep11_m252,1101042,1102042,1103042,1104042,0.04551186410558093,0.2842591706747825,0.2787273285023415,0.04635871993774012,0.1663228366835607,0.29012352683388404,0.04881036211416461,0.7883410609997554,7.210001058410853e-07,0.7883417819998613
11,252,100,rep11_m252,1101042,1102042,1103042,1104042,0.05180562817930627,0.2971679037082177,0.2965132027640873,0.04635871993774012,0.15634622507728324,0.3151106232473914,0.04881036211416461,1.5554811819997667,7.210001058410853e-07,1.5554819029998725
11,252,200,rep11_m252,1101042,1102042,1103042,1104042,0.04180387669374046,0.2928830228715025,0.2927646787306518,0.04635871993774012,0.1583480634984348,0.3072285460721966,0.04881036211416461,3.070151221999822,7.210001058410853e-07,3.070151942999928
11,252,500,rep11_m252,1101042,1102042,1103042,1104042,0.0215263309714379,0.2679594548094766,0.2677753775176181,0.04635871993774012,0.17312540222145698,0.2852933889211308,0.04881036211416461,7.629410015999838,7.210001058410853e-07,7.629410736999944
11,252,1000,rep11_m252,1101042,1102042,1103042,1104042,0.07933454548517327,0.2960075406422446,0.2808163244774125,0.04635871993774012,0.1650855591248542,0.2968139165140957,0.04881036211416461,15.32197826699985,7.210001058410853e-07,15.321978987999955
12,12,0,rep12_m12,1201042,1202042,1203042,1204042,115.28504072874522,113.62206349475365,72.08982086355745,0.053221101319714664,0.0007382609733549606,73.2075374363862,0.056618806856760226,0.0,7.710000318184029e-07,0.0
12,12,10,rep12_m12,1201042,1202042,1203042,1204042,0.18001157939895585,0.18549744689467562,0.184911604570161,0.053221101319714664,0.2878191525265846,0.18800029214976147,0.056618806856760226,0.11068002799993337,7.710000318184029e-07,0.11068079899996519
12,12,25,rep12_m12,1201042,1202042,1203042,1204042,0.11622076661617366,0.1227989317816841,0.1227098820569117,0.053221101319714664,0.4337148763212991,0.12416878797478188,0.056618806856760226,0.27763862500023606,7.710000318184029e-07,0.2776393960002679
12,12,50,rep12_m12,1201042,1202042,1203042,1204042,0.032815098742950556,0.037748135571901,0.03773475330991376,0.053221101319714664,1.410400139166467,0.03845509266138246,0.056618806856760226,0.5549914439998247,7.710000318184029e-07,0.5549922149998565
12,12,100,rep12_m12,1201042,1202042,1203042,1204042,0.007242622162474749,0.009428267776129429,0.009291670225429812,0.053221101319714664,5.727829338374176,0.009694240536336237,0.056618806856760226,1.1107145219998529,7.710000318184029e-07,1.1107152929998847
12,12,200,rep12_m12,1201042,1202042,1203042,1204042,0.003703652425332555,0.005145422023436913,0.004997954396746352,0.053221101319714664,10.648576816619492,0.00520237435445217,0.056618806856760226,2.2213074340002095,7.710000318184029e-07,2.2213082050002413
12,12,500,rep12_m12,1201042,1202042,1203042,1204042,0.0029484080017307466,0.003809459007387719,0.0038090534325821287,0.053221101319714664,13.97226430705029,0.004116622456591438,0.056618806856760226,5.5351481040002,7.710000318184029e-07,5.535148875000232
12,12,1000,rep12_m12,1201042,1202042,1203042,1204042,0.0028484699183718913,0.003949639786322573,0.0036019361166376696,0.053221101319714664,14.77569273754789,0.00400329680213087,0.056618806856760226,11.039483652999934,7.710000318184029e-07,11.039484423999966
12,252,0,rep12_m252,1201042,1202042,1203042,1204042,105.5426169839338,105.5030320304825,64.17238739182794,0.04934480669324938,0.0007689414201151135,65.57899828944934,0.05024307748018264,0.0,1.0720000318542589e-06,0.0
12,252,10,rep12_m252,1201042,1202042,1203042,1204042,0.09677742033131966,0.27261839110308617,0.2663171349114905,0.04934480669324938,0.18528588748016134,0.28517675581640517,0.05024307748018264,0.1597751179997431,1.0720000318542589e-06,0.15977618999977494
12,252,25,rep12_m252,1201042,1202042,1203042,1204042,0.056053646303249764,0.24113353050560749,0.23442143385447753,0.04934480669324938,0.2104961388636557,0.25217055449496706,0.05024307748018264,0.39671856299992214,1.0720000318542589e-06,0.396719634999954
12,252,50,rep12_m252,1201042,1202042,1203042,1204042,0.03457485692820036,0.2736082812060069,0.2679609518874413,0.04934480669324938,0.18414924393154486,0.28727932986006516,0.05024307748018264,0.7838702649996776,1.0720000318542589e-06,0.7838713369997095
12,252,100,rep12_m252,1201042,1202042,1203042,1204042,0.030201310068875966,0.32506302782559837,0.32328742053935866,0.04934480669324938,0.15263447804719607,0.3414007989340988,0.05024307748018264,1.5511934669998482,1.0720000318542589e-06,1.55119453899988
12,252,200,rep12_m252,1201042,1202042,1203042,1204042,0.03018653480850687,0.3087025290394866,0.3022959125704055,0.04934480669324938,0.1632334564952374,0.3108795473649238,0.05024307748018264,3.075248131999615,1.0720000318542589e-06,3.075249203999647
12,252,500,rep12_m252,1201042,1202042,1203042,1204042,0.00411257653556721,0.26524969198585324,0.2640463296759276,0.04934480669324938,0.18687935088441418,0.2750902943202033,0.05024307748018264,7.623719190999964,1.0720000318542589e-06,7.623720262999996
12,252,1000,rep12_m252,1201042,1202042,1203042,1204042,0.005657136914516501,0.24411259716004824,0.24173305733295813,0.04934480669324938,0.2041293285977137,0.24938860855295225,0.05024307748018264,15.199728359999881,1.0720000318542589e-06,15.199729431999913
13,12,0,rep13_m12,1301042,1302042,1303042,1304042,106.27286936137192,114.58177576665815,74.18844750203765,0.06265922534113906,0.0008445954518649022,73.47163793094924,0.05690962443477879,0.0,9.319996934209485e-07,0.0
13,12,10,rep13_m12,1301042,1302042,1303042,1304042,0.13681897426049816,0.17161840289613323,0.1703868387284932,0.06265922534113906,0.3677468624262983,0.16876795466481595,0.05690962443477879,0.11030786799983616,9.319996934209485e-07,0.11030879999952958
13,12,25,rep13_m12,1301042,1302042,1303042,1304042,0.09758305905626828,0.13793846295038673,0.13733958549094366,0.06265922534113906,0.4562357248797062,0.13493136066898365,0.05690962443477879,0.2794256869997298,9.319996934209485e-07,0.2794266189994232
13,12,50,rep13_m12,1301042,1302042,1303042,1304042,0.030790063360506745,0.05068452693303535,0.05062721853469044,0.06265922534113906,1.2376588553488106,0.04894927152900697,0.05690962443477879,0.5532750819998,9.319996934209485e-07,0.5532760139994934
13,12,100,rep13_m12,1301042,1302042,1303042,1304042,0.007283710711512689,0.012949937041297582,0.012926891743868076,0.06265922534113906,4.847199665833182,0.01233242174687424,0.05690962443477879,1.1051729139999225,9.319996934209485e-07,1.1051738459996159
13,12,200,rep13_m12,1301042,1302042,1303042,1304042,0.004746618338013294,0.008711445162118943,0.008660745496919905,0.06265922534113906,7.234853554283877,0.008059208406178887,0.05690962443477879,2.20203569899968,9.319996934209485e-07,2.2020366309993733
13,12,500,rep13_m12,1301042,1302042,1303042,1304042,0.0026090003554031065,0.00364596583257609,0.0035354882823802275,0.06265922534113906,17.722933958914,0.003646718556619555,0.05690962443477879,5.521188361999975,9.319996934209485e-07,5.521189293999669
13,12,1000,rep13_m12,1301042,1302042,1303042,1304042,0.0021216459995308913,0.003730472499657357,0.0034412846043361056,0.06265922534113906,18.20809161270383,0.0031871944770181663,0.05690962443477879,10.978803626999706,9.319996934209485e-07,10.9788045589994
13,252,0,rep13_m252,1301042,1302042,1303042,1304042,85.29037294899949,88.01513490525781,64.59382235336784,0.048413488544291866,0.0007495064818960609,65.65107147377664,0.05134668012496912,0.0,1.0919998203462455e-06,0.0
13,252,10,rep13_m252,1301042,1302042,1303042,1304042,0.09292106560991271,0.25486722640203957,0.25145918676503193,0.048413488544291866,0.19253020407454954,0.24814281803444554,0.05134668012496912,0.16000438600030975,1.0919998203462455e-06,0.1600054780001301
13,252,25,rep13_m252,1301042,1302042,1303042,1304042,0.06133793245865337,0.26237780436677033,0.25998676804217763,0.048413488544291866,0.1862152020615055,0.257090332402626,0.05134668012496912,0.4014902490002896,1.0919998203462455e-06,0.40149134100010997
13,252,50,rep13_m252,1301042,1302042,1303042,1304042,0.046050123424328876,0.30152347954267256,0.2945106812332244,0.048413488544291866,0.16438618912416625,0.2927629217533088,0.05134668012496912,0.7949580490003427,1.0919998203462455e-06,0.7949591410001631
13,252,100,rep13_m252,1301042,1302042,1303042,1304042,0.05650779790726861,0.33903845444807473,0.33698549107256803,0.048413488544291866,0.14366638869287782,0.33447946060899514,0.05134668012496912,1.5689744040000733,1.0919998203462455e-06,1.5689754959998936
13,252,200,rep13_m252,1301042,1302042,1303042,1304042,0.05475286943466415,0.3498890503736978,0.3489352869158582,0.048413488544291866,0.1387463244895786,0.34354283191213447,0.05134668012496912,3.1113929520001875,1.0919998203462455e-06,3.111394044000008
13,252,500,rep13_m252,1301042,1302042,1303042,1304042,0.01379729183616529,0.3356674168602896,0.3318625236705572,0.048413488544291866,0.14588416916985888,0.3215163468977218,0.05134668012496912,7.727590607000366,1.0919998203462455e-06,7.727591699000186
13,252,1000,rep13_m252,1301042,1302042,1303042,1304042,0.01324487756195889,0.299011796820336,0.29674262769901494,0.048413488544291866,0.16314976018004904,0.2938301392476832,0.05134668012496912,15.372064482000042,1.0919998203462455e-06,15.372065573999862
14,12,0,rep14_m12,1401042,1402042,1403042,1404042,113.13689735834377,118.41247384672458,71.91378892602606,0.058936730690013706,0.0008195470099710479,69.66685780814856,0.05570128852366354,0.0,7.510002433264162e-07,0.0
14,12,10,rep14_m12,1401042,1402042,1403042,1404042,0.168586690202918,0.17719969003065725,0.17543631870166598,0.058936730690013706,0.33594372662502764,0.17032469266292466,0.05570128852366354,0.10983077700029753,7.510002433264162e-07,0.10983152800054086
14,12,25,rep14_m12,1401042,1402042,1403042,1404042,0.10529001780584485,0.11279413614205377,0.11235762761776491,0.058936730690013706,0.5245458803252196,0.11081886441846278,0.05570128852366354,0.2747024780001084,7.510002433264162e-07,0.2747032290003517
14,12,50,rep14_m12,1401042,1402042,1403042,1404042,0.03621785650899126,0.040196982743192396,0.04020072519085128,0.058936730690013706,1.4660613809878806,0.04114708157753147,0.05570128852366354,0.5554846439999892,7.510002433264162e-07,0.5554853950002325
14,12,100,rep14_m12,1401042,1402042,1403042,1404042,0.008669210524533746,0.010747733991469867,0.010610017353338762,0.058936730690013706,5.554819443482577,0.010577380185558484,0.05570128852366354,1.1037691040000936,7.510002433264162e-07,1.103769855000337
14,12,200,rep14_m12,1401042,1402042,1403042,1404042,0.003163303659930864,0.0043640846679207845,0.00436423275057421,0.058936730690013706,13.50448843092965,0.004331054447739738,0.05570128852366354,2.2003257290002693,7.510002433264162e-07,2.2003264800005127
14,12,500,rep14_m12,1401042,1402042,1403042,1404042,0.0024040182803922667,0.0038110415922890674,0.003799276089216193,0.058936730690013706,15.51262116941141,0.0036473209734407546,0.05570128852366354,5.488961362000282,7.510002433264162e-07,5.488962113000525
14,12,1000,rep14_m12,1401042,1402042,1403042,1404042,0.0015583397106889677,0.002801372427353226,0.0026272365700771966,0.058936730690013706,22.432974388858312,0.0025493794174527994,0.05570128852366354,10.959792765000202,7.510002433264162e-07,10.959793516000445
14,252,0,rep14_m252,1401042,1402042,1403042,1404042,101.06168546740913,105.2295146333913,66.22310301207277,0.04761756667500128,0.0007190476511848196,65.45097872961152,0.046687969726106185,0.0,7.310000000870787e-07,0.0
14,252,10,rep14_m252,1401042,1402042,1403042,1404042,0.10148475218409646,0.31185957777276485,0.3010779356409505,0.04761756667500128,0.15815694555507864,0.30502277143545053,0.046687969726106185,0.16111865799985026,7.310000000870787e-07,0.16111938899985034
14,252,25,rep14_m252,1401042,1402042,1403042,1404042,0.0574224040950823,0.2868223091851291,0.2784178135278997,0.04761756667500128,0.1710291668181268,0.28012747208455635,0.046687969726106185,0.3983580159997473,7.310000000870787e-07,0.3983587469997474
14,252,50,rep14_m252,1401042,1402042,1403042,1404042,0.03783975040241578,0.3272932109667048,0.31878859892654554,0.04761756667500128,0.14937035651633576,0.32174711930807903,0.046687969726106185,0.787490902999707,7.310000000870787e-07,0.7874916339997071
14,252,100,rep14_m252,1401042,1402042,1403042,1404042,0.04072736330129264,0.3705727168133984,0.3627220002885577,0.04761756667500128,0.13127840780851419,0.367200660836541,0.046687969726106185,1.5510160389999328,7.310000000870787e-07,1.5510167699999329
14,252,200,rep14_m252,1401042,1402042,1403042,1404042,0.036737302381086835,0.35262434765950884,0.34190291451915117,0.04761756667500128,0.1392721870826113,0.3482193506865039,0.046687969726106185,3.0737370189999638,7.310000000870787e-07,3.073737749999964
14,252,500,rep14_m252,1401042,1402042,1403042,1404042,0.027831325615997424,0.32384127297895604,0.32376887801665044,0.04761756667500128,0.14707271114721673,0.3258930178107461,0.046687969726106185,7.628451419999692,7.310000000870787e-07,7.628452150999692
14,252,1000,rep14_m252,1401042,1402042,1403042,1404042,0.0056792879732299436,0.29544269892122155,0.2928022845479986,0.04761756667500128,0.16262703260156908,0.3009134178380244,0.046687969726106185,15.210721465000006,7.310000000870787e-07,15.210722196000006
15,12,0,rep15_m12,1501042,1502042,1503042,1504042,102.21923447692797,99.61998425880486,67.52882758633902,0.05663357325226351,0.0008386577299873098,69.19290571563215,0.05827754726568504,0.0,8.619999789516442e-07,0.0
15,12,10,rep15_m12,1501042,1502042,1503042,1504042,0.18208390354990747,0.16984277745493276,0.16935047946944448,0.05663357325226351,0.3344163738401566,0.16955870260268535,0.05827754726568504,0.10922870600006718,8.619999789516442e-07,0.10922956800004613
15,12,25,rep15_m12,1501042,1502042,1503042,1504042,0.13133617220137217,0.11855401274753294,0.11852088909144685,0.05663357325226351,0.4778362167749762,0.11975606910357667,0.05827754726568504,0.2739620150000519,8.619999789516442e-07,0.27396287700003086
15,12,50,rep15_m12,1501042,1502042,1503042,1504042,0.046015176362833685,0.042358829525738155,0.042264717125620535,0.05663357325226351,1.3399728450550232,0.04186898083523919,0.05827754726568504,0.5470319740002196,8.619999789516442e-07,0.5470328360001986
15,12,100,rep15_m12,1501042,1502042,1503042,1504042,0.007922095966296592,0.008859945209009897,0.008676580463673787,0.05663357325226351,6.527176632473026,0.009201121703115395,0.05827754726568504,1.096309490999829,8.619999789516442e-07,1.096310352999808
15,12,200,rep15_m12,1501042,1502042,1503042,1504042,0.0026463686527956787,0.003938164606240967,0.0038361884805582793,0.05663357325226351,14.76297985338344,0.0039929027393401685,0.05827754726568504,2.1795659180002076,8.619999789516442e-07,2.1795667800001866
15,12,500,rep15_m12,1501042,1502042,1503042,1504042,0.006183990707106657,0.007328650672393853,0.0063046646034449275,0.05663357325226351,8.982805083924433,0.006318950479367923,0.05827754726568504,5.476416406000226,8.619999789516442e-07,5.476417268000205
15,12,1000,rep15_m12,1501042,1502042,1503042,1504042,0.001191640633754248,0.002547839766834423,0.002547557457886963,0.05663357325226351,22.230538148190565,0.002421989923112343,0.05827754726568504,10.878686433999974,8.619999789516442e-07,10.878687295999953
15,252,0,rep15_m252,1501042,1502042,1503042,1504042,104.68849592553119,103.94524238593948,63.44835140187497,0.04760210871900119,0.0007502497333223774,64.09391849674064,0.04768611692179003,0.0,8.910001270123757e-07,0.0
15,252,10,rep15_m252,1501042,1502042,1503042,1504042,0.10105071809016399,0.27074036044381494,0.2656698319117891,0.04760210871900119,0.17917769728106206,0.2759236651785332,0.04768611692179003,0.1593437179999455,8.910001270123757e-07,0.15934460900007252
15,252,25,rep15_m252,1501042,1502042,1503042,1504042,0.0658677979864634,0.2564778320171329,0.24934114998866502,0.04760210871900119,0.19091156321836636,0.2585364493251679,0.04768611692179003,0.39640308200023355,8.910001270123757e-07,0.39640397300036057
15,252,50,rep15_m252,1501042,1502042,1503042,1504042,0.042024732656137265,0.2989647049322902,0.29313117307142533,0.04760210871900119,0.16239183373172766,0.3010744620233315,0.04768611692179003,0.7831191939999371,8.910001270123757e-07,0.7831200850000641
15,252,100,rep15_m252,1501042,1502042,1503042,1504042,0.04291349488796381,0.3638962536450136,0.36122376200249245,0.04760210871900119,0.13178011450606822,0.37335314291332006,0.04768611692179003,1.5450314009999602,8.910001270123757e-07,1.5450322920000872
15,252,200,rep15_m252,1501042,1502042,1503042,1504042,0.037046208392611274,0.32538595371325213,0.3232821536693331,0.04760210871900119,0.14724632392696405,0.33141117811933735,0.04768611692179003,3.057140910000271,8.910001270123757e-07,3.057141801000398
15,252,500,rep15_m252,1501042,1502042,1503042,1504042,0.03712685605615516,0.29302945648000406,0.289029463896866,0.04760210871900119,0.1646963879640554,0.2905053103636237,0.04768611692179003,7.600989129000027,8.910001270123757e-07,7.600990020000154
15,252,1000,rep15_m252,1501042,1502042,1503042,1504042,0.026343641497393013,0.2669749619613994,0.26256434076858487,0.04760210871900119,0.18129692927706448,0.2633049881787092,0.04768611692179003,15.14205618699998,8.910001270123757e-07,15.142057078000107
16,12,0,rep16_m12,1601042,1602042,1603042,1604042,123.51723681551287,123.70137462854402,77.91188870085708,0.05575324607357831,0.0007155935634886617,75.93691289422212,0.05578687865059029,0.0,7.520002327510156e-07,0.0
16,12,10,rep16_m12,1601042,1602042,1603042,1604042,0.16231871477075652,0.16879923538244157,0.1685581543716338,0.05575324607357831,0.3307656415758719,0.1662770196138435,0.05578687865059029,0.1091635480001969,7.520002327510156e-07,0.10916430000042965
16,12,25,rep16_m12,1601042,1602042,1603042,1604042,0.12109252868309188,0.12685902267234214,0.12665702986731728,0.05575324607357831,0.4401906955498957,0.12606810284285117,0.05578687865059029,0.27350208500001827,7.520002327510156e-07,0.273502837000251
16,12,50,rep16_m12,1601042,1602042,1603042,1604042,0.03586765212058193,0.04032712386326687,0.03963059928976964,0.05575324607357831,1.406823188968798,0.039972250281621664,0.05578687865059029,0.546546871999908,7.520002327510156e-07,0.5465476240001408
16,12,100,rep16_m12,1601042,1602042,1603042,1604042,0.008602287532020744,0.01084969660319333,0.010427564499313742,0.05575324607357831,5.346717929891255,0.010279287364778431,0.05578687865059029,1.0896225790002063,7.520002327510156e-07,1.089623331000439
16,12,200,rep16_m12,1601042,1602042,1603042,1604042,0.004660076715563721,0.006190239406009102,0.006057189367676393,0.05575324607357831,9.204474664619227,0.005789307367836655,0.05578687865059029,2.182557213000109,7.520002327510156e-07,2.182557965000342
16,12,500,rep16_m12,1601042,1602042,1603042,1604042,0.002355810012016569,0.0032954049501597547,0.0031001024957496882,0.05575324607357831,17.98432346995536,0.003072119596256474,0.05578687865059029,5.440330578000157,7.520002327510156e-07,5.44033133000039
16,12,1000,rep16_m12,1601042,1602042,1603042,1604042,0.0027916108176097945,0.0038470960264541795,0.0035650969459407656,0.05575324607357831,15.638633933099404,0.003388585491644577,0.05578687865059029,10.88679900399984,7.520002327510156e-07,10.886799756000073
16,252,0,rep16_m252,1601042,1602042,1603042,1604042,109.59948576229161,107.14361577592115,64.67229325644136,0.05233192678743255,0.0008091861932268853,63.96277553966789,0.0485056221179027,0.0,7.510002433264162e-07,0.0
16,252,10,rep16_m252,1601042,1602042,1603042,1604042,0.12710533453616332,0.26233835480288076,0.2584010190328864,0.05233192678743255,0.20252213781236025,0.26663448595660594,0.0485056221179027,0.16211878600006457,7.510002433264162e-07,0.1621195370003079
16,252,25,rep16_m252,1601042,1602042,1603042,1604042,0.07766102998060333,0.2659010472164759,0.25781471926338145,0.05233192678743255,0.20298269601112523,0.266234906108455,0.0485056221179027,0.400021426999956,7.510002433264162e-07,0.40002217800019935
16,252,50,rep16_m252,1601042,1602042,1603042,1604042,0.053424102986096456,0.33597818798392876,0.33397023569006024,0.05233192678743255,0.1566963794821494,0.3410604625837204,0.0485056221179027,0.7874508939999032,7.510002433264162e-07,0.7874516450001465
16,252,100,rep16_m252,1601042,1602042,1603042,1604042,0.033640595837334475,0.44628009126679635,0.44138585327932917,0.05233192678743255,0.1185627640728089,0.4425908731531674,0.0485056221179027,1.553920425999877,7.510002433264162e-07,1.5539211770001202
16,252,200,rep16_m252,1601042,1602042,1603042,1604042,0.02077587370982985,0.4385422289233615,0.43064937223684274,0.05233192678743255,0.12151864175631898,0.4306173141917456,0.0485056221179027,3.1061703020000095,7.510002433264162e-07,3.106171053000253
16,252,500,rep16_m252,1601042,1602042,1603042,1604042,0.021960628160822313,0.403941331164818,0.4039623654849733,0.05233192678743255,0.1295465401204044,0.4095052485118855,0.0485056221179027,7.7049059390001275,7.510002433264162e-07,7.704906690000371
16,252,1000,rep16_m252,1601042,1602042,1603042,1604042,0.005616003255337422,0.3744777265077005,0.37183055457792363,0.05233192678743255,0.1407413300040287,0.3709853583251806,0.0485056221179027,15.432680203000018,7.510002433264162e-07,15.432680954000261
17,12,0,rep17_m12,1701042,1702042,1703042,1704042,110.58653300018553,111.12391313217714,71.67563578884611,0.052318865639582865,0.0007299393310400817,71.2738263059824,0.05778182769578694,0.0,1.1020001693395898e-06,0.0
17,12,10,rep17_m12,1701042,1702042,1703042,1704042,0.15377589388580287,0.17425214803360503,0.17426389180580512,0.052318865639582865,0.30022780449483805,0.17060859312904808,0.05778182769578694,0.10982499199963058,1.1020001693395898e-06,0.10982609399979992
17,12,25,rep17_m12,1701042,1702042,1703042,1704042,0.10014519278507998,0.11523095963091287,0.11338443751413489,0.052318865639582865,0.4614289825538061,0.11084587095803582,0.05778182769578694,0.27485088299999916,1.1020001693395898e-06,0.2748519850001685
17,12,50,rep17_m12,1701042,1702042,1703042,1704042,0.035428365900668675,0.04443865613537741,0.04437642157378087,0.052318865639582865,1.1789789213309319,0.04311326922021794,0.05778182769578694,0.5488277739996192,1.1020001693395898e-06,0.5488288759997886
17,12,100,rep17_m12,1701042,1702042,1703042,1704042,0.010845581730313353,0.013603043422237369,0.012338719375424675,0.052318865639582865,4.240218457661628,0.012103833102469558,0.05778182769578694,1.0969967389996782,1.1020001693395898e-06,1.0969978409998475
17,12,200,rep17_m12,1701042,1702042,1703042,1704042,0.0032879504571758224,0.0046009139638925915,0.004553114881003364,0.052318865639582865,11.49078532102696,0.004439127345468992,0.05778182769578694,2.1931764629998725,1.1020001693395898e-06,2.193177565000042
17,12,500,rep17_m12,1701042,1702042,1703042,1704042,0.0015463981360545605,0.002642840390535709,0.0026191144622368136,0.052318865639582865,19.975784332426908,0.0030534220120086893,0.05778182769578694,5.478955961999873,1.1020001693395898e-06,5.478957064000042
17,12,1000,rep17_m12,1701042,1702042,1703042,1704042,0.0017941310520439267,0.004148168399227612,0.00399902351994978,0.052318865639582865,13.082910210100462,0.0032847040050174594,0.05778182769578694,10.974669330999859,1.1020001693395898e-06,10.974670433000028
17,252,0,rep17_m252,1701042,1702042,1703042,1704042,97.49616616650718,99.7222356796715,64.63668798975208,0.04983442923476675,0.0007709929265352801,63.617931834456854,0.04743152865840228,0.0,8.519996299582999e-07,0.0
17,252,10,rep17_m252,1701042,1702042,1703042,1704042,0.10273158281271697,0.3114550963584425,0.3078798751314647,0.04983442923476675,0.16186322413404725,0.30258439542706966,0.04743152865840228,0.16583179899998868,8.519996299582999e-07,0.16583265099961864
17,252,25,rep17_m252,1701042,1702042,1703042,1704042,0.05637887302003562,0.2976780334742232,0.29101414268335,0.04983442923476675,0.17124401163207784,0.2803682761457146,0.04743152865840228,0.4045733160000964,8.519996299582999e-07,0.40457416799972634
17,252,50,rep17_m252,1701042,1702042,1703042,1704042,0.0381020481389156,0.3344265068118197,0.331536954443912,0.04983442923476675,0.1503133468736666,0.32315727527297594,0.04743152865840228,0.7930729030003931,8.519996299582999e-07,0.7930737550000231
17,252,100,rep17_m252,1701042,1702042,1703042,1704042,0.03473632592369042,0.36051221075378576,0.3548858736762079,0.04983442923476675,0.1404238177150857,0.3495970936454682,0.04743152865840228,1.558019971000249,8.519996299582999e-07,1.5580208229998789
17,252,200,rep17_m252,1701042,1702042,1703042,1704042,0.03190359290100647,0.3535775035069066,0.35303277992487564,0.04983442923476675,0.14116091215487517,0.34889830128657007,0.04743152865840228,3.072824488000151,8.519996299582999e-07,3.072825339999781
17,252,500,rep17_m252,1701042,1702042,1703042,1704042,0.010498408613535315,0.30330316350689446,0.298319428230973,0.04983442923476675,0.16705056566474302,0.2967966704796756,0.04743152865840228,7.600876977000098,8.519996299582999e-07,7.600877828999728
17,252,1000,rep17_m252,1701042,1702042,1703042,1704042,0.004610423721343061,0.2676267641368929,0.26694893439771783,0.04983442923476675,0.18668150651060544,0.2601778341353277,0.04743152865840228,15.126597160000074,8.519996299582999e-07,15.126598011999704
18,12,0,rep18_m12,1801042,1802042,1803042,1804042,99.18931200218132,101.7106060849917,70.61808486246841,0.058802702780688366,0.000832686172319867,70.24903082022341,0.05622812128533881,0.0,7.31999989511678e-07,0.0
18,12,10,rep18_m12,1801042,1802042,1803042,1804042,0.140703692179444,0.16898419440828005,0.16887947385837013,0.058802702780688366,0.3481933087380586,0.1541697210365927,0.05622812128533881,0.1086979690003318,7.31999989511678e-07,0.10869870100032131
18,12,25,rep18_m12,1801042,1802042,1803042,1804042,0.08990063309944162,0.11785050562156493,0.11757644225011525,0.058802702780688366,0.5001231680033312,0.10249602991201036,0.05622812128533881,0.27269061700008024,7.31999989511678e-07,0.27269134900006975
18,12,50,rep18_m12,1801042,1802042,1803042,1804042,0.024133227786865958,0.03766129187403178,0.03765545851451157,0.058802702780688366,1.561598373792929,0.029701348089450533,0.05622812128533881,0.5446444369999881,7.31999989511678e-07,0.5446451689999776
18,12,100,rep18_m12,1801042,1802042,1803042,1804042,0.005486444168041543,0.010355229076340823,0.01003342394445513,0.058802702780688366,5.8606815685472045,0.00742554584918596,0.05622812128533881,1.0868610030001946,7.31999989511678e-07,1.0868617350001841
18,12,200,rep18_m12,1801042,1802042,1803042,1804042,0.002735572261268629,0.005125508791777855,0.004978541627374138,0.058802702780688366,11.811230513242293,0.0039361849017507744,0.05622812128533881,2.168824649000271,7.31999989511678e-07,2.1688253810002607
18,12,500,rep18_m12,1801042,1802042,1803042,1804042,0.0058852366472793615,0.00777215346222089,0.007038403154680252,0.058802702780688366,8.354551662984376,0.006130922226773942,0.05622812128533881,5.426893803999974,7.31999989511678e-07,5.426894535999963
18,12,1000,rep18_m12,1801042,1802042,1803042,1804042,0.0013306723922865537,0.003010579251585871,0.0030036532029347877,0.058802702780688366,19.577061267670263,0.002414383441377041,0.05622812128533881,10.871484753000004,7.31999989511678e-07,10.871485484999994
18,252,0,rep18_m252,1801042,1802042,1803042,1804042,91.95558591896378,91.21120667369503,66.79899906808683,0.04667037972833915,0.0006986688480282318,66.05030358999939,0.04809934140321296,0.0,7.210001058410853e-07,0.0
18,252,10,rep18_m252,1801042,1802042,1803042,1804042,0.09700827065059534,0.2729868743497826,0.2651414170960299,0.04667037972833915,0.17602070713620688,0.26198915775941783,0.04809934140321296,0.1610393840001052,7.210001058410853e-07,0.16104010500021104
18,252,25,rep18_m252,1801042,1802042,1803042,1804042,0.06610419066778976,0.2759787072678611,0.27382879503672014,0.04667037972833915,0.17043634772625246,0.27031531788960256,0.04809934140321296,0.40152570899999773,7.210001058410853e-07,0.4015264300001036
18,252,50,rep18_m252,1801042,1802042,1803042,1804042,0.0469669155750435,0.3198474347172707,0.31416929328106813,0.04667037972833915,0.14855169084454733,0.31207444476352947,0.04809934140321296,0.8009357320001982,7.210001058410853e-07,0.800936453000304
18,252,100,rep18_m252,1801042,1802042,1803042,1804042,0.03847558962008912,0.3505502028211703,0.34685489084257165,0.04667037972833915,0.1345530392117827,0.3415659630013113,0.04809934140321296,1.571577210000214,7.210001058410853e-07,1.57157793100032
18,252,200,rep18_m252,1801042,1802042,1803042,1804042,0.032636832840066986,0.3603027703072451,0.36016910276930003,0.04667037972833915,0.12957907652126685,0.3569223888889664,0.04809934140321296,3.115322564000053,7.210001058410853e-07,3.1153232850001586
18,252,500,rep18_m252,1801042,1802042,1803042,1804042,0.031564590911692246,0.3362584015043472,0.33628208640096424,0.04667037972833915,0.13878342503410057,0.33425147391106524,0.04809934140321296,7.753932119000183,7.210001058410853e-07,7.753932840000289
18,252,1000,rep18_m252,1801042,1802042,1803042,1804042,0.033264947165510594,0.286216778787228,0.28368814071691323,0.04667037972833915,0.16451297403690412,0.28867815595957064,0.04809934140321296,15.443768709999858,7.210001058410853e-07,15.443769430999964
19,12,0,rep19_m12,1901042,1902042,1903042,1904042,115.28297707874985,117.87259369117427,77.82504793768301,0.057159628948722306,0.0007344631383265172,74.61618051287749,0.05561820388680805,0.0,9.920004231389612e-07,0.0
19,12,10,rep19_m12,1901042,1902042,1903042,1904042,0.15847312843008104,0.18950284507934384,0.18935407171921342,0.057159628948722306,0.30186638412234584,0.1748585947721882,0.05561820388680805,0.11182886300002792,9.920004231389612e-07,0.11182985500045106
19,12,25,rep19_m12,1901042,1902042,1903042,1904042,0.09589371848563062,0.12926696937326593,0.12856531945075572,0.057159628948722306,0.4445960169734274,0.11148942821162408,0.05561820388680805,0.2797612240001399,9.920004231389612e-07,0.27976221600056306
19,12,50,rep19_m12,1901042,1902042,1903042,1904042,0.025962127734126785,0.041734819466865886,0.041420184691601275,0.057159628948722306,1.37999454551714,0.03491897817832093,0.05561820388680805,0.5579829140001493,9.920004231389612e-07,0.5579839060005725
19,12,100,rep19_m12,1901042,1902042,1903042,1904042,0.008032807709727835,0.013611641823759174,0.013532580883702443,0.057159628948722306,4.22385274767216,0.011655268805761019,0.05561820388680805,1.112243201000183,9.920004231389612e-07,1.1122441930006062
19,12,200,rep19_m12,1901042,1902042,1903042,1904042,0.004016865718398593,0.006883848563822383,0.00680184810893386,0.057159628948722306,8.403543865327752,0.006037667365962961,0.05561820388680805,2.218514421999771,9.920004231389612e-07,2.218515414000194
19,12,500,rep19_m12,1901042,1902042,1903042,1904042,0.002611396294338293,0.004711343022784429,0.00421516136510867,0.057159628948722306,13.560484166007411,0.003593452682721925,0.05561820388680805,5.550732284999867,9.920004231389612e-07,5.55073327700029
19,12,1000,rep19_m12,1901042,1902042,1903042,1904042,0.002125127862057407,0.003042779606899538,0.0030337665354339205,0.057159628948722306,18.841142942644645,0.002924553142698431,0.05561820388680805,11.126732823000111,9.920004231389612e-07,11.126733815000534
19,252,0,rep19_m252,1901042,1902042,1903042,1904042,85.86349862726976,85.82378690498936,66.78973467525246,0.050719272844946046,0.0007593872485278641,67.21273411336755,0.049371868820294554,0.0,1.2630002856894862e-06,0.0
19,252,10,rep19_m252,1901042,1902042,1903042,1904042,0.10715494228548082,0.3318778460082216,0.3240234267748849,0.050719272844946046,0.15652964771643885,0.32003573250185197,0.049371868820294554,0.16309558200009633,1.2630002856894862e-06,0.16309684500038202
19,252,25,rep19_m252,1901042,1902042,1903042,1904042,0.07214225746438262,0.33299046439982166,0.3255288254272074,0.050719272844946046,0.15580578088095476,0.31900914345557313,0.049371868820294554,0.40613465800015547,1.2630002856894862e-06,0.40613592100044116
19,252,50,rep19_m252,1901042,1902042,1903042,1904042,0.07451855797547675,0.37948531566539856,0.3572509312315421,0.050719272844946046,0.1419710024830524,0.3522929215835151,0.049371868820294554,0.8125847989999784,1.2630002856894862e-06,0.8125860620002641
19,252,100,rep19_m252,1901042,1902042,1903042,1904042,0.05739001240805005,0.4119459177816692,0.40134515873741267,0.050719272844946046,0.12637320207001687,0.3930124953596947,0.049371868820294554,1.5962064079999436,1.2630002856894862e-06,1.5962076710002293
19,252,200,rep19_m252,1901042,1902042,1903042,1904042,0.07427696149426846,0.442527388158127,0.4423693693439493,0.050719272844946046,0.11465367260885324,0.4358023444067544,0.049371868820294554,3.1547674660000666,1.2630002856894862e-06,3.1547687290003523
19,252,500,rep19_m252,1901042,1902042,1903042,1904042,0.014197039355695773,0.4053408082532979,0.38985802503767997,0.050719272844946046,0.13009677776940465,0.3855976582728521,0.049371868820294554,7.743685870999798,1.2630002856894862e-06,7.7436871340000835
19,252,1000,rep19_m252,1901042,1902042,1903042,1904042,0.04514326721802868,0.40322158005919573,0.39862127495586563,0.050719272844946046,0.12723674332375148,0.3908589728595981,0.049371868820294554,15.336970371999996,1.2630002856894862e-06,15.336971635000282
20,12,0,rep20_m12,2001042,2002042,2003042,2004042,113.47618465935201,107.2043685629007,70.41041673054147,0.05438227563060927,0.0007723612237480228,73.12500393834361,0.054984948656596054,0.0,8.209999577957205e-07,0.0
20,12,10,rep20_m12,2001042,2002042,2003042,2004042,0.1565417694307198,0.17381654647433384,0.17357110331848416,0.05438227563060927,0.31331410926635456,0.1686366956547573,0.054984948656596054,0.109640815000148,8.209999577957205e-07,0.10964163600010579
20,12,25,rep20_m12,2001042,2002042,2003042,2004042,0.08183318721214994,0.10008017612340304,0.10008232235424226,0.05438227563060927,0.5433754368541002,0.09445380998827338,0.054984948656596054,0.2747469250002723,8.209999577957205e-07,0.2747477460002301
20,12,50,rep20_m12,2001042,2002042,2003042,2004042,0.0167610934384513,0.026990528896730325,0.026778204945548473,0.05438227563060927,2.0308409671668306,0.022126623749364978,0.054984948656596054,0.5508957860001829,8.209999577957205e-07,0.5508966070001406
20,12,100,rep20_m12,2001042,2002042,2003042,2004042,0.004804524671378272,0.010672518823481506,0.010644248565888702,0.05438227563060927,5.109076069952602,0.007576634322780141,0.054984948656596054,1.098802531000274,8.209999577957205e-07,1.0988033520002318
20,12,200,rep20_m12,2001042,2002042,2003042,2004042,0.003031622909323046,0.006532561631004691,0.006175123790198872,0.05438227563060927,8.806669708698726,0.004493744569368227,0.054984948656596054,2.1880077109999547,8.209999577957205e-07,2.1880085319999125
20,12,500,rep20_m12,2001042,2002042,2003042,2004042,0.005121781896766109,0.0075507780535181285,0.0067572701195492925,0.05438227563060927,8.047965327488868,0.005664751913665552,0.054984948656596054,5.498788758000046,8.209999577957205e-07,5.498789579000004
20,12,1000,rep20_m12,2001042,2002042,2003042,2004042,0.0014338001826938477,0.003447904906247873,0.0034365094472706766,0.05438227563060927,15.824858469049293,0.0026151156761179536,0.054984948656596054,11.153502953000043,8.209999577957205e-07,11.153503774
20,252,0,rep20_m252,2001042,2002042,2003042,2004042,97.38148215991266,93.79436751975442,65.82680044221112,0.053243019042747884,0.0008088349833969153,66.49034772348985,0.049669133018141874,0.0,1.2820000847568735e-06,0.0
20,252,10,rep20_m252,2001042,2002042,2003042,2004042,0.1097481575932745,0.28096628450253397,0.27483781270231916,0.053243019042747884,0.19372523205318976,0.2691249304357363,0.049669133018141874,0.15903048199970726,1.2820000847568735e-06,0.15903176399979202
20,252,25,rep20_m252,2001042,2002042,2003042,2004042,0.07425419520979733,0.2992312039859558,0.2895400132025476,0.053243019042747884,0.1838882938970572,0.2861922943395992,0.049669133018141874,0.3957358299999214,1.2820000847568735e-06,0.39573711200000616
20,252,50,rep20_m252,2001042,2002042,2003042,2004042,0.04585845594085322,0.3544246185981201,0.3529562908287915,0.053243019042747884,0.15084876067154296,0.3482762459495473,0.049669133018141874,0.7855848239996703,1.2820000847568735e-06,0.7855861059997551
20,252,100,rep20_m252,2001042,2002042,2003042,2004042,0.03631270200635788,0.3938846484694046,0.3924792774553361,0.053243019042747884,0.13565816617874024,0.39473471940225613,0.049669133018141874,1.5587173879998772,1.2820000847568735e-06,1.558718669999962
20,252,200,rep20_m252,2001042,2002042,2003042,2004042,0.05458700225573691,0.40378605669687384,0.40382261616264886,0.053243019042747884,0.13184754125138703,0.4037133700826553,0.049669133018141874,3.083715244999894,1.2820000847568735e-06,3.0837165269999787
20,252,500,rep20_m252,2001042,2002042,2003042,2004042,0.020976142878986664,0.33140236949553753,0.3264663054411823,0.053243019042747884,0.16308886447192752,0.3262267733435601,0.049669133018141874,7.669644484999935,1.2820000847568735e-06,7.66964576700002
20,252,1000,rep20_m252,2001042,2002042,2003042,2004042,0.016826393787427757,0.25716861111623834,0.2571558472723387,0.053243019042747884,0.20704572580207098,0.2567025000454946,0.049669133018141874,15.399697006999759,1.2820000847568735e-06,15.399698288999843
21,12,0,rep21_m12,2101042,2102042,2103042,2104042,109.99376300739681,108.82474416311825,70.563790145943,0.05826411044773102,0.0008256941744090947,72.29927611398521,0.05741538509503115,0.0,8.319998414663132e-07,0.0
21,12,10,rep21_m12,2101042,2102042,2103042,2104042,0.1707404265187916,0.17985582296440278,0.17921320144308558,0.05826411044773102,0.32511059441251317,0.1658440544620591,0.05741538509503115,0.1102169400001003,8.319998414663132e-07,0.11021777199994176
21,12,25,rep21_m12,2101042,2102042,2103042,2104042,0.08597221949981629,0.09588105950946675,0.09569921692336364,0.05826411044773102,0.6088253626400013,0.08404443015572541,0.05741538509503115,0.2764900030001627,8.319998414663132e-07,0.27649083500000415
21,12,50,rep21_m12,2101042,2102042,2103042,2104042,0.02042889734009578,0.026557633791523785,0.026559236747987713,0.05826411044773102,2.1937418985560817,0.021048498013482485,0.05741538509503115,0.5519698480002262,8.319998414663132e-07,0.5519706800000677
21,12,100,rep21_m12,2101042,2102042,2103042,2104042,0.008602559446897402,0.012048655761353777,0.011274478084283782,0.05826411044773102,5.1677878135174256,0.009461024023822238,0.05741538509503115,1.1030503440001667,8.319998414663132e-07,1.1030511760000081
21,12,200,rep21_m12,2101042,2102042,2103042,2104042,0.003737195216978816,0.005788307343996594,0.0057882971481906355,0.05826411044773102,10.06584647540837,0.004896934349811792,0.05741538509503115,2.2005432400001155,8.319998414663132e-07,2.200544071999957
21,12,500,rep21_m12,2101042,2102042,2103042,2104042,0.0026462289871438584,0.004330840231696959,0.004113792149706688,0.05826411044773102,14.163114792244725,0.0038672179287483313,0.05741538509503115,5.496631786000307,8.319998414663132e-07,5.496632618000149
21,12,1000,rep21_m12,2101042,2102042,2103042,2104042,0.0026684040431693215,0.0036388379193993147,0.0034814581837859346,0.05826411044773102,16.735547972134864,0.0034699679208655015,0.05741538509503115,11.011383184000351,8.319998414663132e-07,11.011384016000193
21,252,0,rep21_m252,2101042,2102042,2103042,2104042,100.35177097453565,103.20884562504061,63.352386700791925,0.04880027468356515,0.000770298914136334,63.69841306126027,0.04872722315481691,0.0,8.419997357123066e-07,0.0
21,252,10,rep21_m252,2101042,2102042,2103042,2104042,0.0963688507555209,0.2846553076439579,0.2814843709499634,0.04880027468356515,0.1733676172459318,0.2736781019863029,0.04872722315481691,0.16014793299973462,8.419997357123066e-07,0.16014877499947033
21,252,25,rep21_m252,2101042,2102042,2103042,2104042,0.0545829695245598,0.2617099705150723,0.25833466610289857,0.04880027468356515,0.1889033145250714,0.2535514845091399,0.04872722315481691,0.4002686439998797,8.419997357123066e-07,0.4002694859996154
21,252,50,rep21_m252,2101042,2102042,2103042,2104042,0.03084564680466034,0.2954329695044488,0.2925729209881101,0.04880027468356515,0.16679696302293248,0.28767408442356235,0.04872722315481691,0.7964106699996591,8.419997357123066e-07,0.7964115119993949
21,252,100,rep21_m252,2101042,2102042,2103042,2104042,0.032716659369232265,0.32496802450455636,0.32455434029662283,0.04880027468356515,0.15036087528197797,0.32321868505215323,0.04872722315481691,1.5850784829999611,8.419997357123066e-07,1.5850793249996968
21,252,200,rep21_m252,2101042,2102042,2103042,2104042,0.03769088582262786,0.312012281549685,0.3105633343528872,0.04880027468356515,0.15713469455513485,0.31079427457461123,0.04872722315481691,3.13083369900005,8.419997357123066e-07,3.1308345409997855
21,252,500,rep21_m252,2101042,2102042,2103042,2104042,0.021791975636591514,0.2733919321337993,0.26968464029346256,0.04880027468356515,0.18095311112439397,0.2707785822941693,0.04872722315481691,7.756559534999724,8.419997357123066e-07,7.7565603769994595
21,252,1000,rep21_m252,2101042,2102042,2103042,2104042,0.0028886284547335692,0.24449739508576576,0.24450065962629583,0.04880027468356515,0.19959158702538207,0.24146689455989878,0.04872722315481691,15.473592445999657,8.419997357123066e-07,15.473593287999392
22,12,0,rep22_m12,2201042,2202042,2203042,2204042,118.73665822629796,112.90643400471781,76.26151683727318,0.0568088405591189,0.0007449214612441765,76.51732576834736,0.059492595867922236,0.0,9.320001481682993e-07,0.0
22,12,10,rep22_m12,2201042,2202042,2203042,2204042,0.1685079635182914,0.18020981306010764,0.17975503244620714,0.0568088405591189,0.3160347712441337,0.17495701458118298,0.059492595867922236,0.10892753600001015,9.320001481682993e-07,0.10892846800015832
22,12,25,rep22_m12,2201042,2202042,2203042,2204042,0.1048299933944932,0.11846340767845763,0.11790602944828141,0.0568088405591189,0.48181455032405845,0.11087159498843295,0.059492595867922236,0.27318246400000135,9.320001481682993e-07,0.2731833960001495
22,12,50,rep22_m12,2201042,2202042,2203042,2204042,0.04319544978051213,0.051325859443149546,0.051324599963883465,0.0568088405591189,1.1068540348895974,0.04554825022988133,0.059492595867922236,0.5463775540001734,9.320001481682993e-07,0.5463784860003216
22,12,100,rep22_m12,2201042,2202042,2203042,2204042,0.010507112932576192,0.013118758348515329,0.01262927734063708,0.0568088405591189,4.498186161161079,0.01096930990332298,0.059492595867922236,1.096797838999919,9.320001481682993e-07,1.096798771000067
22,12,200,rep22_m12,2201042,2202042,2203042,2204042,0.0033079186474410994,0.004410189574943007,0.004402299890803019,0.0568088405591189,12.904354989036529,0.004299169190122371,0.059492595867922236,2.184373923000294,9.320001481682993e-07,2.184374855000442
22,12,500,rep22_m12,2201042,2202042,2203042,2204042,0.0016090131722963986,0.002872555493280497,0.00287277399290345,0.0568088405591189,19.77490770226009,0.00299925975249867,0.059492595867922236,5.466840411000248,9.320001481682993e-07,5.466841343000397
22,12,1000,rep22_m12,2201042,2202042,2203042,2204042,0.0014460039218122122,0.002514779323850656,0.0025149160699507707,0.0568088405591189,22.588762001998315,0.0027018872572066575,0.059492595867922236,10.920620255000358,9.320001481682993e-07,10.920621187000506
22,252,0,rep22_m252,2201042,2202042,2203042,2204042,102.40204393375188,97.4831913575607,64.5821316552832,0.049160318080665844,0.0007612061853744066,66.40042838282788,0.05072431794751497,0.0,1.1520000953169074e-06,0.0
22,252,10,rep22_m252,2201042,2202042,2203042,2204042,0.11059949585211147,0.3057813417072051,0.30338696937856263,0.049160318080665844,0.16203833072119914,0.30862384657437353,0.05072431794751497,0.16078140699983123,1.1520000953169074e-06,0.16078255899992655
22,252,25,rep22_m252,2201042,2202042,2203042,2204042,0.06535022777206305,0.3013638033109471,0.29801237582394474,0.049160318080665844,0.1649606595858557,0.3007439201927093,0.05072431794751497,0.40009377399974255,1.1520000953169074e-06,0.40009492599983787
22,252,50,rep22_m252,2201042,2202042,2203042,2204042,0.05477706597044578,0.35346418862085843,0.3529508551877138,0.049160318080665844,0.1392837483125529,0.3574737192647255,0.05072431794751497,0.7922027889999299,1.1520000953169074e-06,0.7922039410000252
22,252,100,rep22_m252,2201042,2202042,2203042,2204042,0.03330315473468489,0.3962473806651395,0.39362439388354514,0.049160318080665844,0.12489144180228337,0.39408379953565503,0.05072431794751497,1.5683129260000896,1.1520000953169074e-06,1.568314078000185
22,252,200,rep22_m252,2201042,2202042,2203042,2204042,0.03989177077645754,0.3985506134452386,0.39018321314598126,0.049160318080665844,0.1259929090344367,0.3950012800927187,0.05072431794751497,3.1089780900001642,1.1520000953169074e-06,3.1089792420002595
22,252,500,rep22_m252,2201042,2202042,2203042,2204042,0.03042605278160354,0.3629692401506765,0.36287832502027384,0.049160318080665844,0.13547328316707613,0.37414072595153786,0.05072431794751497,7.713493670999924,1.1520000953169074e-06,7.713494823000019
22,252,1000,rep22_m252,2201042,2202042,2203042,2204042,0.05350307817402787,0.3186242432879211,0.3167187581129633,0.049160318080665844,0.15521757654509352,0.32744000675082935,0.05072431794751497,15.416865629999847,1.1520000953169074e-06,15.416866781999943
23,12,0,rep23_m12,2301042,2302042,2303042,2304042,122.16024633723418,121.01310371482002,75.42492122218,0.056136583639082444,0.000744271027790938,73.98278310972755,0.0565212522771317,0.0,8.320002962136641e-07,0.0
23,12,10,rep23_m12,2301042,2302042,2303042,2304042,0.19018882397978387,0.19325949615761862,0.19185873514764118,0.056136583639082444,0.29259331661851945,0.19325368992486053,0.0565212522771317,0.10915415099998427,8.320002962136641e-07,0.10915498300028048
23,12,25,rep23_m12,2301042,2302042,2303042,2304042,0.12255485629194315,0.1275424563746694,0.12724330579794776,0.056136583639082444,0.44117514306192945,0.12721053795746087,0.0565212522771317,0.27495361299997967,8.320002962136641e-07,0.2749544450002759
23,12,50,rep23_m12,2301042,2302042,2303042,2304042,0.03861840210094321,0.04718421491231425,0.04664602095064448,0.056136583639082444,1.2034592124905958,0.04548969100937878,0.0565212522771317,0.5506787369999984,8.320002962136641e-07,0.5506795690002946
23,12,100,rep23_m12,2301042,2302042,2303042,2304042,0.009214159090832903,0.011337645105603074,0.01110682479540831,0.056136583639082444,5.05424229454758,0.011393256612709563,0.0565212522771317,1.1005648029999975,8.320002962136641e-07,1.1005656350002937
23,12,200,rep23_m12,2301042,2302042,2303042,2304042,0.0034931013503933903,0.004648863463654462,0.004647513563688371,0.056136583639082444,12.07884234651511,0.004839948357888226,0.0565212522771317,2.203733251000358,8.320002962136641e-07,2.203734083000654
23,12,500,rep23_m12,2301042,2302042,2303042,2304042,0.0034463433892625347,0.004350998606009409,0.004269303982107045,0.056136583639082444,13.148884191511035,0.00444560545125444,0.0565212522771317,5.509329115000128,8.320002962136641e-07,5.509329947000424
23,12,1000,rep23_m12,2301042,2302042,2303042,2304042,0.002456169838937583,0.003396661416999634,0.0033267105108189545,0.056136583639082444,16.874502141535302,0.003240071620561593,0.0565212522771317,11.09720062400038,8.320002962136641e-07,11.097201456000676
23,252,0,rep23_m252,2301042,2302042,2303042,2304042,101.7961154955846,106.07491650297453,62.525984537531514,0.04648473534269171,0.0007434466755943527,63.312580403153284,0.04830060572949073,0.0,8.209999577957205e-07,0.0
23,252,10,rep23_m252,2301042,2302042,2303042,2304042,0.09710332146488085,0.2858708758537221,0.2775649949522726,0.04648473534269171,0.16747333485148144,0.28012831251205217,0.04830060572949073,0.16277000699983546,8.209999577957205e-07,0.16277082799979326
23,252,25,rep23_m252,2301042,2302042,2303042,2304042,0.05903126998781476,0.2667163863956257,0.2550557063656397,0.04648473534269171,0.18225326539470826,0.2590958383858486,0.04830060572949073,0.40777527499994903,8.209999577957205e-07,0.40777609599990683
23,252,50,rep23_m252,2301042,2302042,2303042,2304042,0.036375698144407616,0.3005403327559864,0.2946024193574142,0.04648473534269171,0.15778802986100404,0.29756277999914493,0.04830060572949073,0.8100098749996505,8.209999577957205e-07,0.8100106959996083
23,252,100,rep23_m252,2301042,2302042,2303042,2304042,0.02161203550031473,0.33122433761134473,0.3292411023109302,0.04648473534269171,0.1411875218993534,0.3286216542762113,0.04830060572949073,1.6064286509999874,8.209999577957205e-07,1.6064294719999452
23,252,200,rep23_m252,2301042,2302042,2303042,2304042,0.01866311898775771,0.30030454363360193,0.2957129576962736,0.04648473534269171,0.1571954631438103,0.29924177411577707,0.04830060572949073,3.1824083319997953,8.209999577957205e-07,3.182409152999753
23,252,500,rep23_m252,2301042,2302042,2303042,2304042,0.021829167908760827,0.27423847915865457,0.2736129239456375,0.04648473534269171,0.16989232333165474,0.2754327390308927,0.04830060572949073,7.901713032999851,8.209999577957205e-07,7.901713853999809
23,252,1000,rep23_m252,2301042,2302042,2303042,2304042,0.00795411792708418,0.2320213513781634,0.22922684540521535,0.04648473534269171,0.20278922942257657,0.23167118728200217,0.04830060572949073,15.718934152999736,8.209999577957205e-07,15.718934973999694
24,12,0,rep24_m12,2401042,2402042,2403042,2404042,111.51052915180259,118.7119358300983,77.33167151568009,0.0587623674980297,0.0007598745293655627,74.41650910122529,0.05628984770338252,0.0,9.720001798996236e-07,0.0
24,12,10,rep24_m12,2401042,2402042,2403042,2404042,0.14465406698854535,0.20273838025522875,0.20222276449656848,0.0587623674980297,0.2905823567604667,0.1817188164101144,0.05628984770338252,0.1114500720000251,9.720001798996236e-07,0.111451044000205
24,12,25,rep24_m12,2401042,2402042,2403042,2404042,0.09189986211922575,0.14161454903486126,0.1407209619171657,0.0587623674980297,0.41758076904434255,0.12295115392823985,0.05628984770338252,0.2782090480000079,9.720001798996236e-07,0.2782100200001878
24,12,50,rep24_m12,2401042,2402042,2403042,2404042,0.026903075183706403,0.053104952882175475,0.053018859899749846,0.0587623674980297,1.108329519139791,0.042557504730538695,0.05628984770338252,0.5541685569996844,9.720001798996236e-07,0.5541695289998643
24,12,100,rep24_m12,2401042,2402042,2403042,2404042,0.006459660708752026,0.01546275763093333,0.015464167263055668,0.0587623674980297,3.799905064297555,0.011347716780815528,0.05628984770338252,1.105705365999711,9.720001798996236e-07,1.1057063379998908
24,12,200,rep24_m12,2401042,2402042,2403042,2404042,0.0032090971477887796,0.006989866679079166,0.006954451041734156,0.0587623674980297,8.449605460645643,0.005351471598658685,0.05628984770338252,2.2026862409998103,9.720001798996236e-07,2.20268721299999
24,12,500,rep24_m12,2401042,2402042,2403042,2404042,0.0019474251860699943,0.004228848323625753,0.004226906903365566,0.0587623674980297,13.901978170193829,0.003333335935600812,0.05628984770338252,5.51875167299977,9.720001798996236e-07,5.5187526449999496
24,12,1000,rep24_m12,2401042,2402042,2403042,2404042,0.0017442162365228792,0.0039806078429302175,0.003953396876427987,0.0587623674980297,14.86376635960801,0.0031824850341576187,0.05628984770338252,11.221198082999763,9.720001798996236e-07,11.221199054999943
24,252,0,rep24_m252,2401042,2402042,2403042,2404042,99.56329554785943,99.54110067356791,64.5744414557685,0.04730899544877372,0.0007326272497638083,64.21030775497334,0.050531439061934746,0.0,7.519997780036647e-07,0.0
24,252,10,rep24_m252,2401042,2402042,2403042,2404042,0.098768510094166,0.2822986044104849,0.2726487861058002,0.04730899544877372,0.1735162518949036,0.27894201447830036,0.050531439061934746,0.1612692059998153,7.519997780036647e-07,0.16126995799959332
24,252,25,rep24_m252,2401042,2402042,2403042,2404042,0.06339922672898651,0.2620842329003093,0.25891870523645066,0.04730899544877372,0.18271756536697506,0.26730480500658454,0.050531439061934746,0.4045453919998181,7.519997780036647e-07,0.4045461439995961
24,252,50,rep24_m252,2401042,2402042,2403042,2404042,0.05047132586027398,0.2951364093878215,0.2894061209506313,0.04730899544877372,0.16346922896231342,0.29671778823537454,0.050531439061934746,0.8023756159996083,7.519997780036647e-07,0.8023763679993863
24,252,100,rep24_m252,2401042,2402042,2403042,2404042,0.04947260625808733,0.33667476053127643,0.33639014583298843,0.04730899544877372,0.14063728095133254,0.35413163770885675,0.050531439061934746,1.6364914480000152,7.519997780036647e-07,1.6364921999997932
24,252,200,rep24_m252,2401042,2402042,2403042,2404042,0.02551194456355672,0.3274636496176523,0.32436814799782054,0.04730899544877372,0.14584969498636344,0.336562914868551,0.050531439061934746,3.1957505169998512,7.519997780036647e-07,3.1957512689996292
24,252,500,rep24_m252,2401042,2402042,2403042,2404042,0.006529477078116776,0.28129280580781657,0.2803783906251203,0.04730899544877372,0.16873267352485866,0.29362119568079587,0.050531439061934746,7.855018992999703,7.519997780036647e-07,7.855019744999481
24,252,1000,rep24_m252,2401042,2402042,2403042,2404042,0.005653571825750651,0.24923795327109274,0.24545184657130106,0.04730899544877372,0.19274247111859058,0.2575198161399226,0.050531439061934746,15.618201166999825,7.519997780036647e-07,15.618201918999603
25,12,0,rep25_m12,2501042,2502042,2503042,2504042,125.95301371650393,122.17698456028532,76.4321234861722,0.05619951187153534,0.0007352865432517093,76.26911295473916,0.05610968703360785,0.0,9.219997991749551e-07,0.0
25,12,10,rep25_m12,2501042,2502042,2503042,2504042,0.1797591156283937,0.1904634580170722,0.1892904409463887,0.05619951187153534,0.2968956677926082,0.1814743312199656,0.05610968703360785,0.11169551500006492,9.219997991749551e-07,0.11169643699986409
25,12,25,rep25_m12,2501042,2502042,2503042,2504042,0.11642084385211252,0.12902920222560565,0.12806441392543355,0.05619951187153534,0.43883784846161805,0.11965257886767391,0.05610968703360785,0.2784622589997525,9.219997991749551e-07,0.2784631809995517
25,12,50,rep25_m12,2501042,2502042,2503042,2504042,0.038377682404329636,0.05000108511929891,0.04998004043344588,0.05619951187153534,1.124439103773263,0.04282750764783626,0.05610968703360785,0.5552906469997652,9.219997991749551e-07,0.5552915689995643
25,12,100,rep25_m12,2501042,2502042,2503042,2504042,0.012689793975777767,0.01883237521127611,0.018680586804646977,0.05619951187153534,3.0084446735664194,0.014717967578424156,0.05610968703360785,1.111443023999982,9.219997991749551e-07,1.1114439459997811
25,12,200,rep25_m12,2501042,2502042,2503042,2504042,0.006342940706422895,0.010427478550237684,0.010426603642634038,0.05619951187153534,5.390011340005041,0.008299754942733321,0.05610968703360785,2.2136184989999492,9.219997991749551e-07,2.2136194209997484
25,12,500,rep25_m12,2501042,2502042,2503042,2504042,0.0029395179177599266,0.004885519850100352,0.0046237312929835956,0.05619951187153534,12.154579994044374,0.003917181952041456,0.05610968703360785,5.527590367999892,9.219997991749551e-07,5.527591289999691
25,12,1000,rep25_m12,2501042,2502042,2503042,2504042,0.0011978928004729747,0.0026995488640701353,0.0026968959352691156,0.05619951187153534,20.838591187956737,0.002294929663416187,0.05610968703360785,11.036334572999749,9.219997991749551e-07,11.036335494999548
25,252,0,rep25_m252,2501042,2502042,2503042,2504042,94.48264878052936,100.26422859548043,65.22871762631202,0.049445094733736934,0.0007580264725883822,65.25696865531016,0.04953226784688531,0.0,1.2520004020188935e-06,0.0
25,252,10,rep25_m252,2501042,2502042,2503042,2504042,0.08466680852437651,0.29560284212040155,0.28281376025949906,0.049445094733736934,0.17483270505780205,0.291323535573243,0.04953226784688531,0.16161159200009934,1.2520004020188935e-06,0.16161284400050135
25,252,25,rep25_m252,2501042,2502042,2503042,2504042,0.046854502464588436,0.2832304597587826,0.2766221910565602,0.049445094733736934,0.17874594422407356,0.28400539685218446,0.04953226784688531,0.40435403000037695,1.2520004020188935e-06,0.40435528200077897
25,252,50,rep25_m252,2501042,2502042,2503042,2504042,0.039965516970056826,0.3200869230846862,0.3188142269803342,0.049445094733736934,0.1550906156292295,0.3235772975196823,0.04953226784688531,0.7986133160002282,1.2520004020188935e-06,0.7986145680006302
25,252,100,rep25_m252,2501042,2502042,2503042,2504042,0.03232225422935657,0.3338609363350687,0.32778573537290007,0.049445094733736934,0.15084577941589353,0.3331140517251965,0.04953226784688531,1.5881869900003949,1.2520004020188935e-06,1.588188242000797
25,252,200,rep25_m252,2501042,2502042,2503042,2504042,0.024484324239908383,0.32289032678478097,0.3204549642298892,0.049445094733736934,0.15429654788641634,0.3252912655882073,0.04953226784688531,3.143279471000369,1.2520004020188935e-06,3.143280723000771
25,252,500,rep25_m252,2501042,2502042,2503042,2504042,0.0156579967650976,0.28995584724840956,0.2880458914473854,0.049445094733736934,0.17165700397698122,0.2928523595349333,0.04953226784688531,7.792825248000099,1.2520004020188935e-06,7.792826500000501
25,252,1000,rep25_m252,2501042,2502042,2503042,2504042,0.02037917986510717,0.25396476941474594,0.25006120332171733,0.049445094733736934,0.19773197152108052,0.25356879682756855,0.04953226784688531,15.516945831000157,1.2520004020188935e-06,15.51694708300056
26,12,0,rep26_m12,2601042,2602042,2603042,2604042,111.16949128013411,114.39528148427561,74.01915692574504,0.05202056943695698,0.000702798729376819,73.60240234045246,0.05743642012257483,0.0,1.0420003491162788e-06,0.0
26,12,10,rep26_m12,2601042,2602042,2603042,2604042,0.16089710922634196,0.15843274899325735,0.15844797873632663,0.05202056943695698,0.32831324105133863,0.1750706022002913,0.05743642012257483,0.11042987399969206,1.0420003491162788e-06,0.11043091600004118
26,12,25,rep26_m12,2601042,2602042,2603042,2604042,0.11697091286008429,0.11711433316855642,0.11490801217956596,0.05202056943695698,0.4527149016873148,0.12974169956159767,0.05743642012257483,0.2774088529999972,1.0420003491162788e-06,0.2774098950003463
26,12,50,rep26_m12,2601042,2602042,2603042,2604042,0.0469202185178386,0.047196475494692317,0.0469780935452218,0.05202056943695698,1.107336750199989,0.05597021242102067,0.05743642012257483,0.5546139469997797,1.0420003491162788e-06,0.5546149890001288
26,12,100,rep26_m12,2601042,2602042,2603042,2604042,0.007181127884771791,0.008059835337195169,0.008060426619007256,0.05202056943695698,6.453823339113033,0.009661786163645669,0.05743642012257483,1.1084114430000227,1.0420003491162788e-06,1.1084124850003718
26,12,200,rep26_m12,2601042,2602042,2603042,2604042,0.006570147716119692,0.0074296511563031915,0.006282801727301524,0.05202056943695698,8.279836241036357,0.007012036436353762,0.05743642012257483,2.2136607469997216,1.0420003491162788e-06,2.2136617890000707
26,12,500,rep26_m12,2601042,2602042,2603042,2604042,0.0019850725414967013,0.0026112594689588504,0.0025972532272572537,0.05202056943695698,20.029071055151462,0.0029857255544542428,0.05743642012257483,5.531768673999977,1.0420003491162788e-06,5.531769716000326
26,12,1000,rep26_m12,2601042,2602042,2603042,2604042,0.0030959289169425145,0.0038067285963106607,0.003512684863852456,0.05202056943695698,14.809347110034977,0.0038217246889093994,0.05743642012257483,11.04152540899986,1.0420003491162788e-06,11.041526451000209
26,252,0,rep26_m252,2601042,2602042,2603042,2604042,111.29061064480601,106.96940622755768,64.55805867531448,0.05107253030667124,0.0007911100698292869,63.46846503968146,0.04767518254084157,0.0,7.009998626017477e-07,0.0
26,252,10,rep26_m252,2601042,2602042,2603042,2604042,0.12492279293445217,0.30288996369488896,0.2901330818428287,0.05107253030667124,0.1760313921538197,0.29570243589255957,0.04767518254084157,0.1636917689997972,7.009998626017477e-07,0.1636924699996598
26,252,25,rep26_m252,2601042,2602042,2603042,2604042,0.07421936156113863,0.29930919626348657,0.28864703271827646,0.05107253030667124,0.1769376592085696,0.29132491409022077,0.04767518254084157,0.4087514019997798,7.009998626017477e-07,0.4087521029996424
26,252,50,rep26_m252,2601042,2602042,2603042,2604042,0.053229261349874775,0.3775562120526145,0.3685060178500348,0.05107253030667124,0.13859347699297395,0.3656397248287115,0.04767518254084157,0.8105280429999766,7.009998626017477e-07,0.8105287439998392
26,252,100,rep26_m252,2601042,2602042,2603042,2604042,0.0346211742702139,0.4378758363325631,0.4332519723153801,0.05107253030667124,0.11788181836479596,0.4360198550536688,0.04767518254084157,1.6118644769999264,7.009998626017477e-07,1.611865177999789
26,252,200,rep26_m252,2601042,2602042,2603042,2604042,0.03453989350004421,0.410886204234809,0.40917108043389466,0.05107253030667124,0.12481950154569264,0.412561877619695,0.04767518254084157,3.1902972189996035,7.009998626017477e-07,3.190297919999466
26,252,500,rep26_m252,2601042,2602042,2603042,2604042,0.03109616416330846,0.38463334123002385,0.38041701695202107,0.05107253030667124,0.13425406338516294,0.3835183940728902,0.04767518254084157,7.888052597999831,7.009998626017477e-07,7.888053298999694
26,252,1000,rep26_m252,2601042,2602042,2603042,2604042,0.030630088470699993,0.3742045673800261,0.37424138966092596,0.05107253030667124,0.13646948658710492,0.381418748979376,0.04767518254084157,15.677888911999617,7.009998626017477e-07,15.67788961299948
27,12,0,rep27_m12,2701042,2702042,2703042,2704042,108.2014476817595,103.17193027752701,69.02974683986686,0.0564650609863263,0.0008179815741945608,69.9015455539696,0.05806944610020009,0.0,7.610001375724096e-07,0.0
27,12,10,rep27_m12,2701042,2702042,2703042,2704042,0.15294503633268086,0.15972789312304508,0.15973608343460124,0.0564650609863263,0.3534897048445794,0.16457081424363432,0.05806944610020009,0.1114919460001147,7.610001375724096e-07,0.11149270700025227
27,12,25,rep27_m12,2701042,2702042,2703042,2704042,0.10100656867627678,0.11262331123269446,0.11236048814976757,0.0564650609863263,0.5025348493597045,0.11527960800614358,0.05806944610020009,0.27803958699996656,7.610001375724096e-07,0.27804034800010413
27,12,50,rep27_m12,2701042,2702042,2703042,2704042,0.022030699810507492,0.02896714669573396,0.028966879869222247,0.0564650609863263,1.9492973092459742,0.030946320499278597,0.05806944610020009,0.5565380070001993,7.610001375724096e-07,0.5565387680003369
27,12,100,rep27_m12,2701042,2702042,2703042,2704042,0.010309383876751921,0.01399931398639946,0.013883721287419127,0.0564650609863263,4.066997587850794,0.014825545049955136,0.05806944610020009,1.1162015800000518,7.610001375724096e-07,1.1162023410001893
27,12,200,rep27_m12,2701042,2702042,2703042,2704042,0.004891488032785737,0.006681522224020436,0.005769891744680901,0.0564650609863263,9.786156046754227,0.006511158774042823,0.05806944610020009,2.2265278600002603,7.610001375724096e-07,2.226528621000398
27,12,500,rep27_m12,2701042,2702042,2703042,2704042,0.001933126166026207,0.003013911762593676,0.003009931504823513,0.0564650609863263,18.75958336455139,0.003285189618176106,0.05806944610020009,5.515735321000193,7.610001375724096e-07,5.5157360820003305
27,12,1000,rep27_m12,2701042,2702042,2703042,2704042,0.001915788685212594,0.0031900308133227424,0.002940084691178446,0.0564650609863263,19.205249820097514,0.0033425337444790656,0.05806944610020009,10.996711054000116,7.610001375724096e-07,10.996711815000253
27,252,0,rep27_m252,2701042,2702042,2703042,2704042,82.99385540526977,90.52968914345924,65.17762336354441,0.0506063673749628,0.0007764377521514278,64.85640835681511,0.04898116472342278,0.0,9.309997039963491e-07,0.0
27,252,10,rep27_m252,2701042,2702042,2703042,2704042,0.08642161537661602,0.26883437085465467,0.264558529750012,0.0506063673749628,0.19128609243021585,0.2660988206206053,0.04898116472342278,0.1594171249998908,9.309997039963491e-07,0.1594180559995948
27,252,25,rep27_m252,2701042,2702042,2703042,2704042,0.05012986025996228,0.24877288373957926,0.24207504711152006,0.0506063673749628,0.2090523908961557,0.2411917339755448,0.04898116472342278,0.40016109899988805,9.309997039963491e-07,0.40016202999959205
27,252,50,rep27_m252,2701042,2702042,2703042,2704042,0.033418808781114785,0.2686231306252891,0.2683259495141511,0.0506063673749628,0.18860034769873757,0.26948198497766745,0.04898116472342278,0.7901108030000614,9.309997039963491e-07,0.7901117339997654
27,252,100,rep27_m252,2701042,2702042,2703042,2704042,0.036097127850806404,0.27259002035344804,0.2717507818801165,0.0506063673749628,0.1862234471777451,0.27510789787734036,0.04898116472342278,1.5703151030002118,9.309997039963491e-07,1.5703160339999158
27,252,200,rep27_m252,2701042,2702042,2703042,2704042,0.0812713292262456,0.32965301463085234,0.3296802372358782,0.0506063673749628,0.1535013678686332,0.32911725760192734,0.04898116472342278,3.1188876149999487,9.309997039963491e-07,3.1188885459996527
27,252,500,rep27_m252,2701042,2702042,2703042,2704042,0.025276110534565903,0.2422083366994341,0.2366789507415085,0.0506063673749628,0.21381862314504302,0.2379037528352527,0.04898116472342278,7.713797606999833,9.309997039963491e-07,7.713798537999537
27,252,1000,rep27_m252,2701042,2702042,2703042,2704042,0.005448957884265642,0.1923203584011912,0.19233108890877007,0.0506063673749628,0.2631210984250566,0.1905501145716736,0.04898116472342278,15.409430040000188,9.309997039963491e-07,15.409430970999892
28,12,0,rep28_m12,2801042,2802042,2803042,2804042,111.01974248629175,104.46234072003232,68.4695990886427,0.05306994713465888,0.0007750877446493153,69.64692855180215,0.057713411304750016,0.0,8.219999472203199e-07,0.0
28,12,10,rep28_m12,2801042,2802042,2803042,2804042,0.1542399948213406,0.1570695158208763,0.15704157174578992,0.05306994713465888,0.33793565961352917,0.18040036234511972,0.057713411304750016,0.11001523799995994,8.219999472203199e-07,0.11001605999990716
28,12,25,rep28_m12,2801042,2802042,2803042,2804042,0.08037962958984267,0.08568281547136457,0.08568923325630157,0.05306994713465888,0.6193304003073937,0.10317338847463364,0.057713411304750016,0.27608684200004063,8.219999472203199e-07,0.27608766399998785
28,12,50,rep28_m12,2801042,2802042,2803042,2804042,0.01973704311831616,0.02368489492203679,0.02368725441200899,0.05306994713465888,2.240443160341682,0.03260077645272355,0.057713411304750016,0.5519800110000688,8.219999472203199e-07,0.551980833000016
28,12,100,rep28_m12,2801042,2802042,2803042,2804042,0.00801181810034466,0.009762694742435662,0.00942358971891755,0.05306994713465888,5.631606289917598,0.014716620010867128,0.057713411304750016,1.103278471000067,8.219999472203199e-07,1.1032792930000141
28,12,200,rep28_m12,2801042,2802042,2803042,2804042,0.0028772881053500507,0.0037640417894087533,0.0037602983693948247,0.05306994713465888,14.11322770730022,0.007048716175888513,0.057713411304750016,2.2069803270001103,8.219999472203199e-07,2.2069811490000575
28,12,500,rep28_m12,2801042,2802042,2803042,2804042,0.0018222065416644657,0.0025065631655498974,0.0024904271388355194,0.05306994713465888,21.309576300021156,0.004260451082548699,0.057713411304750016,5.501498910999999,8.219999472203199e-07,5.501499732999946
28,12,1000,rep28_m12,2801042,2802042,2803042,2804042,0.0013804471961310512,0.0021270634712498193,0.0020727814557838274,0.05306994713465888,25.60325256990991,0.003789506029745993,0.057713411304750016,10.958335298000293,8.219999472203199e-07,10.95833612000024
28,252,0,rep28_m252,2801042,2802042,2803042,2804042,107.17884867743875,106.2348470028657,67.58830888373943,0.048888723316425756,0.0007233310630766134,66.85497497447544,0.04870288495125824,0.0,1.252999936696142e-06,0.0
28,252,10,rep28_m252,2801042,2802042,2803042,2804042,0.11563494727017792,0.34016807609841326,0.3357707408782469,0.048888723316425756,0.14560149936993227,0.3229553232659618,0.04870288495125824,0.17242329300006531,1.252999936696142e-06,0.172424546000002
28,252,25,rep28_m252,2801042,2802042,2803042,2804042,0.06779434325890368,0.31997388509024577,0.315810255806934,0.048888723316425756,0.15480410283544802,0.30481279474142725,0.04870288495125824,0.448292826999932,1.252999936696142e-06,0.4482940799998687
28,252,50,rep28_m252,2801042,2802042,2803042,2804042,0.04455977066144278,0.35713297949573214,0.3530138190698546,0.048888723316425756,0.1384895453816544,0.34575921099329743,0.04870288495125824,0.9135887600000387,1.252999936696142e-06,0.9135900129999754
28,252,100,rep28_m252,2801042,2802042,2803042,2804042,0.038735587597102036,0.42748459878259665,0.42335743877561577,0.048888723316425756,0.1154785976072983,0.41114897660520855,0.04870288495125824,1.713595221000105,1.252999936696142e-06,1.7135964740000418
28,252,200,rep28_m252,2801042,2802042,2803042,2804042,0.05342566361903831,0.446302656485631,0.425060774101155,0.048888723316425756,0.11501584313397813,0.4154237538903668,0.04870288495125824,3.2861584219999713,1.252999936696142e-06,3.286159674999908
28,252,500,rep28_m252,2801042,2802042,2803042,2804042,0.015437898636080345,0.380260007176873,0.37515706808385474,0.048888723316425756,0.1303153464924142,0.3696332905419049,0.04870288495125824,8.031170006000139,1.252999936696142e-06,8.031171259000075
28,252,1000,rep28_m252,2801042,2802042,2803042,2804042,0.008197538088866897,0.3518641424334551,0.3516003683386277,0.048888723316425756,0.1390462801487763,0.34717544174753495,0.04870288495125824,15.826807341999938,1.252999936696142e-06,15.826808594999875
29,12,0,rep29_m12,2901042,2902042,2903042,2904042,106.06575161267524,101.84132661673708,70.0460807729436,0.052784675278874614,0.00075357071653984,70.69642870624133,0.0569514475673149,0.0,1.3330000001587905e-06,0.0
29,12,10,rep29_m12,2901042,2902042,2903042,2904042,0.1912914432548265,0.1622518138602084,0.16150188068927482,0.052784675278874614,0.3268362885533877,0.16307822663299784,0.0569514475673149,0.10923341499983508,1.3330000001587905e-06,0.10923474799983524
29,12,25,rep29_m12,2901042,2902042,2903042,2904042,0.14441499935358632,0.11817068323356239,0.11560121934646576,0.052784675278874614,0.4566100217392593,0.11787202377630025,0.0569514475673149,0.27283093799997005,1.3330000001587905e-06,0.2728322709999702
29,12,50,rep29_m12,2901042,2902042,2903042,2904042,0.058336652282216996,0.0541745528846608,0.04797880338002708,0.052784675278874614,1.1001665644051506,0.04803622920910885,0.0569514475673149,0.546670542999891,1.3330000001587905e-06,0.5466718759998912
29,12,100,rep29_m12,2901042,2902042,2903042,2904042,0.0084413817756675,0.0077670194862771436,0.007749733777861777,0.052784675278874614,6.811159814245696,0.0080097460121168,0.0569514475673149,1.0901084899996931,1.3330000001587905e-06,1.0901098229996933
29,12,200,rep29_m12,2901042,2902042,2903042,2904042,0.0034518859807163957,0.004307968043012194,0.004306730553756108,0.052784675278874614,12.256321731769022,0.004401768089130526,0.0569514475673149,2.1783724529996107,1.3330000001587905e-06,2.178373785999611
29,12,500,rep29_m12,2901042,2902042,2903042,2904042,0.006846584961535783,0.007489094169199001,0.007359903473170705,0.052784675278874614,7.1719249404957965,0.007551106603728267,0.0569514475673149,5.469036443999812,1.3330000001587905e-06,5.469037776999812
29,12,1000,rep29_m12,2901042,2902042,2903042,2904042,0.0034569199201298743,0.003971677185019508,0.0034209168988741296,0.052784675278874614,15.429978815400856,0.003852420435964675,0.0569514475673149,10.90903537899976,1.3330000001587905e-06,10.90903671199976
29,252,0,rep29_m252,2901042,2902042,2903042,2904042,107.0378120668349,103.33114285936661,66.33341102070308,0.04844994529912948,0.0007304003299937032,66.95624492381447,0.04950872616476269,0.0,1.1519996405695565e-06,0.0
29,252,10,rep29_m252,2901042,2902042,2903042,2904042,0.10577353618318235,0.285863311830925,0.27411775566046165,0.04844994529912948,0.1767486574607098,0.2938733932814747,0.04950872616476269,0.16073253500007922,1.1519996405695565e-06,0.1607336869997198
29,252,25,rep29_m252,2901042,2902042,2903042,2904042,0.059516369697754944,0.28223685887330796,0.2783844965125174,0.04844994529912948,0.17403966781947197,0.29722311276754765,0.04950872616476269,0.40183227299985447,1.1519996405695565e-06,0.40183342499949504
29,252,50,rep29_m252,2901042,2902042,2903042,2904042,0.04069173820600438,0.32547604591529167,0.3239344579167181,0.04844994529912948,0.14956712419765394,0.34912073814877453,0.04950872616476269,0.7946929810000256,1.1519996405695565e-06,0.7946941329996662
29,252,100,rep29_m252,2901042,2902042,2903042,2904042,0.036882112173698134,0.36687348999311703,0.3666968719121305,0.04844994529912948,0.1321253302393571,0.3890784502362134,0.04950872616476269,1.5701772219999839,1.1519996405695565e-06,1.5701783739996245
29,252,200,rep29_m252,2901042,2902042,2903042,2904042,0.0686470292070999,0.37720631886441464,0.36715267994695866,0.04844994529912948,0.1319613009664777,0.37484648048470975,0.04950872616476269,3.117486174000078,1.1519996405695565e-06,3.1174873259997185
29,252,500,rep29_m252,2901042,2902042,2903042,2904042,0.032123390024816914,0.3258349889068501,0.31339546499508775,0.04844994529912948,0.15459682959958881,0.32292928742356025,0.04950872616476269,7.711843261000013,1.1519996405695565e-06,7.711844412999653
29,252,1000,rep29_m252,2901042,2902042,2903042,2904042,0.024987472309632348,0.30034372885104227,0.2996363402282435,0.04844994529912948,0.16169582522007664,0.31507888931138966,0.04950872616476269,15.39312929100015,1.1519996405695565e-06,15.39313044299979
