base_seed,replication,contract_id,K,sigma,T,method,pricing_seed,pilot_seed,target_training_seed,price,observation_variance,estimator_variance,std_error,ci_lower,ci_upper,pricing_observations,pricing_simulated_paths,pilot_paths,target_training_paths,shared_reference_training_paths,total_simulated_paths,shared_reference_training_runtime_s,target_training_runtime_s,pilot_runtime_s,pricing_runtime_s,end_to_end_runtime_s,beta,corr_f_c0,param_hash,hash_verified,error
42,0,reference,100.0,0.2,1.0,MC,5042,4042,3042,5.752108876259841,63.5238726871488,0.00635238726871488,0.07970186490111057,5.5958932210536645,5.908324531466018,10000,10000,0,0,0,10000,0.0,0.0,0.0,0.06447180499992555,0.06447180499992555,nan,nan,,,
42,0,reference,100.0,0.2,1.0,AV,5042,4042,3042,5.786125680899997,15.65594230152838,0.001565594230152838,0.039567590653877806,5.708573203218396,5.863678158581598,10000,20000,0,0,0,20000,0.0,0.0,0.0,0.10102079099999628,0.10102079099999628,nan,nan,,,
42,0,reference,100.0,0.2,1.0,GCV,5042,4042,3042,5.779939185379652,0.0503818763182404,5.03818763182404e-06,0.0022445907492957464,5.775539787511032,5.784338583248272,10000,10000,2000,0,0,12000,0.0,0.0,0.01251039999999648,0.050267912999970576,0.06277831299996706,1.0377016817947997,0.9995863813843853,,,
42,0,reference,100.0,0.2,1.0,NCV_SCRATCH,5042,4042,3042,,,,,,,,,,,,,,,,,,,,,,torch_not_available
42,0,strike_low,80.0,0.2,1.0,MC,5142,4142,3142,21.36465617637205,128.95490807018479,0.012895490807018479,0.11355831456577047,21.14208187982314,21.58723047292096,10000,10000,0,0,0,10000,0.0,0.0,0.0,0.06457139099995857,0.06457139099995857,nan,nan,,,
42,0,strike_low,80.0,0.2,1.0,AV,5142,4142,3142,21.506651563814863,1.9536270583027437,0.00019536270583027439,0.01397722096234707,21.479256210728664,21.53404691690106,10000,20000,0,0,0,20000,0.0,0.0,0.0,0.09922219299994595,0.09922219299994595,nan,nan,,,
42,0,strike_low,80.0,0.2,1.0,GCV,5142,4142,3142,21.50155753635793,0.08546376782516493,8.546376782516493e-06,0.002923418680674476,21.495827635743808,21.50728743697205,10000,10000,2000,0,0,12000,0.0,0.0,0.012195701999985431,0.05085399800009327,0.0630497000000787,1.0139857933377716,0.9997132246508112,,,
42,0,strike_low,80.0,0.2,1.0,NCV_SCRATCH,5142,4142,3142,,,,,,,,,,,,,,,,,,,,,,torch_not_available
42,0,strike_low,80.0,0.2,1.0,NCV_TRANSFER_BETA1,5142,4142,3142,,,,,,,,,,,,,,,,,,,,,,torch_not_available
42,0,strike_low,80.0,0.2,1.0,NCV_TRANSFER_BETA,5142,4142,3142,,,,,,,,,,,,,,,,,,,,,,torch_not_available
42,0,strike_high,120.0,0.2,1.0,MC,5242,4242,3242,0.5416191975874058,6.343538103043318,0.0006343538103043318,0.02518638144522416,0.4922538899547665,0.5909845052200452,10000,10000,0,0,0,10000,0.0,0.0,0.0,0.06439097500003754,0.06439097500003754,nan,nan,,,
42,0,strike_high,120.0,0.2,1.0,AV,5242,4242,3242,0.531149832166738,3.012982711501366,0.0003012982711501366,0.017357945476067626,0.4971282590336454,0.5651714052998305,10000,20000,0,0,0,20000,0.0,0.0,0.0,0.09837875799996709,0.09837875799996709,nan,nan,,,
42,0,strike_high,120.0,0.2,1.0,GCV,5242,4242,3242,0.5315989920363711,0.02982049207821657,2.982049207821657e-06,0.0017268610852705138,0.5282143443092409,0.5349836397635013,10000,10000,2000,0,0,12000,0.0,0.0,0.011835429000029762,0.049196742999924936,0.0610321719999547,1.1122083251961397,0.9977785762900772,,,
42,0,strike_high,120.0,0.2,1.0,NCV_SCRATCH,5242,4242,3242,,,,,,,,,,,,,,,,,,,,,,torch_not_available
42,0,strike_high,120.0,0.2,1.0,NCV_TRANSFER_BETA1,5242,4242,3242,,,,,,,,,,,,,,,,,,,,,,torch_not_available
42,0,strike_high,120.0,0.2,1.0,NCV_TRANSFER_BETA,5242,4242,3242,,,,,,,,,,,,,,,,,,,,,,torch_not_available
42,0,volatility_low,100.0,0.1,1.0,MC,5342,4342,3342,3.7159299637800767,18.130819655138367,0.0018130819655138367,0.04258030020459974,3.632472575379061,3.799387352181092,10000,10000,0,0,0,10000,0.0,0.0,0.0,0.06504028699998798,0.06504028699998798,nan,nan,,,
42,0,volatility_low,100.0,0.1,1.0,AV,5342,4342,3342,3.6533757575514603,2.753078272640953,0.0002753078272640953,0.0165924026971411,3.620854648265064,3.6858968668378567,10000,20000,0,0,0,20000,0.0,0.0,0.0,0.09879416399996899,0.09879416399996899,nan,nan,,,
42,0,volatility_low,100.0,0.1,1.0,GCV,5342,4342,3342,3.654611898149208,0.003906871122994887,3.906871122994887e-07,0.0006250496878644838,3.6533868007609938,3.655836995537422,10000,10000,2000,0,0,12000,0.0,0.0,0.011841731999993499,0.04765224899995246,0.05949398099994596,1.017567755650431,0.9998912251835618,,,
42,0,volatility_low,100.0,0.1,1.0,NCV_SCRATCH,5342,4342,3342,,,,,,,,,,,,,,,,,,,,,,torch_not_available
42,0,volatility_low,100.0,0.1,1.0,NCV_TRANSFER_BETA1,5342,4342,3342,,,,,,,,,,,,,,,,,,,,,,torch_not_available
42,0,volatility_low,100.0,0.1,1.0,NCV_TRANSFER_BETA,5342,4342,3342,,,,,,,,,,,,,,,,,,,,,,torch_not_available
42,0,volatility_high,100.0,0.5,1.0,MC,5442,4442,3442,12.78505486905483,486.5259748456849,0.04865259748456849,0.2205733381090482,12.352731126361096,13.217378611748565,10000,10000,0,0,0,10000,0.0,0.0,0.0,0.06482353199999125,0.06482353199999125,nan,nan,,,
42,0,volatility_high,100.0,0.5,1.0,AV,5442,4442,3442,12.48434858186851,154.37260265298013,0.015437260265298014,0.12424677164939946,12.240824909435686,12.727872254301333,10000,20000,0,0,0,20000,0.0,0.0,0.0,0.09812041099996804,0.09812041099996804,nan,nan,,,
42,0,volatility_high,100.0,0.5,1.0,GCV,5442,4442,3442,12.36824975930576,2.2768158768378512,0.00022768158768378513,0.015089121501392489,12.33867508116303,12.39782443744849,10000,10000,2000,0,0,12000,0.0,0.0,0.011860258999945472,0.049189032000072075,0.06104929100001755,1.0926245135984933,0.9973953337763273,,,
42,0,volatility_high,100.0,0.5,1.0,NCV_SCRATCH,5442,4442,3442,,,,,,,,,,,,,,,,,,,,,,torch_not_available
42,0,volatility_high,100.0,0.5,1.0,NCV_TRANSFER_BETA1,5442,4442,3442,,,,,,,,,,,,,,,,,,,,,,torch_not_available
42,0,volatility_high,100.0,0.5,1.0,NCV_TRANSFER_BETA,5442,4442,3442,,,,,,,,,,,,,,,,,,,,,,torch_not_available
42,0,maturity_short,100.0,0.2,0.5,MC,5542,4542,3542,3.9194691462397118,30.67728038343082,0.0030677280383430818,0.055387074650527286,3.8109104799246785,4.028027812554745,10000,10000,0,0,0,10000,0.0,0.0,0.0,0.06423856300000352,0.06423856300000352,nan,nan,,,
42,0,maturity_short,100.0,0.2,0.5,AV,5542,4542,3542,3.9058314935253104,7.569304872486243,0.0007569304872486243,0.027512369713432978,3.851907248886982,3.959755738163639,10000,20000,0,0,0,20000,0.0,0.0,0.0,0.10106150100000377,0.10106150100000377,nan,nan,,,
42,0,maturity_short,100.0,0.2,0.5,GCV,5542,4542,3542,3.866628090110603,0.011765165753941492,1.1765165753941492e-06,0.0010846734879188986,3.864502130074282,3.868754050146924,10000,10000,2000,0,0,12000,0.0,0.0,0.011839450000024954,0.04997648500000196,0.06181593500002691,1.0221583017367566,0.999814032596856,,,
42,0,maturity_short,100.0,0.2,0.5,NCV_SCRATCH,5542,4542,3542,,,,,,,,,,,,,,,,,,,,,,torch_not_available
42,0,maturity_short,100.0,0.2,0.5,NCV_TRANSFER_BETA1,5542,4542,3542,,,,,,,,,,,,,,,,,,,,,,torch_not_available
42,0,maturity_short,100.0,0.2,0.5,NCV_TRANSFER_BETA,5542,4542,3542,,,,,,,,,,,,,,,,,,,,,,torch_not_available
42,0,maturity_long,100.0,0.2,2.0,MC,5642,4642,3642,8.87358307859687,149.3729189094865,0.014937291890948648,0.1222182142356394,8.634035378695016,9.113130778498723,10000,10000,0,0,0,10000,0.0,0.0,0.0,0.06405417700000271,0.06405417700000271,nan,nan,,,
42,0,maturity_long,100.0,0.2,2.0,AV,5642,4642,3642,8.834737030901746,33.37659492360806,0.003337659492360806,0.057772480406858125,8.721502969304304,8.947971092499188,10000,20000,0,0,0,20000,0.0,0.0,0.0,0.09885379400009242,0.09885379400009242,nan,nan,,,
42,0,maturity_long,100.0,0.2,2.0,GCV,5642,4642,3642,8.736523206228794,0.2542752872696317,2.542752872696317e-05,0.005042571638257921,8.726639765817808,8.74640664663978,10000,10000,2000,0,0,12000,0.0,0.0,0.011882850999995753,0.048504793999995854,0.06038764499999161,1.0548094687352074,0.9991524941668297,,,
42,0,maturity_long,100.0,0.2,2.0,NCV_SCRATCH,5642,4642,3642,,,,,,,,,,,,,,,,,,,,,,torch_not_available
42,0,maturity_long,100.0,0.2,2.0,NCV_TRANSFER_BETA1,5642,4642,3642,,,,,,,,,,,,,,,,,,,,,,torch_not_available
42,0,maturity_long,100.0,0.2,2.0,NCV_TRANSFER_BETA,5642,4642,3642,,,,,,,,,,,,,,,,,,,,,,torch_not_available
42,1,reference,100.0,0.2,1.0,MC,105042,104042,103042,5.90190177009612,64.47103635741678,0.006447103635741678,0.08029385802003587,5.744525808376849,6.05927773181539,10000,10000,0,0,0,10000,0.0,0.0,0.0,0.06507223099993098,0.06507223099993098,nan,nan,,,
42,1,reference,100.0,0.2,1.0,AV,105042,104042,103042,5.823319296010799,15.641005016269505,0.0015641005016269504,0.03954871049259319,5.745803823445316,5.900834768576281,10000,20000,0,0,0,20000,0.0,0.0,0.0,0.09977234100006172,0.09977234100006172,nan,nan,,,
42,1,reference,100.0,0.2,1.0,GCV,105042,104042,103042,5.7831773541945335,0.049820884004251505,4.982088400425151e-06,0.00223205922870007,5.778802518106281,5.787552190282786,10000,10000,2000,0,0,12000,0.0,0.0,0.011767767000037566,0.047555428999999094,0.05932319600003666,1.0349587806181673,0.9996328658986298,,,
42,1,reference,100.0,0.2,1.0,NCV_SCRATCH,105042,104042,103042,,,,,,,,,,,,,,,,,,,,,,torch_not_available
42,1,strike_low,80.0,0.2,1.0,MC,105142,104142,103142,21.352395270816988,125.48802475299505,0.012548802475299504,0.1120214375702236,21.13283325317935,21.571957288454627,10000,10000,0,0,0,10000,0.0,0.0,0.0,0.06430471699991358,0.06430471699991358,nan,nan,,,
42,1,strike_low,80.0,0.2,1.0,AV,105142,104142,103142,21.489788477590338,1.8480498007339277,0.00018480498007339278,0.013594299543315676,21.46314365048544,21.516433304695237,10000,20000,0,0,0,20000,0.0,0.0,0.0,0.09872110599997086,0.09872110599997086,nan,nan,,,
42,1,strike_low,80.0,0.2,1.0,GCV,105142,104142,103142,21.502375457291613,0.08348014452787003,8.348014452787004e-06,0.0028892930714600417,21.49671244287155,21.508038471711675,10000,10000,2000,0,0,12000,0.0,0.0,0.01201874499997757,0.048043742000004386,0.06006248699998196,1.0132156315271514,0.9996869857094938,,,
42,1,strike_low,80.0,0.2,1.0,NCV_SCRATCH,105142,104142,103142,,,,,,,,,,,,,,,,,,,,,,torch_not_available
42,1,strike_low,80.0,0.2,1.0,NCV_TRANSFER_BETA1,105142,104142,103142,,,,,,,,,,,,,,,,,,,,,,torch_not_available
42,1,strike_low,80.0,0.2,1.0,NCV_TRANSFER_BETA,105142,104142,103142,,,,,,,,,,,,,,,,,,,,,,torch_not_available
42,1,strike_high,120.0,0.2,1.0,MC,105242,104242,103242,0.5178643405772646,6.354676548546578,0.0006354676548546578,0.0252084837873018,0.46845571235415306,0.5672729688003761,10000,10000,0,0,0,10000,0.0,0.0,0.0,0.06506505700008347,0.06506505700008347,nan,nan,,,
42,1,strike_high,120.0,0.2,1.0,AV,105242,104242,103242,0.5501764025722852,3.1771365945328713,0.00031771365945328713,0.017824524101733744,0.515240335332887,0.5851124698116833,10000,20000,0,0,0,20000,0.0,0.0,0.0,0.09970310199992127,0.09970310199992127,nan,nan,,,
42,1,strike_high,120.0,0.2,1.0,GCV,105242,104242,103242,0.5330366404462232,0.029732296165520214,2.9732296165520216e-06,0.001724305546169826,0.5296570015757304,0.5364162793167161,10000,10000,2000,0,0,12000,0.0,0.0,0.011713102999920011,0.04824394500008111,0.05995704800000112,1.09836794092574,0.9975491377694817,,,
42,1,strike_high,120.0,0.2,1.0,NCV_SCRATCH,105242,104242,103242,,,,,,,,,,,,,,,,,,,,,,torch_not_available
42,1,strike_high,120.0,0.2,1.0,NCV_TRANSFER_BETA1,105242,104242,103242,,,,,,,,,,,,,,,,,,,,,,torch_not_available
42,1,strike_high,120.0,0.2,1.0,NCV_TRANSFER_BETA,105242,104242,103242,,,,,,,,,,,,,,,,,,,,,,torch_not_available
42,1,volatility_low,100.0,0.1,1.0,MC,105342,104342,103342,3.6740071933686624,17.836237226065926,0.0017836237226065926,0.042232969616244044,3.591230572920824,3.756783813816501,10000,10000,0,0,0,10000,0.0,0.0,0.0,0.06425585499994213,0.06425585499994213,nan,nan,,,
42,1,volatility_low,100.0,0.1,1.0,AV,105342,104342,103342,3.6636773092345676,2.82898589698669,0.00028289858969866903,0.016819589462845667,3.63071091388739,3.6966437045817453,10000,20000,0,0,0,20000,0.0,0.0,0.0,0.0997759680000172,0.0997759680000172,nan,nan,,,
42,1,volatility_low,100.0,0.1,1.0,GCV,105342,104342,103342,3.653792260626097,0.0037754129081021765,3.7754129081021766e-07,0.0006144438874382408,3.652587950606718,3.654996570645476,10000,10000,2000,0,0,12000,0.0,0.0,0.012125593999940065,0.04858338000008189,0.060708974000021954,1.0178761573731288,0.9998854869090772,,,
42,1,volatility_low,100.0,0.1,1.0,NCV_SCRATCH,105342,104342,103342,,,,,,,,,,,,,,,,,,,,,,torch_not_available
42,1,volatility_low,100.0,0.1,1.0,NCV_TRANSFER_BETA1,105342,104342,103342,,,,,,,,,,,,,,,,,,,,,,torch_not_available
42,1,volatility_low,100.0,0.1,1.0,NCV_TRANSFER_BETA,105342,104342,103342,,,,,,,,,,,,,,,,,,,,,,torch_not_available
42,1,volatility_high,100.0,0.5,1.0,MC,105442,104442,103442,12.296249369612857,447.54104046059746,0.04475410404605975,0.21155165810283727,11.881608119731297,12.710890619494418,10000,10000,0,0,0,10000,0.0,0.0,0.0,0.06401190799999767,0.06401190799999767,nan,nan,,,
42,1,volatility_high,100.0,0.5,1.0,AV,105442,104442,103442,12.394177640672043,147.6648825239434,0.01476648825239434,0.12151744011620036,12.15600345804429,12.632351823299794,10000,20000,0,0,0,20000,0.0,0.0,0.0,0.09987894100004269,0.09987894100004269,nan,nan,,,
42,1,volatility_high,100.0,0.5,1.0,GCV,105442,104442,103442,12.382464147346115,2.3182913157615896,0.00023182913157615898,0.015225936147776233,12.352621312496472,12.412306982195757,10000,10000,2000,0,0,12000,0.0,0.0,0.011908669000035843,0.05048890199998368,0.062397571000019525,1.1121335023358516,0.9968212683854744,,,
42,1,volatility_high,100.0,0.5,1.0,NCV_SCRATCH,105442,104442,103442,,,,,,,,,,,,,,,,,,,,,,torch_not_available
42,1,volatility_high,100.0,0.5,1.0,NCV_TRANSFER_BETA1,105442,104442,103442,,,,,,,,,,,,,,,,,,,,,,torch_not_available
42,1,volatility_high,100.0,0.5,1.0,NCV_TRANSFER_BETA,105442,104442,103442,,,,,,,,,,,,,,,,,,,,,,torch_not_available
42,1,maturity_short,100.0,0.2,0.5,MC,105542,104542,103542,3.875794529040395,29.286678556619623,0.0029286678556619625,0.054117167845906,3.7697248800624195,3.9818641780183706,10000,10000,0,0,0,10000,0.0,0.0,0.0,0.06513080100000934,0.06513080100000934,nan,nan,,,
42,1,maturity_short,100.0,0.2,0.5,AV,105542,104542,103542,3.8654875423639963,7.226107640964116,0.0007226107640964116,0.02688142042557297,3.8127999583298733,3.9181751263981193,10000,20000,0,0,0,20000,0.0,0.0,0.0,0.09945784299998195,0.09945784299998195,nan,nan,,,
42,1,maturity_short,100.0,0.2,0.5,GCV,105542,104542,103542,3.864740548571544,0.010810770848534297,1.0810770848534297e-06,0.001039748568093955,3.86270264137808,3.866778455765008,10000,10000,2000,0,0,12000,0.0,0.0,0.011799706000033439,0.04802997599995251,0.05982968199998595,1.0227169372589062,0.999833365223457,,,
42,1,maturity_short,100.0,0.2,0.5,NCV_SCRATCH,105542,104542,103542,,,,,,,,,,,,,,,,,,,,,,torch_not_available
42,1,maturity_short,100.0,0.2,0.5,NCV_TRANSFER_BETA1,105542,104542,103542,,,,,,,,,,,,,,,,,,,,,,torch_not_available
42,1,maturity_short,100.0,0.2,0.5,NCV_TRANSFER_BETA,105542,104542,103542,,,,,,,,,,,,,,,,,,,,,,torch_not_available
42,1,maturity_long,100.0,0.2,2.0,MC,105642,104642,103642,8.734965079730742,136.55440952563112,0.013655440952563111,0.11685649726293831,8.505926345095382,8.964003814366102,10000,10000,0,0,0,10000,0.0,0.0,0.0,0.06458399799998915,0.06458399799998915,nan,nan,,,
42,1,maturity_long,100.0,0.2,2.0,AV,105642,104642,103642,8.653877437220437,31.259247769941354,0.0031259247769941352,0.055909970282536685,8.544293895466666,8.763460978974209,10000,20000,0,0,0,20000,0.0,0.0,0.0,0.09913051099999848,0.09913051099999848,nan,nan,,,
42,1,maturity_long,100.0,0.2,2.0,GCV,105642,104642,103642,8.729814283727396,0.2430811942361502,2.430811942361502e-05,0.00493032650273945,8.720150843782028,8.739477723672765,10000,10000,2000,0,0,12000,0.0,0.0,0.012407421000034446,0.04997662499999933,0.06238404600003378,1.051936089812841,0.9991870273427306,,,
42,1,maturity_long,100.0,0.2,2.0,NCV_SCRATCH,105642,104642,103642,,,,,,,,,,,,,,,,,,,,,,torch_not_available
42,1,maturity_long,100.0,0.2,2.0,NCV_TRANSFER_BETA1,105642,104642,103642,,,,,,,,,,,,,,,,,,,,,,torch_not_available
42,1,maturity_long,100.0,0.2,2.0,NCV_TRANSFER_BETA,105642,104642,103642,,,,,,,,,,,,,,,,,,,,,,torch_not_available
42,2,reference,100.0,0.2,1.0,MC,205042,204042,203042,5.767924315001214,64.13991057013973,0.006413991057013973,0.08008739636805515,5.610953018119826,5.924895611882603,10000,10000,0,0,0,10000,0.0,0.0,0.0,0.06449353900006827,0.06449353900006827,nan,nan,,,
42,2,reference,100.0,0.2,1.0,AV,205042,204042,203042,5.766637524628715,15.148805535909075,0.0015148805535909074,0.038921466488184994,5.690351450311872,5.842923598945558,10000,20000,0,0,0,20000,0.0,0.0,0.0,0.09809636900001806,0.09809636900001806,nan,nan,,,
42,2,reference,100.0,0.2,1.0,GCV,205042,204042,203042,5.783275714837798,0.04686225912402915,4.686225912402915e-06,0.0021647692515376587,5.779032767104784,5.787518662570811,10000,10000,2000,0,0,12000,0.0,0.0,0.01186416600000939,0.048093934999997145,0.059958101000006536,1.0341539696543895,0.9996409242990824,,,
42,2,reference,100.0,0.2,1.0,NCV_SCRATCH,205042,204042,203042,,,,,,,,,,,,,,,,,,,,,,torch_not_available
42,2,strike_low,80.0,0.2,1.0,MC,205142,204142,203142,21.461551784592558,129.7309746654173,0.01297309746654173,0.11389950599779496,21.23830875283688,21.684794816348237,10000,10000,0,0,0,10000,0.0,0.0,0.0,0.06416183899989392,0.06416183899989392,nan,nan,,,
42,2,strike_low,80.0,0.2,1.0,AV,205142,204142,203142,21.51781758305943,2.138616646731558,0.0002138616646731558,0.01462400986983925,21.489154523714543,21.546480642404315,10000,20000,0,0,0,20000,0.0,0.0,0.0,0.09858683499999188,0.09858683499999188,nan,nan,,,
42,2,strike_low,80.0,0.2,1.0,GCV,205142,204142,203142,21.506667318315237,0.09486395606922776,9.486395606922775e-06,0.0030799992868380307,21.500630519713035,21.51270411691744,10000,10000,2000,0,0,12000,0.0,0.0,0.01197604499998306,0.048523287999955755,0.060499332999938815,1.0143717622618746,0.9996445625763289,,,
42,2,strike_low,80.0,0.2,1.0,NCV_SCRATCH,205142,204142,203142,,,,,,,,,,,,,,,,,,,,,,torch_not_available
42,2,strike_low,80.0,0.2,1.0,NCV_TRANSFER_BETA1,205142,204142,203142,,,,,,,,,,,,,,,,,,,,,,torch_not_available
42,2,strike_low,80.0,0.2,1.0,NCV_TRANSFER_BETA,205142,204142,203142,,,,,,,,,,,,,,,,,,,,,,torch_not_available
42,2,strike_high,120.0,0.2,1.0,MC,205242,204242,203242,0.5875132720635338,6.984279304594281,0.0006984279304594281,0.026427787089717297,0.5357148093676879,0.6393117347593796,10000,10000,0,0,0,10000,0.0,0.0,0.0,0.06517023399999289,0.06517023399999289,nan,nan,,,
42,2,strike_high,120.0,0.2,1.0,AV,205242,204242,203242,0.5762115039091102,3.3151985218907085,0.00033151985218907084,0.018207686623760603,0.5405244381265395,0.611898569691681,10000,20000,0,0,0,20000,0.0,0.0,0.0,0.09864057600009346,0.09864057600009346,nan,nan,,,
42,2,strike_high,120.0,0.2,1.0,GCV,205242,204242,203242,0.529896193216806,0.031399244888044506,3.1399244888044506e-06,0.0017719832078223682,0.5264231061294742,0.5333692803041379,10000,10000,2000,0,0,12000,0.0,0.0,0.012416138000048704,0.04844787699994413,0.06086401499999283,1.1227359211776633,0.997333800271748,,,
42,2,strike_high,120.0,0.2,1.0,NCV_SCRATCH,205242,204242,203242,,,,,,,,,,,,,,,,,,,,,,torch_not_available
42,2,strike_high,120.0,0.2,1.0,NCV_TRANSFER_BETA1,205242,204242,203242,,,,,,,,,,,,,,,,,,,,,,torch_not_available
42,2,strike_high,120.0,0.2,1.0,NCV_TRANSFER_BETA,205242,204242,203242,,,,,,,,,,,,,,,,,,,,,,torch_not_available
42,2,volatility_low,100.0,0.1,1.0,MC,205342,204342,203342,3.7285878854559487,18.418525144841762,0.0018418525144841763,0.04291680922999957,3.6444709393651493,3.812704831546748,10000,10000,0,0,0,10000,0.0,0.0,0.0,0.06507962499995301,0.06507962499995301,nan,nan,,,
42,2,volatility_low,100.0,0.1,1.0,AV,205342,204342,203342,3.6718351541033596,2.964244451714832,0.0002964244451714832,0.017216981302524647,3.6380898707504112,3.705580437456308,10000,20000,0,0,0,20000,0.0,0.0,0.0,0.09864944200000991,0.09864944200000991,nan,nan,,,
42,2,volatility_low,100.0,0.1,1.0,GCV,205342,204342,203342,3.6537627233795944,0.0040947120751655755,4.0947120751655755e-07,0.0006398993729615286,3.6525085206085897,3.655016926150599,10000,10000,2000,0,0,12000,0.0,0.0,0.011813160999963657,0.04720396200002597,0.059017122999989624,1.017933362501514,0.9998985621717298,,,
42,2,volatility_low,100.0,0.1,1.0,NCV_SCRATCH,205342,204342,203342,,,,,,,,,,,,,,,,,,,,,,torch_not_available
42,2,volatility_low,100.0,0.1,1.0,NCV_TRANSFER_BETA1,205342,204342,203342,,,,,,,,,,,,,,,,,,,,,,torch_not_available
42,2,volatility_low,100.0,0.1,1.0,NCV_TRANSFER_BETA,205342,204342,203342,,,,,,,,,,,,,,,,,,,,,,torch_not_available
42,2,volatility_high,100.0,0.5,1.0,MC,205442,204442,203442,12.934488466585394,481.7544085679583,0.04817544085679583,0.2194890449585032,12.504289938466728,13.36468699470406,10000,10000,0,0,0,10000,0.0,0.0,0.0,0.06416551500001333,0.06416551500001333,nan,nan,,,
42,2,volatility_high,100.0,0.5,1.0,AV,205442,204442,203442,12.556746646063532,156.8030743261423,0.01568030743261423,0.12522103430579956,12.311313418824165,12.802179873302899,10000,20000,0,0,0,20000,0.0,0.0,0.0,0.10027498099998411,0.10027498099998411,nan,nan,,,
42,2,volatility_high,100.0,0.5,1.0,GCV,205442,204442,203442,12.355861131060543,2.169780658986308,0.0002169780658986308,0.014730175351930839,12.326989987370759,12.384732274750327,10000,10000,2000,0,0,12000,0.0,0.0,0.011763878000010664,0.04773527500003638,0.059499153000047045,1.0850174384149307,0.9978999776539015,,,
42,2,volatility_high,100.0,0.5,1.0,NCV_SCRATCH,205442,204442,203442,,,,,,,,,,,,,,,,,,,,,,torch_not_available
42,2,volatility_high,100.0,0.5,1.0,NCV_TRANSFER_BETA1,205442,204442,203442,,,,,,,,,,,,,,,,,,,,,,torch_not_available
42,2,volatility_high,100.0,0.5,1.0,NCV_TRANSFER_BETA,205442,204442,203442,,,,,,,,,,,,,,,,,,,,,,torch_not_available
42,2,maturity_short,100.0,0.2,0.5,MC,205542,204542,203542,3.8840306721987043,29.739792596288737,0.002973979259628874,0.054534202658779875,3.7771436349874956,3.990917709409913,10000,10000,0,0,0,10000,0.0,0.0,0.0,0.0676949329999843,0.0676949329999843,nan,nan,,,
42,2,maturity_short,100.0,0.2,0.5,AV,205542,204542,203542,3.8883264145995824,7.230625347877574,0.0007230625347877574,0.0268898221412444,3.8356223632027433,3.9410304659964215,10000,20000,0,0,0,20000,0.0,0.0,0.0,0.09833913199997824,0.09833913199997824,nan,nan,,,
42,2,maturity_short,100.0,0.2,0.5,GCV,205542,204542,203542,3.8660716131322093,0.010766543929414073,1.0766543929414074e-06,0.0010376195800684408,3.864037878755275,3.8681053475091436,10000,10000,2000,0,0,12000,0.0,0.0,0.011707011999988026,0.047789376000082484,0.05949638800007051,1.024585845512221,0.9997842685276096,,,
42,2,maturity_short,100.0,0.2,0.5,NCV_SCRATCH,205542,204542,203542,,,,,,,,,,,,,,,,,,,,,,torch_not_available
42,2,maturity_short,100.0,0.2,0.5,NCV_TRANSFER_BETA1,205542,204542,203542,,,,,,,,,,,,,,,,,,,,,,torch_not_available
42,2,maturity_short,100.0,0.2,0.5,NCV_TRANSFER_BETA,205542,204542,203542,,,,,,,,,,,,,,,,,,,,,,torch_not_available
42,2,maturity_long,100.0,0.2,2.0,MC,205642,204642,203642,8.656259041052182,144.28277537476453,0.014428277537476452,0.12011776528672373,8.420828221090204,8.89168986101416,10000,10000,0,0,0,10000,0.0,0.0,0.0,0.06395384899997225,0.06395384899997225,nan,nan,,,
42,2,maturity_long,100.0,0.2,2.0,AV,205642,204642,203642,8.757340200055852,33.978797810573994,0.0033978797810573992,0.05829133538577924,8.643089182699725,8.871591217411979,10000,20000,0,0,0,20000,0.0,0.0,0.0,0.09897579200003292,0.09897579200003292,nan,nan,,,
42,2,maturity_long,100.0,0.2,2.0,GCV,205642,204642,203642,8.745226475283227,0.2496376684268965,2.496376684268965e-05,0.0049963753704750456,8.735433579557096,8.755019371009357,10000,10000,2000,0,0,12000,0.0,0.0,0.011897301999965748,0.04928238800005147,0.06117969000001722,1.050596566278832,0.9992827265534673,,,
42,2,maturity_long,100.0,0.2,2.0,NCV_SCRATCH,205642,204642,203642,,,,,,,,,,,,,,,,,,,,,,torch_not_available
42,2,maturity_long,100.0,0.2,2.0,NCV_TRANSFER_BETA1,205642,204642,203642,,,,,,,,,,,,,,,,,,,,,,torch_not_available
42,2,maturity_long,100.0,0.2,2.0,NCV_TRANSFER_BETA,205642,204642,203642,,,,,,,,,,,,,,,,,,,,,,torch_not_available
42,3,reference,100.0,0.2,1.0,MC,305042,304042,303042,5.849366088852797,65.75234693013006,0.006575234693013006,0.08108782086733499,5.69043395995282,6.008298217752774,10000,10000,0,0,0,10000,0.0,0.0,0.0,0.06504010699995888,0.06504010699995888,nan,nan,,,
42,3,reference,100.0,0.2,1.0,AV,305042,304042,303042,5.789881944689315,15.986773107295479,0.001598677310729548,0.03998346296570055,5.711514357276542,5.868249532102087,10000,20000,0,0,0,20000,0.0,0.0,0.0,0.09825654999997369,0.09825654999997369,nan,nan,,,
42,3,reference,100.0,0.2,1.0,GCV,305042,304042,303042,5.783294792368342,0.052718781823651015,5.271878182365102e-06,0.0022960570947528946,5.778794520462626,5.787795064274058,10000,10000,2000,0,0,12000,0.0,0.0,0.011643717999959335,0.048010793000003105,0.05965451099996244,1.037454830854737,0.9995646649665612,,,
42,3,reference,100.0,0.2,1.0,NCV_SCRATCH,305042,304042,303042,,,,,,,,,,,,,,,,,,,,,,torch_not_available
42,3,strike_low,80.0,0.2,1.0,MC,305142,304142,303142,21.496836687526653,126.1899584121672,0.01261899584121672,0.11233430393791881,21.27666145180833,21.717011923244975,10000,10000,0,0,0,10000,0.0,0.0,0.0,0.06414726000002702,0.06414726000002702,nan,nan,,,
42,3,strike_low,80.0,0.2,1.0,AV,305142,304142,303142,21.48193235255391,1.8314187947916272,0.00018314187947916273,0.013532992258889485,21.455407687726485,21.508457017381332,10000,20000,0,0,0,20000,0.0,0.0,0.0,0.09847994699998708,0.09847994699998708,nan,nan,,,
42,3,strike_low,80.0,0.2,1.0,GCV,305142,304142,303142,21.498124432697267,0.08530659322798884,8.530659322798883e-06,0.002920729245034343,21.492399803377,21.503849062017533,10000,10000,2000,0,0,12000,0.0,0.0,0.012141827999926136,0.048130436999940684,0.06027226499986682,1.0132090077466342,0.9996712746483821,,,
42,3,strike_low,80.0,0.2,1.0,NCV_SCRATCH,305142,304142,303142,,,,,,,,,,,,,,,,,,,,,,torch_not_available
42,3,strike_low,80.0,0.2,1.0,NCV_TRANSFER_BETA1,305142,304142,303142,,,,,,,,,,,,,,,,,,,,,,torch_not_available
42,3,strike_low,80.0,0.2,1.0,NCV_TRANSFER_BETA,305142,304142,303142,,,,,,,,,,,,,,,,,,,,,,torch_not_available
42,3,strike_high,120.0,0.2,1.0,MC,305242,304242,303242,0.5341477669448972,6.403602153097334,0.0006403602153097334,0.025305339660034863,0.48454930121122886,0.5837462326785655,10000,10000,0,0,0,10000,0.0,0.0,0.0,0.0651773829999911,0.0651773829999911,nan,nan,,,
42,3,strike_high,120.0,0.2,1.0,AV,305242,304242,303242,0.5372981991243858,3.06068489794667,0.000306068489794667,0.017494813225486777,0.5030083652024318,0.5715880330463399,10000,20000,0,0,0,20000,0.0,0.0,0.0,0.0984433190000118,0.0984433190000118,nan,nan,,,
42,3,strike_high,120.0,0.2,1.0,GCV,305242,304242,303242,0.5292488992556664,0.028804531321501792,2.8804531321501794e-06,0.0016971897749368454,0.5259224072967902,0.5325753912145427,10000,10000,2000,0,0,12000,0.0,0.0,0.011670488000049772,0.04927219800003968,0.06094268600008945,1.1037356732820915,0.9974870153592996,,,
42,3,strike_high,120.0,0.2,1.0,NCV_SCRATCH,305242,304242,303242,,,,,,,,,,,,,,,,,,,,,,torch_not_available
42,3,strike_high,120.0,0.2,1.0,NCV_TRANSFER_BETA1,305242,304242,303242,,,,,,,,,,,,,,,,,,,,,,torch_not_available
42,3,strike_high,120.0,0.2,1.0,NCV_TRANSFER_BETA,305242,304242,303242,,,,,,,,,,,,,,,,,,,,,,torch_not_available
42,3,volatility_low,100.0,0.1,1.0,MC,305342,304342,303342,3.656101412724954,17.68122858206815,0.001768122858206815,0.042049053000118984,3.5736852688447205,3.738517556605187,10000,10000,0,0,0,10000,0.0,0.0,0.0,0.06452367199995024,0.06452367199995024,nan,nan,,,
42,3,volatility_low,100.0,0.1,1.0,AV,305342,304342,303342,3.6556224707379936,2.798125615505413,0.0002798125615505413,0.016727598798110303,3.6228363770936975,3.6884085643822897,10000,20000,0,0,0,20000,0.0,0.0,0.0,0.0987956059999533,0.0987956059999533,nan,nan,,,
42,3,volatility_low,100.0,0.1,1.0,GCV,305342,304342,303342,3.6539552918724394,0.003934663545648831,3.9346635456488315e-07,0.0006272689650898433,3.6527258447008633,3.6551847390440155,10000,10000,2000,0,0,12000,0.0,0.0,0.011794549999990522,0.048436999000045944,0.060231549000036466,1.0181226209374425,0.9998989909879538,,,
42,3,volatility_low,100.0,0.1,1.0,NCV_SCRATCH,305342,304342,303342,,,,,,,,,,,,,,,,,,,,,,torch_not_available
42,3,volatility_low,100.0,0.1,1.0,NCV_TRANSFER_BETA1,305342,304342,303342,,,,,,,,,,,,,,,,,,,,,,torch_not_available
42,3,volatility_low,100.0,0.1,1.0,NCV_TRANSFER_BETA,305342,304342,303342,,,,,,,,,,,,,,,,,,,,,,torch_not_available
42,3,volatility_high,100.0,0.5,1.0,MC,305442,304442,303442,12.523751234611167,440.6034857674646,0.044060348576746455,0.20990557061866283,12.112336316198588,12.935166153023745,10000,10000,0,0,0,10000,0.0,0.0,0.0,0.06542924299992592,0.06542924299992592,nan,nan,,,
42,3,volatility_high,100.0,0.5,1.0,AV,305442,304442,303442,12.216433402257428,145.13817251600298,0.014513817251600298,0.12047330514101579,11.980305724181036,12.452561080333819,10000,20000,0,0,0,20000,0.0,0.0,0.0,0.09894398300002649,0.09894398300002649,nan,nan,,,
42,3,volatility_high,100.0,0.5,1.0,GCV,305442,304442,303442,12.369700730223379,2.1963676627028703,0.00021963676627028702,0.014820147309331544,12.340653241497089,12.398748218949668,10000,10000,2000,0,0,12000,0.0,0.0,0.01202499999999418,0.04845382099995277,0.06047882099994695,1.0971983459418133,0.9976779260020157,,,
42,3,volatility_high,100.0,0.5,1.0,NCV_SCRATCH,305442,304442,303442,,,,,,,,,,,,,,,,,,,,,,torch_not_available
42,3,volatility_high,100.0,0.5,1.0,NCV_TRANSFER_BETA1,305442,304442,303442,,,,,,,,,,,,,,,,,,,,,,torch_not_available
42,3,volatility_high,100.0,0.5,1.0,NCV_TRANSFER_BETA,305442,304442,303442,,,,,,,,,,,,,,,,,,,,,,torch_not_available
42,3,maturity_short,100.0,0.2,0.5,MC,305542,304542,303542,3.9011130348922634,29.591096533640723,0.002959109653364072,0.05439769897122554,3.7944935449086614,4.007732524875865,10000,10000,0,0,0,10000,0.0,0.0,0.0,0.0638510659999838,0.0638510659999838,nan,nan,,,
42,3,maturity_short,100.0,0.2,0.5,AV,305542,304542,303542,3.894294174386828,7.402153159780473,0.0007402153159780472,0.027206898316016238,3.8409686536874363,3.9476196950862197,10000,20000,0,0,0,20000,0.0,0.0,0.0,0.099145668999995,0.099145668999995,nan,nan,,,
42,3,maturity_short,100.0,0.2,0.5,GCV,305542,304542,303542,3.866449985185039,0.011547817653476773,1.1547817653476773e-06,0.0010746077262646482,3.8643437540415606,3.8685562163285176,10000,10000,2000,0,0,12000,0.0,0.0,0.011918271000013192,0.04710405000002993,0.05902232100004312,1.0256422439440993,0.9997906588847457,,,
42,3,maturity_short,100.0,0.2,0.5,NCV_SCRATCH,305542,304542,303542,,,,,,,,,,,,,,,,,,,,,,torch_not_available
42,3,maturity_short,100.0,0.2,0.5,NCV_TRANSFER_BETA1,305542,304542,303542,,,,,,,,,,,,,,,,,,,,,,torch_not_available
42,3,maturity_short,100.0,0.2,0.5,NCV_TRANSFER_BETA,305542,304542,303542,,,,,,,,,,,,,,,,,,,,,,torch_not_available
42,3,maturity_long,100.0,0.2,2.0,MC,305642,304642,303642,8.686914984404417,141.36068866210888,0.014136068866210888,0.11889520119084239,8.453880390070367,8.919949578738468,10000,10000,0,0,0,10000,0.0,0.0,0.0,0.06386857900008636,0.06386857900008636,nan,nan,,,
42,3,maturity_long,100.0,0.2,2.0,AV,305642,304642,303642,8.790366653295433,33.196312157806574,0.003319631215780657,0.05761624090289697,8.677438821125754,8.90329448546511,10000,20000,0,0,0,20000,0.0,0.0,0.0,0.09804117800001677,0.09804117800001677,nan,nan,,,
42,3,maturity_long,100.0,0.2,2.0,GCV,305642,304642,303642,8.730833636807144,0.23057039486036532,2.305703948603653e-05,0.004801774618413127,8.721422158555054,8.740245115059235,10000,10000,2000,0,0,12000,0.0,0.0,0.011712877000036315,0.050716134000026614,0.06242901100006293,1.0593693409137943,0.9989959946684844,,,
42,3,maturity_long,100.0,0.2,2.0,NCV_SCRATCH,305642,304642,303642,,,,,,,,,,,,,,,,,,,,,,torch_not_available
42,3,maturity_long,100.0,0.2,2.0,NCV_TRANSFER_BETA1,305642,304642,303642,,,,,,,,,,,,,,,,,,,,,,torch_not_available
42,3,maturity_long,100.0,0.2,2.0,NCV_TRANSFER_BETA,305642,304642,303642,,,,,,,,,,,,,,,,,,,,,,torch_not_available
42,4,reference,100.0,0.2,1.0,MC,405042,404042,403042,5.786890071598453,63.47684555865613,0.006347684555865613,0.07967235753927214,5.630732250821479,5.943047892375427,10000,10000,0,0,0,10000,0.0,0.0,0.0,0.0646631229999457,0.0646631229999457,nan,nan,,,
42,4,reference,100.0,0.2,1.0,AV,405042,404042,403042,5.766957381610292,15.216630142365444,0.0015216630142365444,0.039008499256399806,5.690500723067749,5.843414040152836,10000,20000,0,0,0,20000,0.0,0.0,0.0,0.09848984600000676,0.09848984600000676,nan,nan,,,
42,4,reference,100.0,0.2,1.0,GCV,405042,404042,403042,5.782590556912906,0.04835403343106684,4.835403343106684e-06,0.0021989550570911368,5.778280605001007,5.786900508824805,10000,10000,2000,0,0,12000,0.0,0.0,0.011720642000000225,0.047846345999914774,0.059566987999915,1.0351295226737973,0.9995934723538833,,,
42,4,reference,100.0,0.2,1.0,NCV_SCRATCH,405042,404042,403042,,,,,,,,,,,,,,,,,,,,,,torch_not_available
42,4,strike_low,80.0,0.2,1.0,MC,405142,404142,403142,21.42391862850531,128.31361475830903,0.012831361475830904,0.11327559964895752,21.20189845319335,21.645938803817266,10000,10000,0,0,0,10000,0.0,0.0,0.0,0.06485817700001917,0.06485817700001917,nan,nan,,,
42,4,strike_low,80.0,0.2,1.0,AV,405142,404142,403142,21.50468614131708,1.85711754489269,0.000185711754489269,0.01362761000650037,21.47797602570434,21.53139625692982,10000,20000,0,0,0,20000,0.0,0.0,0.0,0.09866511299992453,0.09866511299992453,nan,nan,,,
42,4,strike_low,80.0,0.2,1.0,GCV,405142,404142,403142,21.50297717196405,0.08184391200423212,8.184391200423213e-06,0.0028608374998281903,21.497369930464387,21.508584413463716,10000,10000,2000,0,0,12000,0.0,0.0,0.012176543000009588,0.048302186999990226,0.060478729999999814,1.0131436664272202,0.999678086658078,,,
42,4,strike_low,80.0,0.2,1.0,NCV_SCRATCH,405142,404142,403142,,,,,,,,,,,,,,,,,,,,,,torch_not_available
42,4,strike_low,80.0,0.2,1.0,NCV_TRANSFER_BETA1,405142,404142,403142,,,,,,,,,,,,,,,,,,,,,,torch_not_available
42,4,strike_low,80.0,0.2,1.0,NCV_TRANSFER_BETA,405142,404142,403142,,,,,,,,,,,,,,,,,,,,,,torch_not_available
42,4,strike_high,120.0,0.2,1.0,MC,405242,404242,403242,0.5317516623490297,6.050042468550751,0.000605004246855075,0.024596834081951992,0.4835418675484038,0.5799614571496556,10000,10000,0,0,0,10000,0.0,0.0,0.0,0.0641100400000596,0.0641100400000596,nan,nan,,,
42,4,strike_high,120.0,0.2,1.0,AV,405242,404242,403242,0.5394574053222289,3.0113180917170013,0.00030113180917170013,0.01735314983430098,0.505445231646999,0.5734695789974588,10000,20000,0,0,0,20000,0.0,0.0,0.0,0.09826493599996411,0.09826493599996411,nan,nan,,,
42,4,strike_high,120.0,0.2,1.0,GCV,405242,404242,403242,0.5339288086531219,0.030840517299301526,3.0840517299301527e-06,0.0017561468417903307,0.5304867608432128,0.537370856463031,10000,10000,2000,0,0,12000,0.0,0.0,0.012062019000040891,0.047267746999978044,0.059329766000018935,1.1151542872455333,0.9984257014279089,,,
42,4,strike_high,120.0,0.2,1.0,NCV_SCRATCH,405242,404242,403242,,,,,,,,,,,,,,,,,,,,,,torch_not_available
42,4,strike_high,120.0,0.2,1.0,NCV_TRANSFER_BETA1,405242,404242,403242,,,,,,,,,,,,,,,,,,,,,,torch_not_available
42,4,strike_high,120.0,0.2,1.0,NCV_TRANSFER_BETA,405242,404242,403242,,,,,,,,,,,,,,,,,,,,,,torch_not_available
42,4,volatility_low,100.0,0.1,1.0,MC,405342,404342,403342,3.552886858343061,17.206372585853806,0.0017206372585853807,0.04148056482963293,3.4715849512769807,3.6341887654091414,10000,10000,0,0,0,10000,0.0,0.0,0.0,0.06403603199998997,0.06403603199998997,nan,nan,,,
42,4,volatility_low,100.0,0.1,1.0,AV,405342,404342,403342,3.644140818894279,2.7400900373279664,0.00027400900373279665,0.01655321732270789,3.611696512941772,3.6765851248467865,10000,20000,0,0,0,20000,0.0,0.0,0.0,0.09802106000006461,0.09802106000006461,nan,nan,,,
42,4,volatility_low,100.0,0.1,1.0,GCV,405342,404342,403342,3.6528199599434514,0.0034999890570321084,3.4999890570321086e-07,0.0005916070534596514,3.6516604101186707,3.653979509768232,10000,10000,2000,0,0,12000,0.0,0.0,0.011692119000031198,0.04767562799997904,0.05936774700001024,1.0179160052801155,0.9998938226086156,,,
42,4,volatility_low,100.0,0.1,1.0,NCV_SCRATCH,405342,404342,403342,,,,,,,,,,,,,,,,,,,,,,torch_not_available
42,4,volatility_low,100.0,0.1,1.0,NCV_TRANSFER_BETA1,405342,404342,403342,,,,,,,,,,,,,,,,,,,,,,torch_not_available
42,4,volatility_low,100.0,0.1,1.0,NCV_TRANSFER_BETA,405342,404342,403342,,,,,,,,,,,,,,,,,,,,,,torch_not_available
42,4,volatility_high,100.0,0.5,1.0,MC,405442,404442,403442,12.274028422394878,452.14132548809977,0.045214132548809974,0.21263615061604643,11.857261567187427,12.690795277602328,10000,10000,0,0,0,10000,0.0,0.0,0.0,0.06421254200006388,0.06421254200006388,nan,nan,,,
42,4,volatility_high,100.0,0.5,1.0,AV,405442,404442,403442,12.470584844536255,152.078268046891,0.015207826804689099,0.1233200178587771,12.228877609533052,12.712292079539457,10000,20000,0,0,0,20000,0.0,0.0,0.0,0.09796237099999416,0.09796237099999416,nan,nan,,,
42,4,volatility_high,100.0,0.5,1.0,GCV,405442,404442,403442,12.371029271941957,2.2573412405430844,0.00022573412405430844,0.015024450873636228,12.34158134822963,12.400477195654284,10000,10000,2000,0,0,12000,0.0,0.0,0.011730731000056949,0.04788862499992774,0.05961935599998469,1.1058894965651687,0.9972724570430008,,,
42,4,volatility_high,100.0,0.5,1.0,NCV_SCRATCH,405442,404442,403442,,,,,,,,,,,,,,,,,,,,,,torch_not_available
42,4,volatility_high,100.0,0.5,1.0,NCV_TRANSFER_BETA1,405442,404442,403442,,,,,,,,,,,,,,,,,,,,,,torch_not_available
42,4,volatility_high,100.0,0.5,1.0,NCV_TRANSFER_BETA,405442,404442,403442,,,,,,,,,,,,,,,,,,,,,,torch_not_available
42,4,maturity_short,100.0,0.2,0.5,MC,405542,404542,403542,3.953992623143949,30.17504151191246,0.003017504151191246,0.05493181365284825,3.846326268384366,4.061658977903531,10000,10000,0,0,0,10000,0.0,0.0,0.0,0.06382486799998333,0.06382486799998333,nan,nan,,,
42,4,maturity_short,100.0,0.2,0.5,AV,405542,404542,403542,3.913666600909853,7.387402855520069,0.0007387402855520068,0.02717977714316302,3.8603942377092535,3.9669389641104527,10000,20000,0,0,0,20000,0.0,0.0,0.0,0.09847597999998925,0.09847597999998925,nan,nan,,,
42,4,maturity_short,100.0,0.2,0.5,GCV,405542,404542,403542,3.864082488214917,0.01055822153969701,1.055822153969701e-06,0.0010275320695577832,3.862068525358584,3.8660964510712503,10000,10000,2000,0,0,12000,0.0,0.0,0.011939830999949663,0.04868856799998866,0.06062839899993833,1.0258022748697246,0.9997903103189352,,,
42,4,maturity_short,100.0,0.2,0.5,NCV_SCRATCH,405542,404542,403542,,,,,,,,,,,,,,,,,,,,,,torch_not_available
42,4,maturity_short,100.0,0.2,0.5,NCV_TRANSFER_BETA1,405542,404542,403542,,,,,,,,,,,,,,,,,,,,,,torch_not_available
42,4,maturity_short,100.0,0.2,0.5,NCV_TRANSFER_BETA,405542,404542,403542,,,,,,,,,,,,,,,,,,,,,,torch_not_available
42,4,maturity_long,100.0,0.2,2.0,MC,405642,404642,403642,8.725623665349229,140.99333160374871,0.014099333160374872,0.11874061293582272,8.492892063995017,8.95835526670344,10000,10000,0,0,0,10000,0.0,0.0,0.0,0.0652956339999946,0.0652956339999946,nan,nan,,,
42,4,maturity_long,100.0,0.2,2.0,AV,405642,404642,403642,8.74129229485982,32.259753402342426,0.0032259753402342425,0.05679767020075949,8.629968861266331,8.852615728453308,10000,20000,0,0,0,20000,0.0,0.0,0.0,0.09992620700006682,0.09992620700006682,nan,nan,,,
42,4,maturity_long,100.0,0.2,2.0,GCV,405642,404642,403642,8.722763387039427,0.215723548191949,2.15723548191949e-05,0.004644604915296338,8.713659961405446,8.731866812673408,10000,10000,2000,0,0,12000,0.0,0.0,0.011702417000037713,0.047377922000009676,0.05908033900004739,1.0515024161987063,0.9991942517746778,,,
42,4,maturity_long,100.0,0.2,2.0,NCV_SCRATCH,405642,404642,403642,,,,,,,,,,,,,,,,,,,,,,torch_not_available
42,4,maturity_long,100.0,0.2,2.0,NCV_TRANSFER_BETA1,405642,404642,403642,,,,,,,,,,,,,,,,,,,,,,torch_not_available
42,4,maturity_long,100.0,0.2,2.0,NCV_TRANSFER_BETA,405642,404642,403642,,,,,,,,,,,,,,,,,,,,,,torch_not_available
42,5,reference,100.0,0.2,1.0,MC,505042,504042,503042,5.81444224700364,63.74743536696403,0.006374743536696403,0.07984199106169887,5.65795194452271,5.97093254948457,10000,10000,0,0,0,10000,0.0,0.0,0.0,0.06437816200002544,0.06437816200002544,nan,nan,,,
42,5,reference,100.0,0.2,1.0,AV,505042,504042,503042,5.805237858583989,15.356751479756287,0.0015356751479756287,0.039187691281518854,5.7284299836722115,5.882045733495766,10000,20000,0,0,0,20000,0.0,0.0,0.0,0.098255340000037,0.098255340000037,nan,nan,,,
42,5,reference,100.0,0.2,1.0,GCV,505042,504042,503042,5.781522205511351,0.04811087535621453,4.811087535621453e-06,0.0021934191427133696,5.777223103991632,5.785821307031069,10000,10000,2000,0,0,12000,0.0,0.0,0.011629152000068643,0.04718953200006126,0.058818684000129906,1.0352423186258424,0.9996464980675673,,,
42,5,reference,100.0,0.2,1.0,NCV_SCRATCH,505042,504042,503042,,,,,,,,,,,,,,,,,,,,,,torch_not_available
42,5,strike_low,80.0,0.2,1.0,MC,505142,504142,503142,21.487089977024453,126.83356638762811,0.012683356638762812,0.11262040951249826,21.266353974379957,21.70782597966895,10000,10000,0,0,0,10000,0.0,0.0,0.0,0.06394331100000272,0.06394331100000272,nan,nan,,,
42,5,strike_low,80.0,0.2,1.0,AV,505142,504142,503142,21.499747877510977,2.1133320603055723,0.00021133320603055724,0.01453730394641858,21.471254761775995,21.52824099324596,10000,20000,0,0,0,20000,0.0,0.0,0.0,0.09813933399993857,0.09813933399993857,nan,nan,,,
42,5,strike_low,80.0,0.2,1.0,GCV,505142,504142,503142,21.501369247004632,0.08577213424855125,8.577213424855125e-06,0.0029286880040139346,21.495629018516766,21.5071094754925,10000,10000,2000,0,0,12000,0.0,0.0,0.012318929000002754,0.04736214399997607,0.059681072999978824,1.0134917855422243,0.9996770335948905,,,
42,5,strike_low,80.0,0.2,1.0,NCV_SCRATCH,505142,504142,503142,,,,,,,,,,,,,,,,,,,,,,torch_not_available
42,5,strike_low,80.0,0.2,1.0,NCV_TRANSFER_BETA1,505142,504142,503142,,,,,,,,,,,,,,,,,,,,,,torch_not_available
42,5,strike_low,80.0,0.2,1.0,NCV_TRANSFER_BETA,505142,504142,503142,,,,,,,,,,,,,,,,,,,,,,torch_not_available
42,5,strike_high,120.0,0.2,1.0,MC,505242,504242,503242,0.5162754487012475,6.3423173542953855,0.0006342317354295385,0.02518395789842293,0.4669148912203386,0.5656360061821565,10000,10000,0,0,0,10000,0.0,0.0,0.0,0.06385475700005827,0.06385475700005827,nan,nan,,,
42,5,strike_high,120.0,0.2,1.0,AV,505242,504242,503242,0.48876792656417545,2.744518198334142,0.0002744518198334142,0.0165665874528647,0.45629741515656064,0.5212384379717903,10000,20000,0,0,0,20000,0.0,0.0,0.0,0.09786563299996942,0.09786563299996942,nan,nan,,,
42,5,strike_high,120.0,0.2,1.0,GCV,505242,504242,503242,0.5335160932548473,0.03277658248694259,3.277658248694259e-06,0.0018104304042669687,0.529967649662484,0.5370645368472106,10000,10000,2000,0,0,12000,0.0,0.0,0.011609093999936704,0.047967904999950406,0.05957699899988711,1.1158541692735597,0.9975020005027658,,,
42,5,strike_high,120.0,0.2,1.0,NCV_SCRATCH,505242,504242,503242,,,,,,,,,,,,,,,,,,,,,,torch_not_available
42,5,strike_high,120.0,0.2,1.0,NCV_TRANSFER_BETA1,505242,504242,503242,,,,,,,,,,,,,,,,,,,,,,torch_not_available
42,5,strike_high,120.0,0.2,1.0,NCV_TRANSFER_BETA,505242,504242,503242,,,,,,,,,,,,,,,,,,,,,,torch_not_available
42,5,volatility_low,100.0,0.1,1.0,MC,505342,504342,503342,3.63197728982326,17.86450794113873,0.001786450794113873,0.04226642632295606,3.549135094230266,3.714819485416254,10000,10000,0,0,0,10000,0.0,0.0,0.0,0.06400707000000239,0.06400707000000239,nan,nan,,,
42,5,volatility_low,100.0,0.1,1.0,AV,505342,504342,503342,3.642677691238452,2.8050068631433005,0.00028050068631433006,0.016748154713708913,3.6098513079995826,3.6755040744773217,10000,20000,0,0,0,20000,0.0,0.0,0.0,0.09786406000000625,0.09786406000000625,nan,nan,,,
42,5,volatility_low,100.0,0.1,1.0,GCV,505342,504342,503342,3.654248104885763,0.0037455628391443955,3.7455628391443957e-07,0.0006120100357955248,3.6530485652156037,3.6554476445559225,10000,10000,2000,0,0,12000,0.0,0.0,0.011789019999923767,0.04861968199998046,0.060408701999904224,1.0175712986938394,0.999897138334937,,,
42,5,volatility_low,100.0,0.1,1.0,NCV_SCRATCH,505342,504342,503342,,,,,,,,,,,,,,,,,,,,,,torch_not_available
42,5,volatility_low,100.0,0.1,1.0,NCV_TRANSFER_BETA1,505342,504342,503342,,,,,,,,,,,,,,,,,,,,,,torch_not_available
42,5,volatility_low,100.0,0.1,1.0,NCV_TRANSFER_BETA,505342,504342,503342,,,,,,,,,,,,,,,,,,,,,,torch_not_available
42,5,volatility_high,100.0,0.5,1.0,MC,505442,504442,503442,12.580905801792014,475.20135128479353,0.04752013512847935,0.21799113543554782,12.15364317633834,13.008168427245687,10000,10000,0,0,0,10000,0.0,0.0,0.0,0.06420580099995732,0.06420580099995732,nan,nan,,,
42,5,volatility_high,100.0,0.5,1.0,AV,505442,504442,503442,12.31418292478085,150.7919181716467,0.01507919181716467,0.12279736079071353,12.073500097631051,12.554865751930649,10000,20000,0,0,0,20000,0.0,0.0,0.0,0.09893309599999611,0.09893309599999611,nan,nan,,,
42,5,volatility_high,100.0,0.5,1.0,GCV,505442,504442,503442,12.331418059860024,2.0950896671052526,0.00020950896671052526,0.014474424572691144,12.303048187697549,12.359787932022499,10000,10000,2000,0,0,12000,0.0,0.0,0.011899435999907837,0.04840276699997048,0.06030220299987832,1.0950754035904329,0.998032800246584,,,
42,5,volatility_high,100.0,0.5,1.0,NCV_SCRATCH,505442,504442,503442,,,,,,,,,,,,,,,,,,,,,,torch_not_available
42,5,volatility_high,100.0,0.5,1.0,NCV_TRANSFER_BETA1,505442,504442,503442,,,,,,,,,,,,,,,,,,,,,,torch_not_available
42,5,volatility_high,100.0,0.5,1.0,NCV_TRANSFER_BETA,505442,504442,503442,,,,,,,,,,,,,,,,,,,,,,torch_not_available
42,5,maturity_short,100.0,0.2,0.5,MC,505542,504542,503542,3.850400390899632,29.224216041472552,0.0029224216041472554,0.05405942659839498,3.744443914766778,3.956356867032486,10000,10000,0,0,0,10000,0.0,0.0,0.0,0.06461817100000644,0.06461817100000644,nan,nan,,,
42,5,maturity_short,100.0,0.2,0.5,AV,505542,504542,503542,3.8671150448213236,7.2274413812479255,0.0007227441381247925,0.02688390109572628,3.8144225986737,3.9198074909689473,10000,20000,0,0,0,20000,0.0,0.0,0.0,0.0982745360000763,0.0982745360000763,nan,nan,,,
42,5,maturity_short,100.0,0.2,0.5,GCV,505542,504542,503542,3.864929170719022,0.010163397978373703,1.0163397978373702e-06,0.0010081367952006167,3.862953222600429,3.8669051188376153,10000,10000,2000,0,0,12000,0.0,0.0,0.01195728400000462,0.04848702399999638,0.060444308000001,1.022618596646852,0.9998302681976318,,,
42,5,maturity_short,100.0,0.2,0.5,NCV_SCRATCH,505542,504542,503542,,,,,,,,,,,,,,,,,,,,,,torch_not_available
42,5,maturity_short,100.0,0.2,0.5,NCV_TRANSFER_BETA1,505542,504542,503542,,,,,,,,,,,,,,,,,,,,,,torch_not_available
42,5,maturity_short,100.0,0.2,0.5,NCV_TRANSFER_BETA,505542,504542,503542,,,,,,,,,,,,,,,,,,,,,,torch_not_available
42,5,maturity_long,100.0,0.2,2.0,MC,505642,504642,503642,8.63732480669314,139.12348244262773,0.013912348244262773,0.1179506178206065,8.406141595764751,8.86850801762153,10000,10000,0,0,0,10000,0.0,0.0,0.0,0.06423774099994262,0.06423774099994262,nan,nan,,,
42,5,maturity_long,100.0,0.2,2.0,AV,505642,504642,503642,8.721072407074837,32.7081353264238,0.00327081353264238,0.05719102667938722,8.608977994783238,8.833166819366436,10000,20000,0,0,0,20000,0.0,0.0,0.0,0.09822937200010529,0.09822937200010529,nan,nan,,,
42,5,maturity_long,100.0,0.2,2.0,GCV,505642,504642,503642,8.73708690703529,0.2266448003797598,2.266448003797598e-05,0.004760722638211134,8.727755890664396,8.746417923406183,10000,10000,2000,0,0,12000,0.0,0.0,0.011609515000031934,0.04824719600003391,0.05985671100006584,1.0548503602054737,0.9990453068588913,,,
42,5,maturity_long,100.0,0.2,2.0,NCV_SCRATCH,505642,504642,503642,,,,,,,,,,,,,,,,,,,,,,torch_not_available
42,5,maturity_long,100.0,0.2,2.0,NCV_TRANSFER_BETA1,505642,504642,503642,,,,,,,,,,,,,,,,,,,,,,torch_not_available
42,5,maturity_long,100.0,0.2,2.0,NCV_TRANSFER_BETA,505642,504642,503642,,,,,,,,,,,,,,,,,,,,,,torch_not_available
42,6,reference,100.0,0.2,1.0,MC,605042,604042,603042,5.759449529356591,65.3171578114893,0.00653171578114893,0.08081903105796882,5.601044228482972,5.917854830230209,10000,10000,0,0,0,10000,0.0,0.0,0.0,0.06395774800000709,0.06395774800000709,nan,nan,,,
42,6,reference,100.0,0.2,1.0,AV,605042,604042,603042,5.791205863291966,16.333088333510364,0.0016333088333510364,0.04041421573346483,5.711994000454375,5.870417726129556,10000,20000,0,0,0,20000,0.0,0.0,0.0,0.09830845900000895,0.09830845900000895,nan,nan,,,
42,6,reference,100.0,0.2,1.0,GCV,605042,604042,603042,5.781686866193574,0.048582883922931926,4.858288392293193e-06,0.002204152533808219,5.77736672722731,5.7860070051598385,10000,10000,2000,0,0,12000,0.0,0.0,0.011923359999968852,0.04891333000000486,0.060836689999973714,1.0355472626532645,0.9996267822961392,,,
42,6,reference,100.0,0.2,1.0,NCV_SCRATCH,605042,604042,603042,,,,,,,,,,,,,,,,,,,,,,torch_not_available
42,6,strike_low,80.0,0.2,1.0,MC,605142,604142,603142,21.211323213585754,126.12976523269958,0.012612976523269958,0.11230750875729528,20.991200496421456,21.43144593075005,10000,10000,0,0,0,10000,0.0,0.0,0.0,0.06433252800002265,0.06433252800002265,nan,nan,,,
42,6,strike_low,80.0,0.2,1.0,AV,605142,604142,603142,21.4977009744366,2.0043652272054335,0.00020043652272054335,0.014157560620408564,21.4699521556206,21.5254497932526,10000,20000,0,0,0,20000,0.0,0.0,0.0,0.09872552899992115,0.09872552899992115,nan,nan,,,
42,6,strike_low,80.0,0.2,1.0,GCV,605142,604142,603142,21.49878969897688,0.0847606006056434,8.47606006056434e-06,0.002911367386738462,21.49308341889887,21.504495979054887,10000,10000,2000,0,0,12000,0.0,0.0,0.011984224000002541,0.04892743599998539,0.06091165999998793,1.0125761101738697,0.9996907702570924,,,
42,6,strike_low,80.0,0.2,1.0,NCV_SCRATCH,605142,604142,603142,,,,,,,,,,,,,,,,,,,,,,torch_not_available
42,6,strike_low,80.0,0.2,1.0,NCV_TRANSFER_BETA1,605142,604142,603142,,,,,,,,,,,,,,,,,,,,,,torch_not_available
42,6,strike_low,80.0,0.2,1.0,NCV_TRANSFER_BETA,605142,604142,603142,,,,,,,,,,,,,,,,,,,,,,torch_not_available
42,6,strike_high,120.0,0.2,1.0,MC,605242,604242,603242,0.5215651209652897,5.772795212499151,0.0005772795212499151,0.024026641905391503,0.4744729028307224,0.568657339099857,10000,10000,0,0,0,10000,0.0,0.0,0.0,0.0645757820000199,0.0645757820000199,nan,nan,,,
42,6,strike_high,120.0,0.2,1.0,AV,605242,604242,603242,0.5172156858069915,2.699399738048348,0.0002699399738048348,0.016429850084673167,0.4850131796410321,0.5494181919729509,10000,20000,0,0,0,20000,0.0,0.0,0.0,0.10046719900003609,0.10046719900003609,nan,nan,,,
42,6,strike_high,120.0,0.2,1.0,GCV,605242,604242,603242,0.5334134581985605,0.030526000496859763,3.0526000496859763e-06,0.0017471691531405814,0.5299890066584049,0.536837909738716,10000,10000,2000,0,0,12000,0.0,0.0,0.012001567000083924,0.04894830600005662,0.06094987300014054,1.120641620280733,0.9961867573782344,,,
42,6,strike_high,120.0,0.2,1.0,NCV_SCRATCH,605242,604242,603242,,,,,,,,,,,,,,,,,,,,,,torch_not_available
42,6,strike_high,120.0,0.2,1.0,NCV_TRANSFER_BETA1,605242,604242,603242,,,,,,,,,,,,,,,,,,,,,,torch_not_available
42,6,strike_high,120.0,0.2,1.0,NCV_TRANSFER_BETA,605242,604242,603242,,,,,,,,,,,,,,,,,,,,,,torch_not_available
42,6,volatility_low,100.0,0.1,1.0,MC,605342,604342,603342,3.655246870412484,17.65200738899446,0.001765200738899446,0.04201429207899909,3.5728988579376457,3.737594882887322,10000,10000,0,0,0,10000,0.0,0.0,0.0,0.064219335999951,0.064219335999951,nan,nan,,,
42,6,volatility_low,100.0,0.1,1.0,AV,605342,604342,603342,3.641452083041511,2.837627734413228,0.00028376277344132277,0.016845259672718695,3.6084353740829824,3.67446879200004,10000,20000,0,0,0,20000,0.0,0.0,0.0,0.09922724500006552,0.09922724500006552,nan,nan,,,
42,6,volatility_low,100.0,0.1,1.0,GCV,605342,604342,603342,3.653411219966962,0.00382598014242833,3.82598014242833e-07,0.0006185450785858967,3.6521988716129337,3.6546235683209907,10000,10000,2000,0,0,12000,0.0,0.0,0.011870421999901737,0.0477969360000543,0.05966735799995604,1.017555304647146,0.999883359064595,,,
42,6,volatility_low,100.0,0.1,1.0,NCV_SCRATCH,605342,604342,603342,,,,,,,,,,,,,,,,,,,,,,torch_not_available
42,6,volatility_low,100.0,0.1,1.0,NCV_TRANSFER_BETA1,605342,604342,603342,,,,,,,,,,,,,,,,,,,,,,torch_not_available
42,6,volatility_low,100.0,0.1,1.0,NCV_TRANSFER_BETA,605342,604342,603342,,,,,,,,,,,,,,,,,,,,,,torch_not_available
42,6,volatility_high,100.0,0.5,1.0,MC,605442,604442,603442,11.852705633866847,427.0006899259208,0.042700068992592086,0.20663995013692799,11.447691331598469,12.257719936135226,10000,10000,0,0,0,10000,0.0,0.0,0.0,0.0648281329999918,0.0648281329999918,nan,nan,,,
42,6,volatility_high,100.0,0.5,1.0,AV,605442,604442,603442,12.21879042209035,145.6783670902749,0.014567836709027488,0.12069729371045355,11.982223726417862,12.455357117762839,10000,20000,0,0,0,20000,0.0,0.0,0.0,0.10023072900003172,0.10023072900003172,nan,nan,,,
42,6,volatility_high,100.0,0.5,1.0,GCV,605442,604442,603442,12.345021879906609,1.921477466306637,0.0001921477466306637,0.013861736782620846,12.317852875812672,12.372190884000545,10000,10000,2000,0,0,12000,0.0,0.0,0.011999612999943565,0.04860411300001033,0.060603725999953895,1.0939057359159603,0.9981705229767336,,,
42,6,volatility_high,100.0,0.5,1.0,NCV_SCRATCH,605442,604442,603442,,,,,,,,,,,,,,,,,,,,,,torch_not_available
42,6,volatility_high,100.0,0.5,1.0,NCV_TRANSFER_BETA1,605442,604442,603442,,,,,,,,,,,,,,,,,,,,,,torch_not_available
42,6,volatility_high,100.0,0.5,1.0,NCV_TRANSFER_BETA,605442,604442,603442,,,,,,,,,,,,,,,,,,,,,,torch_not_available
42,6,maturity_short,100.0,0.2,0.5,MC,605542,604542,603542,3.844496585899476,29.0021060223108,0.00290021060223108,0.05385360342847153,3.738943523179672,3.95004964861928,10000,10000,0,0,0,10000,0.0,0.0,0.0,0.06476540500000283,0.06476540500000283,nan,nan,,,
42,6,maturity_short,100.0,0.2,0.5,AV,605542,604542,603542,3.858058643722642,7.118664472120652,0.0007118664472120651,0.02668082545972042,3.8057642258215902,3.910353061623694,10000,20000,0,0,0,20000,0.0,0.0,0.0,0.09850670900004843,0.09850670900004843,nan,nan,,,
42,6,maturity_short,100.0,0.2,0.5,GCV,605542,604542,603542,3.8670889848902443,0.010874327975914552,1.0874327975914552e-06,0.0010428004591442482,3.8650450959903218,3.869132873790167,10000,10000,2000,0,0,12000,0.0,0.0,0.011899215999960688,0.04839412100000118,0.060293336999961866,1.024625813565987,0.9997860260377684,,,
42,6,maturity_short,100.0,0.2,0.5,NCV_SCRATCH,605542,604542,603542,,,,,,,,,,,,,,,,,,,,,,torch_not_available
42,6,maturity_short,100.0,0.2,0.5,NCV_TRANSFER_BETA1,605542,604542,603542,,,,,,,,,,,,,,,,,,,,,,torch_not_available
42,6,maturity_short,100.0,0.2,0.5,NCV_TRANSFER_BETA,605542,604542,603542,,,,,,,,,,,,,,,,,,,,,,torch_not_available
42,6,maturity_long,100.0,0.2,2.0,MC,605642,604642,603642,8.822811096751705,142.30508076554892,0.014230508076554892,0.11929169324204805,8.588999377997292,9.056622815506119,10000,10000,0,0,0,10000,0.0,0.0,0.0,0.06489303400007884,0.06489303400007884,nan,nan,,,
42,6,maturity_long,100.0,0.2,2.0,AV,605642,604642,603642,8.770806114841543,33.1213886430559,0.0033121388643055903,0.057551184734161556,8.658005792762586,8.8836064369205,10000,20000,0,0,0,20000,0.0,0.0,0.0,0.09844836100000975,0.09844836100000975,nan,nan,,,
42,6,maturity_long,100.0,0.2,2.0,GCV,605642,604642,603642,8.729461539439981,0.2326491554373593,2.326491554373593e-05,0.004823371802353198,8.72000773070737,8.738915348172593,10000,10000,2000,0,0,12000,0.0,0.0,0.011877604999995128,0.048195060000011836,0.060072665000006964,1.050755947161784,0.9991169096330615,,,
42,6,maturity_long,100.0,0.2,2.0,NCV_SCRATCH,605642,604642,603642,,,,,,,,,,,,,,,,,,,,,,torch_not_available
42,6,maturity_long,100.0,0.2,2.0,NCV_TRANSFER_BETA1,605642,604642,603642,,,,,,,,,,,,,,,,,,,,,,torch_not_available
42,6,maturity_long,100.0,0.2,2.0,NCV_TRANSFER_BETA,605642,604642,603642,,,,,,,,,,,,,,,,,,,,,,torch_not_available
42,7,reference,100.0,0.2,1.0,MC,705042,704042,703042,5.843289699966463,65.22782108738713,0.006522782108738713,0.0807637425379651,5.684992764592051,6.001586635340875,10000,10000,0,0,0,10000,0.0,0.0,0.0,0.06404945899998893,0.06404945899998893,nan,nan,,,
42,7,reference,100.0,0.2,1.0,AV,705042,704042,703042,5.865015128764076,15.456680105957966,0.0015456680105957966,0.03931498455545667,5.787957759035382,5.942072498492771,10000,20000,0,0,0,20000,0.0,0.0,0.0,0.09919296100008523,0.09919296100008523,nan,nan,,,
42,7,reference,100.0,0.2,1.0,GCV,705042,704042,703042,5.7827891271233325,0.048831652577785545,4.883165257778554e-06,0.002209788509739915,5.778457941644242,5.787120312602423,10000,10000,2000,0,0,12000,0.0,0.0,0.011823694999975487,0.048494617999949696,0.06031831299992518,1.0348853712973791,0.9996403299022877,,,
42,7,reference,100.0,0.2,1.0,NCV_SCRATCH,705042,704042,703042,,,,,,,,,,,,,,,,,,,,,,torch_not_available
42,7,strike_low,80.0,0.2,1.0,MC,705142,704142,703142,21.500764083467654,128.04182213586807,0.012804182213586807,0.11315556642775824,21.27897917326925,21.72254899366606,10000,10000,0,0,0,10000,0.0,0.0,0.0,0.06470704600008048,0.06470704600008048,nan,nan,,,
42,7,strike_low,80.0,0.2,1.0,AV,705142,704142,703142,21.49713162371662,1.931584107515852,0.0001931584107515852,0.013898144147748115,21.469891261187033,21.524371986246205,10000,20000,0,0,0,20000,0.0,0.0,0.0,0.10068803199999365,0.10068803199999365,nan,nan,,,
42,7,strike_low,80.0,0.2,1.0,GCV,705142,704142,703142,21.50084157651566,0.08308947718340823,8.308947718340822e-06,0.0028825245390700182,21.495191828419085,21.506491324612238,10000,10000,2000,0,0,12000,0.0,0.0,0.012176773999954094,0.04921792900006494,0.061394703000019035,1.0111360739329909,0.9997261007199763,,,
42,7,strike_low,80.0,0.2,1.0,NCV_SCRATCH,705142,704142,703142,,,,,,,,,,,,,,,,,,,,,,torch_not_available
42,7,strike_low,80.0,0.2,1.0,NCV_TRANSFER_BETA1,705142,704142,703142,,,,,,,,,,,,,,,,,,,,,,torch_not_available
42,7,strike_low,80.0,0.2,1.0,NCV_TRANSFER_BETA,705142,704142,703142,,,,,,,,,,,,,,,,,,,,,,torch_not_available
42,7,strike_high,120.0,0.2,1.0,MC,705242,704242,703242,0.5626474281415048,6.204045464102967,0.0006204045464102967,0.024907921358682198,0.5138279022784877,0.6114669540045219,10000,10000,0,0,0,10000,0.0,0.0,0.0,0.06441199500000039,0.06441199500000039,nan,nan,,,
42,7,strike_high,120.0,0.2,1.0,AV,705242,704242,703242,0.5415541615778269,3.04722125031143,0.00030472212503114305,0.017456291846527517,0.507339829558633,0.5757684935970208,10000,20000,0,0,0,20000,0.0,0.0,0.0,0.09980949199996303,0.09980949199996303,nan,nan,,,
42,7,strike_high,120.0,0.2,1.0,GCV,705242,704242,703242,0.5391463564043748,0.03505167610731629,3.5051676107316293e-06,0.0018722092860392584,0.5354768262037378,0.5428158866050118,10000,10000,2000,0,0,12000,0.0,0.0,0.012290915999983554,0.05266736899989155,0.0649582849998751,1.117808021039571,0.996829954009396,,,
42,7,strike_high,120.0,0.2,1.0,NCV_SCRATCH,705242,704242,703242,,,,,,,,,,,,,,,,,,,,,,torch_not_available
42,7,strike_high,120.0,0.2,1.0,NCV_TRANSFER_BETA1,705242,704242,703242,,,,,,,,,,,,,,,,,,,,,,torch_not_available
42,7,strike_high,120.0,0.2,1.0,NCV_TRANSFER_BETA,705242,704242,703242,,,,,,,,,,,,,,,,,,,,,,torch_not_available
42,7,volatility_low,100.0,0.1,1.0,MC,705342,704342,703342,3.578353170886457,17.728483513064702,0.0017728483513064703,0.042105205750672565,3.495826967615139,3.660879374157775,10000,10000,0,0,0,10000,0.0,0.0,0.0,0.06534345500006111,0.06534345500006111,nan,nan,,,
42,7,volatility_low,100.0,0.1,1.0,AV,705342,704342,703342,3.6193573131422467,2.721412507977831,0.0002721412507977831,0.01649670424047734,3.587023772830911,3.6516908534535824,10000,20000,0,0,0,20000,0.0,0.0,0.0,0.10023455500004275,0.10023455500004275,nan,nan,,,
42,7,volatility_low,100.0,0.1,1.0,GCV,705342,704342,703342,3.655172016383626,0.003966983754905429,3.966983754905429e-07,0.0006298399602204856,3.6539375300615937,3.656406502705658,10000,10000,2000,0,0,12000,0.0,0.0,0.012015623000024789,0.049483675000033145,0.061499298000057934,1.0179963699292824,0.9998828827523848,,,
42,7,volatility_low,100.0,0.1,1.0,NCV_SCRATCH,705342,704342,703342,,,,,,,,,,,,,,,,,,,,,,torch_not_available
42,7,volatility_low,100.0,0.1,1.0,NCV_TRANSFER_BETA1,705342,704342,703342,,,,,,,,,,,,,,,,,,,,,,torch_not_available
42,7,volatility_low,100.0,0.1,1.0,NCV_TRANSFER_BETA,705342,704342,703342,,,,,,,,,,,,,,,,,,,,,,torch_not_available
42,7,volatility_high,100.0,0.5,1.0,MC,705442,704442,703442,12.235326976676989,429.1966896736086,0.04291966896736086,0.20717062766560526,11.829272546452403,12.641381406901575,10000,10000,0,0,0,10000,0.0,0.0,0.0,0.06547237600000244,0.06547237600000244,nan,nan,,,
42,7,volatility_high,100.0,0.5,1.0,AV,705442,704442,703442,12.156313386678377,140.08126230068714,0.014008126230068715,0.11835593026996456,11.924335763349246,12.388291010007508,10000,20000,0,0,0,20000,0.0,0.0,0.0,0.10000728199997866,0.10000728199997866,nan,nan,,,
42,7,volatility_high,100.0,0.5,1.0,GCV,705442,704442,703442,12.328228653658554,1.7110654845241475,0.00017110654845241475,0.01308077017810552,12.302590344109467,12.353866963207642,10000,10000,2000,0,0,12000,0.0,0.0,0.012066307999930359,0.04924319600002036,0.06130950399995072,1.0953077093095949,0.9980106149002158,,,
42,7,volatility_high,100.0,0.5,1.0,NCV_SCRATCH,705442,704442,703442,,,,,,,,,,,,,,,,,,,,,,torch_not_available
42,7,volatility_high,100.0,0.5,1.0,NCV_TRANSFER_BETA1,705442,704442,703442,,,,,,,,,,,,,,,,,,,,,,torch_not_available
42,7,volatility_high,100.0,0.5,1.0,NCV_TRANSFER_BETA,705442,704442,703442,,,,,,,,,,,,,,,,,,,,,,torch_not_available
42,7,maturity_short,100.0,0.2,0.5,MC,705542,704542,703542,3.9148409122352583,30.051714565284215,0.0030051714565284215,0.054819444146474355,3.8073948017081687,4.022287022762348,10000,10000,0,0,0,10000,0.0,0.0,0.0,0.06541740299996945,0.06541740299996945,nan,nan,,,
42,7,maturity_short,100.0,0.2,0.5,AV,705542,704542,703542,3.8843203992235904,7.327808807041303,0.0007327808807041303,0.027069925760964515,3.8312633447321,3.9373774537150807,10000,20000,0,0,0,20000,0.0,0.0,0.0,0.1000204050000093,0.1000204050000093,nan,nan,,,
42,7,maturity_short,100.0,0.2,0.5,GCV,705542,704542,703542,3.8650837060030243,0.010950986640299153,1.0950986640299154e-06,0.0010464696192579673,3.8630326255492786,3.86713478645677,10000,10000,2000,0,0,12000,0.0,0.0,0.012378238999986024,0.04950585599999613,0.06188409499998215,1.023339088425912,0.9998110448552643,,,
42,7,maturity_short,100.0,0.2,0.5,NCV_SCRATCH,705542,704542,703542,,,,,,,,,,,,,,,,,,,,,,torch_not_available
42,7,maturity_short,100.0,0.2,0.5,NCV_TRANSFER_BETA1,705542,704542,703542,,,,,,,,,,,,,,,,,,,,,,torch_not_available
42,7,maturity_short,100.0,0.2,0.5,NCV_TRANSFER_BETA,705542,704542,703542,,,,,,,,,,,,,,,,,,,,,,torch_not_available
42,7,maturity_long,100.0,0.2,2.0,MC,705642,704642,703642,8.691386298120328,137.13792505075162,0.013713792505075161,0.11710590294718351,8.461858728343849,8.920913867896807,10000,10000,0,0,0,10000,0.0,0.0,0.0,0.0646754570000212,0.0646754570000212,nan,nan,,,
42,7,maturity_long,100.0,0.2,2.0,AV,705642,704642,703642,8.651758644970382,31.383726777512685,0.0031383726777512687,0.056021180617256444,8.54195713096056,8.761560158980204,10000,20000,0,0,0,20000,0.0,0.0,0.0,0.09912710800006153,0.09912710800006153,nan,nan,,,
42,7,maturity_long,100.0,0.2,2.0,GCV,705642,704642,703642,8.727464634186136,0.21835093080688137,2.1835093080688136e-05,0.004672803556826258,8.718305939214757,8.736623329157515,10000,10000,2000,0,0,12000,0.0,0.0,0.012054545999944821,0.05055120800000168,0.0626057539999465,1.049972873286912,0.9992655143445882,,,
42,7,maturity_long,100.0,0.2,2.0,NCV_SCRATCH,705642,704642,703642,,,,,,,,,,,,,,,,,,,,,,torch_not_available
42,7,maturity_long,100.0,0.2,2.0,NCV_TRANSFER_BETA1,705642,704642,703642,,,,,,,,,,,,,,,,,,,,,,torch_not_available
42,7,maturity_long,100.0,0.2,2.0,NCV_TRANSFER_BETA,705642,704642,703642,,,,,,,,,,,,,,,,,,,,,,torch_not_available
42,8,reference,100.0,0.2,1.0,MC,805042,804042,803042,5.742719617440485,63.68192441275543,0.006368192441275543,0.07980095514012062,5.586309745365848,5.899129489515121,10000,10000,0,0,0,10000,0.0,0.0,0.0,0.0648560949999819,0.0648560949999819,nan,nan,,,
42,8,reference,100.0,0.2,1.0,AV,805042,804042,803042,5.791133133095726,15.57841417958095,0.001557841417958095,0.03946949984428603,5.713772913400925,5.8684933527905265,10000,20000,0,0,0,20000,0.0,0.0,0.0,0.09986820200003876,0.09986820200003876,nan,nan,,,
42,8,reference,100.0,0.2,1.0,GCV,805042,804042,803042,5.782393269642627,0.04638656460416519,4.6386564604165185e-06,0.0021537540389785738,5.778171911726229,5.786614627559025,10000,10000,2000,0,0,12000,0.0,0.0,0.01222741899994162,0.04969664199995805,0.061924060999899666,1.0360953215161397,0.99958491557698,,,
42,8,reference,100.0,0.2,1.0,NCV_SCRATCH,805042,804042,803042,,,,,,,,,,,,,,,,,,,,,,torch_not_available
42,8,strike_low,80.0,0.2,1.0,MC,805142,804142,803142,21.776043852641898,129.7706316013179,0.012977063160131789,0.11391691340679745,21.552766702364575,21.99932100291922,10000,10000,0,0,0,10000,0.0,0.0,0.0,0.06413330500004122,0.06413330500004122,nan,nan,,,
42,8,strike_low,80.0,0.2,1.0,AV,805142,804142,803142,21.501758126559377,1.885914242645968,0.0001885914242645968,0.013732859289477803,21.474841722352,21.528674530766754,10000,20000,0,0,0,20000,0.0,0.0,0.0,0.09983244500006094,0.09983244500006094,nan,nan,,,
42,8,strike_low,80.0,0.2,1.0,GCV,805142,804142,803142,21.503025609241426,0.08156980147531494,8.156980147531493e-06,0.002856042742595337,21.49742776546594,21.508623453016913,10000,10000,2000,0,0,12000,0.0,0.0,0.011802645999978267,0.04906504300004144,0.06086768900001971,1.0130227528714588,0.999700694148798,,,
42,8,strike_low,80.0,0.2,1.0,NCV_SCRATCH,805142,804142,803142,,,,,,,,,,,,,,,,,,,,,,torch_not_available
42,8,strike_low,80.0,0.2,1.0,NCV_TRANSFER_BETA1,805142,804142,803142,,,,,,,,,,,,,,,,,,,,,,torch_not_available
42,8,strike_low,80.0,0.2,1.0,NCV_TRANSFER_BETA,805142,804142,803142,,,,,,,,,,,,,,,,,,,,,,torch_not_available
42,8,strike_high,120.0,0.2,1.0,MC,805242,804242,803242,0.5446060942233726,6.563229605041582,0.0006563229605041582,0.025618800918547263,0.49439324442301996,0.5948189440237253,10000,10000,0,0,0,10000,0.0,0.0,0.0,0.064196804000062,0.064196804000062,nan,nan,,,
42,8,strike_high,120.0,0.2,1.0,AV,805242,804242,803242,0.5402644124367454,2.945288253253511,0.0002945288253253511,0.017161842130883013,0.5066272018602147,0.5739016230132761,10000,20000,0,0,0,20000,0.0,0.0,0.0,0.09902736199990159,0.09902736199990159,nan,nan,,,
42,8,strike_high,120.0,0.2,1.0,GCV,805242,804242,803242,0.5316434158349103,0.029360535957827016,2.9360535957827017e-06,0.001713491638667286,0.5282849722231224,0.5350018594466981,10000,10000,2000,0,0,12000,0.0,0.0,0.011952284000017244,0.049389689999998154,0.0613419740000154,1.1159587716282158,0.9969399989717643,,,
42,8,strike_high,120.0,0.2,1.0,NCV_SCRATCH,805242,804242,803242,,,,,,,,,,,,,,,,,,,,,,torch_not_available
42,8,strike_high,120.0,0.2,1.0,NCV_TRANSFER_BETA1,805242,804242,803242,,,,,,,,,,,,,,,,,,,,,,torch_not_available
42,8,strike_high,120.0,0.2,1.0,NCV_TRANSFER_BETA,805242,804242,803242,,,,,,,,,,,,,,,,,,,,,,torch_not_available
42,8,volatility_low,100.0,0.1,1.0,MC,805342,804342,803342,3.754118435935356,18.77995574482831,0.001877995574482831,0.04333584629937243,3.669180177188586,3.839056694682126,10000,10000,0,0,0,10000,0.0,0.0,0.0,0.06421180200004528,0.06421180200004528,nan,nan,,,
42,8,volatility_low,100.0,0.1,1.0,AV,805342,804342,803342,3.6941372548256433,2.8870129152858475,0.00028870129152858473,0.01699121218537938,3.6608344789422995,3.727440030708987,10000,20000,0,0,0,20000,0.0,0.0,0.0,0.09904239000002235,0.09904239000002235,nan,nan,,,
42,8,volatility_low,100.0,0.1,1.0,GCV,805342,804342,803342,3.6541628042940095,0.004082647937006879,4.0826479370068794e-07,0.0006389560185964976,3.6529104504975605,3.6554151580904586,10000,10000,2000,0,0,12000,0.0,0.0,0.011741780999955154,0.04889963499999794,0.0606414159999531,1.017145122917573,0.9999011862964764,,,
42,8,volatility_low,100.0,0.1,1.0,NCV_SCRATCH,805342,804342,803342,,,,,,,,,,,,,,,,,,,,,,torch_not_available
42,8,volatility_low,100.0,0.1,1.0,NCV_TRANSFER_BETA1,805342,804342,803342,,,,,,,,,,,,,,,,,,,,,,torch_not_available
42,8,volatility_low,100.0,0.1,1.0,NCV_TRANSFER_BETA,805342,804342,803342,,,,,,,,,,,,,,,,,,,,,,torch_not_available
42,8,volatility_high,100.0,0.5,1.0,MC,805442,804442,803442,12.056904327290962,445.4706498900227,0.044547064989002266,0.2110617563392342,11.643223284866062,12.470585369715861,10000,10000,0,0,0,10000,0.0,0.0,0.0,0.06440195699997275,0.06440195699997275,nan,nan,,,
42,8,volatility_high,100.0,0.5,1.0,AV,805442,804442,803442,12.155366218667128,154.15713925885223,0.015415713925885222,0.12416003352885026,11.912012552950582,12.398719884383674,10000,20000,0,0,0,20000,0.0,0.0,0.0,0.09885980900003233,0.09885980900003233,nan,nan,,,
42,8,volatility_high,100.0,0.5,1.0,GCV,805442,804442,803442,12.344325459605127,2.151239275672919,0.00021512392756729192,0.014667103584801326,12.315577936578917,12.373072982631337,10000,10000,2000,0,0,12000,0.0,0.0,0.011888996999914525,0.048881600999948205,0.06077059799986273,1.0924410111397613,0.9977314760728673,,,
42,8,volatility_high,100.0,0.5,1.0,NCV_SCRATCH,805442,804442,803442,,,,,,,,,,,,,,,,,,,,,,torch_not_available
42,8,volatility_high,100.0,0.5,1.0,NCV_TRANSFER_BETA1,805442,804442,803442,,,,,,,,,,,,,,,,,,,,,,torch_not_available
42,8,volatility_high,100.0,0.5,1.0,NCV_TRANSFER_BETA,805442,804442,803442,,,,,,,,,,,,,,,,,,,,,,torch_not_available
42,8,maturity_short,100.0,0.2,0.5,MC,805542,804542,803542,3.8666353706536705,29.31899617898112,0.002931899617898112,0.054147018550406927,3.760507214294873,3.972763527012468,10000,10000,0,0,0,10000,0.0,0.0,0.0,0.06453571700001248,0.06453571700001248,nan,nan,,,
42,8,maturity_short,100.0,0.2,0.5,AV,805542,804542,803542,3.8756778958890967,7.245529238785056,0.0007245529238785057,0.026917520760250294,3.822919555199006,3.9284362365791874,10000,20000,0,0,0,20000,0.0,0.0,0.0,0.0996308589999444,0.0996308589999444,nan,nan,,,
42,8,maturity_short,100.0,0.2,0.5,GCV,805542,804542,803542,3.8672863954954364,0.011205577993702021,1.1205577993702021e-06,0.0010585640270527816,3.865211610002413,3.86936118098846,10000,10000,2000,0,0,12000,0.0,0.0,0.011846717999901557,0.04909413799998674,0.0609408559998883,1.0254394849580166,0.9998156758624274,,,
42,8,maturity_short,100.0,0.2,0.5,NCV_SCRATCH,805542,804542,803542,,,,,,,,,,,,,,,,,,,,,,torch_not_available
42,8,maturity_short,100.0,0.2,0.5,NCV_TRANSFER_BETA1,805542,804542,803542,,,,,,,,,,,,,,,,,,,,,,torch_not_available
42,8,maturity_short,100.0,0.2,0.5,NCV_TRANSFER_BETA,805542,804542,803542,,,,,,,,,,,,,,,,,,,,,,torch_not_available
42,8,maturity_long,100.0,0.2,2.0,MC,805642,804642,803642,8.638040727353804,137.238916501318,0.0137238916501318,0.11714901472113112,8.408428658500387,8.86765279620722,10000,10000,0,0,0,10000,0.0,0.0,0.0,0.06438680799999474,0.06438680799999474,nan,nan,,,
42,8,maturity_long,100.0,0.2,2.0,AV,805642,804642,803642,8.724522927683436,32.60428378288395,0.0032604283782883946,0.057100160930494706,8.612606612259667,8.836439243107206,10000,20000,0,0,0,20000,0.0,0.0,0.0,0.10015911400000732,0.10015911400000732,nan,nan,,,
42,8,maturity_long,100.0,0.2,2.0,GCV,805642,804642,803642,8.73315599219405,0.22177801001709538,2.217780100170954e-05,0.0047093312690561,8.7239257029067,8.7423862814814,10000,10000,2000,0,0,12000,0.0,0.0,0.011859101000027295,0.04886926799997582,0.06072836900000311,1.0543468023593123,0.9991260968933668,,,
42,8,maturity_long,100.0,0.2,2.0,NCV_SCRATCH,805642,804642,803642,,,,,,,,,,,,,,,,,,,,,,torch_not_available
42,8,maturity_long,100.0,0.2,2.0,NCV_TRANSFER_BETA1,805642,804642,803642,,,,,,,,,,,,,,,,,,,,,,torch_not_available
42,8,maturity_long,100.0,0.2,2.0,NCV_TRANSFER_BETA,805642,804642,803642,,,,,,,,,,,,,,,,,,,,,,torch_not_available
42,9,reference,100.0,0.2,1.0,MC,905042,904042,903042,5.79976921663231,63.99167887597369,0.006399167887597369,0.0799947991284269,5.642979410340593,5.956559022924027,10000,10000,0,0,0,10000,0.0,0.0,0.0,0.06439083599991591,0.06439083599991591,nan,nan,,,
42,9,reference,100.0,0.2,1.0,AV,905042,904042,903042,5.740260399620078,15.324592931995534,0.0015324592931995533,0.039146638338426375,5.663532988476762,5.816987810763393,10000,20000,0,0,0,20000,0.0,0.0,0.0,0.0990602829999716,0.0990602829999716,nan,nan,,,
42,9,reference,100.0,0.2,1.0,GCV,905042,904042,903042,5.7809177505880704,0.04752007230947399,4.752007230947399e-06,0.0021799099134935367,5.776645127157623,5.7851903740185175,10000,10000,2000,0,0,12000,0.0,0.0,0.011550284000009015,0.04843318400003227,0.059983468000041285,1.0353478372940086,0.9995881673714925,,,
42,9,reference,100.0,0.2,1.0,NCV_SCRATCH,905042,904042,903042,,,,,,,,,,,,,,,,,,,,,,torch_not_available
42,9,strike_low,80.0,0.2,1.0,MC,905142,904142,903142,21.435004246223848,124.18661113002804,0.012418661113002804,0.1114390466264083,21.216583714836087,21.653424777611608,10000,10000,0,0,0,10000,0.0,0.0,0.0,0.06502818700005264,0.06502818700005264,nan,nan,,,
42,9,strike_low,80.0,0.2,1.0,AV,905142,904142,903142,21.483720210477152,1.9906791855003318,0.0001990679185500332,0.014109143083477224,21.456066290033537,21.511374130920768,10000,20000,0,0,0,20000,0.0,0.0,0.0,0.12858015599999817,0.12858015599999817,nan,nan,,,
42,9,strike_low,80.0,0.2,1.0,GCV,905142,904142,903142,21.502653975854155,0.08355678098677267,8.355678098677267e-06,0.0028906189819271006,21.496988362649578,21.508319589058733,10000,10000,2000,0,0,12000,0.0,0.0,0.011812051999982032,0.049178794999988895,0.06099084699997093,1.0128588360008686,0.9996930213597665,,,
42,9,strike_low,80.0,0.2,1.0,NCV_SCRATCH,905142,904142,903142,,,,,,,,,,,,,,,,,,,,,,torch_not_available
42,9,strike_low,80.0,0.2,1.0,NCV_TRANSFER_BETA1,905142,904142,903142,,,,,,,,,,,,,,,,,,,,,,torch_not_available
42,9,strike_low,80.0,0.2,1.0,NCV_TRANSFER_BETA,905142,904142,903142,,,,,,,,,,,,,,,,,,,,,,torch_not_available
42,9,strike_high,120.0,0.2,1.0,MC,905242,904242,903242,0.5669010040976249,6.616682951551649,0.0006616682951551649,0.025722913815412998,0.5164840930194154,0.6173179151758343,10000,10000,0,0,0,10000,0.0,0.0,0.0,0.06530954499999098,0.06530954499999098,nan,nan,,,
42,9,strike_high,120.0,0.2,1.0,AV,905242,904242,903242,0.5493591282640489,3.081289679946114,0.0003081289679946114,0.0175536027069833,0.5149540669583617,0.5837641895697361,10000,20000,0,0,0,20000,0.0,0.0,0.0,0.10115016999998261,0.10115016999998261,nan,nan,,,
42,9,strike_high,120.0,0.2,1.0,GCV,905242,904242,903242,0.5328600924850302,0.03216510601736708,3.216510601736708e-06,0.001793463298129267,0.5293449044206968,0.5363752805493636,10000,10000,2000,0,0,12000,0.0,0.0,0.011941458000023886,0.04992812800003321,0.0618695860000571,1.1204031916967554,0.9980689525063272,,,
42,9,strike_high,120.0,0.2,1.0,NCV_SCRATCH,905242,904242,903242,,,,,,,,,,,,,,,,,,,,,,torch_not_available
42,9,strike_high,120.0,0.2,1.0,NCV_TRANSFER_BETA1,905242,904242,903242,,,,,,,,,,,,,,,,,,,,,,torch_not_available
42,9,strike_high,120.0,0.2,1.0,NCV_TRANSFER_BETA,905242,904242,903242,,,,,,,,,,,,,,,,,,,,,,torch_not_available
42,9,volatility_low,100.0,0.1,1.0,MC,905342,904342,903342,3.6549979340298697,17.73782508379776,0.0017737825083797758,0.042116297420117264,3.57244999108644,3.7375458769732997,10000,10000,0,0,0,10000,0.0,0.0,0.0,0.06393385899991699,0.06393385899991699,nan,nan,,,
42,9,volatility_low,100.0,0.1,1.0,AV,905342,904342,903342,3.638709940186917,2.808711730814575,0.0002808711730814575,0.016759211588898135,3.605861885472677,3.6715579949011574,10000,20000,0,0,0,20000,0.0,0.0,0.0,0.09951784399993358,0.09951784399993358,nan,nan,,,
42,9,volatility_low,100.0,0.1,1.0,GCV,905342,904342,903342,3.6543752082728838,0.003626900687771846,3.626900687771846e-07,0.0006022375517826705,3.6531948226713897,3.655555593874378,10000,10000,2000,0,0,12000,0.0,0.0,0.011875826000050438,0.04899089900004583,0.06086672500009627,1.0186897910669634,0.9998893854864139,,,
42,9,volatility_low,100.0,0.1,1.0,NCV_SCRATCH,905342,904342,903342,,,,,,,,,,,,,,,,,,,,,,torch_not_available
42,9,volatility_low,100.0,0.1,1.0,NCV_TRANSFER_BETA1,905342,904342,903342,,,,,,,,,,,,,,,,,,,,,,torch_not_available
42,9,volatility_low,100.0,0.1,1.0,NCV_TRANSFER_BETA,905342,904342,903342,,,,,,,,,,,,,,,,,,,,,,torch_not_available
42,9,volatility_high,100.0,0.5,1.0,MC,905442,904442,903442,12.301373158357542,440.8593811134002,0.04408593811134002,0.2099665166433449,11.889838785736586,12.712907530978498,10000,10000,0,0,0,10000,0.0,0.0,0.0,0.06433638999999403,0.06433638999999403,nan,nan,,,
42,9,volatility_high,100.0,0.5,1.0,AV,905442,904442,903442,12.296198596452525,149.635313038838,0.0149635313038838,0.12232551370782713,12.056440589585184,12.535956603319866,10000,20000,0,0,0,20000,0.0,0.0,0.0,0.09865430199999992,0.09865430199999992,nan,nan,,,
42,9,volatility_high,100.0,0.5,1.0,GCV,905442,904442,903442,12.360362321554177,2.197001626095767,0.0002197001626095767,0.01482228601159675,12.331310640971449,12.389414002136906,10000,10000,2000,0,0,12000,0.0,0.0,0.011856889999990017,0.048302102999969065,0.06015899299995908,1.0932584538809833,0.9979332714535518,,,
42,9,volatility_high,100.0,0.5,1.0,NCV_SCRATCH,905442,904442,903442,,,,,,,,,,,,,,,,,,,,,,torch_not_available
42,9,volatility_high,100.0,0.5,1.0,NCV_TRANSFER_BETA1,905442,904442,903442,,,,,,,,,,,,,,,,,,,,,,torch_not_available
42,9,volatility_high,100.0,0.5,1.0,NCV_TRANSFER_BETA,905442,904442,903442,,,,,,,,,,,,,,,,,,,,,,torch_not_available
42,9,maturity_short,100.0,0.2,0.5,MC,905542,904542,903542,3.942349045662176,30.348854975920656,0.0030348854975920654,0.05508979485886715,3.8343730477387963,4.050325043585556,10000,10000,0,0,0,10000,0.0,0.0,0.0,0.06374655900003745,0.06374655900003745,nan,nan,,,
42,9,maturity_short,100.0,0.2,0.5,AV,905542,904542,903542,3.8703148519910786,7.3786915124253225,0.0007378691512425322,0.027163747002991546,3.817073907865215,3.923555796116942,10000,20000,0,0,0,20000,0.0,0.0,0.0,0.09970160700004271,0.09970160700004271,nan,nan,,,
42,9,maturity_short,100.0,0.2,0.5,GCV,905542,904542,903542,3.866043824559015,0.011307555555226593,1.1307555555226592e-06,0.0010633699053117214,3.8639596195446044,3.868128029573426,10000,10000,2000,0,0,12000,0.0,0.0,0.01186296199989556,0.04826832999992803,0.06013129199982359,1.022400915686006,0.999843610203554,,,
42,9,maturity_short,100.0,0.2,0.5,NCV_SCRATCH,905542,904542,903542,,,,,,,,,,,,,,,,,,,,,,torch_not_available
42,9,maturity_short,100.0,0.2,0.5,NCV_TRANSFER_BETA1,905542,904542,903542,,,,,,,,,,,,,,,,,,,,,,torch_not_available
42,9,maturity_short,100.0,0.2,0.5,NCV_TRANSFER_BETA,905542,904542,903542,,,,,,,,,,,,,,,,,,,,,,torch_not_available
42,9,maturity_long,100.0,0.2,2.0,MC,905642,904642,903642,8.61462253519535,137.25614113283672,0.013725614113283671,0.11715636608090774,8.384996057676771,8.844249012713929,10000,10000,0,0,0,10000,0.0,0.0,0.0,0.06463631000008263,0.06463631000008263,nan,nan,,,
42,9,maturity_long,100.0,0.2,2.0,AV,905642,904642,903642,8.6311677682862,33.087970329457185,0.0033087970329457187,0.057522143848658135,8.518424366342831,8.74391117022957,10000,20000,0,0,0,20000,0.0,0.0,0.0,0.09997831299995141,0.09997831299995141,nan,nan,,,
42,9,maturity_long,100.0,0.2,2.0,GCV,905642,904642,903642,8.739806993389392,0.24736801526371385,2.4736801526371386e-05,0.004973610512130135,8.730058716785617,8.749555269993166,10000,10000,2000,0,0,12000,0.0,0.0,0.012026636999962648,0.04893532400001277,0.06096196099997542,1.0542890749433373,0.9992600973437779,,,
42,9,maturity_long,100.0,0.2,2.0,NCV_SCRATCH,905642,904642,903642,,,,,,,,,,,,,,,,,,,,,,torch_not_available
42,9,maturity_long,100.0,0.2,2.0,NCV_TRANSFER_BETA1,905642,904642,903642,,,,,,,,,,,,,,,,,,,,,,torch_not_available
42,9,maturity_long,100.0,0.2,2.0,NCV_TRANSFER_BETA,905642,904642,903642,,,,,,,,,,,,,,,,,,,,,,torch_not_available
42,10,reference,100.0,0.2,1.0,MC,1005042,1004042,1003042,5.706313159378008,62.80320556334447,0.006280320556334447,0.07924847352684118,5.550986151265399,5.861640167490617,10000,10000,0,0,0,10000,0.0,0.0,0.0,0.06479656800001976,0.06479656800001976,nan,nan,,,
42,10,reference,100.0,0.2,1.0,AV,1005042,1004042,1003042,5.758772989896162,15.06751591884025,0.001506751591884025,0.03881689827747736,5.682691869272306,5.834854110520018,10000,20000,0,0,0,20000,0.0,0.0,0.0,0.1016339440000138,0.1016339440000138,nan,nan,,,
42,10,reference,100.0,0.2,1.0,GCV,1005042,1004042,1003042,5.782601217091815,0.04913420292819584,4.913420292819584e-06,0.002216623624528888,5.778256634787739,5.786945799395892,10000,10000,2000,0,0,12000,0.0,0.0,0.011987132999934147,0.04975593699998626,0.06174306999992041,1.0369547189432475,0.9995814723488268,,,
42,10,reference,100.0,0.2,1.0,NCV_SCRATCH,1005042,1004042,1003042,,,,,,,,,,,,,,,,,,,,,,torch_not_available
42,10,strike_low,80.0,0.2,1.0,MC,1005142,1004142,1003142,21.416121742016433,127.97711056174727,0.012797711056174726,0.11312696873944217,21.194392883287126,21.63785060074574,10000,10000,0,0,0,10000,0.0,0.0,0.0,0.06503234899992094,0.06503234899992094,nan,nan,,,
42,10,strike_low,80.0,0.2,1.0,AV,1005142,1004142,1003142,21.487928180211448,1.9247752544974601,0.000192477525449746,0.013873626975299069,21.46073587133986,21.515120489083035,10000,20000,0,0,0,20000,0.0,0.0,0.0,0.10140609799998401,0.10140609799998401,nan,nan,,,
42,10,strike_low,80.0,0.2,1.0,GCV,1005142,1004142,1003142,21.5017167065218,0.08638696281637491,8.638696281637491e-06,0.002939165915976417,21.495955941326486,21.507477471717117,10000,10000,2000,0,0,12000,0.0,0.0,0.011763767000047665,0.04816826299997956,0.059932030000027225,1.0121738022376057,0.9996946983334273,,,
42,10,strike_low,80.0,0.2,1.0,NCV_SCRATCH,1005142,1004142,1003142,,,,,,,,,,,,,,,,,,,,,,torch_not_available
42,10,strike_low,80.0,0.2,1.0,NCV_TRANSFER_BETA1,1005142,1004142,1003142,,,,,,,,,,,,,,,,,,,,,,torch_not_available
42,10,strike_low,80.0,0.2,1.0,NCV_TRANSFER_BETA,1005142,1004142,1003142,,,,,,,,,,,,,,,,,,,,,,torch_not_available
42,10,strike_high,120.0,0.2,1.0,MC,1005242,1004242,1003242,0.5161458964294597,5.947503577998734,0.0005947503577998734,0.024387504132236934,0.46834638833027536,0.5639454045286442,10000,10000,0,0,0,10000,0.0,0.0,0.0,0.06508271300003798,0.06508271300003798,nan,nan,,,
42,10,strike_high,120.0,0.2,1.0,AV,1005242,1004242,1003242,0.5050956310179555,2.8169308657335486,0.00028169308657335484,0.016783714921713693,0.47219954977139666,0.5379917122645144,10000,20000,0,0,0,20000,0.0,0.0,0.0,0.09919330800005355,0.09919330800005355,nan,nan,,,
42,10,strike_high,120.0,0.2,1.0,GCV,1005242,1004242,1003242,0.5310149183173303,0.02955821964153657,2.955821964153657e-06,0.0017192504076351581,0.5276451875183653,0.5343846491162952,10000,10000,2000,0,0,12000,0.0,0.0,0.011813730000085343,0.04848775899995417,0.06030148900003951,1.1178366232975245,0.996674457309624,,,
42,10,strike_high,120.0,0.2,1.0,NCV_SCRATCH,1005242,1004242,1003242,,,,,,,,,,,,,,,,,,,,,,torch_not_available
42,10,strike_high,120.0,0.2,1.0,NCV_TRANSFER_BETA1,1005242,1004242,1003242,,,,,,,,,,,,,,,,,,,,,,torch_not_available
42,10,strike_high,120.0,0.2,1.0,NCV_TRANSFER_BETA,1005242,1004242,1003242,,,,,,,,,,,,,,,,,,,,,,torch_not_available
42,10,volatility_low,100.0,0.1,1.0,MC,1005342,1004342,1003342,3.641716590711195,17.559862456328876,0.0017559862456328877,0.04190448956416112,3.559583791165439,3.7238493902569507,10000,10000,0,0,0,10000,0.0,0.0,0.0,0.06484479799996734,0.06484479799996734,nan,nan,,,
42,10,volatility_low,100.0,0.1,1.0,AV,1005342,1004342,1003342,3.6554437269703604,2.7862850536846584,0.00027862850536846583,0.016692168983342633,3.622727075763009,3.6881603781777117,10000,20000,0,0,0,20000,0.0,0.0,0.0,0.09914744299999256,0.09914744299999256,nan,nan,,,
42,10,volatility_low,100.0,0.1,1.0,GCV,1005342,1004342,1003342,3.654213825413661,0.003730299074276027,3.730299074276027e-07,0.0006107617435855021,3.6530167323962335,3.6554109184310883,10000,10000,2000,0,0,12000,0.0,0.0,0.011752424999940558,0.04829154300000482,0.06004396799994538,1.0174061885481707,0.9998896677018335,,,
42,10,volatility_low,100.0,0.1,1.0,NCV_SCRATCH,1005342,1004342,1003342,,,,,,,,,,,,,,,,,,,,,,torch_not_available
42,10,volatility_low,100.0,0.1,1.0,NCV_TRANSFER_BETA1,1005342,1004342,1003342,,,,,,,,,,,,,,,,,,,,,,torch_not_available
42,10,volatility_low,100.0,0.1,1.0,NCV_TRANSFER_BETA,1005342,1004342,1003342,,,,,,,,,,,,,,,,,,,,,,torch_not_available
42,10,volatility_high,100.0,0.5,1.0,MC,1005442,1004442,1003442,12.532499624540403,475.9684071985964,0.047596840719859645,0.21816700190418267,12.104892300808205,12.960106948272601,10000,10000,0,0,0,10000,0.0,0.0,0.0,0.06371395799999391,0.06371395799999391,nan,nan,,,
42,10,volatility_high,100.0,0.5,1.0,AV,1005442,1004442,1003442,12.249173420016838,149.75985246969296,0.014975985246969296,0.12237640804897526,12.009315660240846,12.48903117979283,10000,20000,0,0,0,20000,0.0,0.0,0.0,0.09957029199995304,0.09957029199995304,nan,nan,,,
42,10,volatility_high,100.0,0.5,1.0,GCV,1005442,1004442,1003442,12.369514128764735,2.383905803466672,0.00023839058034666718,0.015439902212989147,12.339251920427277,12.399776337102193,10000,10000,2000,0,0,12000,0.0,0.0,0.011695158999941668,0.04810858200005441,0.05980374099999608,1.0958335029031683,0.997227272647929,,,
42,10,volatility_high,100.0,0.5,1.0,NCV_SCRATCH,1005442,1004442,1003442,,,,,,,,,,,,,,,,,,,,,,torch_not_available
42,10,volatility_high,100.0,0.5,1.0,NCV_TRANSFER_BETA1,1005442,1004442,1003442,,,,,,,,,,,,,,,,,,,,,,torch_not_available
42,10,volatility_high,100.0,0.5,1.0,NCV_TRANSFER_BETA,1005442,1004442,1003442,,,,,,,,,,,,,,,,,,,,,,torch_not_available
42,10,maturity_short,100.0,0.2,0.5,MC,1005542,1004542,1003542,3.919363356996279,29.632750938215796,0.0029632750938215794,0.05443597242468973,3.812668851043887,4.0260578629486705,10000,10000,0,0,0,10000,0.0,0.0,0.0,0.0638274210000418,0.0638274210000418,nan,nan,,,
42,10,maturity_short,100.0,0.2,0.5,AV,1005542,1004542,1003542,3.902332380694699,7.401732615157753,0.0007401732615157753,0.027206125441079906,3.849008374830182,3.9556563865592156,10000,20000,0,0,0,20000,0.0,0.0,0.0,0.09826880199989318,0.09826880199989318,nan,nan,,,
42,10,maturity_short,100.0,0.2,0.5,GCV,1005542,1004542,1003542,3.8672559797367247,0.010960094787212576,1.0960094787212577e-06,0.0010469047132959416,3.865204046498665,3.8693079129747847,10000,10000,2000,0,0,12000,0.0,0.0,0.01161834499998804,0.04796569500001624,0.05958404000000428,1.0242716575098212,0.9998259516820991,,,
42,10,maturity_short,100.0,0.2,0.5,NCV_SCRATCH,1005542,1004542,1003542,,,,,,,,,,,,,,,,,,,,,,torch_not_available
42,10,maturity_short,100.0,0.2,0.5,NCV_TRANSFER_BETA1,1005542,1004542,1003542,,,,,,,,,,,,,,,,,,,,,,torch_not_available
42,10,maturity_short,100.0,0.2,0.5,NCV_TRANSFER_BETA,1005542,1004542,1003542,,,,,,,,,,,,,,,,,,,,,,torch_not_available
42,10,maturity_long,100.0,0.2,2.0,MC,1005642,1004642,1003642,8.879113998928124,144.30293203392176,0.014430293203392177,0.12012615536756421,8.643666734407699,9.11456126344855,10000,10000,0,0,0,10000,0.0,0.0,0.0,0.0638242940000282,0.0638242940000282,nan,nan,,,
42,10,maturity_long,100.0,0.2,2.0,AV,1005642,1004642,1003642,8.779805343388073,33.54621358853629,0.003354621358853629,0.057919093215049816,8.666283920686576,8.89332676608957,10000,20000,0,0,0,20000,0.0,0.0,0.0,0.0986029860000599,0.0986029860000599,nan,nan,,,
42,10,maturity_long,100.0,0.2,2.0,GCV,1005642,1004642,1003642,8.730235220435445,0.22822245738201602,2.2822245738201603e-05,0.004777263415199292,8.720871784141654,8.739598656729235,10000,10000,2000,0,0,12000,0.0,0.0,0.011713202000009915,0.04812235700001111,0.05983555900002102,1.0523141214628486,0.9993141772394853,,,
42,10,maturity_long,100.0,0.2,2.0,NCV_SCRATCH,1005642,1004642,1003642,,,,,,,,,,,,,,,,,,,,,,torch_not_available
42,10,maturity_long,100.0,0.2,2.0,NCV_TRANSFER_BETA1,1005642,1004642,1003642,,,,,,,,,,,,,,,,,,,,,,torch_not_available
42,10,maturity_long,100.0,0.2,2.0,NCV_TRANSFER_BETA,1005642,1004642,1003642,,,,,,,,,,,,,,,,,,,,,,torch_not_available
42,11,reference,100.0,0.2,1.0,MC,1105042,1104042,1103042,5.746295391561716,64.60475818487473,0.0064604758184874725,0.08037708515794456,5.588756304652145,5.903834478471287,10000,10000,0,0,0,10000,0.0,0.0,0.0,0.06377665600007276,0.06377665600007276,nan,nan,,,
42,11,reference,100.0,0.2,1.0,AV,1105042,1104042,1103042,5.743321592477373,15.211147944909815,0.0015211147944909815,0.039001471696475526,5.66687870795228,5.819764477002465,10000,20000,0,0,0,20000,0.0,0.0,0.0,0.09885068799997043,0.09885068799997043,nan,nan,,,
42,11,reference,100.0,0.2,1.0,GCV,1105042,1104042,1103042,5.7814333330238235,0.047384260768748965,4.7384260768748965e-06,0.002176792612279566,5.777166819503756,5.785699846543891,10000,10000,2000,0,0,12000,0.0,0.0,0.011535119999962262,0.05106837599998926,0.06260349599995152,1.035685109667108,0.9995641355640872,,,
42,11,reference,100.0,0.2,1.0,NCV_SCRATCH,1105042,1104042,1103042,,,,,,,,,,,,,,,,,,,,,,torch_not_available
42,11,strike_low,80.0,0.2,1.0,MC,1105142,1104142,1103142,21.61986796707076,131.53109276823884,0.013153109276823883,0.11468700570170923,21.39508143589541,21.84465449824611,10000,10000,0,0,0,10000,0.0,0.0,0.0,0.06424010000000635,0.06424010000000635,nan,nan,,,
42,11,strike_low,80.0,0.2,1.0,AV,1105142,1104142,1103142,21.518000037989253,1.9803188513529186,0.00019803188513529187,0.014072380222808503,21.49041817275255,21.54558190322596,10000,20000,0,0,0,20000,0.0,0.0,0.0,0.09952684100005627,0.09952684100005627,nan,nan,,,
42,11,strike_low,80.0,0.2,1.0,GCV,1105142,1104142,1103142,21.503148578486922,0.08679635129214042,8.679635129214042e-06,0.002946122049273255,21.497374179270345,21.5089229777035,10000,10000,2000,0,0,12000,0.0,0.0,0.012794188999919243,0.048693763999949624,0.06148795299986887,1.0134771575422268,0.9996687303982978,,,
42,11,strike_low,80.0,0.2,1.0,NCV_SCRATCH,1105142,1104142,1103142,,,,,,,,,,,,,,,,,,,,,,torch_not_available
42,11,strike_low,80.0,0.2,1.0,NCV_TRANSFER_BETA1,1105142,1104142,1103142,,,,,,,,,,,,,,,,,,,,,,torch_not_available
42,11,strike_low,80.0,0.2,1.0,NCV_TRANSFER_BETA,1105142,1104142,1103142,,,,,,,,,,,,,,,,,,,,,,torch_not_available
42,11,strike_high,120.0,0.2,1.0,MC,1105242,1104242,1103242,0.5379663876330596,6.177430120452589,0.0006177430120452589,0.0248544364660569,0.4892516921595881,0.5866810831065311,10000,10000,0,0,0,10000,0.0,0.0,0.0,0.0641098769999644,0.0641098769999644,nan,nan,,,
42,11,strike_high,120.0,0.2,1.0,AV,1105242,1104242,1103242,0.5292496619902167,2.821944590655393,0.00028219445906553926,0.016798644560366748,0.4963243186518979,0.5621750053285356,10000,20000,0,0,0,20000,0.0,0.0,0.0,0.10154233200000817,0.10154233200000817,nan,nan,,,
42,11,strike_high,120.0,0.2,1.0,GCV,1105242,1104242,1103242,0.5333217012962328,0.030370820905651002,3.0370820905651003e-06,0.0017427226086113362,0.5299059649833546,0.536737437609111,10000,10000,2000,0,0,12000,0.0,0.0,0.012073073000010481,0.04886167699999078,0.06093475000000126,1.104761881237342,0.9979136788644559,,,
42,11,strike_high,120.0,0.2,1.0,NCV_SCRATCH,1105242,1104242,1103242,,,,,,,,,,,,,,,,,,,,,,torch_not_available
42,11,strike_high,120.0,0.2,1.0,NCV_TRANSFER_BETA1,1105242,1104242,1103242,,,,,,,,,,,,,,,,,,,,,,torch_not_available
42,11,strike_high,120.0,0.2,1.0,NCV_TRANSFER_BETA,1105242,1104242,1103242,,,,,,,,,,,,,,,,,,,,,,torch_not_available
42,11,volatility_low,100.0,0.1,1.0,MC,1105342,1104342,1103342,3.6361070523273833,17.5377709078799,0.00175377709078799,0.04187812186318759,3.5540259334755357,3.718188171179231,10000,10000,0,0,0,10000,0.0,0.0,0.0,0.06446276500003023,0.06446276500003023,nan,nan,,,
42,11,volatility_low,100.0,0.1,1.0,AV,1105342,1104342,1103342,3.6246701599043387,2.759961542028469,0.00027599615420284687,0.01661313198054018,3.59210842122248,3.6572318985861973,10000,20000,0,0,0,20000,0.0,0.0,0.0,0.1002378079999744,0.1002378079999744,nan,nan,,,
42,11,volatility_low,100.0,0.1,1.0,GCV,1105342,1104342,1103342,3.6534915172587805,0.0036941677169063094,3.6941677169063093e-07,0.0006077966532407289,3.6523002358184287,3.6546827986991324,10000,10000,2000,0,0,12000,0.0,0.0,0.01193679899995459,0.04958848299997953,0.06152528199993412,1.0180320867610597,0.999895944228892,,,
42,11,volatility_low,100.0,0.1,1.0,NCV_SCRATCH,1105342,1104342,1103342,,,,,,,,,,,,,,,,,,,,,,torch_not_available
42,11,volatility_low,100.0,0.1,1.0,NCV_TRANSFER_BETA1,1105342,1104342,1103342,,,,,,,,,,,,,,,,,,,,,,torch_not_available
42,11,volatility_low,100.0,0.1,1.0,NCV_TRANSFER_BETA,1105342,1104342,1103342,,,,,,,,,,,,,,,,,,,,,,torch_not_available
42,11,volatility_high,100.0,0.5,1.0,MC,1105442,1104442,1103442,12.106816935079353,429.15134222770627,0.04291513422277063,0.20715968290854914,11.700783956578597,12.512849913580109,10000,10000,0,0,0,10000,0.0,0.0,0.0,0.06518193800002337,0.06518193800002337,nan,nan,,,
42,11,volatility_high,100.0,0.5,1.0,AV,1105442,1104442,1103442,12.077801027277511,143.3174025537142,0.014331740255371421,0.11971524654517243,11.843159144048974,12.312442910506048,10000,20000,0,0,0,20000,0.0,0.0,0.0,0.09890209399998184,0.09890209399998184,nan,nan,,,
42,11,volatility_high,100.0,0.5,1.0,GCV,1105442,1104442,1103442,12.350751999918032,2.0171685025047563,0.00020171685025047563,0.01420270573695293,12.322914696673603,12.37858930316246,10000,10000,2000,0,0,12000,0.0,0.0,0.011758826999994199,0.04874173400003201,0.06050056100002621,1.1049903070290874,0.997448045054818,,,
42,11,volatility_high,100.0,0.5,1.0,NCV_SCRATCH,1105442,1104442,1103442,,,,,,,,,,,,,,,,,,,,,,torch_not_available
42,11,volatility_high,100.0,0.5,1.0,NCV_TRANSFER_BETA1,1105442,1104442,1103442,,,,,,,,,,,,,,,,,,,,,,torch_not_available
42,11,volatility_high,100.0,0.5,1.0,NCV_TRANSFER_BETA,1105442,1104442,1103442,,,,,,,,,,,,,,,,,,,,,,torch_not_available
42,11,maturity_short,100.0,0.2,0.5,MC,1105542,1104542,1103542,3.805518768737962,29.34109333117621,0.002934109333117621,0.054167419479956964,3.6993506265572464,3.9116869109186774,10000,10000,0,0,0,10000,0.0,0.0,0.0,0.06526805900000454,0.06526805900000454,nan,nan,,,
42,11,maturity_short,100.0,0.2,0.5,AV,1105542,1104542,1103542,3.8788099376870426,7.251575685400727,0.0007251575685400727,0.02692874985104345,3.8260295879789976,3.9315902873950876,10000,20000,0,0,0,20000,0.0,0.0,0.0,0.09956195600000228,0.09956195600000228,nan,nan,,,
42,11,maturity_short,100.0,0.2,0.5,GCV,1105542,1104542,1103542,3.865790660923137,0.00964603281665324,9.64603281665324e-07,0.0009821421901462762,3.8638656622304506,3.8677156596158238,10000,10000,2000,0,0,12000,0.0,0.0,0.011867158999962157,0.04813789700006055,0.060005056000022705,1.0242193513417435,0.9997993939814027,,,
42,11,maturity_short,100.0,0.2,0.5,NCV_SCRATCH,1105542,1104542,1103542,,,,,,,,,,,,,,,,,,,,,,torch_not_available
42,11,maturity_short,100.0,0.2,0.5,NCV_TRANSFER_BETA1,1105542,1104542,1103542,,,,,,,,,,,,,,,,,,,,,,torch_not_available
42,11,maturity_short,100.0,0.2,0.5,NCV_TRANSFER_BETA,1105542,1104542,1103542,,,,,,,,,,,,,,,,,,,,,,torch_not_available
42,11,maturity_long,100.0,0.2,2.0,MC,1105642,1104642,1103642,8.748216319447298,144.15090061179632,0.014415090061179631,0.12006285879146653,8.512893116216024,8.983539522678573,10000,10000,0,0,0,10000,0.0,0.0,0.0,0.06396335400006592,0.06396335400006592,nan,nan,,,
42,11,maturity_long,100.0,0.2,2.0,AV,1105642,1104642,1103642,8.695801536616663,32.520250733554825,0.0032520250733554827,0.057026529557351484,8.584029538684254,8.807573534549073,10000,20000,0,0,0,20000,0.0,0.0,0.0,0.09983483600001364,0.09983483600001364,nan,nan,,,
42,11,maturity_long,100.0,0.2,2.0,GCV,1105642,1104642,1103642,8.738016051558866,0.2497262142239484,2.497262142239484e-05,0.004997261392242239,8.72822141923007,8.74781068388766,10000,10000,2000,0,0,12000,0.0,0.0,0.012381058999949346,0.04948799700002837,0.06186905599997772,1.0505232526791433,0.9991886115945942,,,
42,11,maturity_long,100.0,0.2,2.0,NCV_SCRATCH,1105642,1104642,1103642,,,,,,,,,,,,,,,,,,,,,,torch_not_available
42,11,maturity_long,100.0,0.2,2.0,NCV_TRANSFER_BETA1,1105642,1104642,1103642,,,,,,,,,,,,,,,,,,,,,,torch_not_available
42,11,maturity_long,100.0,0.2,2.0,NCV_TRANSFER_BETA,1105642,1104642,1103642,,,,,,,,,,,,,,,,,,,,,,torch_not_available
42,12,reference,100.0,0.2,1.0,MC,1205042,1204042,1203042,5.807101767598638,65.42518411480123,0.006542518411480122,0.08088583566657467,5.648565529692152,5.965638005505125,10000,10000,0,0,0,10000,0.0,0.0,0.0,0.06481631600001947,0.06481631600001947,nan,nan,,,
42,12,reference,100.0,0.2,1.0,AV,1205042,1204042,1203042,5.780800493873981,16.007867816084264,0.0016007867816084265,0.04000983356136872,5.702381220093699,5.859219767654263,10000,20000,0,0,0,20000,0.0,0.0,0.0,0.09983559700003752,0.09983559700003752,nan,nan,,,
42,12,reference,100.0,0.2,1.0,GCV,1205042,1204042,1203042,5.783054315632437,0.04836678635685575,4.836678635685575e-06,0.0021992450149279806,5.778743795403178,5.7873648358616965,10000,10000,2000,0,0,12000,0.0,0.0,0.0118200419999539,0.04873482999994394,0.06055487199989784,1.0355283045091173,0.9996348663411316,,,
42,12,reference,100.0,0.2,1.0,NCV_SCRATCH,1205042,1204042,1203042,,,,,,,,,,,,,,,,,,,,,,torch_not_available
42,12,strike_low,80.0,0.2,1.0,MC,1205142,1204142,1203142,21.65814421678547,127.98160422203865,0.012798160422203865,0.11312895483563819,21.436411465307618,21.87987696826332,10000,10000,0,0,0,10000,0.0,0.0,0.0,0.06410804400002235,0.06410804400002235,nan,nan,,,
42,12,strike_low,80.0,0.2,1.0,AV,1205142,1204142,1203142,21.500728498087685,1.9168590242145553,0.00019168590242145555,0.013845067801258886,21.473592165197218,21.527864830978153,10000,20000,0,0,0,20000,0.0,0.0,0.0,0.09922234199996183,0.09922234199996183,nan,nan,,,
42,12,strike_low,80.0,0.2,1.0,GCV,1205142,1204142,1203142,21.50428174057325,0.08655945410727685,8.655945410727685e-06,0.0029420988104969696,21.498515226904676,21.510048254241827,10000,10000,2000,0,0,12000,0.0,0.0,0.011732036999887896,0.048440380999977606,0.0601724179998655,1.014908494812827,0.9996474378120492,,,
42,12,strike_low,80.0,0.2,1.0,NCV_SCRATCH,1205142,1204142,1203142,,,,,,,,,,,,,,,,,,,,,,torch_not_available
42,12,strike_low,80.0,0.2,1.0,NCV_TRANSFER_BETA1,1205142,1204142,1203142,,,,,,,,,,,,,,,,,,,,,,torch_not_available
42,12,strike_low,80.0,0.2,1.0,NCV_TRANSFER_BETA,1205142,1204142,1203142,,,,,,,,,,,,,,,,,,,,,,torch_not_available
42,12,strike_high,120.0,0.2,1.0,MC,1205242,1204242,1203242,0.529640766256795,6.3702213086292065,0.0006370221308629207,0.0252392973527973,0.4801717434453123,0.5791097890682777,10000,10000,0,0,0,10000,0.0,0.0,0.0,0.06390033600007428,0.06390033600007428,nan,nan,,,
42,12,strike_high,120.0,0.2,1.0,AV,1205242,1204242,1203242,0.5137532134255102,2.8573878993193937,0.00028573878993193937,0.016903809923562777,0.48062174597532714,0.5468846808756932,10000,20000,0,0,0,20000,0.0,0.0,0.0,0.09879419300000336,0.09879419300000336,nan,nan,,,
42,12,strike_high,120.0,0.2,1.0,GCV,1205242,1204242,1203242,0.5332163278948685,0.03173858004524509,3.173858004524509e-06,0.001781532487642173,0.5297245242190899,0.5367081315706471,10000,10000,2000,0,0,12000,0.0,0.0,0.011758827000107885,0.047881618000019444,0.05964044500012733,1.1091319020699018,0.9978874628956274,,,
42,12,strike_high,120.0,0.2,1.0,NCV_SCRATCH,1205242,1204242,1203242,,,,,,,,,,,,,,,,,,,,,,torch_not_available
42,12,strike_high,120.0,0.2,1.0,NCV_TRANSFER_BETA1,1205242,1204242,1203242,,,,,,,,,,,,,,,,,,,,,,torch_not_available
42,12,strike_high,120.0,0.2,1.0,NCV_TRANSFER_BETA,1205242,1204242,1203242,,,,,,,,,,,,,,,,,,,,,,torch_not_available
42,12,volatility_low,100.0,0.1,1.0,MC,1205342,1204342,1203342,3.7054541806463503,17.848106116967664,0.0017848106116967663,0.04224701896816823,3.6226500234687404,3.7882583378239603,10000,10000,0,0,0,10000,0.0,0.0,0.0,0.06382040699998015,0.06382040699998015,nan,nan,,,
42,12,volatility_low,100.0,0.1,1.0,AV,1205342,1204342,1203342,3.6398519547058408,2.7741173434735007,0.00027741173434735005,0.016655681743697855,3.607206818488193,3.6724970909234886,10000,20000,0,0,0,20000,0.0,0.0,0.0,0.09898487899999964,0.09898487899999964,nan,nan,,,
42,12,volatility_low,100.0,0.1,1.0,GCV,1205342,1204342,1203342,3.6531582400088003,0.0038884643191751406,3.8884643191751404e-07,0.0006235755222244649,3.6519360319852403,3.6543804480323603,10000,10000,2000,0,0,12000,0.0,0.0,0.01191888599998947,0.048266878000049473,0.060185764000038944,1.0177165607012775,0.9998974105355667,,,
42,12,volatility_low,100.0,0.1,1.0,NCV_SCRATCH,1205342,1204342,1203342,,,,,,,,,,,,,,,,,,,,,,torch_not_available
42,12,volatility_low,100.0,0.1,1.0,NCV_TRANSFER_BETA1,1205342,1204342,1203342,,,,,,,,,,,,,,,,,,,,,,torch_not_available
42,12,volatility_low,100.0,0.1,1.0,NCV_TRANSFER_BETA,1205342,1204342,1203342,,,,,,,,,,,,,,,,,,,,,,torch_not_available
42,12,volatility_high,100.0,0.5,1.0,MC,1205442,1204442,1203442,12.488598785938766,450.09372725829354,0.045009372725829354,0.21215412493239286,12.072776701071277,12.904420870806256,10000,10000,0,0,0,10000,0.0,0.0,0.0,0.06379820500001188,0.06379820500001188,nan,nan,,,
42,12,volatility_high,100.0,0.5,1.0,AV,1205442,1204442,1203442,12.248067735088098,147.5824819999033,0.014758248199990331,0.12148353057098041,12.009960015168977,12.486175455007219,10000,20000,0,0,0,20000,0.0,0.0,0.0,0.10027597900000274,0.10027597900000274,nan,nan,,,
42,12,volatility_high,100.0,0.5,1.0,GCV,1205442,1204442,1203442,12.354987699355002,2.0696556323903637,0.00020696556323903637,0.01438629775998802,12.326790555745426,12.383184842964578,10000,10000,2000,0,0,12000,0.0,0.0,0.011648852000007537,0.04941039200002706,0.061059244000034596,1.0956905788548965,0.9975531204976528,,,
42,12,volatility_high,100.0,0.5,1.0,NCV_SCRATCH,1205442,1204442,1203442,,,,,,,,,,,,,,,,,,,,,,torch_not_available
42,12,volatility_high,100.0,0.5,1.0,NCV_TRANSFER_BETA1,1205442,1204442,1203442,,,,,,,,,,,,,,,,,,,,,,torch_not_available
42,12,volatility_high,100.0,0.5,1.0,NCV_TRANSFER_BETA,1205442,1204442,1203442,,,,,,,,,,,,,,,,,,,,,,torch_not_available
42,12,maturity_short,100.0,0.2,0.5,MC,1205542,1204542,1203542,3.863657068982946,29.096015119110124,0.0029096015119110122,0.05394072220420312,3.7579332534627077,3.969380884503184,10000,10000,0,0,0,10000,0.0,0.0,0.0,0.06377684599999611,0.06377684599999611,nan,nan,,,
42,12,maturity_short,100.0,0.2,0.5,AV,1205542,1204542,1203542,3.842760730817003,7.107163194488884,0.0007107163194488884,0.026659263295314227,3.7905085747581873,3.895012886875819,10000,20000,0,0,0,20000,0.0,0.0,0.0,0.09850761799998509,0.09850761799998509,nan,nan,,,
42,12,maturity_short,100.0,0.2,0.5,GCV,1205542,1204542,1203542,3.8669076631207275,0.010642777326255883,1.0642777326255883e-06,0.001031638372990065,3.864885651909667,3.8689296743317882,10000,10000,2000,0,0,12000,0.0,0.0,0.011593549000053827,0.04872759700003826,0.060321146000092085,1.023854391985515,0.9998057708670373,,,
42,12,maturity_short,100.0,0.2,0.5,NCV_SCRATCH,1205542,1204542,1203542,,,,,,,,,,,,,,,,,,,,,,torch_not_available
42,12,maturity_short,100.0,0.2,0.5,NCV_TRANSFER_BETA1,1205542,1204542,1203542,,,,,,,,,,,,,,,,,,,,,,torch_not_available
42,12,maturity_short,100.0,0.2,0.5,NCV_TRANSFER_BETA,1205542,1204542,1203542,,,,,,,,,,,,,,,,,,,,,,torch_not_available
42,12,maturity_long,100.0,0.2,2.0,MC,1205642,1204642,1203642,8.68405692086251,139.80860129945208,0.013980860129945209,0.11824068728633647,8.45230517378129,8.915808667943729,10000,10000,0,0,0,10000,0.0,0.0,0.0,0.06387105099997825,0.06387105099997825,nan,nan,,,
42,12,maturity_long,100.0,0.2,2.0,AV,1205642,1204642,1203642,8.71662493982275,33.203663159317706,0.0033203663159317707,0.057622619828777054,8.603684604958348,8.829565274687154,10000,20000,0,0,0,20000,0.0,0.0,0.0,0.09899876499991933,0.09899876499991933,nan,nan,,,
42,12,maturity_long,100.0,0.2,2.0,GCV,1205642,1204642,1203642,8.726730799301432,0.21965009291945573,2.1965009291945574e-05,0.004686684253493676,8.717544898164585,8.73591670043828,10000,10000,2000,0,0,12000,0.0,0.0,0.011844837000012376,0.04879431199992723,0.06063914899993961,1.0490833691217518,0.9993996166616553,,,
42,12,maturity_long,100.0,0.2,2.0,NCV_SCRATCH,1205642,1204642,1203642,,,,,,,,,,,,,,,,,,,,,,torch_not_available
42,12,maturity_long,100.0,0.2,2.0,NCV_TRANSFER_BETA1,1205642,1204642,1203642,,,,,,,,,,,,,,,,,,,,,,torch_not_available
42,12,maturity_long,100.0,0.2,2.0,NCV_TRANSFER_BETA,1205642,1204642,1203642,,,,,,,,,,,,,,,,,,,,,,torch_not_available
42,13,reference,100.0,0.2,1.0,MC,1305042,1304042,1303042,5.619973812698395,63.34516942702034,0.006334516942702034,0.0795896786191654,5.463978042604831,5.775969582791959,10000,10000,0,0,0,10000,0.0,0.0,0.0,0.06458241899997574,0.06458241899997574,nan,nan,,,
42,13,reference,100.0,0.2,1.0,AV,1305042,1304042,1303042,5.76137764620028,15.785856501004877,0.0015785856501004877,0.039731418928858904,5.683504065099717,5.839251227300844,10000,20000,0,0,0,20000,0.0,0.0,0.0,0.09909881199996562,0.09909881199996562,nan,nan,,,
42,13,reference,100.0,0.2,1.0,GCV,1305042,1304042,1303042,5.781658570971205,0.04755653678419564,4.755653678419564e-06,0.0021807461288328735,5.777384308558692,5.785932833383717,10000,10000,2000,0,0,12000,0.0,0.0,0.01197541099998034,0.04906129999994846,0.0610367109999288,1.0324403367186596,0.9995935119434316,,,
42,13,reference,100.0,0.2,1.0,NCV_SCRATCH,1305042,1304042,1303042,,,,,,,,,,,,,,,,,,,,,,torch_not_available
42,13,strike_low,80.0,0.2,1.0,MC,1305142,1304142,1303142,21.500677687854335,127.18392321725781,0.012718392321725782,0.11277584990469272,21.279637022041136,21.721718353667534,10000,10000,0,0,0,10000,0.0,0.0,0.0,0.06400881800004754,0.06400881800004754,nan,nan,,,
42,13,strike_low,80.0,0.2,1.0,AV,1305142,1304142,1303142,21.50166197611544,1.9390450458959372,0.00019390450458959372,0.013924959769765719,21.474369054966697,21.52895489726418,10000,20000,0,0,0,20000,0.0,0.0,0.0,0.09882690400002048,0.09882690400002048,nan,nan,,,
42,13,strike_low,80.0,0.2,1.0,GCV,1305142,1304142,1303142,21.499787437830843,0.0830372979298913,8.30372979298913e-06,0.002881619300495666,21.494139464001872,21.505435411659814,10000,10000,2000,0,0,12000,0.0,0.0,0.01168149300008281,0.04827502300008746,0.05995651600017027,1.015348790712443,0.9996138612215728,,,
42,13,strike_low,80.0,0.2,1.0,NCV_SCRATCH,1305142,1304142,1303142,,,,,,,,,,,,,,,,,,,,,,torch_not_available
42,13,strike_low,80.0,0.2,1.0,NCV_TRANSFER_BETA1,1305142,1304142,1303142,,,,,,,,,,,,,,,,,,,,,,torch_not_available
42,13,strike_low,80.0,0.2,1.0,NCV_TRANSFER_BETA,1305142,1304142,1303142,,,,,,,,,,,,,,,,,,,,,,torch_not_available
42,13,strike_high,120.0,0.2,1.0,MC,1305242,1304242,1303242,0.4940525719126866,5.66476972952934,0.0005664769729529339,0.023800776730034126,0.4474030495218197,0.5407020943035534,10000,10000,0,0,0,10000,0.0,0.0,0.0,0.06410136099998454,0.06410136099998454,nan,nan,,,
42,13,strike_high,120.0,0.2,1.0,AV,1305242,1304242,1303242,0.5269102843556978,2.9994161169275406,0.0002999416116927541,0.01731882246842302,0.4929653923175886,0.5608551763938069,10000,20000,0,0,0,20000,0.0,0.0,0.0,0.0990529460000289,0.0990529460000289,nan,nan,,,
42,13,strike_high,120.0,0.2,1.0,GCV,1305242,1304242,1303242,0.5342017582151644,0.029925320642104354,2.9925320642104356e-06,0.0017298936569079717,0.5308111666476247,0.537592349782704,10000,10000,2000,0,0,12000,0.0,0.0,0.011952528999927381,0.04822739400003684,0.06017992299996422,1.1121517820071682,0.9972267606799211,,,
42,13,strike_high,120.0,0.2,1.0,NCV_SCRATCH,1305242,1304242,1303242,,,,,,,,,,,,,,,,,,,,,,torch_not_available
42,13,strike_high,120.0,0.2,1.0,NCV_TRANSFER_BETA1,1305242,1304242,1303242,,,,,,,,,,,,,,,,,,,,,,torch_not_available
42,13,strike_high,120.0,0.2,1.0,NCV_TRANSFER_BETA,1305242,1304242,1303242,,,,,,,,,,,,,,,,,,,,,,torch_not_available
42,13,volatility_low,100.0,0.1,1.0,MC,1305342,1304342,1303342,3.5542722885837517,17.00653274091233,0.001700653274091233,0.04123897760724959,3.4734438924735427,3.6351006846939606,10000,10000,0,0,0,10000,0.0,0.0,0.0,0.06404596699997,0.06404596699997,nan,nan,,,
42,13,volatility_low,100.0,0.1,1.0,AV,1305342,1304342,1303342,3.610967630554297,2.7171532005298533,0.0002717153200529853,0.016483789614435914,3.5786594029100023,3.6432758581985913,10000,20000,0,0,0,20000,0.0,0.0,0.0,0.09859130400002414,0.09859130400002414,nan,nan,,,
42,13,volatility_low,100.0,0.1,1.0,GCV,1305342,1304342,1303342,3.654153618843868,0.003953369998598048,3.953369998598048e-07,0.0006287583000325361,3.6529212525758044,3.655385985111932,10000,10000,2000,0,0,12000,0.0,0.0,0.011706037999942964,0.0486661519998961,0.060372189999839065,1.0180109505289017,0.9998917505317212,,,
42,13,volatility_low,100.0,0.1,1.0,NCV_SCRATCH,1305342,1304342,1303342,,,,,,,,,,,,,,,,,,,,,,torch_not_available
42,13,volatility_low,100.0,0.1,1.0,NCV_TRANSFER_BETA1,1305342,1304342,1303342,,,,,,,,,,,,,,,,,,,,,,torch_not_available
42,13,volatility_low,100.0,0.1,1.0,NCV_TRANSFER_BETA,1305342,1304342,1303342,,,,,,,,,,,,,,,,,,,,,,torch_not_available
42,13,volatility_high,100.0,0.5,1.0,MC,1305442,1304442,1303442,12.536285218648445,466.79261638860413,0.046679261638860416,0.2160538396762724,12.112819692882951,12.959750744413938,10000,10000,0,0,0,10000,0.0,0.0,0.0,0.06627273399999467,0.06627273399999467,nan,nan,,,
42,13,volatility_high,100.0,0.5,1.0,AV,1305442,1304442,1303442,12.363778931967893,151.4379112719255,0.015143791127192548,0.12306011184454753,12.122581112752579,12.604976751183207,10000,20000,0,0,0,20000,0.0,0.0,0.0,0.09884718900002554,0.09884718900002554,nan,nan,,,
42,13,volatility_high,100.0,0.5,1.0,GCV,1305442,1304442,1303442,12.367577128946955,2.168213462062599,0.0002168213462062599,0.014724854709173191,12.338716413716975,12.396437844176935,10000,10000,2000,0,0,12000,0.0,0.0,0.011731614999916928,0.04847039300000233,0.06020200799991926,1.1014295199633037,0.9976434913130379,,,
42,13,volatility_high,100.0,0.5,1.0,NCV_SCRATCH,1305442,1304442,1303442,,,,,,,,,,,,,,,,,,,,,,torch_not_available
42,13,volatility_high,100.0,0.5,1.0,NCV_TRANSFER_BETA1,1305442,1304442,1303442,,,,,,,,,,,,,,,,,,,,,,torch_not_available
42,13,volatility_high,100.0,0.5,1.0,NCV_TRANSFER_BETA,1305442,1304442,1303442,,,,,,,,,,,,,,,,,,,,,,torch_not_available
42,13,maturity_short,100.0,0.2,0.5,MC,1305542,1304542,1303542,3.8722551896216495,28.507896142684835,0.0028507896142684836,0.053392786163193276,3.7676053287417908,3.976905050501508,10000,10000,0,0,0,10000,0.0,0.0,0.0,0.06401182499996594,0.06401182499996594,nan,nan,,,
42,13,maturity_short,100.0,0.2,0.5,AV,1305542,1304542,1303542,3.847125664227231,7.136121229232685,0.0007136121229232685,0.026713519478407718,3.794767166049552,3.89948416240491,10000,20000,0,0,0,20000,0.0,0.0,0.0,0.0984320499999285,0.0984320499999285,nan,nan,,,
42,13,maturity_short,100.0,0.2,0.5,GCV,1305542,1304542,1303542,3.8652025322411356,0.01072925427328439,1.072925427328439e-06,0.0010358211367453548,3.863172322813115,3.8672327416691563,10000,10000,2000,0,0,12000,0.0,0.0,0.01184963500008962,0.04887077799992312,0.06072041300001274,1.0244324042791426,0.9998417584025509,,,
42,13,maturity_short,100.0,0.2,0.5,NCV_SCRATCH,1305542,1304542,1303542,,,,,,,,,,,,,,,,,,,,,,torch_not_available
42,13,maturity_short,100.0,0.2,0.5,NCV_TRANSFER_BETA1,1305542,1304542,1303542,,,,,,,,,,,,,,,,,,,,,,torch_not_available
42,13,maturity_short,100.0,0.2,0.5,NCV_TRANSFER_BETA,1305542,1304542,1303542,,,,,,,,,,,,,,,,,,,,,,torch_not_available
42,13,maturity_long,100.0,0.2,2.0,MC,1305642,1304642,1303642,8.868322357328626,142.77835965536804,0.014277835965536804,0.11948989901048876,8.634122155268068,9.102522559389184,10000,10000,0,0,0,10000,0.0,0.0,0.0,0.06406660699997246,0.06406660699997246,nan,nan,,,
42,13,maturity_long,100.0,0.2,2.0,AV,1305642,1304642,1303642,8.846327837781699,33.451462432318564,0.0033451462432318563,0.057837239242825696,8.732966848865761,8.959688826697636,10000,20000,0,0,0,20000,0.0,0.0,0.0,0.09922814100002597,0.09922814100002597,nan,nan,,,
42,13,maturity_long,100.0,0.2,2.0,GCV,1305642,1304642,1303642,8.73281143008053,0.2252925754141916,2.252925754141916e-05,0.004746499503994408,8.7235082910527,8.742114569108358,10000,10000,2000,0,0,12000,0.0,0.0,0.011645635000036236,0.048641992000057144,0.06028762700009338,1.0520627497802189,0.999263544934168,,,
42,13,maturity_long,100.0,0.2,2.0,NCV_SCRATCH,1305642,1304642,1303642,,,,,,,,,,,,,,,,,,,,,,torch_not_available
42,13,maturity_long,100.0,0.2,2.0,NCV_TRANSFER_BETA1,1305642,1304642,1303642,,,,,,,,,,,,,,,,,,,,,,torch_not_available
42,13,maturity_long,100.0,0.2,2.0,NCV_TRANSFER_BETA,1305642,1304642,1303642,,,,,,,,,,,,,,,,,,,,,,torch_not_available
42,14,reference,100.0,0.2,1.0,MC,1405042,1404042,1403042,5.862634283091819,65.13718314429478,0.006513718314429478,0.08070761001559566,5.704447367461252,6.020821198722387,10000,10000,0,0,0,10000,0.0,0.0,0.0,0.06400502299993605,0.06400502299993605,nan,nan,,,
42,14,reference,100.0,0.2,1.0,AV,1405042,1404042,1403042,5.785006299086131,15.341858596217909,0.0015341858596217908,0.03916868468077261,5.708235677111817,5.861776921060446,10000,20000,0,0,0,20000,0.0,0.0,0.0,0.09810139499995785,0.09810139499995785,nan,nan,,,
42,14,reference,100.0,0.2,1.0,GCV,1405042,1404042,1403042,5.778133662506353,0.045304732136292984,4.530473213629298e-06,0.0021284908300552526,5.773961820479445,5.782305504533261,10000,10000,2000,0,0,12000,0.0,0.0,0.011634885000034956,0.04849488799993651,0.060129772999971465,1.0365332821539603,0.999641951825174,,,
42,14,reference,100.0,0.2,1.0,NCV_SCRATCH,1405042,1404042,1403042,,,,,,,,,,,,,,,,,,,,,,torch_not_available
42,14,strike_low,80.0,0.2,1.0,MC,1405142,1404142,1403142,21.507689996075147,128.30549765259798,0.012830549765259798,0.1132720166910601,21.28567684336067,21.729703148789625,10000,10000,0,0,0,10000,0.0,0.0,0.0,0.06419368399997438,0.06419368399997438,nan,nan,,,
42,14,strike_low,80.0,0.2,1.0,AV,1405142,1404142,1403142,21.50472988086405,1.992692473221741,0.0001992692473221741,0.014116275972159729,21.477061979958616,21.532397781769486,10000,20000,0,0,0,20000,0.0,0.0,0.0,0.09892574799994236,0.09892574799994236,nan,nan,,,
42,14,strike_low,80.0,0.2,1.0,GCV,1405142,1404142,1403142,21.501880375553963,0.08653413312877929,8.65341331287793e-06,0.0029416684573347024,21.496114705377586,21.50764604573034,10000,10000,2000,0,0,12000,0.0,0.0,0.011610789999963345,0.048800697000046966,0.06041148700001031,1.0128374893413405,0.9996869304978162,,,
42,14,strike_low,80.0,0.2,1.0,NCV_SCRATCH,1405142,1404142,1403142,,,,,,,,,,,,,,,,,,,,,,torch_not_available
42,14,strike_low,80.0,0.2,1.0,NCV_TRANSFER_BETA1,1405142,1404142,1403142,,,,,,,,,,,,,,,,,,,,,,torch_not_available
42,14,strike_low,80.0,0.2,1.0,NCV_TRANSFER_BETA,1405142,1404142,1403142,,,,,,,,,,,,,,,,,,,,,,torch_not_available
42,14,strike_high,120.0,0.2,1.0,MC,1405242,1404242,1403242,0.5375500750487101,6.169932624310768,0.0006169932624310768,0.024839349074222472,0.48886495086323406,0.5862351992341861,10000,10000,0,0,0,10000,0.0,0.0,0.0,0.06383241200001066,0.06383241200001066,nan,nan,,,
42,14,strike_high,120.0,0.2,1.0,AV,1405242,1404242,1403242,0.5238753395726048,2.812472162096333,0.0002812472162096333,0.01677042683444978,0.4910053029770832,0.5567453761681264,10000,20000,0,0,0,20000,0.0,0.0,0.0,0.09931120599992482,0.09931120599992482,nan,nan,,,
42,14,strike_high,120.0,0.2,1.0,GCV,1405242,1404242,1403242,0.5311501855770803,0.030088362108736933,3.0088362108736935e-06,0.0017345997264134724,0.5277503701133098,0.5345500010408507,10000,10000,2000,0,0,12000,0.0,0.0,0.01165850900008536,0.048371148000001085,0.060029657000086445,1.098878878529313,0.9977335431811115,,,
42,14,strike_high,120.0,0.2,1.0,NCV_SCRATCH,1405242,1404242,1403242,,,,,,,,,,,,,,,,,,,,,,torch_not_available
42,14,strike_high,120.0,0.2,1.0,NCV_TRANSFER_BETA1,1405242,1404242,1403242,,,,,,,,,,,,,,,,,,,,,,torch_not_available
42,14,strike_high,120.0,0.2,1.0,NCV_TRANSFER_BETA,1405242,1404242,1403242,,,,,,,,,,,,,,,,,,,,,,torch_not_available
42,14,volatility_low,100.0,0.1,1.0,MC,1405342,1404342,1403342,3.6726692384930226,18.321548487067993,0.0018321548487067994,0.04280367798106606,3.588774029650133,3.7565644473359123,10000,10000,0,0,0,10000,0.0,0.0,0.0,0.06423362900000029,0.06423362900000029,nan,nan,,,
42,14,volatility_low,100.0,0.1,1.0,AV,1405342,1404342,1403342,3.6648489492404757,2.904355842452732,0.00029043558424527317,0.017042170760946895,3.63144629454902,3.6982516039319315,10000,20000,0,0,0,20000,0.0,0.0,0.0,0.09876498900007391,0.09876498900007391,nan,nan,,,
42,14,volatility_low,100.0,0.1,1.0,GCV,1405342,1404342,1403342,3.653555570478776,0.0036410612374066045,3.6410612374066045e-07,0.0006034120679441707,3.6523728828256057,3.6547382581319465,10000,10000,2000,0,0,12000,0.0,0.0,0.01180330799991225,0.04838386200003697,0.06018716999994922,1.0173624553834855,0.9999049757313939,,,
42,14,volatility_low,100.0,0.1,1.0,NCV_SCRATCH,1405342,1404342,1403342,,,,,,,,,,,,,,,,,,,,,,torch_not_available
42,14,volatility_low,100.0,0.1,1.0,NCV_TRANSFER_BETA1,1405342,1404342,1403342,,,,,,,,,,,,,,,,,,,,,,torch_not_available
42,14,volatility_low,100.0,0.1,1.0,NCV_TRANSFER_BETA,1405342,1404342,1403342,,,,,,,,,,,,,,,,,,,,,,torch_not_available
42,14,volatility_high,100.0,0.5,1.0,MC,1405442,1404442,1403442,12.542144769444688,443.7324804674146,0.044373248046741455,0.21064958591637786,12.129271581048588,12.955017957840788,10000,10000,0,0,0,10000,0.0,0.0,0.0,0.06398847200000546,0.06398847200000546,nan,nan,,,
42,14,volatility_high,100.0,0.5,1.0,AV,1405442,1404442,1403442,12.313824955730105,144.1503448274495,0.014415034482744948,0.12006262733567405,12.078502206152184,12.549147705308027,10000,20000,0,0,0,20000,0.0,0.0,0.0,0.09904841700006273,0.09904841700006273,nan,nan,,,
42,14,volatility_high,100.0,0.5,1.0,GCV,1405442,1404442,1403442,12.356272276673813,2.092508045500196,0.00020925080455001961,0.01446550395077958,12.327919888930285,12.384624664417341,10000,10000,2000,0,0,12000,0.0,0.0,0.011795443999972122,0.0485199150000426,0.06031535900001472,1.0923985228310424,0.9982804945433749,,,
42,14,volatility_high,100.0,0.5,1.0,NCV_SCRATCH,1405442,1404442,1403442,,,,,,,,,,,,,,,,,,,,,,torch_not_available
42,14,volatility_high,100.0,0.5,1.0,NCV_TRANSFER_BETA1,1405442,1404442,1403442,,,,,,,,,,,,,,,,,,,,,,torch_not_available
42,14,volatility_high,100.0,0.5,1.0,NCV_TRANSFER_BETA,1405442,1404442,1403442,,,,,,,,,,,,,,,,,,,,,,torch_not_available
42,14,maturity_short,100.0,0.2,0.5,MC,1405542,1404542,1403542,3.723417552417472,27.702772119235345,0.0027702772119235345,0.05263342295465434,3.6202560434263495,3.826579061408595,10000,10000,0,0,0,10000,0.0,0.0,0.0,0.06438365799999701,0.06438365799999701,nan,nan,,,
42,14,maturity_short,100.0,0.2,0.5,AV,1405542,1404542,1403542,3.7833200575565296,7.1178112216875595,0.000711781122168756,0.026679226416235456,3.731028773780708,3.835611341332351,10000,20000,0,0,0,20000,0.0,0.0,0.0,0.09981610399995589,0.09981610399995589,nan,nan,,,
42,14,maturity_short,100.0,0.2,0.5,GCV,1405542,1404542,1403542,3.864520736971993,0.010435692293448543,1.0435692293448544e-06,0.0010215523625075977,3.862518494341478,3.866522979602508,10000,10000,2000,0,0,12000,0.0,0.0,0.012213932000008754,0.04979637899998579,0.062010310999994545,1.0229066293712785,0.9998342246863283,,,
42,14,maturity_short,100.0,0.2,0.5,NCV_SCRATCH,1405542,1404542,1403542,,,,,,,,,,,,,,,,,,,,,,torch_not_available
42,14,maturity_short,100.0,0.2,0.5,NCV_TRANSFER_BETA1,1405542,1404542,1403542,,,,,,,,,,,,,,,,,,,,,,torch_not_available
42,14,maturity_short,100.0,0.2,0.5,NCV_TRANSFER_BETA,1405542,1404542,1403542,,,,,,,,,,,,,,,,,,,,,,torch_not_available
42,14,maturity_long,100.0,0.2,2.0,MC,1405642,1404642,1403642,8.772367074892522,143.96259872406216,0.014396259872406217,0.11998441512299093,8.53719762125146,9.007536528533583,10000,10000,0,0,0,10000,0.0,0.0,0.0,0.06476565699995263,0.06476565699995263,nan,nan,,,
42,14,maturity_long,100.0,0.2,2.0,AV,1405642,1404642,1403642,8.7306107384106,31.605133791085297,0.0031605133791085295,0.05621844340702195,8.620422589332838,8.840798887488363,10000,20000,0,0,0,20000,0.0,0.0,0.0,0.09933508900007837,0.09933508900007837,nan,nan,,,
42,14,maturity_long,100.0,0.2,2.0,GCV,1405642,1404642,1403642,8.731438930832907,0.22190536905323324,2.2190536905323324e-05,0.004710683273721905,8.722205991616411,8.740671870049402,10000,10000,2000,0,0,12000,0.0,0.0,0.011928650999948331,0.04874836999999843,0.06067702099994676,1.0520833473389348,0.9991370246838068,,,
42,14,maturity_long,100.0,0.2,2.0,NCV_SCRATCH,1405642,1404642,1403642,,,,,,,,,,,,,,,,,,,,,,torch_not_available
42,14,maturity_long,100.0,0.2,2.0,NCV_TRANSFER_BETA1,1405642,1404642,1403642,,,,,,,,,,,,,,,,,,,,,,torch_not_available
42,14,maturity_long,100.0,0.2,2.0,NCV_TRANSFER_BETA,1405642,1404642,1403642,,,,,,,,,,,,,,,,,,,,,,torch_not_available
42,15,reference,100.0,0.2,1.0,MC,1505042,1504042,1503042,5.736728289004235,63.814258973960875,0.006381425897396088,0.0798838275084268,5.580155987087719,5.893300590920751,10000,10000,0,0,0,10000,0.0,0.0,0.0,0.06429735599999731,0.06429735599999731,nan,nan,,,
42,15,reference,100.0,0.2,1.0,AV,1505042,1504042,1503042,5.802951993374921,15.294310224617092,0.0015294310224617093,0.039107940657387076,5.726300429686442,5.8796035570634,10000,20000,0,0,0,20000,0.0,0.0,0.0,0.10223871099992721,0.10223871099992721,nan,nan,,,
42,15,reference,100.0,0.2,1.0,GCV,1505042,1504042,1503042,5.78165328062765,0.0506449869829064,5.0644986982906396e-06,0.002250444111345723,5.777242410169412,5.786064151085888,10000,10000,2000,0,0,12000,0.0,0.0,0.012116672000047402,0.04871084000001247,0.06082751200005987,1.0361636385384723,0.9996367471328359,,,
42,15,reference,100.0,0.2,1.0,NCV_SCRATCH,1505042,1504042,1503042,,,,,,,,,,,,,,,,,,,,,,torch_not_available
42,15,strike_low,80.0,0.2,1.0,MC,1505142,1504142,1503142,21.7422206741804,128.59195243487218,0.012859195243487219,0.11339839171472944,21.51995982641953,21.964481521941266,10000,10000,0,0,0,10000,0.0,0.0,0.0,0.06452860700005658,0.06452860700005658,nan,nan,,,
42,15,strike_low,80.0,0.2,1.0,AV,1505142,1504142,1503142,21.491521964016012,1.8278749441608693,0.00018278749441608694,0.013519892544546608,21.465022974628702,21.518020953403322,10000,20000,0,0,0,20000,0.0,0.0,0.0,0.10113703199999691,0.10113703199999691,nan,nan,,,
42,15,strike_low,80.0,0.2,1.0,GCV,1505142,1504142,1503142,21.50217988171275,0.0867237857241541,8.67237857241541e-06,0.002944890247940559,21.496407896826785,21.507951866598713,10000,10000,2000,0,0,12000,0.0,0.0,0.012081786999942778,0.04955898799994429,0.06164077499988707,1.0129430541586406,0.999680273724415,,,
42,15,strike_low,80.0,0.2,1.0,NCV_SCRATCH,1505142,1504142,1503142,,,,,,,,,,,,,,,,,,,,,,torch_not_available
42,15,strike_low,80.0,0.2,1.0,NCV_TRANSFER_BETA1,1505142,1504142,1503142,,,,,,,,,,,,,,,,,,,,,,torch_not_available
42,15,strike_low,80.0,0.2,1.0,NCV_TRANSFER_BETA,1505142,1504142,1503142,,,,,,,,,,,,,,,,,,,,,,torch_not_available
42,15,strike_high,120.0,0.2,1.0,MC,1505242,1504242,1503242,0.5451024684562366,6.305999758150419,0.0006305999758150419,0.025111749756140885,0.4958834389342004,0.5943214979782727,10000,10000,0,0,0,10000,0.0,0.0,0.0,0.06526025699997717,0.06526025699997717,nan,nan,,,
42,15,strike_high,120.0,0.2,1.0,AV,1505242,1504242,1503242,0.5383217809925459,3.0588074581862066,0.00030588074581862064,0.017489446698469926,0.5040424654635448,0.572601096521547,10000,20000,0,0,0,20000,0.0,0.0,0.0,0.10089815799994994,0.10089815799994994,nan,nan,,,
42,15,strike_high,120.0,0.2,1.0,GCV,1505242,1504242,1503242,0.5331607786164142,0.029303330491112164,2.9303330491112163e-06,0.001711821558782111,0.5298056083612013,0.5365159488716271,10000,10000,2000,0,0,12000,0.0,0.0,0.01208908999990399,0.049608269000032124,0.061697358999936114,1.1199001550226746,0.9965832080112125,,,
42,15,strike_high,120.0,0.2,1.0,NCV_SCRATCH,1505242,1504242,1503242,,,,,,,,,,,,,,,,,,,,,,torch_not_available
42,15,strike_high,120.0,0.2,1.0,NCV_TRANSFER_BETA1,1505242,1504242,1503242,,,,,,,,,,,,,,,,,,,,,,torch_not_available
42,15,strike_high,120.0,0.2,1.0,NCV_TRANSFER_BETA,1505242,1504242,1503242,,,,,,,,,,,,,,,,,,,,,,torch_not_available
42,15,volatility_low,100.0,0.1,1.0,MC,1505342,1504342,1503342,3.668631773973247,18.013897933308073,0.0018013897933308073,0.042442782582328496,3.585443920111883,3.7518196278346108,10000,10000,0,0,0,10000,0.0,0.0,0.0,0.06482230300002811,0.06482230300002811,nan,nan,,,
42,15,volatility_low,100.0,0.1,1.0,AV,1505342,1504342,1503342,3.6670569560710398,2.8103532219354133,0.00028103532219354133,0.016764108153836915,3.6341993040895195,3.69991460805256,10000,20000,0,0,0,20000,0.0,0.0,0.0,0.09847174300000461,0.09847174300000461,nan,nan,,,
42,15,volatility_low,100.0,0.1,1.0,GCV,1505342,1504342,1503342,3.6535452607397585,0.0038901005595284345,3.8901005595284346e-07,0.0006237067066761777,3.652322795594673,3.654767725884844,10000,10000,2000,0,0,12000,0.0,0.0,0.011932634000004327,0.04869107900003655,0.06062371300004088,1.0167309268171096,0.99991192850218,,,
42,15,volatility_low,100.0,0.1,1.0,NCV_SCRATCH,1505342,1504342,1503342,,,,,,,,,,,,,,,,,,,,,,torch_not_available
42,15,volatility_low,100.0,0.1,1.0,NCV_TRANSFER_BETA1,1505342,1504342,1503342,,,,,,,,,,,,,,,,,,,,,,torch_not_available
42,15,volatility_low,100.0,0.1,1.0,NCV_TRANSFER_BETA,1505342,1504342,1503342,,,,,,,,,,,,,,,,,,,,,,torch_not_available
42,15,volatility_high,100.0,0.5,1.0,MC,1505442,1504442,1503442,12.302354113301131,440.28726211076105,0.044028726211076105,0.20983023188062322,11.89108685881511,12.713621367787153,10000,10000,0,0,0,10000,0.0,0.0,0.0,0.0646866270000146,0.0646866270000146,nan,nan,,,
42,15,volatility_high,100.0,0.5,1.0,AV,1505442,1504442,1503442,12.36512861077085,149.31766402891853,0.014931766402891853,0.12219560713418405,12.125625220787848,12.60463200075385,10000,20000,0,0,0,20000,0.0,0.0,0.0,0.0987536379999483,0.0987536379999483,nan,nan,,,
42,15,volatility_high,100.0,0.5,1.0,GCV,1505442,1504442,1503442,12.35961232317792,2.0895424221552346,0.00020895424221552345,0.014455249642103157,12.331280033879398,12.387944612476442,10000,10000,2000,0,0,12000,0.0,0.0,0.011760602999970615,0.048177710999993906,0.05993831399996452,1.1003995210903732,0.9972983364357486,,,
42,15,volatility_high,100.0,0.5,1.0,NCV_SCRATCH,1505442,1504442,1503442,,,,,,,,,,,,,,,,,,,,,,torch_not_available
42,15,volatility_high,100.0,0.5,1.0,NCV_TRANSFER_BETA1,1505442,1504442,1503442,,,,,,,,,,,,,,,,,,,,,,torch_not_available
42,15,volatility_high,100.0,0.5,1.0,NCV_TRANSFER_BETA,1505442,1504442,1503442,,,,,,,,,,,,,,,,,,,,,,torch_not_available
42,15,maturity_short,100.0,0.2,0.5,MC,1505542,1504542,1503542,3.8309283350659076,29.20828660965879,0.0029208286609658787,0.05404469133010086,3.72500074005891,3.9368559300729054,10000,10000,0,0,0,10000,0.0,0.0,0.0,0.0657006100000217,0.0657006100000217,nan,nan,,,
42,15,maturity_short,100.0,0.2,0.5,AV,1505542,1504542,1503542,3.8764851837800087,7.35568248547154,0.000735568248547154,0.027121361480337856,3.8233273152785467,3.9296430522814707,10000,20000,0,0,0,20000,0.0,0.0,0.0,0.10077106399990043,0.10077106399990043,nan,nan,,,
42,15,maturity_short,100.0,0.2,0.5,GCV,1505542,1504542,1503542,3.8661117031187895,0.010461390653146435,1.0461390653146435e-06,0.001022809398331206,3.86410699669806,3.868116409539519,10000,10000,2000,0,0,12000,0.0,0.0,0.012212646000079985,0.04957647100002305,0.06178911700010303,1.023972385439774,0.9998142925537435,,,
42,15,maturity_short,100.0,0.2,0.5,NCV_SCRATCH,1505542,1504542,1503542,,,,,,,,,,,,,,,,,,,,,,torch_not_available
42,15,maturity_short,100.0,0.2,0.5,NCV_TRANSFER_BETA1,1505542,1504542,1503542,,,,,,,,,,,,,,,,,,,,,,torch_not_available
42,15,maturity_short,100.0,0.2,0.5,NCV_TRANSFER_BETA,1505542,1504542,1503542,,,,,,,,,,,,,,,,,,,,,,torch_not_available
42,15,maturity_long,100.0,0.2,2.0,MC,1505642,1504642,1503642,8.827200331853488,147.1266874711888,0.01471266874711888,0.12129579031078894,8.589460582844342,9.064940080862634,10000,10000,0,0,0,10000,0.0,0.0,0.0,0.06474200100001326,0.06474200100001326,nan,nan,,,
42,15,maturity_long,100.0,0.2,2.0,AV,1505642,1504642,1503642,8.805285669131731,34.50994712445117,0.0034509947124451174,0.058745167566746435,8.690145140700908,8.920426197562554,10000,20000,0,0,0,20000,0.0,0.0,0.0,0.10026267499995356,0.10026267499995356,nan,nan,,,
42,15,maturity_long,100.0,0.2,2.0,GCV,1505642,1504642,1503642,8.739455384631158,0.2455325983034319,2.4553259830343192e-05,0.0049551246029079015,8.72974334040946,8.749167428852857,10000,10000,2000,0,0,12000,0.0,0.0,0.01209695099998953,0.049364265000008345,0.061461215999997876,1.0507518423082156,0.9993336186935307,,,
42,15,maturity_long,100.0,0.2,2.0,NCV_SCRATCH,1505642,1504642,1503642,,,,,,,,,,,,,,,,,,,,,,torch_not_available
42,15,maturity_long,100.0,0.2,2.0,NCV_TRANSFER_BETA1,1505642,1504642,1503642,,,,,,,,,,,,,,,,,,,,,,torch_not_available
42,15,maturity_long,100.0,0.2,2.0,NCV_TRANSFER_BETA,1505642,1504642,1503642,,,,,,,,,,,,,,,,,,,,,,torch_not_available
42,16,reference,100.0,0.2,1.0,MC,1605042,1604042,1603042,5.799117889954435,63.95792596198552,0.0063957925961985514,0.07997369940298218,5.64236943912459,5.95586634078428,10000,10000,0,0,0,10000,0.0,0.0,0.0,0.06480158199997277,0.06480158199997277,nan,nan,,,
42,16,reference,100.0,0.2,1.0,AV,1605042,1604042,1603042,5.748965357374456,15.56326265713148,0.001556326265713148,0.039450301211944476,5.671642766999045,5.826287947749868,10000,20000,0,0,0,20000,0.0,0.0,0.0,0.09950121400004264,0.09950121400004264,nan,nan,,,
42,16,reference,100.0,0.2,1.0,GCV,1605042,1604042,1603042,5.78440966999861,0.04955059261815412,4.955059261815412e-06,0.002225996240296783,5.780046717367628,5.788772622629591,10000,10000,2000,0,0,12000,0.0,0.0,0.011717000999965421,0.04924006400005965,0.06095706500002507,1.0332049880432914,0.9996722495954824,,,
42,16,reference,100.0,0.2,1.0,NCV_SCRATCH,1605042,1604042,1603042,,,,,,,,,,,,,,,,,,,,,,torch_not_available
42,16,strike_low,80.0,0.2,1.0,MC,1605142,1604142,1603142,21.666525572842204,127.08685053607132,0.012708685053607132,0.11273280380442569,21.44556927738553,21.887481868298877,10000,10000,0,0,0,10000,0.0,0.0,0.0,0.06454801799998222,0.06454801799998222,nan,nan,,,
42,16,strike_low,80.0,0.2,1.0,AV,1605142,1604142,1603142,21.500289593906718,2.1255906746260433,0.00021255906746260435,0.014579405593596892,21.47171395894327,21.528865228870167,10000,20000,0,0,0,20000,0.0,0.0,0.0,0.0991415019999522,0.0991415019999522,nan,nan,,,
42,16,strike_low,80.0,0.2,1.0,GCV,1605142,1604142,1603142,21.499837382378068,0.08306362199567623,8.306362199567623e-06,0.0028820760225170368,21.494188513373935,21.5054862513822,10000,10000,2000,0,0,12000,0.0,0.0,0.011991263000027175,0.04952385299998241,0.061515116000009584,1.0130886632917218,0.9996890281965505,,,
42,16,strike_low,80.0,0.2,1.0,NCV_SCRATCH,1605142,1604142,1603142,,,,,,,,,,,,,,,,,,,,,,torch_not_available
42,16,strike_low,80.0,0.2,1.0,NCV_TRANSFER_BETA1,1605142,1604142,1603142,,,,,,,,,,,,,,,,,,,,,,torch_not_available
42,16,strike_low,80.0,0.2,1.0,NCV_TRANSFER_BETA,1605142,1604142,1603142,,,,,,,,,,,,,,,,,,,,,,torch_not_available
42,16,strike_high,120.0,0.2,1.0,MC,1605242,1604242,1603242,0.5557651435672311,6.553864002084334,0.0006553864002084334,0.02560051562387823,0.5055881329444297,0.6059421541900324,10000,10000,0,0,0,10000,0.0,0.0,0.0,0.06443912500003535,0.06443912500003535,nan,nan,,,
42,16,strike_high,120.0,0.2,1.0,AV,1605242,1604242,1603242,0.535065504795222,2.9757931443657455,0.00029757931443657456,0.017250487368088315,0.5012545495537689,0.568876460036675,10000,20000,0,0,0,20000,0.0,0.0,0.0,0.09995652299994617,0.09995652299994617,nan,nan,,,
42,16,strike_high,120.0,0.2,1.0,GCV,1605242,1604242,1603242,0.5343266157964408,0.032109885593335885,3.2109885593335886e-06,0.0017919231454874365,0.5308144464312854,0.5378387851615962,10000,10000,2000,0,0,12000,0.0,0.0,0.012024645999986205,0.0483978309999884,0.060422476999974606,1.1017072157036583,0.9981563854164819,,,
42,16,strike_high,120.0,0.2,1.0,NCV_SCRATCH,1605242,1604242,1603242,,,,,,,,,,,,,,,,,,,,,,torch_not_available
42,16,strike_high,120.0,0.2,1.0,NCV_TRANSFER_BETA1,1605242,1604242,1603242,,,,,,,,,,,,,,,,,,,,,,torch_not_available
42,16,strike_high,120.0,0.2,1.0,NCV_TRANSFER_BETA,1605242,1604242,1603242,,,,,,,,,,,,,,,,,,,,,,torch_not_available
42,16,volatility_low,100.0,0.1,1.0,MC,1605342,1604342,1603342,3.7252378996697924,18.05509890389983,0.001805509890389983,0.042491291935995344,3.6419549674752414,3.8085208318643433,10000,10000,0,0,0,10000,0.0,0.0,0.0,0.06441360700000587,0.06441360700000587,nan,nan,,,
42,16,volatility_low,100.0,0.1,1.0,AV,1605342,1604342,1603342,3.6528879712456392,2.8370717727282133,0.0002837071772728213,0.01684360938970093,3.6198744968418253,3.685901445649453,10000,20000,0,0,0,20000,0.0,0.0,0.0,0.09956012299994654,0.09956012299994654,nan,nan,,,
42,16,volatility_low,100.0,0.1,1.0,GCV,1605342,1604342,1603342,3.6545101385442074,0.00378850489112269,3.78850489112269e-07,0.0006155083176629452,3.653303742241588,3.655716534846827,10000,10000,2000,0,0,12000,0.0,0.0,0.012168404000021837,0.05001365700002225,0.06218206100004409,1.0173819880975588,0.9998935935694944,,,
42,16,volatility_low,100.0,0.1,1.0,NCV_SCRATCH,1605342,1604342,1603342,,,,,,,,,,,,,,,,,,,,,,torch_not_available
42,16,volatility_low,100.0,0.1,1.0,NCV_TRANSFER_BETA1,1605342,1604342,1603342,,,,,,,,,,,,,,,,,,,,,,torch_not_available
42,16,volatility_low,100.0,0.1,1.0,NCV_TRANSFER_BETA,1605342,1604342,1603342,,,,,,,,,,,,,,,,,,,,,,torch_not_available
42,16,volatility_high,100.0,0.5,1.0,MC,1605442,1604442,1603442,11.991543580466145,429.33237004770507,0.04293323700477051,0.20720337112308407,11.5854249730649,12.39766218786739,10000,10000,0,0,0,10000,0.0,0.0,0.0,0.06412191300000813,0.06412191300000813,nan,nan,,,
42,16,volatility_high,100.0,0.5,1.0,AV,1605442,1604442,1603442,12.079228981488768,141.17790679176207,0.014117790679176206,0.11881830952835597,11.84634509481319,12.312112868164347,10000,20000,0,0,0,20000,0.0,0.0,0.0,0.09928088200001639,0.09928088200001639,nan,nan,,,
42,16,volatility_high,100.0,0.5,1.0,GCV,1605442,1604442,1603442,12.3227100292028,1.7970411845700345,0.00017970411845700344,0.013405376475765365,12.2964354913103,12.348984567095298,10000,10000,2000,0,0,12000,0.0,0.0,0.011949405999985174,0.049913350999986505,0.06186275699997168,1.0928245020484204,0.9977764582143582,,,
42,16,volatility_high,100.0,0.5,1.0,NCV_SCRATCH,1605442,1604442,1603442,,,,,,,,,,,,,,,,,,,,,,torch_not_available
42,16,volatility_high,100.0,0.5,1.0,NCV_TRANSFER_BETA1,1605442,1604442,1603442,,,,,,,,,,,,,,,,,,,,,,torch_not_available
42,16,volatility_high,100.0,0.5,1.0,NCV_TRANSFER_BETA,1605442,1604442,1603442,,,,,,,,,,,,,,,,,,,,,,torch_not_available
42,16,maturity_short,100.0,0.2,0.5,MC,1605542,1604542,1603542,3.844249415517482,29.64712782221472,0.002964712782221472,0.054449176139051654,3.7375290302849407,3.950969800750023,10000,10000,0,0,0,10000,0.0,0.0,0.0,0.06425623300003735,0.06425623300003735,nan,nan,,,
42,16,maturity_short,100.0,0.2,0.5,AV,1605542,1604542,1603542,3.86317540966636,7.474783443768063,0.0007474783443768062,0.027340050189727273,3.8095889112944947,3.916761908038225,10000,20000,0,0,0,20000,0.0,0.0,0.0,0.10004089100004876,0.10004089100004876,nan,nan,,,
42,16,maturity_short,100.0,0.2,0.5,GCV,1605542,1604542,1603542,3.86576749865458,0.01002389174075799,1.002389174075799e-06,0.001001193874369894,3.863805158660815,3.8677298386483447,10000,10000,2000,0,0,12000,0.0,0.0,0.012039574000027642,0.049390574999961245,0.06143014899998889,1.0224415394632855,0.9998364867949777,,,
42,16,maturity_short,100.0,0.2,0.5,NCV_SCRATCH,1605542,1604542,1603542,,,,,,,,,,,,,,,,,,,,,,torch_not_available
42,16,maturity_short,100.0,0.2,0.5,NCV_TRANSFER_BETA1,1605542,1604542,1603542,,,,,,,,,,,,,,,,,,,,,,torch_not_available
42,16,maturity_short,100.0,0.2,0.5,NCV_TRANSFER_BETA,1605542,1604542,1603542,,,,,,,,,,,,,,,,,,,,,,torch_not_available
42,16,maturity_long,100.0,0.2,2.0,MC,1605642,1604642,1603642,8.55317690931176,139.81904487212526,0.013981904487212525,0.11824510343863093,8.321416506572044,8.784937312051477,10000,10000,0,0,0,10000,0.0,0.0,0.0,0.06418865699993148,0.06418865699993148,nan,nan,,,
42,16,maturity_long,100.0,0.2,2.0,AV,1605642,1604642,1603642,8.70702074320637,33.0058887342161,0.00330058887342161,0.0574507517219889,8.594417269831272,8.819624216581467,10000,20000,0,0,0,20000,0.0,0.0,0.0,0.09911227800000688,0.09911227800000688,nan,nan,,,
42,16,maturity_long,100.0,0.2,2.0,GCV,1605642,1604642,1603642,8.733490254720932,0.24218822113664137,2.4218822113664137e-05,0.00492126224800753,8.723844580714838,8.743135928727026,10000,10000,2000,0,0,12000,0.0,0.0,0.011651630000073965,0.04832525599999826,0.05997688600007223,1.0496316374438477,0.9993501672055043,,,
42,16,maturity_long,100.0,0.2,2.0,NCV_SCRATCH,1605642,1604642,1603642,,,,,,,,,,,,,,,,,,,,,,torch_not_available
42,16,maturity_long,100.0,0.2,2.0,NCV_TRANSFER_BETA1,1605642,1604642,1603642,,,,,,,,,,,,,,,,,,,,,,torch_not_available
42,16,maturity_long,100.0,0.2,2.0,NCV_TRANSFER_BETA,1605642,1604642,1603642,,,,,,,,,,,,,,,,,,,,,,torch_not_available
42,17,reference,100.0,0.2,1.0,MC,1705042,1704042,1703042,5.962859665653309,66.70733711374636,0.006670733711374636,0.081674559756234,5.802777528531091,6.122941802775528,10000,10000,0,0,0,10000,0.0,0.0,0.0,0.06382677199997033,0.06382677199997033,nan,nan,,,
42,17,reference,100.0,0.2,1.0,AV,1705042,1704042,1703042,5.810896648131792,15.831752545327863,0.0015831752545327864,0.03978913488042667,5.732909943766156,5.8888833524974284,10000,20000,0,0,0,20000,0.0,0.0,0.0,0.09946223999997983,0.09946223999997983,nan,nan,,,
42,17,reference,100.0,0.2,1.0,GCV,1705042,1704042,1703042,5.781748783635414,0.05142040367963703,5.142040367963703e-06,0.0022676067489676654,5.777304274407437,5.78619329286339,10000,10000,2000,0,0,12000,0.0,0.0,0.011776402000009512,0.04906613900004686,0.06084254100005637,1.0337167168914745,0.9996640925890263,,,
42,17,reference,100.0,0.2,1.0,NCV_SCRATCH,1705042,1704042,1703042,,,,,,,,,,,,,,,,,,,,,,torch_not_available
42,17,strike_low,80.0,0.2,1.0,MC,1705142,1704142,1703142,21.46247683621572,130.1444760890512,0.013014447608905121,0.11408088187292874,21.23887830774478,21.686075364686662,10000,10000,0,0,0,10000,0.0,0.0,0.0,0.064647945000047,0.064647945000047,nan,nan,,,
42,17,strike_low,80.0,0.2,1.0,AV,1705142,1704142,1703142,21.519513517861157,2.0962344358340155,0.00020962344358340155,0.014478378485983903,21.491135896028627,21.547891139693686,10000,20000,0,0,0,20000,0.0,0.0,0.0,0.09927990999995018,0.09927990999995018,nan,nan,,,
42,17,strike_low,80.0,0.2,1.0,GCV,1705142,1704142,1703142,21.50265767785414,0.08803208843500317,8.803208843500316e-06,0.0029670201960047926,21.49684231826997,21.508473037438307,10000,10000,2000,0,0,12000,0.0,0.0,0.012028331999999864,0.04887690499992914,0.060905236999929,1.0138430860064995,0.9996405335827402,,,
42,17,strike_low,80.0,0.2,1.0,NCV_SCRATCH,1705142,1704142,1703142,,,,,,,,,,,,,,,,,,,,,,torch_not_available
42,17,strike_low,80.0,0.2,1.0,NCV_TRANSFER_BETA1,1705142,1704142,1703142,,,,,,,,,,,,,,,,,,,,,,torch_not_available
42,17,strike_low,80.0,0.2,1.0,NCV_TRANSFER_BETA,1705142,1704142,1703142,,,,,,,,,,,,,,,,,,,,,,torch_not_available
42,17,strike_high,120.0,0.2,1.0,MC,1705242,1704242,1703242,0.4979228992394625,6.1654366989318,0.00061654366989318,0.024830297418540523,0.4492555162991231,0.5465902821798019,10000,10000,0,0,0,10000,0.0,0.0,0.0,0.06451424499994118,0.06451424499994118,nan,nan,,,
42,17,strike_high,120.0,0.2,1.0,AV,1705242,1704242,1703242,0.5228648077986768,2.987687313421431,0.0002987687313421431,0.017284927866269593,0.4889863491807884,0.5567432664165652,10000,20000,0,0,0,20000,0.0,0.0,0.0,0.0993408740000632,0.0993408740000632,nan,nan,,,
42,17,strike_high,120.0,0.2,1.0,GCV,1705242,1704242,1703242,0.5312622369001446,0.03037392648159755,3.037392648159755e-06,0.001742811707603479,0.5278463259532418,0.5346781478470475,10000,10000,2000,0,0,12000,0.0,0.0,0.011952911999969729,0.049801372000047195,0.061754284000016924,1.0984573322070983,0.9980115755006447,,,
42,17,strike_high,120.0,0.2,1.0,NCV_SCRATCH,1705242,1704242,1703242,,,,,,,,,,,,,,,,,,,,,,torch_not_available
42,17,strike_high,120.0,0.2,1.0,NCV_TRANSFER_BETA1,1705242,1704242,1703242,,,,,,,,,,,,,,,,,,,,,,torch_not_available
42,17,strike_high,120.0,0.2,1.0,NCV_TRANSFER_BETA,1705242,1704242,1703242,,,,,,,,,,,,,,,,,,,,,,torch_not_available
42,17,volatility_low,100.0,0.1,1.0,MC,1705342,1704342,1703342,3.664459482913011,18.44703465036834,0.0018447034650368342,0.04295001123442035,3.580277460893547,3.7486415049324746,10000,10000,0,0,0,10000,0.0,0.0,0.0,0.0643384170000445,0.0643384170000445,nan,nan,,,
42,17,volatility_low,100.0,0.1,1.0,AV,1705342,1704342,1703342,3.6769791665893563,2.927319251513334,0.0002927319251513334,0.017109410426760282,3.643444722152906,3.7105136110258066,10000,20000,0,0,0,20000,0.0,0.0,0.0,0.09976648899998963,0.09976648899998963,nan,nan,,,
42,17,volatility_low,100.0,0.1,1.0,GCV,1705342,1704342,1703342,3.6537341837492137,0.0038692292815607136,3.869229281560714e-07,0.0006220312919428342,3.652515002417006,3.6549533650814214,10000,10000,2000,0,0,12000,0.0,0.0,0.011885335999977542,0.04906535800000711,0.06095069399998465,1.0176195369701246,0.9998941325667627,,,
42,17,volatility_low,100.0,0.1,1.0,NCV_SCRATCH,1705342,1704342,1703342,,,,,,,,,,,,,,,,,,,,,,torch_not_available
42,17,volatility_low,100.0,0.1,1.0,NCV_TRANSFER_BETA1,1705342,1704342,1703342,,,,,,,,,,,,,,,,,,,,,,torch_not_available
42,17,volatility_low,100.0,0.1,1.0,NCV_TRANSFER_BETA,1705342,1704342,1703342,,,,,,,,,,,,,,,,,,,,,,torch_not_available
42,17,volatility_high,100.0,0.5,1.0,MC,1705442,1704442,1703442,12.202948742013037,443.8830967245791,0.04438830967245791,0.21068533331121536,11.790005488723056,12.615891995303018,10000,10000,0,0,0,10000,0.0,0.0,0.0,0.06493749499998103,0.06493749499998103,nan,nan,,,
42,17,volatility_high,100.0,0.5,1.0,AV,1705442,1704442,1703442,12.291453672265847,146.68830952361895,0.014668830952361895,0.12111494933476172,12.054068371569715,12.52883897296198,10000,20000,0,0,0,20000,0.0,0.0,0.0,0.10012870399998519,0.10012870399998519,nan,nan,,,
42,17,volatility_high,100.0,0.5,1.0,GCV,1705442,1704442,1703442,12.338446853150037,2.060710820272704,0.0002060710820272704,0.014355176140586725,12.310310707914487,12.366582998385587,10000,10000,2000,0,0,12000,0.0,0.0,0.012083674999985305,0.050332333000028484,0.06241600800001379,1.0932085546342267,0.9980738509013263,,,
42,17,volatility_high,100.0,0.5,1.0,NCV_SCRATCH,1705442,1704442,1703442,,,,,,,,,,,,,,,,,,,,,,torch_not_available
42,17,volatility_high,100.0,0.5,1.0,NCV_TRANSFER_BETA1,1705442,1704442,1703442,,,,,,,,,,,,,,,,,,,,,,torch_not_available
42,17,volatility_high,100.0,0.5,1.0,NCV_TRANSFER_BETA,1705442,1704442,1703442,,,,,,,,,,,,,,,,,,,,,,torch_not_available
42,17,maturity_short,100.0,0.2,0.5,MC,1705542,1704542,1703542,3.805727650914113,29.615093592541502,0.00296150935925415,0.05441975155450593,3.6990649378672815,3.9123903639609443,10000,10000,0,0,0,10000,0.0,0.0,0.0,0.0647824259999652,0.0647824259999652,nan,nan,,,
42,17,maturity_short,100.0,0.2,0.5,AV,1705542,1704542,1703542,3.868116966788212,7.4073998889026305,0.000740739988890263,0.02721653888521211,3.814772550573196,3.9214613830032277,10000,20000,0,0,0,20000,0.0,0.0,0.0,0.09947071600004165,0.09947071600004165,nan,nan,,,
42,17,maturity_short,100.0,0.2,0.5,GCV,1705542,1704542,1703542,3.867872334728284,0.01111717615502698,1.111717615502698e-06,0.0010543802044341965,3.865805749527593,3.869938919928975,10000,10000,2000,0,0,12000,0.0,0.0,0.011986554000031902,0.0498246750000817,0.0618112290001136,1.024229030329059,0.9998198534674259,,,
42,17,maturity_short,100.0,0.2,0.5,NCV_SCRATCH,1705542,1704542,1703542,,,,,,,,,,,,,,,,,,,,,,torch_not_available
42,17,maturity_short,100.0,0.2,0.5,NCV_TRANSFER_BETA1,1705542,1704542,1703542,,,,,,,,,,,,,,,,,,,,,,torch_not_available
42,17,maturity_short,100.0,0.2,0.5,NCV_TRANSFER_BETA,1705542,1704542,1703542,,,,,,,,,,,,,,,,,,,,,,torch_not_available
42,17,maturity_long,100.0,0.2,2.0,MC,1705642,1704642,1703642,8.87510201044759,139.50394105426955,0.013950394105426955,0.11811178647970301,8.643602908947372,9.106601111947807,10000,10000,0,0,0,10000,0.0,0.0,0.0,0.06486115299992434,0.06486115299992434,nan,nan,,,
42,17,maturity_long,100.0,0.2,2.0,AV,1705642,1704642,1703642,8.65193104454823,31.84724519653556,0.003184724519653556,0.05643336353305158,8.541321652023449,8.76254043707301,10000,20000,0,0,0,20000,0.0,0.0,0.0,0.10073407499999121,0.10073407499999121,nan,nan,,,
42,17,maturity_long,100.0,0.2,2.0,GCV,1705642,1704642,1703642,8.734976085048075,0.235113307650128,2.35113307650128e-05,0.004848848395754687,8.725472342192395,8.744479827903755,10000,10000,2000,0,0,12000,0.0,0.0,0.012178271000038876,0.048813011999982336,0.06099128300002121,1.0538571925381937,0.9992969298179192,,,
42,17,maturity_long,100.0,0.2,2.0,NCV_SCRATCH,1705642,1704642,1703642,,,,,,,,,,,,,,,,,,,,,,torch_not_available
42,17,maturity_long,100.0,0.2,2.0,NCV_TRANSFER_BETA1,1705642,1704642,1703642,,,,,,,,,,,,,,,,,,,,,,torch_not_available
42,17,maturity_long,100.0,0.2,2.0,NCV_TRANSFER_BETA,1705642,1704642,1703642,,,,,,,,,,,,,,,,,,,,,,torch_not_available
42,18,reference,100.0,0.2,1.0,MC,1805042,1804042,1803042,5.90208852445985,65.79622517124501,0.0065796225171245015,0.08111487235473222,5.7431033746445745,6.061073674275125,10000,10000,0,0,0,10000,0.0,0.0,0.0,0.06401127000003726,0.06401127000003726,nan,nan,,,
42,18,reference,100.0,0.2,1.0,AV,1805042,1804042,1803042,5.833730463335016,15.516184721986633,0.0015516184721986633,0.03939058862467865,5.756524909630645,5.910936017039386,10000,20000,0,0,0,20000,0.0,0.0,0.0,0.09959418699997968,0.09959418699997968,nan,nan,,,
42,18,reference,100.0,0.2,1.0,GCV,1805042,1804042,1803042,5.781924047035841,0.052066635280764696,5.20666352807647e-06,0.0022818114576091666,5.777451696578927,5.786396397492755,10000,10000,2000,0,0,12000,0.0,0.0,0.011848496000084197,0.051315993999992315,0.06316449000007651,1.0360530480795078,0.9996135074419725,,,
42,18,reference,100.0,0.2,1.0,NCV_SCRATCH,1805042,1804042,1803042,,,,,,,,,,,,,,,,,,,,,,torch_not_available
42,18,strike_low,80.0,0.2,1.0,MC,1805142,1804142,1803142,21.392955958629738,128.13285827923184,0.012813285827923184,0.11319578538056611,21.17109221928383,21.614819697975648,10000,10000,0,0,0,10000,0.0,0.0,0.0,0.0643787159999647,0.0643787159999647,nan,nan,,,
42,18,strike_low,80.0,0.2,1.0,AV,1805142,1804142,1803142,21.503059284935805,1.931191147432727,0.0001931191147432727,0.013896730361609261,21.47582169342705,21.53029687644456,10000,20000,0,0,0,20000,0.0,0.0,0.0,0.10107992099995045,0.10107992099995045,nan,nan,,,
42,18,strike_low,80.0,0.2,1.0,GCV,1805142,1804142,1803142,21.502157906495153,0.08206717181433247,8.206717181433246e-06,0.002864736843312706,21.49654302228226,21.507772790708046,10000,10000,2000,0,0,12000,0.0,0.0,0.012072733999957563,0.049986642000021675,0.06205937599997924,1.0124793711490976,0.9996638689828256,,,
42,18,strike_low,80.0,0.2,1.0,NCV_SCRATCH,1805142,1804142,1803142,,,,,,,,,,,,,,,,,,,,,,torch_not_available
42,18,strike_low,80.0,0.2,1.0,NCV_TRANSFER_BETA1,1805142,1804142,1803142,,,,,,,,,,,,,,,,,,,,,,torch_not_available
42,18,strike_low,80.0,0.2,1.0,NCV_TRANSFER_BETA,1805142,1804142,1803142,,,,,,,,,,,,,,,,,,,,,,torch_not_available
42,18,strike_high,120.0,0.2,1.0,MC,1805242,1804242,1803242,0.5539397742603532,6.409750456981056,0.0006409750456981057,0.025317484979715216,0.5043175037001114,0.6035620448205951,10000,10000,0,0,0,10000,0.0,0.0,0.0,0.06464831900007084,0.06464831900007084,nan,nan,,,
42,18,strike_high,120.0,0.2,1.0,AV,1805242,1804242,1803242,0.5272718281266593,2.870057477772381,0.0002870057477772381,0.01694124398552946,0.49406698991502157,0.5604766663382971,10000,20000,0,0,0,20000,0.0,0.0,0.0,0.10127026600002864,0.10127026600002864,nan,nan,,,
42,18,strike_high,120.0,0.2,1.0,GCV,1805242,1804242,1803242,0.5350679556857576,0.03171285257664291,3.1712852576642905e-06,0.0017808102812102951,0.5315775675345854,0.5385583438369298,10000,10000,2000,0,0,12000,0.0,0.0,0.01207828500002961,0.05021888599992508,0.06229717099995469,1.1127352866817959,0.9974948185265631,,,
42,18,strike_high,120.0,0.2,1.0,NCV_SCRATCH,1805242,1804242,1803242,,,,,,,,,,,,,,,,,,,,,,torch_not_available
42,18,strike_high,120.0,0.2,1.0,NCV_TRANSFER_BETA1,1805242,1804242,1803242,,,,,,,,,,,,,,,,,,,,,,torch_not_available
42,18,strike_high,120.0,0.2,1.0,NCV_TRANSFER_BETA,1805242,1804242,1803242,,,,,,,,,,,,,,,,,,,,,,torch_not_available
42,18,volatility_low,100.0,0.1,1.0,MC,1805342,1804342,1803342,3.7474898807888204,18.430632529977014,0.0018430632529977014,0.042930912557243656,3.663345292176623,3.831634469401018,10000,10000,0,0,0,10000,0.0,0.0,0.0,0.06492845200000374,0.06492845200000374,nan,nan,,,
42,18,volatility_low,100.0,0.1,1.0,AV,1805342,1804342,1803342,3.6541015529812233,2.806845906000967,0.0002806845906000967,0.01675364409912353,3.6212644105469414,3.6869386954155052,10000,20000,0,0,0,20000,0.0,0.0,0.0,0.10102699200001553,0.10102699200001553,nan,nan,,,
42,18,volatility_low,100.0,0.1,1.0,GCV,1805342,1804342,1803342,3.6553745326053226,0.004215934996456206,4.215934996456206e-07,0.000649302317603765,3.654101900062819,3.656647165147826,10000,10000,2000,0,0,12000,0.0,0.0,0.012125262999916231,0.051447399000039695,0.06357266199995593,1.0174806342920857,0.9999001902632221,,,
42,18,volatility_low,100.0,0.1,1.0,NCV_SCRATCH,1805342,1804342,1803342,,,,,,,,,,,,,,,,,,,,,,torch_not_available
42,18,volatility_low,100.0,0.1,1.0,NCV_TRANSFER_BETA1,1805342,1804342,1803342,,,,,,,,,,,,,,,,,,,,,,torch_not_available
42,18,volatility_low,100.0,0.1,1.0,NCV_TRANSFER_BETA,1805342,1804342,1803342,,,,,,,,,,,,,,,,,,,,,,torch_not_available
42,18,volatility_high,100.0,0.5,1.0,MC,1805442,1804442,1803442,12.424241601324791,470.6028261870261,0.04706028261870261,0.21693382082723434,11.999051312503411,12.849431890146171,10000,10000,0,0,0,10000,0.0,0.0,0.0,0.06665033500007667,0.06665033500007667,nan,nan,,,
42,18,volatility_high,100.0,0.5,1.0,AV,1805442,1804442,1803442,12.262923230588195,150.29191862415078,0.015029191862415078,0.12259360449230244,12.022639765783282,12.503206695393107,10000,20000,0,0,0,20000,0.0,0.0,0.0,0.09972656399997959,0.09972656399997959,nan,nan,,,
42,18,volatility_high,100.0,0.5,1.0,GCV,1805442,1804442,1803442,12.374646288849085,2.40060517986579,0.00024006051798657898,0.015493886471333748,12.34427827136527,12.4050143063329,10000,10000,2000,0,0,12000,0.0,0.0,0.01191218500002833,0.04829477499993118,0.06020695999995951,1.1177825000356039,0.9961376323377099,,,
42,18,volatility_high,100.0,0.5,1.0,NCV_SCRATCH,1805442,1804442,1803442,,,,,,,,,,,,,,,,,,,,,,torch_not_available
42,18,volatility_high,100.0,0.5,1.0,NCV_TRANSFER_BETA1,1805442,1804442,1803442,,,,,,,,,,,,,,,,,,,,,,torch_not_available
42,18,volatility_high,100.0,0.5,1.0,NCV_TRANSFER_BETA,1805442,1804442,1803442,,,,,,,,,,,,,,,,,,,,,,torch_not_available
42,18,maturity_short,100.0,0.2,0.5,MC,1805542,1804542,1803542,3.836635097953932,28.964894319864257,0.0028964894319864257,0.05381904339531153,3.7311497728991214,3.9421204230087423,10000,10000,0,0,0,10000,0.0,0.0,0.0,0.06441554499997437,0.06441554499997437,nan,nan,,,
42,18,maturity_short,100.0,0.2,0.5,AV,1805542,1804542,1803542,3.8659606817398644,7.239445556089785,0.0007239445556089784,0.026906217787139433,3.8132244948770713,3.9186968686026575,10000,20000,0,0,0,20000,0.0,0.0,0.0,0.10030715900006726,0.10030715900006726,nan,nan,,,
42,18,maturity_short,100.0,0.2,0.5,GCV,1805542,1804542,1803542,3.8646271647263797,0.010287778342531707,1.0287778342531708e-06,0.0010142868599430689,3.862639162480891,3.8666151669718682,10000,10000,2000,0,0,12000,0.0,0.0,0.011837253999942732,0.04883128599999509,0.06066853999993782,1.0224715791169496,0.9998213308721406,,,
42,18,maturity_short,100.0,0.2,0.5,NCV_SCRATCH,1805542,1804542,1803542,,,,,,,,,,,,,,,,,,,,,,torch_not_available
42,18,maturity_short,100.0,0.2,0.5,NCV_TRANSFER_BETA1,1805542,1804542,1803542,,,,,,,,,,,,,,,,,,,,,,torch_not_available
42,18,maturity_short,100.0,0.2,0.5,NCV_TRANSFER_BETA,1805542,1804542,1803542,,,,,,,,,,,,,,,,,,,,,,torch_not_available
42,18,maturity_long,100.0,0.2,2.0,MC,1805642,1804642,1803642,8.84930492040854,141.84014665835795,0.014184014665835794,0.11909666101883712,8.61587546481162,9.082734376005462,10000,10000,0,0,0,10000,0.0,0.0,0.0,0.06362922699997853,0.06362922699997853,nan,nan,,,
42,18,maturity_long,100.0,0.2,2.0,AV,1805642,1804642,1803642,8.774418389804138,32.823878323083335,0.0032823878323083337,0.057292127140719205,8.66212582060833,8.886710958999947,10000,20000,0,0,0,20000,0.0,0.0,0.0,0.09839224400002422,0.09839224400002422,nan,nan,,,
42,18,maturity_long,100.0,0.2,2.0,GCV,1805642,1804642,1803642,8.73479922090794,0.22723616330782526,2.2723616330782525e-05,0.004766929444703637,8.72545603919632,8.744142402619559,10000,10000,2000,0,0,12000,0.0,0.0,0.011560777999989114,0.049362897999913,0.060923675999902116,1.0502274241032943,0.9992276156849795,,,
42,18,maturity_long,100.0,0.2,2.0,NCV_SCRATCH,1805642,1804642,1803642,,,,,,,,,,,,,,,,,,,,,,torch_not_available
42,18,maturity_long,100.0,0.2,2.0,NCV_TRANSFER_BETA1,1805642,1804642,1803642,,,,,,,,,,,,,,,,,,,,,,torch_not_available
42,18,maturity_long,100.0,0.2,2.0,NCV_TRANSFER_BETA,1805642,1804642,1803642,,,,,,,,,,,,,,,,,,,,,,torch_not_available
42,19,reference,100.0,0.2,1.0,MC,1905042,1904042,1903042,5.656122481374775,63.07198976371175,0.006307198976371175,0.07941787567274243,5.5004634450562,5.811781517693349,10000,10000,0,0,0,10000,0.0,0.0,0.0,0.06427304900000763,0.06427304900000763,nan,nan,,,
42,19,reference,100.0,0.2,1.0,AV,1905042,1904042,1903042,5.752850514241343,15.374159384620322,0.0015374159384620321,0.039209895925161956,5.675999118228026,5.829701910254661,10000,20000,0,0,0,20000,0.0,0.0,0.0,0.0984897659999433,0.0984897659999433,nan,nan,,,
42,19,reference,100.0,0.2,1.0,GCV,1905042,1904042,1903042,5.785135556664185,0.04936209658147298,4.9362096581472986e-06,0.002221758235755479,5.780780910522105,5.789490202806266,10000,10000,2000,0,0,12000,0.0,0.0,0.011549247000061769,0.049023864999981015,0.060573112000042784,1.0379588307719736,0.9996118671899267,,,
42,19,reference,100.0,0.2,1.0,NCV_SCRATCH,1905042,1904042,1903042,,,,,,,,,,,,,,,,,,,,,,torch_not_available
42,19,strike_low,80.0,0.2,1.0,MC,1905142,1904142,1903142,21.563938778027367,126.24700769039761,0.012624700769039762,0.11235969370303463,21.34371377836942,21.784163777685315,10000,10000,0,0,0,10000,0.0,0.0,0.0,0.06386461599993254,0.06386461599993254,nan,nan,,,
42,19,strike_low,80.0,0.2,1.0,AV,1905142,1904142,1903142,21.489626599838193,1.8828686271878585,0.00018828686271878586,0.013721766020406624,21.462731938438196,21.51652126123819,10000,20000,0,0,0,20000,0.0,0.0,0.0,0.09896740699991824,0.09896740699991824,nan,nan,,,
42,19,strike_low,80.0,0.2,1.0,GCV,1905142,1904142,1903142,21.499464656676633,0.07748600268075694,7.748600268075693e-06,0.002783630770787622,21.49400874036589,21.504920572987377,10000,10000,2000,0,0,12000,0.0,0.0,0.01149614799999199,0.04879001899996638,0.06028616699995837,1.0138537584258238,0.9996412059038384,,,
42,19,strike_low,80.0,0.2,1.0,NCV_SCRATCH,1905142,1904142,1903142,,,,,,,,,,,,,,,,,,,,,,torch_not_available
42,19,strike_low,80.0,0.2,1.0,NCV_TRANSFER_BETA1,1905142,1904142,1903142,,,,,,,,,,,,,,,,,,,,,,torch_not_available
42,19,strike_low,80.0,0.2,1.0,NCV_TRANSFER_BETA,1905142,1904142,1903142,,,,,,,,,,,,,,,,,,,,,,torch_not_available
42,19,strike_high,120.0,0.2,1.0,MC,1905242,1904242,1903242,0.5093541637644323,5.758726916527388,0.0005758726916527388,0.02399734759619777,0.4623193624758847,0.55638896505298,10000,10000,0,0,0,10000,0.0,0.0,0.0,0.0642279049999388,0.0642279049999388,nan,nan,,,
42,19,strike_high,120.0,0.2,1.0,AV,1905242,1904242,1903242,0.5248937145578926,2.9219658724048374,0.0002921965872404837,0.017093758721840078,0.491389947463086,0.5583974816526991,10000,20000,0,0,0,20000,0.0,0.0,0.0,0.09903976200007492,0.09903976200007492,nan,nan,,,
42,19,strike_high,120.0,0.2,1.0,GCV,1905242,1904242,1903242,0.5313542713375535,0.029379676270047686,2.9379676270047684e-06,0.001714050065489561,0.527994733209194,0.5347138094659131,10000,10000,2000,0,0,12000,0.0,0.0,0.012117968999973527,0.04916295499992884,0.06128092399990237,1.0945526416268687,0.9969568927814126,,,
42,19,strike_high,120.0,0.2,1.0,NCV_SCRATCH,1905242,1904242,1903242,,,,,,,,,,,,,,,,,,,,,,torch_not_available
42,19,strike_high,120.0,0.2,1.0,NCV_TRANSFER_BETA1,1905242,1904242,1903242,,,,,,,,,,,,,,,,,,,,,,torch_not_available
42,19,strike_high,120.0,0.2,1.0,NCV_TRANSFER_BETA,1905242,1904242,1903242,,,,,,,,,,,,,,,,,,,,,,torch_not_available
42,19,volatility_low,100.0,0.1,1.0,MC,1905342,1904342,1903342,3.6094994461820575,17.912723518971564,0.0017912723518971564,0.04232342556902922,3.5265455320667605,3.6924533602973546,10000,10000,0,0,0,10000,0.0,0.0,0.0,0.06465040299997327,0.06465040299997327,nan,nan,,,
42,19,volatility_low,100.0,0.1,1.0,AV,1905342,1904342,1903342,3.6501637591003435,2.8628175183362723,0.00028628175183362725,0.016919862642280143,3.6170008283214745,3.6833266898792125,10000,20000,0,0,0,20000,0.0,0.0,0.0,0.10093002999997225,0.10093002999997225,nan,nan,,,
42,19,volatility_low,100.0,0.1,1.0,GCV,1905342,1904342,1903342,3.654453547617126,0.0036102788670250513,3.6102788670250515e-07,0.0006008559616934038,3.653275869932207,3.655631225302045,10000,10000,2000,0,0,12000,0.0,0.0,0.012040653999974893,0.05017816999998104,0.06221882399995593,1.0183130282955988,0.9998995380316362,,,
42,19,volatility_low,100.0,0.1,1.0,NCV_SCRATCH,1905342,1904342,1903342,,,,,,,,,,,,,,,,,,,,,,torch_not_available
42,19,volatility_low,100.0,0.1,1.0,NCV_TRANSFER_BETA1,1905342,1904342,1903342,,,,,,,,,,,,,,,,,,,,,,torch_not_available
42,19,volatility_low,100.0,0.1,1.0,NCV_TRANSFER_BETA,1905342,1904342,1903342,,,,,,,,,,,,,,,,,,,,,,torch_not_available
42,19,volatility_high,100.0,0.5,1.0,MC,1905442,1904442,1903442,12.461679200217407,463.2373962163514,0.04632373962163514,0.21522950453326595,12.039829371332207,12.883529029102608,10000,10000,0,0,0,10000,0.0,0.0,0.0,0.06509702599998946,0.06509702599998946,nan,nan,,,
42,19,volatility_high,100.0,0.5,1.0,AV,1905442,1904442,1903442,12.34455629935142,152.21680314513202,0.015221680314513202,0.12337617401473107,12.102738998282549,12.586373600420293,10000,20000,0,0,0,20000,0.0,0.0,0.0,0.1001440840000214,0.1001440840000214,nan,nan,,,
42,19,volatility_high,100.0,0.5,1.0,GCV,1905442,1904442,1903442,12.348146208330562,2.1323974480030525,0.00021323974480030525,0.014602730730938828,12.319524856097921,12.376767560563202,10000,10000,2000,0,0,12000,0.0,0.0,0.012213767000048392,0.0500077809999766,0.062221548000024995,1.0932439845433912,0.9979561174595191,,,
42,19,volatility_high,100.0,0.5,1.0,NCV_SCRATCH,1905442,1904442,1903442,,,,,,,,,,,,,,,,,,,,,,torch_not_available
42,19,volatility_high,100.0,0.5,1.0,NCV_TRANSFER_BETA1,1905442,1904442,1903442,,,,,,,,,,,,,,,,,,,,,,torch_not_available
42,19,volatility_high,100.0,0.5,1.0,NCV_TRANSFER_BETA,1905442,1904442,1903442,,,,,,,,,,,,,,,,,,,,,,torch_not_available
42,19,maturity_short,100.0,0.2,0.5,MC,1905542,1904542,1903542,3.8777527338503712,29.734729359540143,0.0029734729359540144,0.054529560203196346,3.7708747958521065,3.984630671848636,10000,10000,0,0,0,10000,0.0,0.0,0.0,0.06441059500002666,0.06441059500002666,nan,nan,,,
42,19,maturity_short,100.0,0.2,0.5,AV,1905542,1904542,1903542,3.8821667073844823,7.416093655145897,0.0007416093655145897,0.0272325056782256,3.8287909962551603,3.9355424185138044,10000,20000,0,0,0,20000,0.0,0.0,0.0,0.09974174199999197,0.09974174199999197,nan,nan,,,
42,19,maturity_short,100.0,0.2,0.5,GCV,1905542,1904542,1903542,3.864409736731083,0.010911220557740532,1.091122055774053e-06,0.0010445678799264572,3.862362383686427,3.866457089775739,10000,10000,2000,0,0,12000,0.0,0.0,0.011980633000007401,0.04939331499997479,0.06137394799998219,1.0247755059135075,0.9998321481103968,,,
42,19,maturity_short,100.0,0.2,0.5,NCV_SCRATCH,1905542,1904542,1903542,,,,,,,,,,,,,,,,,,,,,,torch_not_available
42,19,maturity_short,100.0,0.2,0.5,NCV_TRANSFER_BETA1,1905542,1904542,1903542,,,,,,,,,,,,,,,,,,,,,,torch_not_available
42,19,maturity_short,100.0,0.2,0.5,NCV_TRANSFER_BETA,1905542,1904542,1903542,,,,,,,,,,,,,,,,,,,,,,torch_not_available
42,19,maturity_long,100.0,0.2,2.0,MC,1905642,1904642,1903642,8.822604816189283,144.11009971010398,0.014411009971010398,0.12004586611379167,8.587314918606252,9.057894713772315,10000,10000,0,0,0,10000,0.0,0.0,0.0,0.06425764999994499,0.06425764999994499,nan,nan,,,
42,19,maturity_long,100.0,0.2,2.0,AV,1905642,1904642,1903642,8.786838333353199,34.05599098680292,0.003405599098680292,0.05835751107338534,8.672457611649364,8.901219055057034,10000,20000,0,0,0,20000,0.0,0.0,0.0,0.1001197890000185,0.1001197890000185,nan,nan,,,
42,19,maturity_long,100.0,0.2,2.0,GCV,1905642,1904642,1903642,8.73921844195714,0.23562376784266728,2.356237678426673e-05,0.004854109267854065,8.729704387792147,8.748732496122134,10000,10000,2000,0,0,12000,0.0,0.0,0.011836322000021937,0.048795570000038424,0.06063189200006036,1.0494538511722438,0.9992118953566758,,,
42,19,maturity_long,100.0,0.2,2.0,NCV_SCRATCH,1905642,1904642,1903642,,,,,,,,,,,,,,,,,,,,,,torch_not_available
42,19,maturity_long,100.0,0.2,2.0,NCV_TRANSFER_BETA1,1905642,1904642,1903642,,,,,,,,,,,,,,,,,,,,,,torch_not_available
42,19,maturity_long,100.0,0.2,2.0,NCV_TRANSFER_BETA,1905642,1904642,1903642,,,,,,,,,,,,,,,,,,,,,,torch_not_available
42,20,reference,100.0,0.2,1.0,MC,2005042,2004042,2003042,5.792945518877994,64.34960135289478,0.006434960135289478,0.08021820326640006,5.63571784047585,5.950173197280138,10000,10000,0,0,0,10000,0.0,0.0,0.0,0.0644921069999782,0.0644921069999782,nan,nan,,,
42,20,reference,100.0,0.2,1.0,AV,2005042,2004042,2003042,5.676443937993681,15.020256442315993,0.0015020256442315994,0.03875597559385648,5.600482225829722,5.752405650157639,10000,20000,0,0,0,20000,0.0,0.0,0.0,0.0983649830000104,0.0983649830000104,nan,nan,,,
42,20,reference,100.0,0.2,1.0,GCV,2005042,2004042,2003042,5.782198657285662,0.051479830235729364,5.147983023572936e-06,0.002268916707059326,5.777751580539825,5.786645734031498,10000,10000,2000,0,0,12000,0.0,0.0,0.01139858599992749,0.04860395100001824,0.06000253699994573,1.0369647598418537,0.9996254613757993,,,
42,20,reference,100.0,0.2,1.0,NCV_SCRATCH,2005042,2004042,2003042,,,,,,,,,,,,,,,,,,,,,,torch_not_available
42,20,strike_low,80.0,0.2,1.0,MC,2005142,2004142,2003142,21.389290386187845,123.05288101740727,0.012305288101740728,0.11092920310603845,21.17186914810001,21.60671162427568,10000,10000,0,0,0,10000,0.0,0.0,0.0,0.06405449099997895,0.06405449099997895,nan,nan,,,
42,20,strike_low,80.0,0.2,1.0,AV,2005142,2004142,2003142,21.47249486490048,1.8748450647006445,0.00018748450647006445,0.013692498182218776,21.445657568463332,21.499332161337627,10000,20000,0,0,0,20000,0.0,0.0,0.0,0.09935881799992785,0.09935881799992785,nan,nan,,,
42,20,strike_low,80.0,0.2,1.0,GCV,2005142,2004142,2003142,21.497304696297864,0.08289634158184721,8.28963415818472e-06,0.0028791724780194605,21.491661518240946,21.50294787435478,10000,10000,2000,0,0,12000,0.0,0.0,0.011866268999938256,0.04877570200005721,0.060641970999995465,1.0119390408565876,0.999684982226909,,,
42,20,strike_low,80.0,0.2,1.0,NCV_SCRATCH,2005142,2004142,2003142,,,,,,,,,,,,,,,,,,,,,,torch_not_available
42,20,strike_low,80.0,0.2,1.0,NCV_TRANSFER_BETA1,2005142,2004142,2003142,,,,,,,,,,,,,,,,,,,,,,torch_not_available
42,20,strike_low,80.0,0.2,1.0,NCV_TRANSFER_BETA,2005142,2004142,2003142,,,,,,,,,,,,,,,,,,,,,,torch_not_available
42,20,strike_high,120.0,0.2,1.0,MC,2005242,2004242,2003242,0.5015400800272997,5.509926918946884,0.0005509926918946884,0.023473233520218052,0.45553254232767226,0.5475476177269271,10000,10000,0,0,0,10000,0.0,0.0,0.0,0.06463378199998715,0.06463378199998715,nan,nan,,,
42,20,strike_high,120.0,0.2,1.0,AV,2005242,2004242,2003242,0.5051361821113458,2.626352433738227,0.0002626352433738227,0.01620602490970018,0.4733723732883335,0.5368999909343581,10000,20000,0,0,0,20000,0.0,0.0,0.0,0.09902372299995932,0.09902372299995932,nan,nan,,,
42,20,strike_high,120.0,0.2,1.0,GCV,2005242,2004242,2003242,0.5330391764960934,0.03172968644105321,3.1729686441053206e-06,0.001781282864708837,0.5295478620812641,0.5365304909109228,10000,10000,2000,0,0,12000,0.0,0.0,0.011778564999985974,0.04866164899999603,0.060440213999982006,1.109586047200449,0.9971508678663692,,,
42,20,strike_high,120.0,0.2,1.0,NCV_SCRATCH,2005242,2004242,2003242,,,,,,,,,,,,,,,,,,,,,,torch_not_available
42,20,strike_high,120.0,0.2,1.0,NCV_TRANSFER_BETA1,2005242,2004242,2003242,,,,,,,,,,,,,,,,,,,,,,torch_not_available
42,20,strike_high,120.0,0.2,1.0,NCV_TRANSFER_BETA,2005242,2004242,2003242,,,,,,,,,,,,,,,,,,,,,,torch_not_available
42,20,volatility_low,100.0,0.1,1.0,MC,2005342,2004342,2003342,3.601528596389765,17.648419500222342,0.0017648419500222341,0.04201002201882587,3.5191889532328666,3.6838682395466638,10000,10000,0,0,0,10000,0.0,0.0,0.0,0.06431733099998382,0.06431733099998382,nan,nan,,,
42,20,volatility_low,100.0,0.1,1.0,AV,2005342,2004342,2003342,3.655229135724832,2.753411433494612,0.0002753411433494612,0.016593406622796333,3.6227060587441513,3.687752212705513,10000,20000,0,0,0,20000,0.0,0.0,0.0,0.09886502700010169,0.09886502700010169,nan,nan,,,
42,20,volatility_low,100.0,0.1,1.0,GCV,2005342,2004342,2003342,3.653578940270365,0.003633523071333754,3.633523071333754e-07,0.0006027871159317985,3.652397477523139,3.6547604030175913,10000,10000,2000,0,0,12000,0.0,0.0,0.011632372000008218,0.048934748999954536,0.060567120999962754,1.0176132605729569,0.9998962714021852,,,
42,20,volatility_low,100.0,0.1,1.0,NCV_SCRATCH,2005342,2004342,2003342,,,,,,,,,,,,,,,,,,,,,,torch_not_available
42,20,volatility_low,100.0,0.1,1.0,NCV_TRANSFER_BETA1,2005342,2004342,2003342,,,,,,,,,,,,,,,,,,,,,,torch_not_available
42,20,volatility_low,100.0,0.1,1.0,NCV_TRANSFER_BETA,2005342,2004342,2003342,,,,,,,,,,,,,,,,,,,,,,torch_not_available
42,20,volatility_high,100.0,0.5,1.0,MC,2005442,2004442,2003442,12.393540949941025,433.2001279082234,0.04332001279082234,0.20813460257925,11.985597128885695,12.801484770996355,10000,10000,0,0,0,10000,0.0,0.0,0.0,0.06490112000005865,0.06490112000005865,nan,nan,,,
42,20,volatility_high,100.0,0.5,1.0,AV,2005442,2004442,2003442,12.271889157858377,142.30805753708734,0.014230805753708733,0.11929294092153456,12.038074993652168,12.505703322064585,10000,20000,0,0,0,20000,0.0,0.0,0.0,0.10048404799999844,0.10048404799999844,nan,nan,,,
42,20,volatility_high,100.0,0.5,1.0,GCV,2005442,2004442,2003442,12.320577182513757,2.0544849971858747,0.00020544849971858748,0.014333474795686757,12.292483571914211,12.348670793113303,10000,10000,2000,0,0,12000,0.0,0.0,0.012001241000007212,0.05003438100004587,0.06203562200005308,1.108968023736347,0.9972435649817427,,,
42,20,volatility_high,100.0,0.5,1.0,NCV_SCRATCH,2005442,2004442,2003442,,,,,,,,,,,,,,,,,,,,,,torch_not_available
42,20,volatility_high,100.0,0.5,1.0,NCV_TRANSFER_BETA1,2005442,2004442,2003442,,,,,,,,,,,,,,,,,,,,,,torch_not_available
42,20,volatility_high,100.0,0.5,1.0,NCV_TRANSFER_BETA,2005442,2004442,2003442,,,,,,,,,,,,,,,,,,,,,,torch_not_available
42,20,maturity_short,100.0,0.2,0.5,MC,2005542,2004542,2003542,3.8587053617363782,29.195680557777617,0.0029195680557777617,0.05403302745338042,3.7528006279277526,3.964610095545004,10000,10000,0,0,0,10000,0.0,0.0,0.0,0.06568862100004935,0.06568862100004935,nan,nan,,,
42,20,maturity_short,100.0,0.2,0.5,AV,2005542,2004542,2003542,3.8498714366822897,7.251404011196333,0.0007251404011196333,0.026928431092799174,3.7970917117404035,3.902651161624176,10000,20000,0,0,0,20000,0.0,0.0,0.0,0.10001182600001357,0.10001182600001357,nan,nan,,,
42,20,maturity_short,100.0,0.2,0.5,GCV,2005542,2004542,2003542,3.865538470642843,0.010556829460821924,1.0556829460821924e-06,0.0010274643283745633,3.8635246405592287,3.867552300726457,10000,10000,2000,0,0,12000,0.0,0.0,0.012325154999984989,0.05033731699995769,0.06266247199994268,1.0247989824844108,0.9997887595015599,,,
42,20,maturity_short,100.0,0.2,0.5,NCV_SCRATCH,2005542,2004542,2003542,,,,,,,,,,,,,,,,,,,,,,torch_not_available
42,20,maturity_short,100.0,0.2,0.5,NCV_TRANSFER_BETA1,2005542,2004542,2003542,,,,,,,,,,,,,,,,,,,,,,torch_not_available
42,20,maturity_short,100.0,0.2,0.5,NCV_TRANSFER_BETA,2005542,2004542,2003542,,,,,,,,,,,,,,,,,,,,,,torch_not_available
42,20,maturity_long,100.0,0.2,2.0,MC,2005642,2004642,2003642,8.785795196525303,145.6916556152213,0.01456916556152213,0.12070279848256264,8.54921771149948,9.022372681551126,10000,10000,0,0,0,10000,0.0,0.0,0.0,0.06493329099998846,0.06493329099998846,nan,nan,,,
42,20,maturity_long,100.0,0.2,2.0,AV,2005642,2004642,2003642,8.78286777937114,33.10059306430612,0.003310059306430612,0.057533114868140174,8.670102874229585,8.895632684512695,10000,20000,0,0,0,20000,0.0,0.0,0.0,0.10094215300000542,0.10094215300000542,nan,nan,,,
42,20,maturity_long,100.0,0.2,2.0,GCV,2005642,2004642,2003642,8.728955380143441,0.23988662894605925,2.3988662894605925e-05,0.0048978222604139,8.71935564851303,8.738555111773852,10000,10000,2000,0,0,12000,0.0,0.0,0.012162653000018508,0.04908858599992527,0.06125123899994378,1.0482235817168033,0.9993405487282785,,,
42,20,maturity_long,100.0,0.2,2.0,NCV_SCRATCH,2005642,2004642,2003642,,,,,,,,,,,,,,,,,,,,,,torch_not_available
42,20,maturity_long,100.0,0.2,2.0,NCV_TRANSFER_BETA1,2005642,2004642,2003642,,,,,,,,,,,,,,,,,,,,,,torch_not_available
42,20,maturity_long,100.0,0.2,2.0,NCV_TRANSFER_BETA,2005642,2004642,2003642,,,,,,,,,,,,,,,,,,,,,,torch_not_available
42,21,reference,100.0,0.2,1.0,MC,2105042,2104042,2103042,5.748690897992386,62.736345205349,0.0062736345205349,0.07920627828988622,5.593446592544209,5.903935203440563,10000,10000,0,0,0,10000,0.0,0.0,0.0,0.06424488599998313,0.06424488599998313,nan,nan,,,
42,21,reference,100.0,0.2,1.0,AV,2105042,2104042,2103042,5.759636527348304,15.564724448139785,0.0015564724448139786,0.03945215386786859,5.682310305767282,5.836962748929326,10000,20000,0,0,0,20000,0.0,0.0,0.0,0.09988325699998768,0.09988325699998768,nan,nan,,,
42,21,reference,100.0,0.2,1.0,GCV,2105042,2104042,2103042,5.784309992264384,0.05208171120040642,5.208171120040642e-06,0.002282141783509658,5.779836994368705,5.788782990160063,10000,10000,2000,0,0,12000,0.0,0.0,0.012143025999989732,0.049320969999939734,0.061463995999929466,1.03364672941201,0.9996385780990102,,,
42,21,reference,100.0,0.2,1.0,NCV_SCRATCH,2105042,2104042,2103042,,,,,,,,,,,,,,,,,,,,,,torch_not_available
42,21,strike_low,80.0,0.2,1.0,MC,2105142,2104142,2103142,21.553320197187865,125.87528777519623,0.012587528777519622,0.11219415661040294,21.333419650231477,21.773220744144254,10000,10000,0,0,0,10000,0.0,0.0,0.0,0.06491119999998318,0.06491119999998318,nan,nan,,,
42,21,strike_low,80.0,0.2,1.0,AV,2105142,2104142,2103142,21.49091398705027,2.04343995719885,0.00020434399571988502,0.014294894043674651,21.46289599472467,21.51893197937587,10000,20000,0,0,0,20000,0.0,0.0,0.0,0.09916539699997884,0.09916539699997884,nan,nan,,,
42,21,strike_low,80.0,0.2,1.0,GCV,2105142,2104142,2103142,21.496586459363396,0.08310177736543302,8.310177736543302e-06,0.0028827378889769535,21.490936293101,21.50223662562579,10000,10000,2000,0,0,12000,0.0,0.0,0.011853896000047826,0.04943562300002213,0.06128951900006996,1.0146361559144093,0.9996401468452942,,,
42,21,strike_low,80.0,0.2,1.0,NCV_SCRATCH,2105142,2104142,2103142,,,,,,,,,,,,,,,,,,,,,,torch_not_available
42,21,strike_low,80.0,0.2,1.0,NCV_TRANSFER_BETA1,2105142,2104142,2103142,,,,,,,,,,,,,,,,,,,,,,torch_not_available
42,21,strike_low,80.0,0.2,1.0,NCV_TRANSFER_BETA,2105142,2104142,2103142,,,,,,,,,,,,,,,,,,,,,,torch_not_available
42,21,strike_high,120.0,0.2,1.0,MC,2105242,2104242,2103242,0.5330751087330916,5.859571226243569,0.0005859571226243569,0.024206551233588745,0.4856302683152577,0.5805199491509255,10000,10000,0,0,0,10000,0.0,0.0,0.0,0.06421381799998471,0.06421381799998471,nan,nan,,,
42,21,strike_high,120.0,0.2,1.0,AV,2105242,2104242,2103242,0.5334482651613833,2.84726058558965,0.000284726058558965,0.01687382762028121,0.5003755630256321,0.5665209672971345,10000,20000,0,0,0,20000,0.0,0.0,0.0,0.09950429900004565,0.09950429900004565,nan,nan,,,
42,21,strike_high,120.0,0.2,1.0,GCV,2105242,2104242,2103242,0.5365031961282514,0.03161599107706923,3.161599107706923e-06,0.00177808861075789,0.5330181424511659,0.5399882498053369,10000,10000,2000,0,0,12000,0.0,0.0,0.012050583000018378,0.04898786799992649,0.06103845099994487,1.102708996510258,0.997830579402813,,,
42,21,strike_high,120.0,0.2,1.0,NCV_SCRATCH,2105242,2104242,2103242,,,,,,,,,,,,,,,,,,,,,,torch_not_available
42,21,strike_high,120.0,0.2,1.0,NCV_TRANSFER_BETA1,2105242,2104242,2103242,,,,,,,,,,,,,,,,,,,,,,torch_not_available
42,21,strike_high,120.0,0.2,1.0,NCV_TRANSFER_BETA,2105242,2104242,2103242,,,,,,,,,,,,,,,,,,,,,,torch_not_available
42,21,volatility_low,100.0,0.1,1.0,MC,2105342,2104342,2103342,3.6381755024313707,18.068342031930044,0.0018068342031930043,0.04250687242309183,3.5548620324821107,3.7214889723806306,10000,10000,0,0,0,10000,0.0,0.0,0.0,0.06451046199993016,0.06451046199993016,nan,nan,,,
42,21,volatility_low,100.0,0.1,1.0,AV,2105342,2104342,2103342,3.6620478751365577,2.824542848732188,0.00028245428487321884,0.01680637631594684,3.6291073775573017,3.6949883727158137,10000,20000,0,0,0,20000,0.0,0.0,0.0,0.10007208900003661,0.10007208900003661,nan,nan,,,
42,21,volatility_low,100.0,0.1,1.0,GCV,2105342,2104342,2103342,3.65418171099561,0.0038195167791051513,3.8195167791051515e-07,0.0006180223927257936,3.652970387105867,3.6553930348853525,10000,10000,2000,0,0,12000,0.0,0.0,0.012327219999974659,0.04980809899996075,0.06213531899993541,1.0172454185727973,0.9998920676504984,,,
42,21,volatility_low,100.0,0.1,1.0,NCV_SCRATCH,2105342,2104342,2103342,,,,,,,,,,,,,,,,,,,,,,torch_not_available
42,21,volatility_low,100.0,0.1,1.0,NCV_TRANSFER_BETA1,2105342,2104342,2103342,,,,,,,,,,,,,,,,,,,,,,torch_not_available
42,21,volatility_low,100.0,0.1,1.0,NCV_TRANSFER_BETA,2105342,2104342,2103342,,,,,,,,,,,,,,,,,,,,,,torch_not_available
42,21,volatility_high,100.0,0.5,1.0,MC,2105442,2104442,2103442,12.445204831519554,461.68099107435523,0.04616809910743552,0.21486763159544417,12.024064273592483,12.866345389446625,10000,10000,0,0,0,10000,0.0,0.0,0.0,0.06433995399993364,0.06433995399993364,nan,nan,,,
42,21,volatility_high,100.0,0.5,1.0,AV,2105442,2104442,2103442,12.496374519414301,152.01258766933353,0.015201258766933352,0.12329338492771359,12.254719484955983,12.73802955387262,10000,20000,0,0,0,20000,0.0,0.0,0.0,0.09974547999991046,0.09974547999991046,nan,nan,,,
42,21,volatility_high,100.0,0.5,1.0,GCV,2105442,2104442,2103442,12.360313228859797,2.30398150273862,0.000230398150273862,0.015178871837981308,12.330562640057353,12.39006381766224,10000,10000,2000,0,0,12000,0.0,0.0,0.011860177000016847,0.04944695500000762,0.06130713200002447,1.0901577064977102,0.998222250764392,,,
42,21,volatility_high,100.0,0.5,1.0,NCV_SCRATCH,2105442,2104442,2103442,,,,,,,,,,,,,,,,,,,,,,torch_not_available
42,21,volatility_high,100.0,0.5,1.0,NCV_TRANSFER_BETA1,2105442,2104442,2103442,,,,,,,,,,,,,,,,,,,,,,torch_not_available
42,21,volatility_high,100.0,0.5,1.0,NCV_TRANSFER_BETA,2105442,2104442,2103442,,,,,,,,,,,,,,,,,,,,,,torch_not_available
42,21,maturity_short,100.0,0.2,0.5,MC,2105542,2104542,2103542,3.8960886451524415,29.371189985840942,0.002937118998584094,0.054195193500753316,3.789866065890965,4.002311224413918,10000,10000,0,0,0,10000,0.0,0.0,0.0,0.06490468800006965,0.06490468800006965,nan,nan,,,
42,21,maturity_short,100.0,0.2,0.5,AV,2105542,2104542,2103542,3.8671269944514526,7.183486181436829,0.0007183486181436829,0.02680202638129593,3.8145950227441126,3.9196589661587926,10000,20000,0,0,0,20000,0.0,0.0,0.0,0.10069221700007347,0.10069221700007347,nan,nan,,,
42,21,maturity_short,100.0,0.2,0.5,GCV,2105542,2104542,2103542,3.8653255231326766,0.011295559588325663,1.1295559588325663e-06,0.00106280570135494,3.8632424239580208,3.8674086223073325,10000,10000,2000,0,0,12000,0.0,0.0,0.01187567699992087,0.04981038300002183,0.0616860599999427,1.0244293756492955,0.9998125601127421,,,
42,21,maturity_short,100.0,0.2,0.5,NCV_SCRATCH,2105542,2104542,2103542,,,,,,,,,,,,,,,,,,,,,,torch_not_available
42,21,maturity_short,100.0,0.2,0.5,NCV_TRANSFER_BETA1,2105542,2104542,2103542,,,,,,,,,,,,,,,,,,,,,,torch_not_available
42,21,maturity_short,100.0,0.2,0.5,NCV_TRANSFER_BETA,2105542,2104542,2103542,,,,,,,,,,,,,,,,,,,,,,torch_not_available
42,21,maturity_long,100.0,0.2,2.0,MC,2105642,2104642,2103642,8.668865250874529,141.78539831032978,0.014178539831032979,0.11907367396294186,8.435480849907162,8.902249651841895,10000,10000,0,0,0,10000,0.0,0.0,0.0,0.06460481700003129,0.06460481700003129,nan,nan,,,
42,21,maturity_long,100.0,0.2,2.0,AV,2105642,2104642,2103642,8.736915991414703,33.48272454451596,0.003348272454451596,0.05786425886893909,8.623502044031582,8.850329938797824,10000,20000,0,0,0,20000,0.0,0.0,0.0,0.09998067800006538,0.09998067800006538,nan,nan,,,
42,21,maturity_long,100.0,0.2,2.0,GCV,2105642,2104642,2103642,8.736580846973604,0.22973085114858924,2.2973085114858922e-05,0.004793024631155041,8.72718651869654,8.745975175250669,10000,10000,2000,0,0,12000,0.0,0.0,0.011955424999996467,0.051039607999996406,0.06299503299999287,1.0514273484801975,0.9990932428954478,,,
42,21,maturity_long,100.0,0.2,2.0,NCV_SCRATCH,2105642,2104642,2103642,,,,,,,,,,,,,,,,,,,,,,torch_not_available
42,21,maturity_long,100.0,0.2,2.0,NCV_TRANSFER_BETA1,2105642,2104642,2103642,,,,,,,,,,,,,,,,,,,,,,torch_not_available
42,21,maturity_long,100.0,0.2,2.0,NCV_TRANSFER_BETA,2105642,2104642,2103642,,,,,,,,,,,,,,,,,,,,,,torch_not_available
42,22,reference,100.0,0.2,1.0,MC,2205042,2204042,2203042,5.692330412252464,64.14015915610779,0.0064140159156107785,0.08008755156458948,5.535358811185869,5.849302013319059,10000,10000,0,0,0,10000,0.0,0.0,0.0,0.06447299199999179,0.06447299199999179,nan,nan,,,
42,22,reference,100.0,0.2,1.0,AV,2205042,2204042,2203042,5.817742965829026,15.69687261370154,0.001569687261370154,0.039619278910274905,5.740089179164887,5.8953967524931645,10000,20000,0,0,0,20000,0.0,0.0,0.0,0.10021713000003274,0.10021713000003274,nan,nan,,,
42,22,reference,100.0,0.2,1.0,GCV,2205042,2204042,2203042,5.782147282802551,0.050593694039251395,5.05936940392514e-06,0.0022493042043985824,5.7777386465619305,5.786555919043172,10000,10000,2000,0,0,12000,0.0,0.0,0.011828126999944288,0.049789916000008816,0.061618042999953104,1.035803418815423,0.9996735535185928,,,
42,22,reference,100.0,0.2,1.0,NCV_SCRATCH,2205042,2204042,2203042,,,,,,,,,,,,,,,,,,,,,,torch_not_available
42,22,strike_low,80.0,0.2,1.0,MC,2205142,2204142,2203142,21.518397893909796,128.46455733747715,0.012846455733747715,0.11334220632115696,21.296247169520328,21.740548618299265,10000,10000,0,0,0,10000,0.0,0.0,0.0,0.06457250699997985,0.06457250699997985,nan,nan,,,
42,22,strike_low,80.0,0.2,1.0,AV,2205142,2204142,2203142,21.504326777721463,1.9962145133211624,0.00019962145133211624,0.014128745568241938,21.476634436407707,21.53201911903522,10000,20000,0,0,0,20000,0.0,0.0,0.0,0.10008793800000149,0.10008793800000149,nan,nan,,,
42,22,strike_low,80.0,0.2,1.0,GCV,2205142,2204142,2203142,21.501193808064183,0.0882903554088189,8.82903554088189e-06,0.0029713693040216136,21.4953699242283,21.507017691900067,10000,10000,2000,0,0,12000,0.0,0.0,0.012283627999977398,0.04964431600001262,0.06192794399999002,1.0129323694069534,0.9996944768303201,,,
42,22,strike_low,80.0,0.2,1.0,NCV_SCRATCH,2205142,2204142,2203142,,,,,,,,,,,,,,,,,,,,,,torch_not_available
42,22,strike_low,80.0,0.2,1.0,NCV_TRANSFER_BETA1,2205142,2204142,2203142,,,,,,,,,,,,,,,,,,,,,,torch_not_available
42,22,strike_low,80.0,0.2,1.0,NCV_TRANSFER_BETA,2205142,2204142,2203142,,,,,,,,,,,,,,,,,,,,,,torch_not_available
42,22,strike_high,120.0,0.2,1.0,MC,2205242,2204242,2203242,0.5191014434218489,5.703412242529252,0.0005703412242529252,0.023881817859051795,0.4722930804181074,0.5659098064255904,10000,10000,0,0,0,10000,0.0,0.0,0.0,0.06419071300001633,0.06419071300001633,nan,nan,,,
42,22,strike_high,120.0,0.2,1.0,AV,2205242,2204242,2203242,0.5268703378955027,2.8541819626360008,0.00028541819626360005,0.016894324380205324,0.4937574621103003,0.5599832136807051,10000,20000,0,0,0,20000,0.0,0.0,0.0,0.10019395200004055,0.10019395200004055,nan,nan,,,
42,22,strike_high,120.0,0.2,1.0,GCV,2205242,2204242,2203242,0.531889498592101,0.029482015077185855,2.9482015077185855e-06,0.0017170327625641235,0.5285241143774753,0.5352548828067267,10000,10000,2000,0,0,12000,0.0,0.0,0.012102765999998155,0.049475852000000486,0.06157861799999864,1.0991583808950727,0.9974866576672756,,,
42,22,strike_high,120.0,0.2,1.0,NCV_SCRATCH,2205242,2204242,2203242,,,,,,,,,,,,,,,,,,,,,,torch_not_available
42,22,strike_high,120.0,0.2,1.0,NCV_TRANSFER_BETA1,2205242,2204242,2203242,,,,,,,,,,,,,,,,,,,,,,torch_not_available
42,22,strike_high,120.0,0.2,1.0,NCV_TRANSFER_BETA,2205242,2204242,2203242,,,,,,,,,,,,,,,,,,,,,,torch_not_available
42,22,volatility_low,100.0,0.1,1.0,MC,2205342,2204342,2203342,3.6207912507954525,17.445880114618713,0.0017445880114618714,0.041768265602750036,3.5389254502140624,3.7026570513768426,10000,10000,0,0,0,10000,0.0,0.0,0.0,0.06444081899996945,0.06444081899996945,nan,nan,,,
42,22,volatility_low,100.0,0.1,1.0,AV,2205342,2204342,2203342,3.641762468687413,2.80663705722203,0.000280663705722203,0.016753020793940507,3.6089265479312895,3.674598389443536,10000,20000,0,0,0,20000,0.0,0.0,0.0,0.09970590199998242,0.09970590199998242,nan,nan,,,
42,22,volatility_low,100.0,0.1,1.0,GCV,2205342,2204342,2203342,3.654344011580229,0.003806357551459991,3.806357551459991e-07,0.000616956850311267,3.653134776153619,3.655553247006839,10000,10000,2000,0,0,12000,0.0,0.0,0.012025642000025982,0.0498700480000025,0.06189569000002848,1.01689709041958,0.9998924948510877,,,
42,22,volatility_low,100.0,0.1,1.0,NCV_SCRATCH,2205342,2204342,2203342,,,,,,,,,,,,,,,,,,,,,,torch_not_available
42,22,volatility_low,100.0,0.1,1.0,NCV_TRANSFER_BETA1,2205342,2204342,2203342,,,,,,,,,,,,,,,,,,,,,,torch_not_available
42,22,volatility_low,100.0,0.1,1.0,NCV_TRANSFER_BETA,2205342,2204342,2203342,,,,,,,,,,,,,,,,,,,,,,torch_not_available
42,22,volatility_high,100.0,0.5,1.0,MC,2205442,2204442,2203442,12.629695917530393,460.6765924420441,0.04606765924420441,0.21463377936430328,12.20901370997636,13.050378125084427,10000,10000,0,0,0,10000,0.0,0.0,0.0,0.06433800799993605,0.06433800799993605,nan,nan,,,
42,22,volatility_high,100.0,0.5,1.0,AV,2205442,2204442,2203442,12.446248810779684,150.93987712005256,0.015093987712005257,0.12285759118591434,12.205447932055291,12.687049689504077,10000,20000,0,0,0,20000,0.0,0.0,0.0,0.10004859100001795,0.10004859100001795,nan,nan,,,
42,22,volatility_high,100.0,0.5,1.0,GCV,2205442,2204442,2203442,12.364527555549325,2.116727500519494,0.00021167275005194938,0.014548977629096465,12.336011559396296,12.393043551702354,10000,10000,2000,0,0,12000,0.0,0.0,0.012198054000009506,0.048811974000045666,0.06101002800005517,1.1010871697411806,0.9975073376726843,,,
42,22,volatility_high,100.0,0.5,1.0,NCV_SCRATCH,2205442,2204442,2203442,,,,,,,,,,,,,,,,,,,,,,torch_not_available
42,22,volatility_high,100.0,0.5,1.0,NCV_TRANSFER_BETA1,2205442,2204442,2203442,,,,,,,,,,,,,,,,,,,,,,torch_not_available
42,22,volatility_high,100.0,0.5,1.0,NCV_TRANSFER_BETA,2205442,2204442,2203442,,,,,,,,,,,,,,,,,,,,,,torch_not_available
42,22,maturity_short,100.0,0.2,0.5,MC,2205542,2204542,2203542,3.855711311114416,28.8317334684426,0.00288317334684426,0.0536951892337131,3.750468740216338,3.9609538820124937,10000,10000,0,0,0,10000,0.0,0.0,0.0,0.06500349999998889,0.06500349999998889,nan,nan,,,
42,22,maturity_short,100.0,0.2,0.5,AV,2205542,2204542,2203542,3.859483768041901,7.124712463444958,0.0007124712463444958,0.02669215701932865,3.807167140284017,3.9118003957997853,10000,20000,0,0,0,20000,0.0,0.0,0.0,0.10083594099990023,0.10083594099990023,nan,nan,,,
42,22,maturity_short,100.0,0.2,0.5,GCV,2205542,2204542,2203542,3.8663296632740423,0.01094998388739834,1.0949983887398341e-06,0.0010464217069326468,3.8642786767284543,3.8683806498196303,10000,10000,2000,0,0,12000,0.0,0.0,0.011996227000054205,0.0504059080000161,0.0624021350000703,1.0247588688870597,0.9998177544978316,,,
42,22,maturity_short,100.0,0.2,0.5,NCV_SCRATCH,2205542,2204542,2203542,,,,,,,,,,,,,,,,,,,,,,torch_not_available
42,22,maturity_short,100.0,0.2,0.5,NCV_TRANSFER_BETA1,2205542,2204542,2203542,,,,,,,,,,,,,,,,,,,,,,torch_not_available
42,22,maturity_short,100.0,0.2,0.5,NCV_TRANSFER_BETA,2205542,2204542,2203542,,,,,,,,,,,,,,,,,,,,,,torch_not_available
42,22,maturity_long,100.0,0.2,2.0,MC,2205642,2204642,2203642,8.61107361348597,138.29302603083588,0.013829302603083588,0.1175980552691395,8.380581425158457,8.841565801813484,10000,10000,0,0,0,10000,0.0,0.0,0.0,0.06530489199997191,0.06530489199997191,nan,nan,,,
42,22,maturity_long,100.0,0.2,2.0,AV,2205642,2204642,2203642,8.727257447666695,32.35186300533198,0.003235186300533198,0.05687869812621591,8.61577519933931,8.838739695994079,10000,20000,0,0,0,20000,0.0,0.0,0.0,0.10148333800009368,0.10148333800009368,nan,nan,,,
42,22,maturity_long,100.0,0.2,2.0,GCV,2205642,2204642,2203642,8.721195850569263,0.2109308455144516,2.109308455144516e-05,0.00459272082228445,8.712194117757585,8.73019758338094,10000,10000,2000,0,0,12000,0.0,0.0,0.012100903000032304,0.0499860139999555,0.06208691699998781,1.0557559571758872,0.9990578870669939,,,
42,22,maturity_long,100.0,0.2,2.0,NCV_SCRATCH,2205642,2204642,2203642,,,,,,,,,,,,,,,,,,,,,,torch_not_available
42,22,maturity_long,100.0,0.2,2.0,NCV_TRANSFER_BETA1,2205642,2204642,2203642,,,,,,,,,,,,,,,,,,,,,,torch_not_available
42,22,maturity_long,100.0,0.2,2.0,NCV_TRANSFER_BETA,2205642,2204642,2203642,,,,,,,,,,,,,,,,,,,,,,torch_not_available
42,23,reference,100.0,0.2,1.0,MC,2305042,2304042,2303042,5.835298821282205,66.6073458502777,0.00666073458502777,0.08161332357542958,5.675336707074363,5.995260935490046,10000,10000,0,0,0,10000,0.0,0.0,0.0,0.06459022800004277,0.06459022800004277,nan,nan,,,
42,23,reference,100.0,0.2,1.0,AV,2305042,2304042,2303042,5.8462553041544325,15.946909928159913,0.0015946909928159913,0.039933582268762105,5.767985482907659,5.924525125401206,10000,20000,0,0,0,20000,0.0,0.0,0.0,0.10062654900002599,0.10062654900002599,nan,nan,,,
42,23,reference,100.0,0.2,1.0,GCV,2305042,2304042,2303042,5.781782233670348,0.04712790708476017,4.712790708476017e-06,0.0021708962915063484,5.777527276938995,5.7860371904017,10000,10000,2000,0,0,12000,0.0,0.0,0.012095552999994652,0.05019864099995175,0.0622941939999464,1.0358652618055262,0.9995945100874046,,,
42,23,reference,100.0,0.2,1.0,NCV_SCRATCH,2305042,2304042,2303042,,,,,,,,,,,,,,,,,,,,,,torch_not_available
42,23,strike_low,80.0,0.2,1.0,MC,2305142,2304142,2303142,21.523741574583465,126.54075715872708,0.012654075715872707,0.11249033609991885,21.303260515827624,21.744222633339305,10000,10000,0,0,0,10000,0.0,0.0,0.0,0.06475659900002029,0.06475659900002029,nan,nan,,,
42,23,strike_low,80.0,0.2,1.0,AV,2305142,2304142,2303142,21.491911468564044,2.018494482894893,0.0002018494482894893,0.01420737302563318,21.464065017433803,21.519757919694285,10000,20000,0,0,0,20000,0.0,0.0,0.0,0.09865855700002157,0.09865855700002157,nan,nan,,,
42,23,strike_low,80.0,0.2,1.0,GCV,2305142,2304142,2303142,21.50199719469107,0.0894532057172251,8.945320571722511e-06,0.002990872877894096,21.496135083850398,21.507859305531746,10000,10000,2000,0,0,12000,0.0,0.0,0.011655811999958132,0.04867003799995473,0.06032584999991286,1.0140623499858077,0.9996546712606864,,,
42,23,strike_low,80.0,0.2,1.0,NCV_SCRATCH,2305142,2304142,2303142,,,,,,,,,,,,,,,,,,,,,,torch_not_available
42,23,strike_low,80.0,0.2,1.0,NCV_TRANSFER_BETA1,2305142,2304142,2303142,,,,,,,,,,,,,,,,,,,,,,torch_not_available
42,23,strike_low,80.0,0.2,1.0,NCV_TRANSFER_BETA,2305142,2304142,2303142,,,,,,,,,,,,,,,,,,,,,,torch_not_available
42,23,strike_high,120.0,0.2,1.0,MC,2305242,2304242,2303242,0.5439597082826112,6.266520879917059,0.0006266520879917059,0.02503301995348755,0.4948949891737756,0.5930244273914468,10000,10000,0,0,0,10000,0.0,0.0,0.0,0.0644352390000904,0.0644352390000904,nan,nan,,,
42,23,strike_high,120.0,0.2,1.0,AV,2305242,2304242,2303242,0.5456292724764383,3.170163390552781,0.0003170163390552781,0.01780495265523832,0.5107315652721712,0.5805269796807054,10000,20000,0,0,0,20000,0.0,0.0,0.0,0.10120277499993335,0.10120277499993335,nan,nan,,,
42,23,strike_high,120.0,0.2,1.0,GCV,2305242,2304242,2303242,0.5336146041965846,0.030186990429166605,3.0186990429166604e-06,0.0017374403710391504,0.5302092210693479,0.5370199873238213,10000,10000,2000,0,0,12000,0.0,0.0,0.011908303000041087,0.04998115500006861,0.0618894580001097,1.1133757646046538,0.9966132641439778,,,
42,23,strike_high,120.0,0.2,1.0,NCV_SCRATCH,2305242,2304242,2303242,,,,,,,,,,,,,,,,,,,,,,torch_not_available
42,23,strike_high,120.0,0.2,1.0,NCV_TRANSFER_BETA1,2305242,2304242,2303242,,,,,,,,,,,,,,,,,,,,,,torch_not_available
42,23,strike_high,120.0,0.2,1.0,NCV_TRANSFER_BETA,2305242,2304242,2303242,,,,,,,,,,,,,,,,,,,,,,torch_not_available
42,23,volatility_low,100.0,0.1,1.0,MC,2305342,2304342,2303342,3.6197546012694883,17.607765259296,0.0017607765259296,0.04196160776149551,3.5375098500569573,3.7019993524820194,10000,10000,0,0,0,10000,0.0,0.0,0.0,0.0645624469999575,0.0645624469999575,nan,nan,,,
42,23,volatility_low,100.0,0.1,1.0,AV,2305342,2304342,2303342,3.6469571944585564,2.746837824180165,0.0002746837824180165,0.01657358689053207,3.6144729641531135,3.6794414247639993,10000,20000,0,0,0,20000,0.0,0.0,0.0,0.09920481699998618,0.09920481699998618,nan,nan,,,
42,23,volatility_low,100.0,0.1,1.0,GCV,2305342,2304342,2303342,3.6530752681261722,0.0037016519481526604,3.7016519481526606e-07,0.0006084120271783474,3.651882780552903,3.6542677556994416,10000,10000,2000,0,0,12000,0.0,0.0,0.011943879999989804,0.05089903800001139,0.06284291800000119,1.0185329487201662,0.9998921616777816,,,
42,23,volatility_low,100.0,0.1,1.0,NCV_SCRATCH,2305342,2304342,2303342,,,,,,,,,,,,,,,,,,,,,,torch_not_available
42,23,volatility_low,100.0,0.1,1.0,NCV_TRANSFER_BETA1,2305342,2304342,2303342,,,,,,,,,,,,,,,,,,,,,,torch_not_available
42,23,volatility_low,100.0,0.1,1.0,NCV_TRANSFER_BETA,2305342,2304342,2303342,,,,,,,,,,,,,,,,,,,,,,torch_not_available
42,23,volatility_high,100.0,0.5,1.0,MC,2305442,2304442,2303442,12.467076630739653,465.81135064125897,0.046581135064125895,0.21582663196215127,12.044056432093836,12.89009682938547,10000,10000,0,0,0,10000,0.0,0.0,0.0,0.06542281199995159,0.06542281199995159,nan,nan,,,
42,23,volatility_high,100.0,0.5,1.0,AV,2305442,2304442,2303442,12.400055751183476,149.27314419991575,0.014927314419991575,0.12217738915196859,12.160588068445618,12.639523433921335,10000,20000,0,0,0,20000,0.0,0.0,0.0,0.09968964099994082,0.09968964099994082,nan,nan,,,
42,23,volatility_high,100.0,0.5,1.0,GCV,2305442,2304442,2303442,12.368073335210298,2.2969734539012143,0.00022969734539012143,0.015155769376383419,12.338368027232587,12.397778643188008,10000,10000,2000,0,0,12000,0.0,0.0,0.012064565000059702,0.04956639099998483,0.061630956000044534,1.0957289988780405,0.997698125577871,,,
42,23,volatility_high,100.0,0.5,1.0,NCV_SCRATCH,2305442,2304442,2303442,,,,,,,,,,,,,,,,,,,,,,torch_not_available
42,23,volatility_high,100.0,0.5,1.0,NCV_TRANSFER_BETA1,2305442,2304442,2303442,,,,,,,,,,,,,,,,,,,,,,torch_not_available
42,23,volatility_high,100.0,0.5,1.0,NCV_TRANSFER_BETA,2305442,2304442,2303442,,,,,,,,,,,,,,,,,,,,,,torch_not_available
42,23,maturity_short,100.0,0.2,0.5,MC,2305542,2304542,2303542,3.8535501719355767,29.08883843313443,0.002908883843313443,0.05393406941176832,3.747839395888511,3.9592609479826426,10000,10000,0,0,0,10000,0.0,0.0,0.0,0.06458850500007429,0.06458850500007429,nan,nan,,,
42,23,maturity_short,100.0,0.2,0.5,AV,2305542,2304542,2303542,3.834265264728859,7.169210556511679,0.000716921055651168,0.02677538152204685,3.7817855169456474,3.886745012512071,10000,20000,0,0,0,20000,0.0,0.0,0.0,0.10016198300002088,0.10016198300002088,nan,nan,,,
42,23,maturity_short,100.0,0.2,0.5,GCV,2305542,2304542,2303542,3.8657535639803644,0.01077387471577967,1.0773874715779668e-06,0.0010379727701524577,3.8637191373508655,3.8677879906098633,10000,10000,2000,0,0,12000,0.0,0.0,0.011792377999995551,0.048696859000074255,0.060489237000069807,1.0236905827625995,0.9997857570128551,,,
42,23,maturity_short,100.0,0.2,0.5,NCV_SCRATCH,2305542,2304542,2303542,,,,,,,,,,,,,,,,,,,,,,torch_not_available
42,23,maturity_short,100.0,0.2,0.5,NCV_TRANSFER_BETA1,2305542,2304542,2303542,,,,,,,,,,,,,,,,,,,,,,torch_not_available
42,23,maturity_short,100.0,0.2,0.5,NCV_TRANSFER_BETA,2305542,2304542,2303542,,,,,,,,,,,,,,,,,,,,,,torch_not_available
42,23,maturity_long,100.0,0.2,2.0,MC,2305642,2304642,2303642,8.746512825231973,140.45238613174342,0.014045238613174343,0.11851260951128509,8.514228110589853,8.978797539874092,10000,10000,0,0,0,10000,0.0,0.0,0.0,0.06479797600002257,0.06479797600002257,nan,nan,,,
42,23,maturity_long,100.0,0.2,2.0,AV,2305642,2304642,2303642,8.727971801252602,33.4229963434758,0.00334229963434758,0.057812625215843474,8.614659055829549,8.841284546675656,10000,20000,0,0,0,20000,0.0,0.0,0.0,0.09899459400003252,0.09899459400003252,nan,nan,,,
42,23,maturity_long,100.0,0.2,2.0,GCV,2305642,2304642,2303642,8.731731590154164,0.22675542156400705,2.2675542156400705e-05,0.004761884307330524,8.722398296911797,8.74106488339653,10000,10000,2000,0,0,12000,0.0,0.0,0.012033205999955499,0.0492005580000523,0.061233764000007795,1.0506696063149175,0.9993161363821956,,,
42,23,maturity_long,100.0,0.2,2.0,NCV_SCRATCH,2305642,2304642,2303642,,,,,,,,,,,,,,,,,,,,,,torch_not_available
42,23,maturity_long,100.0,0.2,2.0,NCV_TRANSFER_BETA1,2305642,2304642,2303642,,,,,,,,,,,,,,,,,,,,,,torch_not_available
42,23,maturity_long,100.0,0.2,2.0,NCV_TRANSFER_BETA,2305642,2304642,2303642,,,,,,,,,,,,,,,,,,,,,,torch_not_available
42,24,reference,100.0,0.2,1.0,MC,2405042,2404042,2403042,5.877926637653928,65.86852895829601,0.006586852895829601,0.081159428878163,5.7188541570527285,6.036999118255128,10000,10000,0,0,0,10000,0.0,0.0,0.0,0.06468916300002547,0.06468916300002547,nan,nan,,,
42,24,reference,100.0,0.2,1.0,AV,2405042,2404042,2403042,5.8345178346817494,15.74763793110594,0.001574763793110594,0.039683293627301074,5.756738579172239,5.9122970901912595,10000,20000,0,0,0,20000,0.0,0.0,0.0,0.09986598000000413,0.09986598000000413,nan,nan,,,
42,24,reference,100.0,0.2,1.0,GCV,2405042,2404042,2403042,5.779627538156237,0.049034612946430634,4.903461294643063e-06,0.002214376050864682,5.7752873610965425,5.783967715215932,10000,10000,2000,0,0,12000,0.0,0.0,0.013059171000008973,0.049275417999979254,0.06233458899998823,1.0368455083658772,0.9995642971128326,,,
42,24,reference,100.0,0.2,1.0,NCV_SCRATCH,2405042,2404042,2403042,,,,,,,,,,,,,,,,,,,,,,torch_not_available
42,24,strike_low,80.0,0.2,1.0,MC,2405142,2404142,2403142,21.559982179911238,127.82624486054938,0.012782624486054939,0.11306026926402987,21.33838405215374,21.781580307668737,10000,10000,0,0,0,10000,0.0,0.0,0.0,0.0642478500000152,0.0642478500000152,nan,nan,,,
42,24,strike_low,80.0,0.2,1.0,AV,2405142,2404142,2403142,21.49987446740943,2.01357904096053,0.000201357904096053,0.014190063569133615,21.47206194281393,21.52768699200493,10000,20000,0,0,0,20000,0.0,0.0,0.0,0.09996563599997899,0.09996563599997899,nan,nan,,,
42,24,strike_low,80.0,0.2,1.0,GCV,2405142,2404142,2403142,21.502478249528046,0.08693469875810655,8.693469875810655e-06,0.002948469073232863,21.49669925014451,21.508257248911583,10000,10000,2000,0,0,12000,0.0,0.0,0.0127568569999994,0.049606946999915635,0.062363803999915035,1.014921111660322,0.9996450235112428,,,
42,24,strike_low,80.0,0.2,1.0,NCV_SCRATCH,2405142,2404142,2403142,,,,,,,,,,,,,,,,,,,,,,torch_not_available
42,24,strike_low,80.0,0.2,1.0,NCV_TRANSFER_BETA1,2405142,2404142,2403142,,,,,,,,,,,,,,,,,,,,,,torch_not_available
42,24,strike_low,80.0,0.2,1.0,NCV_TRANSFER_BETA,2405142,2404142,2403142,,,,,,,,,,,,,,,,,,,,,,torch_not_available
42,24,strike_high,120.0,0.2,1.0,MC,2405242,2404242,2403242,0.5413026745162075,6.04127470876337,0.000604127470876337,0.02457900467627477,0.493127825350709,0.589477523681706,10000,10000,0,0,0,10000,0.0,0.0,0.0,0.06460148999997273,0.06460148999997273,nan,nan,,,
42,24,strike_high,120.0,0.2,1.0,AV,2405242,2404242,2403242,0.5293328040417786,2.8312646546979776,0.00028312646546979777,0.01682636221735993,0.49635313409575316,0.562312473987804,10000,20000,0,0,0,20000,0.0,0.0,0.0,0.10204289300008895,0.10204289300008895,nan,nan,,,
42,24,strike_high,120.0,0.2,1.0,GCV,2405242,2404242,2403242,0.5368390924042099,0.03437854329544022,3.4378543295440217e-06,0.0018541451748835694,0.5332049678614381,0.5404732169469817,10000,10000,2000,0,0,12000,0.0,0.0,0.012569307000035224,0.049273103000018637,0.06184241000005386,1.095722190154283,0.9972245798204142,,,
42,24,strike_high,120.0,0.2,1.0,NCV_SCRATCH,2405242,2404242,2403242,,,,,,,,,,,,,,,,,,,,,,torch_not_available
42,24,strike_high,120.0,0.2,1.0,NCV_TRANSFER_BETA1,2405242,2404242,2403242,,,,,,,,,,,,,,,,,,,,,,torch_not_available
42,24,strike_high,120.0,0.2,1.0,NCV_TRANSFER_BETA,2405242,2404242,2403242,,,,,,,,,,,,,,,,,,,,,,torch_not_available
42,24,volatility_low,100.0,0.1,1.0,MC,2405342,2404342,2403342,3.597324266333555,17.779207665801646,0.0017779207665801647,0.042165397740092106,3.514680086762975,3.6799684459041355,10000,10000,0,0,0,10000,0.0,0.0,0.0,0.0645444529999395,0.0645444529999395,nan,nan,,,
42,24,volatility_low,100.0,0.1,1.0,AV,2405342,2404342,2403342,3.6448473281121725,2.847234846830925,0.0002847234846830925,0.01687375135182134,3.6117747754626026,3.6779198807617424,10000,20000,0,0,0,20000,0.0,0.0,0.0,0.09935910399997283,0.09935910399997283,nan,nan,,,
42,24,volatility_low,100.0,0.1,1.0,GCV,2405342,2404342,2403342,3.6539877798013594,0.0037147545999925875,3.714754599992588e-07,0.0006094878669828126,3.652793183582073,3.6551823760206457,10000,10000,2000,0,0,12000,0.0,0.0,0.012508955000043898,0.04900194799995461,0.06151090299999851,1.0174168633609626,0.9999033450805114,,,
42,24,volatility_low,100.0,0.1,1.0,NCV_SCRATCH,2405342,2404342,2403342,,,,,,,,,,,,,,,,,,,,,,torch_not_available
42,24,volatility_low,100.0,0.1,1.0,NCV_TRANSFER_BETA1,2405342,2404342,2403342,,,,,,,,,,,,,,,,,,,,,,torch_not_available
42,24,volatility_low,100.0,0.1,1.0,NCV_TRANSFER_BETA,2405342,2404342,2403342,,,,,,,,,,,,,,,,,,,,,,torch_not_available
42,24,volatility_high,100.0,0.5,1.0,MC,2405442,2404442,2403442,12.265076310384451,440.6847632340671,0.044068476323406706,0.20992493020936487,11.853623447174096,12.676529173594806,10000,10000,0,0,0,10000,0.0,0.0,0.0,0.06436569899994993,0.06436569899994993,nan,nan,,,
42,24,volatility_high,100.0,0.5,1.0,AV,2405442,2404442,2403442,12.226956918887758,146.90486664820227,0.014690486664820228,0.12120431784726246,11.989396455907125,12.464517381868392,10000,20000,0,0,0,20000,0.0,0.0,0.0,0.09946491200003038,0.09946491200003038,nan,nan,,,
42,24,volatility_high,100.0,0.5,1.0,GCV,2405442,2404442,2403442,12.34321592162002,1.92277345494112,0.000192277345494112,0.013866410692537271,12.316037756662647,12.370394086577393,10000,10000,2000,0,0,12000,0.0,0.0,0.012650017000055414,0.0486731039999313,0.06132312099998671,1.0975194627902862,0.9974887867998264,,,
42,24,volatility_high,100.0,0.5,1.0,NCV_SCRATCH,2405442,2404442,2403442,,,,,,,,,,,,,,,,,,,,,,torch_not_available
42,24,volatility_high,100.0,0.5,1.0,NCV_TRANSFER_BETA1,2405442,2404442,2403442,,,,,,,,,,,,,,,,,,,,,,torch_not_available
42,24,volatility_high,100.0,0.5,1.0,NCV_TRANSFER_BETA,2405442,2404442,2403442,,,,,,,,,,,,,,,,,,,,,,torch_not_available
42,24,maturity_short,100.0,0.2,0.5,MC,2405542,2404542,2403542,3.8357777772348185,28.36054053854821,0.002836054053854821,0.05325461532914139,3.7313987311897012,3.9401568232799358,10000,10000,0,0,0,10000,0.0,0.0,0.0,0.0643418050000264,0.0643418050000264,nan,nan,,,
42,24,maturity_short,100.0,0.2,0.5,AV,2405542,2404542,2403542,3.838729309971157,7.178397958399514,0.0007178397958399514,0.026792532464101848,3.7862159463415175,3.8912426736007966,10000,20000,0,0,0,20000,0.0,0.0,0.0,0.09924474000001737,0.09924474000001737,nan,nan,,,
42,24,maturity_short,100.0,0.2,0.5,GCV,2405542,2404542,2403542,3.865808679686613,0.010624408352871395,1.0624408352871395e-06,0.0010307477069036533,3.863788414181082,3.8678289451921444,10000,10000,2000,0,0,12000,0.0,0.0,0.012552735999975084,0.04871654499993383,0.061269280999908915,1.0231395979437965,0.9998289338884729,,,
42,24,maturity_short,100.0,0.2,0.5,NCV_SCRATCH,2405542,2404542,2403542,,,,,,,,,,,,,,,,,,,,,,torch_not_available
42,24,maturity_short,100.0,0.2,0.5,NCV_TRANSFER_BETA1,2405542,2404542,2403542,,,,,,,,,,,,,,,,,,,,,,torch_not_available
42,24,maturity_short,100.0,0.2,0.5,NCV_TRANSFER_BETA,2405542,2404542,2403542,,,,,,,,,,,,,,,,,,,,,,torch_not_available
42,24,maturity_long,100.0,0.2,2.0,MC,2405642,2404642,2403642,8.76074908200666,143.60957120806378,0.014360957120806378,0.11983721091883931,8.525868148605735,8.995630015407585,10000,10000,0,0,0,10000,0.0,0.0,0.0,0.06462255899998581,0.06462255899998581,nan,nan,,,
42,24,maturity_long,100.0,0.2,2.0,AV,2405642,2404642,2403642,8.738913699625522,33.421477862901746,0.0033421477862901746,0.057811311923274794,8.625603528255903,8.852223870995141,10000,20000,0,0,0,20000,0.0,0.0,0.0,0.09950836300004084,0.09950836300004084,nan,nan,,,
42,24,maturity_long,100.0,0.2,2.0,GCV,2405642,2404642,2403642,8.732806752194042,0.24033644962496736,2.4033644962496735e-05,0.004902412157550274,8.723198024365244,8.74241548002284,10000,10000,2000,0,0,12000,0.0,0.0,0.01246856900002058,0.048864070999911746,0.061332639999932326,1.0537981996811139,0.9992054834984033,,,
42,24,maturity_long,100.0,0.2,2.0,NCV_SCRATCH,2405642,2404642,2403642,,,,,,,,,,,,,,,,,,,,,,torch_not_available
42,24,maturity_long,100.0,0.2,2.0,NCV_TRANSFER_BETA1,2405642,2404642,2403642,,,,,,,,,,,,,,,,,,,,,,torch_not_available
42,24,maturity_long,100.0,0.2,2.0,NCV_TRANSFER_BETA,2405642,2404642,2403642,,,,,,,,,,,,,,,,,,,,,,torch_not_available
42,25,reference,100.0,0.2,1.0,MC,2505042,2504042,2503042,5.638223070399858,63.127551577770255,0.006312755157777026,0.0794528486448222,5.482495487056007,5.7939506537437095,10000,10000,0,0,0,10000,0.0,0.0,0.0,0.06424201799995899,0.06424201799995899,nan,nan,,,
42,25,reference,100.0,0.2,1.0,AV,2505042,2504042,2503042,5.7729011008282,15.673402222816568,0.0015673402222816568,0.03958964791813204,5.695305390908661,5.850496810747739,10000,20000,0,0,0,20000,0.0,0.0,0.0,0.09963359600010335,0.09963359600010335,nan,nan,,,
42,25,reference,100.0,0.2,1.0,GCV,2505042,2504042,2503042,5.782434817662991,0.04523615290438116,4.523615290438116e-06,0.0021268792373894,5.7782661343577075,5.786603500968274,10000,10000,2000,0,0,12000,0.0,0.0,0.012484698999969623,0.04898827199997413,0.061472970999943755,1.0338430981444604,0.9996793666195076,,,
42,25,reference,100.0,0.2,1.0,NCV_SCRATCH,2505042,2504042,2503042,,,,,,,,,,,,,,,,,,,,,,torch_not_available
42,25,strike_low,80.0,0.2,1.0,MC,2505142,2504142,2503142,21.60047559205594,129.41031320667508,0.012941031320667509,0.11375865382759902,21.377508630553844,21.823442553558035,10000,10000,0,0,0,10000,0.0,0.0,0.0,0.06441484099991612,0.06441484099991612,nan,nan,,,
42,25,strike_low,80.0,0.2,1.0,AV,2505142,2504142,2503142,21.510217979126804,2.035211028367769,0.0002035211028367769,0.014266082252558931,21.482256457911788,21.53817950034182,10000,20000,0,0,0,20000,0.0,0.0,0.0,0.0992273379999915,0.0992273379999915,nan,nan,,,
42,25,strike_low,80.0,0.2,1.0,GCV,2505142,2504142,2503142,21.502727579229354,0.08781444303068357,8.781444303068357e-06,0.002963350182322089,21.496919412872003,21.508535745586705,10000,10000,2000,0,0,12000,0.0,0.0,0.012653614999976526,0.04942664000009245,0.06208025500006897,1.0117490939417595,0.9997017112830701,,,
42,25,strike_low,80.0,0.2,1.0,NCV_SCRATCH,2505142,2504142,2503142,,,,,,,,,,,,,,,,,,,,,,torch_not_available
42,25,strike_low,80.0,0.2,1.0,NCV_TRANSFER_BETA1,2505142,2504142,2503142,,,,,,,,,,,,,,,,,,,,,,torch_not_available
42,25,strike_low,80.0,0.2,1.0,NCV_TRANSFER_BETA,2505142,2504142,2503142,,,,,,,,,,,,,,,,,,,,,,torch_not_available
42,25,strike_high,120.0,0.2,1.0,MC,2505242,2504242,2503242,0.5304174799248652,5.996672469339717,0.0005996672469339717,0.024488104192321048,0.48242079570791596,0.5784141641418145,10000,10000,0,0,0,10000,0.0,0.0,0.0,0.06536255000003166,0.06536255000003166,nan,nan,,,
42,25,strike_high,120.0,0.2,1.0,AV,2505242,2504242,2503242,0.5252255410057338,2.925384033807528,0.0002925384033807528,0.017103754072739494,0.49170218302316443,0.5587488989883033,10000,20000,0,0,0,20000,0.0,0.0,0.0,0.09970425800008798,0.09970425800008798,nan,nan,,,
42,25,strike_high,120.0,0.2,1.0,GCV,2505242,2504242,2503242,0.5325088063631103,0.028064262794680266,2.8064262794680264e-06,0.0016752391708254755,0.5292253375882924,0.5357922751379282,10000,10000,2000,0,0,12000,0.0,0.0,0.012668522000012672,0.04872138400003223,0.0613899060000449,1.1196108956879527,0.9974248260926486,,,
42,25,strike_high,120.0,0.2,1.0,NCV_SCRATCH,2505242,2504242,2503242,,,,,,,,,,,,,,,,,,,,,,torch_not_available
42,25,strike_high,120.0,0.2,1.0,NCV_TRANSFER_BETA1,2505242,2504242,2503242,,,,,,,,,,,,,,,,,,,,,,torch_not_available
42,25,strike_high,120.0,0.2,1.0,NCV_TRANSFER_BETA,2505242,2504242,2503242,,,,,,,,,,,,,,,,,,,,,,torch_not_available
42,25,volatility_low,100.0,0.1,1.0,MC,2505342,2504342,2503342,3.658443868362857,17.80808756903398,0.0017808087569033979,0.04219962981950669,3.575732593916624,3.74115514280909,10000,10000,0,0,0,10000,0.0,0.0,0.0,0.06487856700005068,0.06487856700005068,nan,nan,,,
42,25,volatility_low,100.0,0.1,1.0,AV,2505342,2504342,2503342,3.6417363150936684,2.7996471532126375,0.00027996471532126376,0.016732146166026154,3.608941308608257,3.67453132157908,10000,20000,0,0,0,20000,0.0,0.0,0.0,0.10145198999998684,0.10145198999998684,nan,nan,,,
42,25,volatility_low,100.0,0.1,1.0,GCV,2505342,2504342,2503342,3.6533990440867345,0.0036519924740026325,3.6519924740026323e-07,0.0006043171745038058,3.652214582424707,3.654583505748762,10000,10000,2000,0,0,12000,0.0,0.0,0.013049722999994628,0.049630731000092965,0.0626804540000876,1.0181510316089704,0.9998974008536452,,,
42,25,volatility_low,100.0,0.1,1.0,NCV_SCRATCH,2505342,2504342,2503342,,,,,,,,,,,,,,,,,,,,,,torch_not_available
42,25,volatility_low,100.0,0.1,1.0,NCV_TRANSFER_BETA1,2505342,2504342,2503342,,,,,,,,,,,,,,,,,,,,,,torch_not_available
42,25,volatility_low,100.0,0.1,1.0,NCV_TRANSFER_BETA,2505342,2504342,2503342,,,,,,,,,,,,,,,,,,,,,,torch_not_available
42,25,volatility_high,100.0,0.5,1.0,MC,2505442,2504442,2503442,12.44633569519111,452.3095822836738,0.04523095822836738,0.2126757114208564,12.029491300806232,12.863180089575987,10000,10000,0,0,0,10000,0.0,0.0,0.0,0.06585865600004581,0.06585865600004581,nan,nan,,,
42,25,volatility_high,100.0,0.5,1.0,AV,2505442,2504442,2503442,12.270435768969465,146.63153374373175,0.014663153374373175,0.1210915082669845,12.033096412766175,12.507775125172754,10000,20000,0,0,0,20000,0.0,0.0,0.0,0.09987733100001606,0.09987733100001606,nan,nan,,,
42,25,volatility_high,100.0,0.5,1.0,GCV,2505442,2504442,2503442,12.365711372855127,2.2008345736072243,0.00022008345736072244,0.014835210054485997,12.336634361148334,12.39478838456192,10000,10000,2000,0,0,12000,0.0,0.0,0.012510286999940945,0.04918575099998179,0.06169603799992274,1.097188723471127,0.9979955395713375,,,
42,25,volatility_high,100.0,0.5,1.0,NCV_SCRATCH,2505442,2504442,2503442,,,,,,,,,,,,,,,,,,,,,,torch_not_available
42,25,volatility_high,100.0,0.5,1.0,NCV_TRANSFER_BETA1,2505442,2504442,2503442,,,,,,,,,,,,,,,,,,,,,,torch_not_available
42,25,volatility_high,100.0,0.5,1.0,NCV_TRANSFER_BETA,2505442,2504442,2503442,,,,,,,,,,,,,,,,,,,,,,torch_not_available
42,25,maturity_short,100.0,0.2,0.5,MC,2505542,2504542,2503542,3.8254467035509743,28.801889497139122,0.0028801889497139122,0.05366739186614077,3.7202586154933384,3.93063479160861,10000,10000,0,0,0,10000,0.0,0.0,0.0,0.0645652919999975,0.0645652919999975,nan,nan,,,
42,25,maturity_short,100.0,0.2,0.5,AV,2505542,2504542,2503542,3.8134935239110956,7.126163984968375,0.0007126163984968375,0.026694875884649426,3.7611715671771826,3.8658154806450087,10000,20000,0,0,0,20000,0.0,0.0,0.0,0.10016224299999976,0.10016224299999976,nan,nan,,,
42,25,maturity_short,100.0,0.2,0.5,GCV,2505542,2504542,2503542,3.8670857390104154,0.010765925897688393,1.0765925897688394e-06,0.001037589798412089,3.865052063005528,3.869119415015303,10000,10000,2000,0,0,12000,0.0,0.0,0.0123906229999875,0.05192227800000637,0.06431290099999387,1.0226784610262964,0.9998671202028246,,,
42,25,maturity_short,100.0,0.2,0.5,NCV_SCRATCH,2505542,2504542,2503542,,,,,,,,,,,,,,,,,,,,,,torch_not_available
42,25,maturity_short,100.0,0.2,0.5,NCV_TRANSFER_BETA1,2505542,2504542,2503542,,,,,,,,,,,,,,,,,,,,,,torch_not_available
42,25,maturity_short,100.0,0.2,0.5,NCV_TRANSFER_BETA,2505542,2504542,2503542,,,,,,,,,,,,,,,,,,,,,,torch_not_available
42,25,maturity_long,100.0,0.2,2.0,MC,2505642,2504642,2503642,8.845734246258296,143.9143210757597,0.014391432107575968,0.11996429513641119,8.61060422779093,9.080864264725662,10000,10000,0,0,0,10000,0.0,0.0,0.0,0.06488608099994053,0.06488608099994053,nan,nan,,,
42,25,maturity_long,100.0,0.2,2.0,AV,2505642,2504642,2503642,8.796597135711036,33.0978957219973,0.0033097895721997295,0.05753077065536085,8.683836825226528,8.909357446195543,10000,20000,0,0,0,20000,0.0,0.0,0.0,0.1006331720000162,0.1006331720000162,nan,nan,,,
42,25,maturity_long,100.0,0.2,2.0,GCV,2505642,2504642,2503642,8.73926060006329,0.2321973945092599,2.3219739450925993e-05,0.0048186864860588294,8.729815974550615,8.748705225575964,10000,10000,2000,0,0,12000,0.0,0.0,0.012181783000073665,0.05068356499998572,0.06286534800005938,1.0539023083934635,0.9992120854012372,,,
42,25,maturity_long,100.0,0.2,2.0,NCV_SCRATCH,2505642,2504642,2503642,,,,,,,,,,,,,,,,,,,,,,torch_not_available
42,25,maturity_long,100.0,0.2,2.0,NCV_TRANSFER_BETA1,2505642,2504642,2503642,,,,,,,,,,,,,,,,,,,,,,torch_not_available
42,25,maturity_long,100.0,0.2,2.0,NCV_TRANSFER_BETA,2505642,2504642,2503642,,,,,,,,,,,,,,,,,,,,,,torch_not_available
42,26,reference,100.0,0.2,1.0,MC,2605042,2604042,2603042,5.575019881819501,61.1533441235959,0.00611533441235959,0.07820060365725824,5.421746698651275,5.728293064987727,10000,10000,0,0,0,10000,0.0,0.0,0.0,0.06489298400003918,0.06489298400003918,nan,nan,,,
42,26,reference,100.0,0.2,1.0,AV,2605042,2604042,2603042,5.743648834135116,15.274797443376908,0.0015274797443376909,0.039082985356004865,5.667046182837346,5.820251485432886,10000,20000,0,0,0,20000,0.0,0.0,0.0,0.10210198300001139,0.10210198300001139,nan,nan,,,
42,26,reference,100.0,0.2,1.0,GCV,2605042,2604042,2603042,5.778159245974578,0.04802581934172812,4.802581934172812e-06,0.0021914793939649107,5.773863946362407,5.7824545455867495,10000,10000,2000,0,0,12000,0.0,0.0,0.012030510999920807,0.05132710600003065,0.06335761699995146,1.036206130424703,0.9995692354536406,,,
42,26,reference,100.0,0.2,1.0,NCV_SCRATCH,2605042,2604042,2603042,,,,,,,,,,,,,,,,,,,,,,torch_not_available
42,26,strike_low,80.0,0.2,1.0,MC,2605142,2604142,2603142,21.390723592474636,124.92950752682214,0.012492950752682214,0.11177186923677268,21.17165072877056,21.60979645617871,10000,10000,0,0,0,10000,0.0,0.0,0.0,0.06471180500000173,0.06471180500000173,nan,nan,,,
42,26,strike_low,80.0,0.2,1.0,AV,2605142,2604142,2603142,21.474480302743466,1.7887488347355869,0.0001788748834735587,0.013374411518775647,21.448266456166664,21.500694149320267,10000,20000,0,0,0,20000,0.0,0.0,0.0,0.09984527099993556,0.09984527099993556,nan,nan,,,
42,26,strike_low,80.0,0.2,1.0,GCV,2605142,2604142,2603142,21.500612057815697,0.08188302870821842,8.188302870821842e-06,0.0028615210764245374,21.495003476505904,21.50622063912549,10000,10000,2000,0,0,12000,0.0,0.0,0.012139294999997219,0.0493402890000425,0.06147958400003972,1.012694622770633,0.9996742773721612,,,
42,26,strike_low,80.0,0.2,1.0,NCV_SCRATCH,2605142,2604142,2603142,,,,,,,,,,,,,,,,,,,,,,torch_not_available
42,26,strike_low,80.0,0.2,1.0,NCV_TRANSFER_BETA1,2605142,2604142,2603142,,,,,,,,,,,,,,,,,,,,,,torch_not_available
42,26,strike_low,80.0,0.2,1.0,NCV_TRANSFER_BETA,2605142,2604142,2603142,,,,,,,,,,,,,,,,,,,,,,torch_not_available
42,26,strike_high,120.0,0.2,1.0,MC,2605242,2604242,2603242,0.5348402987467931,5.588496490682374,0.0005588496490682374,0.023640001037822257,0.4885058967126614,0.5811747007809247,10000,10000,0,0,0,10000,0.0,0.0,0.0,0.06430953400001727,0.06430953400001727,nan,nan,,,
42,26,strike_high,120.0,0.2,1.0,AV,2605242,2604242,2603242,0.5708300943285313,3.1153420382348846,0.00031153420382348844,0.017650331549959295,0.536235444490611,0.6054247441664515,10000,20000,0,0,0,20000,0.0,0.0,0.0,0.09957741200003056,0.09957741200003056,nan,nan,,,
42,26,strike_high,120.0,0.2,1.0,GCV,2605242,2604242,2603242,0.535354523707572,0.032442075928150835,3.2442075928150835e-06,0.0018011683965734806,0.531824233650288,0.538884813764856,10000,10000,2000,0,0,12000,0.0,0.0,0.011968746000093233,0.04941613099992992,0.06138487700002315,1.1205321596400795,0.9970818461859169,,,
42,26,strike_high,120.0,0.2,1.0,NCV_SCRATCH,2605242,2604242,2603242,,,,,,,,,,,,,,,,,,,,,,torch_not_available
42,26,strike_high,120.0,0.2,1.0,NCV_TRANSFER_BETA1,2605242,2604242,2603242,,,,,,,,,,,,,,,,,,,,,,torch_not_available
42,26,strike_high,120.0,0.2,1.0,NCV_TRANSFER_BETA,2605242,2604242,2603242,,,,,,,,,,,,,,,,,,,,,,torch_not_available
42,26,volatility_low,100.0,0.1,1.0,MC,2605342,2604342,2603342,3.5916104127416233,17.707097547373042,0.0017707097547373042,0.042079802218371994,3.509134000393614,3.6740868250896326,10000,10000,0,0,0,10000,0.0,0.0,0.0,0.06435211400003027,0.06435211400003027,nan,nan,,,
42,26,volatility_low,100.0,0.1,1.0,AV,2605342,2604342,2603342,3.6486843956887793,2.8413819762855845,0.00028413819762855845,0.016856399307935206,3.6156458530452262,3.6817229383323324,10000,20000,0,0,0,20000,0.0,0.0,0.0,0.09930622599995331,0.09930622599995331,nan,nan,,,
42,26,volatility_low,100.0,0.1,1.0,GCV,2605342,2604342,2603342,3.6532214433171735,0.003511748119636748,3.511748119636748e-07,0.000592600043843801,3.6520599472312396,3.6543829394031073,10000,10000,2000,0,0,12000,0.0,0.0,0.012132572000041364,0.04897535399993558,0.06110792599997694,1.0180799091526274,0.9998901428976742,,,
42,26,volatility_low,100.0,0.1,1.0,NCV_SCRATCH,2605342,2604342,2603342,,,,,,,,,,,,,,,,,,,,,,torch_not_available
42,26,volatility_low,100.0,0.1,1.0,NCV_TRANSFER_BETA1,2605342,2604342,2603342,,,,,,,,,,,,,,,,,,,,,,torch_not_available
42,26,volatility_low,100.0,0.1,1.0,NCV_TRANSFER_BETA,2605342,2604342,2603342,,,,,,,,,,,,,,,,,,,,,,torch_not_available
42,26,volatility_high,100.0,0.5,1.0,MC,2605442,2604442,2603442,12.370192780230253,457.42684045690595,0.045742684045690596,0.21387539373591014,11.95099700850787,12.789388551952637,10000,10000,0,0,0,10000,0.0,0.0,0.0,0.06402706500000477,0.06402706500000477,nan,nan,,,
42,26,volatility_high,100.0,0.5,1.0,AV,2605442,2604442,2603442,12.391374182899442,152.49531044120346,0.015249531044120346,0.12348899159083107,12.149335759381414,12.63341260641747,10000,20000,0,0,0,20000,0.0,0.0,0.0,0.09915757400005987,0.09915757400005987,nan,nan,,,
42,26,volatility_high,100.0,0.5,1.0,GCV,2605442,2604442,2603442,12.359366708335328,2.086160159640599,0.0002086160159640599,0.01444354582379479,12.33105735852069,12.387676058149966,10000,10000,2000,0,0,12000,0.0,0.0,0.012002832999996826,0.04789738399995258,0.05990021699994941,1.087236594901709,0.9980323250656312,,,
42,26,volatility_high,100.0,0.5,1.0,NCV_SCRATCH,2605442,2604442,2603442,,,,,,,,,,,,,,,,,,,,,,torch_not_available
42,26,volatility_high,100.0,0.5,1.0,NCV_TRANSFER_BETA1,2605442,2604442,2603442,,,,,,,,,,,,,,,,,,,,,,torch_not_available
42,26,volatility_high,100.0,0.5,1.0,NCV_TRANSFER_BETA,2605442,2604442,2603442,,,,,,,,,,,,,,,,,,,,,,torch_not_available
42,26,maturity_short,100.0,0.2,0.5,MC,2605542,2604542,2603542,3.8902615462252217,29.47002861106732,0.002947002861106732,0.05428630454457857,3.7838603893178475,3.996662703132596,10000,10000,0,0,0,10000,0.0,0.0,0.0,0.06350711400000364,0.06350711400000364,nan,nan,,,
42,26,maturity_short,100.0,0.2,0.5,AV,2605542,2604542,2603542,3.892271780495344,7.411791835282314,0.0007411791835282314,0.02722460621438318,3.838911552315153,3.9456320086755348,10000,20000,0,0,0,20000,0.0,0.0,0.0,0.09875684799999362,0.09875684799999362,nan,nan,,,
42,26,maturity_short,100.0,0.2,0.5,GCV,2605542,2604542,2603542,3.866272888867934,0.010843602356621573,1.0843602356621574e-06,0.0010413261908077398,3.8642318895339507,3.868313888201917,10000,10000,2000,0,0,12000,0.0,0.0,0.01194799300003524,0.04813336100005472,0.06008135400008996,1.0241376255784862,0.999851376129576,,,
42,26,maturity_short,100.0,0.2,0.5,NCV_SCRATCH,2605542,2604542,2603542,,,,,,,,,,,,,,,,,,,,,,torch_not_available
42,26,maturity_short,100.0,0.2,0.5,NCV_TRANSFER_BETA1,2605542,2604542,2603542,,,,,,,,,,,,,,,,,,,,,,torch_not_available
42,26,maturity_short,100.0,0.2,0.5,NCV_TRANSFER_BETA,2605542,2604542,2603542,,,,,,,,,,,,,,,,,,,,,,torch_not_available
42,26,maturity_long,100.0,0.2,2.0,MC,2605642,2604642,2603642,8.70732232499283,139.58873373949334,0.013958873373949333,0.11814767612589482,8.475752879786077,8.938891770199584,10000,10000,0,0,0,10000,0.0,0.0,0.0,0.06361985900002765,0.06361985900002765,nan,nan,,,
42,26,maturity_long,100.0,0.2,2.0,AV,2605642,2604642,2603642,8.727759380970287,32.672618298621224,0.003267261829862122,0.0571599670211777,8.615725845608779,8.839792916331795,10000,20000,0,0,0,20000,0.0,0.0,0.0,0.09854738999990786,0.09854738999990786,nan,nan,,,
42,26,maturity_long,100.0,0.2,2.0,GCV,2605642,2604642,2603642,8.728003230801876,0.21824461903711578,2.182446190371158e-05,0.004671665859595652,8.71884676571707,8.737159695886684,10000,10000,2000,0,0,12000,0.0,0.0,0.011860804999969332,0.048175777999972524,0.06003658299994186,1.0528366154195223,0.9991325393871513,,,
42,26,maturity_long,100.0,0.2,2.0,NCV_SCRATCH,2605642,2604642,2603642,,,,,,,,,,,,,,,,,,,,,,torch_not_available
42,26,maturity_long,100.0,0.2,2.0,NCV_TRANSFER_BETA1,2605642,2604642,2603642,,,,,,,,,,,,,,,,,,,,,,torch_not_available
42,26,maturity_long,100.0,0.2,2.0,NCV_TRANSFER_BETA,2605642,2604642,2603642,,,,,,,,,,,,,,,,,,,,,,torch_not_available
42,27,reference,100.0,0.2,1.0,MC,2705042,2704042,2703042,5.751474489375429,63.41202483735997,0.006341202483735997,0.07963166759358992,5.595396420891992,5.907552557858866,10000,10000,0,0,0,10000,0.0,0.0,0.0,0.06368849199998294,0.06368849199998294,nan,nan,,,
42,27,reference,100.0,0.2,1.0,AV,2705042,2704042,2703042,5.693160021043114,15.266824254835509,0.0015266824254835509,0.039072783692534,5.616577365005747,5.7697426770804805,10000,20000,0,0,0,20000,0.0,0.0,0.0,0.09818467299999156,0.09818467299999156,nan,nan,,,
42,27,reference,100.0,0.2,1.0,GCV,2705042,2704042,2703042,5.783296472684614,0.05008801611430214,5.008801611430214e-06,0.0022380352122855916,5.778909923668534,5.787683021700694,10000,10000,2000,0,0,12000,0.0,0.0,0.011844099999962054,0.04791218000002573,0.05975627999998778,1.0362649787035751,0.9996416006553649,,,
42,27,reference,100.0,0.2,1.0,NCV_SCRATCH,2705042,2704042,2703042,,,,,,,,,,,,,,,,,,,,,,torch_not_available
42,27,strike_low,80.0,0.2,1.0,MC,2705142,2704142,2703142,21.63113557087139,126.85014214870678,0.012685014214870678,0.11262776840047341,21.41038514480646,21.851885996936318,10000,10000,0,0,0,10000,0.0,0.0,0.0,0.06339059200001884,0.06339059200001884,nan,nan,,,
42,27,strike_low,80.0,0.2,1.0,AV,2705142,2704142,2703142,21.491056435186653,1.9825849984792354,0.00019825849984792353,0.014080429675543411,21.46345879302259,21.518654077350718,10000,20000,0,0,0,20000,0.0,0.0,0.0,0.09826258900000084,0.09826258900000084,nan,nan,,,
42,27,strike_low,80.0,0.2,1.0,GCV,2705142,2704142,2703142,21.50238960315131,0.09047742183090861,9.04774218309086e-06,0.00300794650602215,21.496494027999507,21.508285178303115,10000,10000,2000,0,0,12000,0.0,0.0,0.011768802000005962,0.048441898000078254,0.060210700000084216,1.0124148983184713,0.9996345907612533,,,
42,27,strike_low,80.0,0.2,1.0,NCV_SCRATCH,2705142,2704142,2703142,,,,,,,,,,,,,,,,,,,,,,torch_not_available
42,27,strike_low,80.0,0.2,1.0,NCV_TRANSFER_BETA1,2705142,2704142,2703142,,,,,,,,,,,,,,,,,,,,,,torch_not_available
42,27,strike_low,80.0,0.2,1.0,NCV_TRANSFER_BETA,2705142,2704142,2703142,,,,,,,,,,,,,,,,,,,,,,torch_not_available
42,27,strike_high,120.0,0.2,1.0,MC,2705242,2704242,2703242,0.5689887116431879,6.764967118959368,0.0006764967118959368,0.026009550397804587,0.5180099928634909,0.6199674304228848,10000,10000,0,0,0,10000,0.0,0.0,0.0,0.06364213099993776,0.06364213099993776,nan,nan,,,
42,27,strike_high,120.0,0.2,1.0,AV,2705242,2704242,2703242,0.556421746500501,3.125544276443902,0.0003125544276443902,0.01767920890889607,0.5217704970390648,0.5910729959619373,10000,20000,0,0,0,20000,0.0,0.0,0.0,0.09796921199995268,0.09796921199995268,nan,nan,,,
42,27,strike_high,120.0,0.2,1.0,GCV,2705242,2704242,2703242,0.5340503935324092,0.03181138869269251,3.1811388692692512e-06,0.0017835747445143003,0.5305545870331612,0.5375462000316573,10000,10000,2000,0,0,12000,0.0,0.0,0.011733376000051976,0.048491350000062994,0.06022472600011497,1.1108773396862632,0.9972617117603996,,,
42,27,strike_high,120.0,0.2,1.0,NCV_SCRATCH,2705242,2704242,2703242,,,,,,,,,,,,,,,,,,,,,,torch_not_available
42,27,strike_high,120.0,0.2,1.0,NCV_TRANSFER_BETA1,2705242,2704242,2703242,,,,,,,,,,,,,,,,,,,,,,torch_not_available
42,27,strike_high,120.0,0.2,1.0,NCV_TRANSFER_BETA,2705242,2704242,2703242,,,,,,,,,,,,,,,,,,,,,,torch_not_available
42,27,volatility_low,100.0,0.1,1.0,MC,2705342,2704342,2703342,3.6583327774812657,18.060478632892305,0.0018060478632892305,0.042497621854513584,3.575037438646419,3.7416281163161123,10000,10000,0,0,0,10000,0.0,0.0,0.0,0.06348578799997995,0.06348578799997995,nan,nan,,,
42,27,volatility_low,100.0,0.1,1.0,AV,2705342,2704342,2703342,3.6470060643795588,2.7969856506309005,0.00027969856506309006,0.01672419101371095,3.6142266499926854,3.679785478766432,10000,20000,0,0,0,20000,0.0,0.0,0.0,0.09823879400005353,0.09823879400005353,nan,nan,,,
42,27,volatility_low,100.0,0.1,1.0,GCV,2705342,2704342,2703342,3.653536251110366,0.0035700206097334305,3.5700206097334307e-07,0.0005974964945280793,3.652365157981091,3.6547073442396414,10000,10000,2000,0,0,12000,0.0,0.0,0.011980236999988847,0.049055723999913425,0.06103596099990227,1.0171943193674509,0.9998887942945138,,,
42,27,volatility_low,100.0,0.1,1.0,NCV_SCRATCH,2705342,2704342,2703342,,,,,,,,,,,,,,,,,,,,,,torch_not_available
42,27,volatility_low,100.0,0.1,1.0,NCV_TRANSFER_BETA1,2705342,2704342,2703342,,,,,,,,,,,,,,,,,,,,,,torch_not_available
42,27,volatility_low,100.0,0.1,1.0,NCV_TRANSFER_BETA,2705342,2704342,2703342,,,,,,,,,,,,,,,,,,,,,,torch_not_available
42,27,volatility_high,100.0,0.5,1.0,MC,2705442,2704442,2703442,12.120807754377768,441.63150517556585,0.044163150517556586,0.21015030458592387,11.708913157389357,12.53270235136618,10000,10000,0,0,0,10000,0.0,0.0,0.0,0.06374223799991796,0.06374223799991796,nan,nan,,,
42,27,volatility_high,100.0,0.5,1.0,AV,2705442,2704442,2703442,12.045897798629143,146.8787399827308,0.01468787399827308,0.1211935394246454,11.808358461356839,12.283437135901448,10000,20000,0,0,0,20000,0.0,0.0,0.0,0.09804095500010135,0.09804095500010135,nan,nan,,,
42,27,volatility_high,100.0,0.5,1.0,GCV,2705442,2704442,2703442,12.36950149598397,2.3660304215854664,0.00023660304215854664,0.015381906323942643,12.339352959589043,12.399650032378897,10000,10000,2000,0,0,12000,0.0,0.0,0.011944379999931698,0.04807726800004275,0.06002164799997445,1.100287517798287,0.9980920611313407,,,
42,27,volatility_high,100.0,0.5,1.0,NCV_SCRATCH,2705442,2704442,2703442,,,,,,,,,,,,,,,,,,,,,,torch_not_available
42,27,volatility_high,100.0,0.5,1.0,NCV_TRANSFER_BETA1,2705442,2704442,2703442,,,,,,,,,,,,,,,,,,,,,,torch_not_available
42,27,volatility_high,100.0,0.5,1.0,NCV_TRANSFER_BETA,2705442,2704442,2703442,,,,,,,,,,,,,,,,,,,,,,torch_not_available
42,27,maturity_short,100.0,0.2,0.5,MC,2705542,2704542,2703542,3.905899632859692,29.51966950709898,0.002951966950709898,0.054332006687678104,3.799408899751843,4.0123903659675415,10000,10000,0,0,0,10000,0.0,0.0,0.0,0.06334722099995815,0.06334722099995815,nan,nan,,,
42,27,maturity_short,100.0,0.2,0.5,AV,2705542,2704542,2703542,3.870080571338367,7.370370696156116,0.0007370370696156116,0.027148426650832117,3.816869655102736,3.923291487573998,10000,20000,0,0,0,20000,0.0,0.0,0.0,0.097880516000032,0.097880516000032,nan,nan,,,
42,27,maturity_short,100.0,0.2,0.5,GCV,2705542,2704542,2703542,3.8664892018866563,0.010485196073049145,1.0485196073049146e-06,0.0010239724641341263,3.8644822158569534,3.8684961879163593,10000,10000,2000,0,0,12000,0.0,0.0,0.01173618199993598,0.04780974999994214,0.05954593199987812,1.0236159649122762,0.999815302809425,,,
42,27,maturity_short,100.0,0.2,0.5,NCV_SCRATCH,2705542,2704542,2703542,,,,,,,,,,,,,,,,,,,,,,torch_not_available
42,27,maturity_short,100.0,0.2,0.5,NCV_TRANSFER_BETA1,2705542,2704542,2703542,,,,,,,,,,,,,,,,,,,,,,torch_not_available
42,27,maturity_short,100.0,0.2,0.5,NCV_TRANSFER_BETA,2705542,2704542,2703542,,,,,,,,,,,,,,,,,,,,,,torch_not_available
42,27,maturity_long,100.0,0.2,2.0,MC,2705642,2704642,2703642,8.593462981080986,142.21562667213678,0.014221562667213678,0.11925419349948947,8.359724761821987,8.827201200339985,10000,10000,0,0,0,10000,0.0,0.0,0.0,0.06423564900001111,0.06423564900001111,nan,nan,,,
42,27,maturity_long,100.0,0.2,2.0,AV,2705642,2704642,2703642,8.703254993607413,33.64867226320212,0.0033648672263202123,0.05800747560720267,8.589560341417295,8.81694964579753,10000,20000,0,0,0,20000,0.0,0.0,0.0,0.0983373379999648,0.0983373379999648,nan,nan,,,
42,27,maturity_long,100.0,0.2,2.0,GCV,2705642,2704642,2703642,8.729199555461364,0.22313855378380604,2.2313855378380605e-05,0.004723754373205766,8.71994099688988,8.738458114032847,10000,10000,2000,0,0,12000,0.0,0.0,0.011935794000009992,0.048253116000068985,0.06018891000007898,1.054574677975701,0.9991557676844812,,,
42,27,maturity_long,100.0,0.2,2.0,NCV_SCRATCH,2705642,2704642,2703642,,,,,,,,,,,,,,,,,,,,,,torch_not_available
42,27,maturity_long,100.0,0.2,2.0,NCV_TRANSFER_BETA1,2705642,2704642,2703642,,,,,,,,,,,,,,,,,,,,,,torch_not_available
42,27,maturity_long,100.0,0.2,2.0,NCV_TRANSFER_BETA,2705642,2704642,2703642,,,,,,,,,,,,,,,,,,,,,,torch_not_available
42,28,reference,100.0,0.2,1.0,MC,2805042,2804042,2803042,5.7187222271012,61.93933490566979,0.006193933490566979,0.07870154693884344,5.5644671951010665,5.872977259101333,10000,10000,0,0,0,10000,0.0,0.0,0.0,0.06391481000002841,0.06391481000002841,nan,nan,,,
42,28,reference,100.0,0.2,1.0,AV,2805042,2804042,2803042,5.76834402488929,15.111412530706788,0.001511141253070679,0.03887340032812513,5.692152160246164,5.844535889532415,10000,20000,0,0,0,20000,0.0,0.0,0.0,0.09861585700002706,0.09861585700002706,nan,nan,,,
42,28,reference,100.0,0.2,1.0,GCV,2805042,2804042,2803042,5.78184807678778,0.04613308640217387,4.613308640217387e-06,0.002147861410849729,5.777638268422514,5.7860578851530455,10000,10000,2000,0,0,12000,0.0,0.0,0.011909134000006816,0.04834098100002393,0.060250115000030746,1.0344922261540825,0.999620502466265,,,
42,28,reference,100.0,0.2,1.0,NCV_SCRATCH,2805042,2804042,2803042,,,,,,,,,,,,,,,,,,,,,,torch_not_available
42,28,strike_low,80.0,0.2,1.0,MC,2805142,2804142,2803142,21.37900916938719,128.2532111045637,0.012825321110456369,0.11324893425748593,21.157041258242515,21.600977080531862,10000,10000,0,0,0,10000,0.0,0.0,0.0,0.06396313999994163,0.06396313999994163,nan,nan,,,
42,28,strike_low,80.0,0.2,1.0,AV,2805142,2804142,2803142,21.50383517598755,1.9499701693942495,0.00019499701693942494,0.01396413323265805,21.47646547485154,21.53120487712356,10000,20000,0,0,0,20000,0.0,0.0,0.0,0.09987332299999707,0.09987332299999707,nan,nan,,,
42,28,strike_low,80.0,0.2,1.0,GCV,2805142,2804142,2803142,21.500602550129063,0.08115436962360512,8.115436962360512e-06,0.002848760601096644,21.495018979350913,21.506186120907213,10000,10000,2000,0,0,12000,0.0,0.0,0.01207861000000321,0.048120599999947444,0.060199209999950654,1.0127990869785441,0.9996584494605224,,,
42,28,strike_low,80.0,0.2,1.0,NCV_SCRATCH,2805142,2804142,2803142,,,,,,,,,,,,,,,,,,,,,,torch_not_available
42,28,strike_low,80.0,0.2,1.0,NCV_TRANSFER_BETA1,2805142,2804142,2803142,,,,,,,,,,,,,,,,,,,,,,torch_not_available
42,28,strike_low,80.0,0.2,1.0,NCV_TRANSFER_BETA,2805142,2804142,2803142,,,,,,,,,,,,,,,,,,,,,,torch_not_available
42,28,strike_high,120.0,0.2,1.0,MC,2805242,2804242,2803242,0.5297357025110081,6.11509356363269,0.000611509356363269,0.024728715218613136,0.48126742068252637,0.5782039843394898,10000,10000,0,0,0,10000,0.0,0.0,0.0,0.0636505180000313,0.0636505180000313,nan,nan,,,
42,28,strike_high,120.0,0.2,1.0,AV,2805242,2804242,2803242,0.5290569043929306,2.883601961516676,0.0002883601961516676,0.016981171813266235,0.4957738076389288,0.5623400011469324,10000,20000,0,0,0,20000,0.0,0.0,0.0,0.10124126499999875,0.10124126499999875,nan,nan,,,
42,28,strike_high,120.0,0.2,1.0,GCV,2805242,2804242,2803242,0.5349347385372767,0.031691559365666096,3.1691559365666095e-06,0.0017802123290682518,0.5314455223723029,0.5384239547022505,10000,10000,2000,0,0,12000,0.0,0.0,0.01211900600003446,0.048573803999943266,0.060692809999977726,1.105904622824429,0.9974733755664006,,,
42,28,strike_high,120.0,0.2,1.0,NCV_SCRATCH,2805242,2804242,2803242,,,,,,,,,,,,,,,,,,,,,,torch_not_available
42,28,strike_high,120.0,0.2,1.0,NCV_TRANSFER_BETA1,2805242,2804242,2803242,,,,,,,,,,,,,,,,,,,,,,torch_not_available
42,28,strike_high,120.0,0.2,1.0,NCV_TRANSFER_BETA,2805242,2804242,2803242,,,,,,,,,,,,,,,,,,,,,,torch_not_available
42,28,volatility_low,100.0,0.1,1.0,MC,2805342,2804342,2803342,3.662284746112142,18.195694511053897,0.0018195694511053899,0.04265641160605742,3.5786781793642692,3.7458913128600146,10000,10000,0,0,0,10000,0.0,0.0,0.0,0.06474581999998463,0.06474581999998463,nan,nan,,,
42,28,volatility_low,100.0,0.1,1.0,AV,2805342,2804342,2803342,3.6592008897899433,2.85522408075532,0.000285522408075532,0.01689740832422333,3.6260819694744657,3.692319810105421,10000,20000,0,0,0,20000,0.0,0.0,0.0,0.09967372100004468,0.09967372100004468,nan,nan,,,
42,28,volatility_low,100.0,0.1,1.0,GCV,2805342,2804342,2803342,3.6535087321355437,0.0035385981799362317,3.5385981799362316e-07,0.0005948611753960945,3.6523428042317674,3.65467466003932,10000,10000,2000,0,0,12000,0.0,0.0,0.012041931999988265,0.04832985899997766,0.060371790999965924,1.0184348478222278,0.9999017877844217,,,
42,28,volatility_low,100.0,0.1,1.0,NCV_SCRATCH,2805342,2804342,2803342,,,,,,,,,,,,,,,,,,,,,,torch_not_available
42,28,volatility_low,100.0,0.1,1.0,NCV_TRANSFER_BETA1,2805342,2804342,2803342,,,,,,,,,,,,,,,,,,,,,,torch_not_available
42,28,volatility_low,100.0,0.1,1.0,NCV_TRANSFER_BETA,2805342,2804342,2803342,,,,,,,,,,,,,,,,,,,,,,torch_not_available
42,28,volatility_high,100.0,0.5,1.0,MC,2805442,2804442,2803442,12.484135280280709,454.03089120640124,0.045403089120640124,0.21308000638408128,12.066498467767909,12.90177209279351,10000,10000,0,0,0,10000,0.0,0.0,0.0,0.06331046299999343,0.06331046299999343,nan,nan,,,
42,28,volatility_high,100.0,0.5,1.0,AV,2805442,2804442,2803442,12.207077150107317,149.54040579632613,0.014954040579632613,0.12228671464894546,11.967395189395384,12.446759110819249,10000,20000,0,0,0,20000,0.0,0.0,0.0,0.09942696099994919,0.09942696099994919,nan,nan,,,
42,28,volatility_high,100.0,0.5,1.0,GCV,2805442,2804442,2803442,12.382371877523621,2.439614713726431,0.0002439614713726431,0.015619266031816063,12.351758116101262,12.41298563894598,10000,10000,2000,0,0,12000,0.0,0.0,0.011986648000060995,0.049245868000070914,0.06123251600013191,1.0982359743584678,0.9968088898183975,,,
42,28,volatility_high,100.0,0.5,1.0,NCV_SCRATCH,2805442,2804442,2803442,,,,,,,,,,,,,,,,,,,,,,torch_not_available
42,28,volatility_high,100.0,0.5,1.0,NCV_TRANSFER_BETA1,2805442,2804442,2803442,,,,,,,,,,,,,,,,,,,,,,torch_not_available
42,28,volatility_high,100.0,0.5,1.0,NCV_TRANSFER_BETA,2805442,2804442,2803442,,,,,,,,,,,,,,,,,,,,,,torch_not_available
42,28,maturity_short,100.0,0.2,0.5,MC,2805542,2804542,2803542,3.9150818230976916,29.867422052326383,0.0029867422052326383,0.05465109518786095,3.8079656765294843,4.022197969665899,10000,10000,0,0,0,10000,0.0,0.0,0.0,0.06417647800003579,0.06417647800003579,nan,nan,,,
42,28,maturity_short,100.0,0.2,0.5,AV,2805542,2804542,2803542,3.883032816241019,7.2883184541780075,0.0007288318454178007,0.026996885846663883,3.8301189199815577,3.93594671250048,10000,20000,0,0,0,20000,0.0,0.0,0.0,0.0985451459999922,0.0985451459999922,nan,nan,,,
42,28,maturity_short,100.0,0.2,0.5,GCV,2805542,2804542,2803542,3.8637706326468995,0.010662449320903438,1.0662449320903439e-06,0.001032591367429703,3.861746753566737,3.865794511727062,10000,10000,2000,0,0,12000,0.0,0.0,0.011941985000021305,0.04861174600000595,0.060553731000027256,1.026001901902719,0.9998060779020355,,,
42,28,maturity_short,100.0,0.2,0.5,NCV_SCRATCH,2805542,2804542,2803542,,,,,,,,,,,,,,,,,,,,,,torch_not_available
42,28,maturity_short,100.0,0.2,0.5,NCV_TRANSFER_BETA1,2805542,2804542,2803542,,,,,,,,,,,,,,,,,,,,,,torch_not_available
42,28,maturity_short,100.0,0.2,0.5,NCV_TRANSFER_BETA,2805542,2804542,2803542,,,,,,,,,,,,,,,,,,,,,,torch_not_available
42,28,maturity_long,100.0,0.2,2.0,MC,2805642,2804642,2803642,8.82011858786182,143.06674231499696,0.014306674231499696,0.11961051053941579,8.585681987204566,9.054555188519075,10000,10000,0,0,0,10000,0.0,0.0,0.0,0.06453191100001732,0.06453191100001732,nan,nan,,,
42,28,maturity_long,100.0,0.2,2.0,AV,2805642,2804642,2803642,8.75347996300425,32.80302837151354,0.003280302837151354,0.057273928075096736,8.64122306397706,8.865736862031438,10000,20000,0,0,0,20000,0.0,0.0,0.0,0.09885725699996328,0.09885725699996328,nan,nan,,,
42,28,maturity_long,100.0,0.2,2.0,GCV,2805642,2804642,2803642,8.737178429643372,0.23743949493342503,2.3743949493342504e-05,0.004872776363977985,8.727627787969976,8.746729071316768,10000,10000,2000,0,0,12000,0.0,0.0,0.012103035999984968,0.04950638399998297,0.06160941999996794,1.0506380140698104,0.9992365830626195,,,
42,28,maturity_long,100.0,0.2,2.0,NCV_SCRATCH,2805642,2804642,2803642,,,,,,,,,,,,,,,,,,,,,,torch_not_available
42,28,maturity_long,100.0,0.2,2.0,NCV_TRANSFER_BETA1,2805642,2804642,2803642,,,,,,,,,,,,,,,,,,,,,,torch_not_available
42,28,maturity_long,100.0,0.2,2.0,NCV_TRANSFER_BETA,2805642,2804642,2803642,,,,,,,,,,,,,,,,,,,,,,torch_not_available
42,29,reference,100.0,0.2,1.0,MC,2905042,2904042,2903042,5.784116869693061,64.67612216476347,0.006467612216476347,0.08042146614229528,5.626490796054162,5.94174294333196,10000,10000,0,0,0,10000,0.0,0.0,0.0,0.06334539800002403,0.06334539800002403,nan,nan,,,
42,29,reference,100.0,0.2,1.0,AV,2905042,2904042,2903042,5.771379203386352,15.191414312843301,0.0015191414312843302,0.03897616491247349,5.694985920157904,5.8477724866148,10000,20000,0,0,0,20000,0.0,0.0,0.0,0.09867648100009774,0.09867648100009774,nan,nan,,,
42,29,reference,100.0,0.2,1.0,GCV,2905042,2904042,2903042,5.783358268015646,0.04988268573399027,4.988268573399027e-06,0.0022334432102471347,5.778980719323561,5.78773581670773,10000,10000,2000,0,0,12000,0.0,0.0,0.011866413999996439,0.049435220999953344,0.06130163499994978,1.0365130409471837,0.9996669143874859,,,
42,29,reference,100.0,0.2,1.0,NCV_SCRATCH,2905042,2904042,2903042,,,,,,,,,,,,,,,,,,,,,,torch_not_available
42,29,strike_low,80.0,0.2,1.0,MC,2905142,2904142,2903142,21.353429551962634,126.95844979964177,0.012695844979964177,0.11267584026739795,21.132584905038534,21.574274198886734,10000,10000,0,0,0,10000,0.0,0.0,0.0,0.06417065699997693,0.06417065699997693,nan,nan,,,
42,29,strike_low,80.0,0.2,1.0,AV,2905142,2904142,2903142,21.49768097017241,1.9377317348924858,0.00019377317348924858,0.013920243298493333,21.470397293307364,21.524964647037457,10000,20000,0,0,0,20000,0.0,0.0,0.0,0.09974390200000016,0.09974390200000016,nan,nan,,,
42,29,strike_low,80.0,0.2,1.0,GCV,2905142,2904142,2903142,21.50575558486945,0.08820928971050702,8.820928971050702e-06,0.0029700048772772587,21.499934375309987,21.511576794428915,10000,10000,2000,0,0,12000,0.0,0.0,0.012549538000030225,0.04894088000003194,0.061490418000062164,1.0136393267543997,0.9996589306704723,,,
42,29,strike_low,80.0,0.2,1.0,NCV_SCRATCH,2905142,2904142,2903142,,,,,,,,,,,,,,,,,,,,,,torch_not_available
42,29,strike_low,80.0,0.2,1.0,NCV_TRANSFER_BETA1,2905142,2904142,2903142,,,,,,,,,,,,,,,,,,,,,,torch_not_available
42,29,strike_low,80.0,0.2,1.0,NCV_TRANSFER_BETA,2905142,2904142,2903142,,,,,,,,,,,,,,,,,,,,,,torch_not_available
42,29,strike_high,120.0,0.2,1.0,MC,2905242,2904242,2903242,0.5498526591965043,6.108909208951306,0.0006108909208951306,0.02471620765601249,0.5014088921907198,0.5982964262022887,10000,10000,0,0,0,10000,0.0,0.0,0.0,0.06371670000009999,0.06371670000009999,nan,nan,,,
42,29,strike_high,120.0,0.2,1.0,AV,2905242,2904242,2903242,0.5419012627740558,2.9347976322306937,0.00029347976322306935,0.017131251069991048,0.5083240106768734,0.5754785148712382,10000,20000,0,0,0,20000,0.0,0.0,0.0,0.09877487400001428,0.09877487400001428,nan,nan,,,
42,29,strike_high,120.0,0.2,1.0,GCV,2905242,2904242,2903242,0.5352807406120481,0.03377329955168348,3.3773299551683484e-06,0.0018377513311567343,0.5316787480029809,0.5388827332211154,10000,10000,2000,0,0,12000,0.0,0.0,0.012118084000007912,0.04859518400007801,0.06071326800008592,1.09955147094381,0.9976704708955014,,,
42,29,strike_high,120.0,0.2,1.0,NCV_SCRATCH,2905242,2904242,2903242,,,,,,,,,,,,,,,,,,,,,,torch_not_available
42,29,strike_high,120.0,0.2,1.0,NCV_TRANSFER_BETA1,2905242,2904242,2903242,,,,,,,,,,,,,,,,,,,,,,torch_not_available
42,29,strike_high,120.0,0.2,1.0,NCV_TRANSFER_BETA,2905242,2904242,2903242,,,,,,,,,,,,,,,,,,,,,,torch_not_available
42,29,volatility_low,100.0,0.1,1.0,MC,2905342,2904342,2903342,3.6550168788691546,17.83382797439427,0.0017833827974394272,0.04223011718477024,3.572245849187005,3.7377879085513044,10000,10000,0,0,0,10000,0.0,0.0,0.0,0.0635257650000085,0.0635257650000085,nan,nan,,,
42,29,volatility_low,100.0,0.1,1.0,AV,2905342,2904342,2903342,3.6433444176803342,2.73838494668098,0.00027383849466809803,0.016548066191192794,3.6109102079455964,3.675778627415072,10000,20000,0,0,0,20000,0.0,0.0,0.0,0.09956216299997322,0.09956216299997322,nan,nan,,,
42,29,volatility_low,100.0,0.1,1.0,GCV,2905342,2904342,2903342,3.654078410120278,0.0036879597495312025,3.6879597495312025e-07,0.0006072857440720309,3.6528881300618967,3.655268690178659,10000,10000,2000,0,0,12000,0.0,0.0,0.012110129000006964,0.0481160210000553,0.06022615000006226,1.0174976384389636,0.9998994468481877,,,
42,29,volatility_low,100.0,0.1,1.0,NCV_SCRATCH,2905342,2904342,2903342,,,,,,,,,,,,,,,,,,,,,,torch_not_available
42,29,volatility_low,100.0,0.1,1.0,NCV_TRANSFER_BETA1,2905342,2904342,2903342,,,,,,,,,,,,,,,,,,,,,,torch_not_available
42,29,volatility_low,100.0,0.1,1.0,NCV_TRANSFER_BETA,2905342,2904342,2903342,,,,,,,,,,,,,,,,,,,,,,torch_not_available
42,29,volatility_high,100.0,0.5,1.0,MC,2905442,2904442,2903442,11.911961410025087,421.4874171615665,0.04214874171615665,0.2053015872226921,11.509570299068612,12.314352520981563,10000,10000,0,0,0,10000,0.0,0.0,0.0,0.06278400099995451,0.06278400099995451,nan,nan,,,
42,29,volatility_high,100.0,0.5,1.0,AV,2905442,2904442,2903442,11.861356003037761,136.4052104836911,0.01364052104836911,0.11679264124237071,11.632442426202715,12.090269579872807,10000,20000,0,0,0,20000,0.0,0.0,0.0,0.09831938400009221,0.09831938400009221,nan,nan,,,
42,29,volatility_high,100.0,0.5,1.0,GCV,2905442,2904442,2903442,12.328054428118188,2.111239832595635,0.0002111239832595635,0.014530106099391135,12.29957542016338,12.356533436072995,10000,10000,2000,0,0,12000,0.0,0.0,0.011843010999996295,0.04829003500003637,0.060133046000032664,1.0949320694656777,0.9977566037222142,,,
42,29,volatility_high,100.0,0.5,1.0,NCV_SCRATCH,2905442,2904442,2903442,,,,,,,,,,,,,,,,,,,,,,torch_not_available
42,29,volatility_high,100.0,0.5,1.0,NCV_TRANSFER_BETA1,2905442,2904442,2903442,,,,,,,,,,,,,,,,,,,,,,torch_not_available
42,29,volatility_high,100.0,0.5,1.0,NCV_TRANSFER_BETA,2905442,2904442,2903442,,,,,,,,,,,,,,,,,,,,,,torch_not_available
42,29,maturity_short,100.0,0.2,0.5,MC,2905542,2904542,2903542,3.9024048572112324,29.781004453644353,0.0029781004453644355,0.05457197490804631,3.795443786391462,4.009365928031003,10000,10000,0,0,0,10000,0.0,0.0,0.0,0.06334205199993903,0.06334205199993903,nan,nan,,,
42,29,maturity_short,100.0,0.2,0.5,AV,2905542,2904542,2903542,3.906246331852065,7.38044755374221,0.000738044755374221,0.027166979135969847,3.852999052745564,3.9594936109585657,10000,20000,0,0,0,20000,0.0,0.0,0.0,0.10106317200006742,0.10106317200006742,nan,nan,,,
42,29,maturity_short,100.0,0.2,0.5,GCV,2905542,2904542,2903542,3.865779703379365,0.010575779153617338,1.0575779153617338e-06,0.0010283860731076311,3.8637640666760737,3.867795340082656,10000,10000,2000,0,0,12000,0.0,0.0,0.012402043000065532,0.05044028499992237,0.0628423279999879,1.0234861132581252,0.9998145352312992,,,
42,29,maturity_short,100.0,0.2,0.5,NCV_SCRATCH,2905542,2904542,2903542,,,,,,,,,,,,,,,,,,,,,,torch_not_available
42,29,maturity_short,100.0,0.2,0.5,NCV_TRANSFER_BETA1,2905542,2904542,2903542,,,,,,,,,,,,,,,,,,,,,,torch_not_available
42,29,maturity_short,100.0,0.2,0.5,NCV_TRANSFER_BETA,2905542,2904542,2903542,,,,,,,,,,,,,,,,,,,,,,torch_not_available
42,29,maturity_long,100.0,0.2,2.0,MC,2905642,2904642,2903642,8.656363049529327,139.98467815109146,0.013998467815109146,0.11831512082193528,8.424465412718334,8.88826068634032,10000,10000,0,0,0,10000,0.0,0.0,0.0,0.06410633699999835,0.06410633699999835,nan,nan,,,
42,29,maturity_long,100.0,0.2,2.0,AV,2905642,2904642,2903642,8.699274829670129,32.616136630468205,0.0032616136630468206,0.05711053898403359,8.587338173261424,8.811211486078834,10000,20000,0,0,0,20000,0.0,0.0,0.0,0.09927318400002605,0.09927318400002605,nan,nan,,,
42,29,maturity_long,100.0,0.2,2.0,GCV,2905642,2904642,2903642,8.726912964784797,0.22218974247817572,2.2218974247817572e-05,0.004713700695612479,8.717674111421395,8.736151818148198,10000,10000,2000,0,0,12000,0.0,0.0,0.011407527999949707,0.04710742899999332,0.058514956999943024,1.0523536314550492,0.9991716494358278,,,
42,29,maturity_long,100.0,0.2,2.0,NCV_SCRATCH,2905642,2904642,2903642,,,,,,,,,,,,,,,,,,,,,,torch_not_available
42,29,maturity_long,100.0,0.2,2.0,NCV_TRANSFER_BETA1,2905642,2904642,2903642,,,,,,,,,,,,,,,,,,,,,,torch_not_available
42,29,maturity_long,100.0,0.2,2.0,NCV_TRANSFER_BETA,2905642,2904642,2903642,,,,,,,,,,,,,,,,,,,,,,torch_not_available
