horizon,origin_date,target_date,S0,n_training_prices,n_training_returns,estimated_mu,estimated_sigma,observed_target_price,forecast_p05,forecast_p50,forecast_p95,interval_width,below_p05,inside_interval,above_p95,absolute_error,squared_error,absolute_percentage_error
1,2025-01-02,2025-01-03,76.14,6347,6346,0.1328073269059153,0.4168416088356877,76.72,72.93470084990514,76.15387834271331,79.51514325905845,6.5804424091533065,0,1,0,0.5661216572866863,0.3204937308490242,0.7379062269117392
1,2025-01-03,2025-01-06,76.72,6348,6347,0.1330887886970979,0.4168113773266505,77.27,73.49060029797876,76.73407360387905,80.1206960886326,6.63009579065384,0,1,0,0.5359263961209422,0.287217102059181,0.6935762859077808
1,2025-01-06,2025-01-07,77.27,6349,6348,0.1333523560544008,0.4167808476677846,77.84,74.01776426778225,77.28425923067347,80.69490863335554,6.677144365573284,0,1,0,0.5557407693265333,0.3088478026916471,0.7139526841296676
1,2025-01-07,2025-01-08,77.84,6350,6349,0.1336240864042851,0.4167504634224364,77.37,74.56409229787842,77.85445227942189,81.2900090772143,6.725916779335876,0,1,0,0.4844522794218875,0.2346940110370625,0.6261500315650607
1,2025-01-08,2025-01-09,77.37,6351,6350,0.1333634685298603,0.4167194971975713,78.44,74.11403726479192,77.38428894824962,80.79883915419838,6.684801889406458,0,1,0,1.0557110517503787,1.1145258247878909,1.345883543791916
1,2025-01-09,2025-01-10,78.44,6352,6351,0.1338910941830621,0.416695425277616,79.76,75.13935616934145,78.45465394677058,81.91622925322532,6.776873083883871,0,1,0,1.305346053229428,1.703928318681645,1.6365923435674876
1,2025-01-10,2025-01-13,79.76,6353,6352,0.1345374750982744,0.4166755815143419,82.69,76.4041680236575,79.7751077863168,83.29477287610693,6.890604852449428,0,1,0,2.9148922136832027,8.496596617390962,3.5250843072719835
1,2025-01-13,2025-01-14,82.69,6354,6353,0.135972862054082,0.4167040833447605,82.39,79.2111043675163,82.70612996726551,86.35536631865666,7.144261951140365,0,1,0,0.3161299672655104,0.0999381562032927,0.3836994383608574
1,2025-01-14,2025-01-15,82.39,6355,6354,0.1358076025096632,0.4166719841911169,83.48,78.9239407605476,82.40602178024105,86.04173030650436,7.117789545956768,0,1,0,1.0739782197589562,1.153429216516617,1.2865096068027746
1,2025-01-15,2025-01-16,83.48,6356,6355,0.1363107250229814,0.4166471734751765,82.39,79.96845414561143,83.49640387167064,87.17999533674528,7.211541191133847,0,1,0,1.1064038716706364,1.224129527247774,1.342886116847477
1,2025-01-16,2025-01-17,82.39,6357,6356,0.1357717157914879,0.4166228580762854,83.02,78.92433767549822,82.40601673828463,86.04128706902804,7.116949393529822,0,1,0,0.6139832617153616,0.3769754456666341,0.7395606621481108
1,2025-01-17,2025-01-20,83.02,6358,6357,0.1360534147900127,0.4165927044717555,81.68,79.52817862608178,83.03623617284784,86.69903720757034,7.17085858148856,0,1,0,1.3562361728478294,1.8393765565409272,1.6604262645051775
1,2025-01-20,2025-01-21,81.68,6359,6358,0.135392431185487,0.4165728383186643,80.57,78.24449742957617,81.69576250855013,85.29925849240102,7.054761062824852,0,1,0,1.1257625085501388,1.2673412256571013,1.3972477455009793
1,2025-01-21,2025-01-22,80.57,6360,6359,0.1348327185632305,0.4165492359920474,80.0,77.18120493545915,80.5853724592289,84.13968478236504,6.958479846905888,0,1,0,0.5853724592289069,0.3426609160236983,0.7317155740361336
1,2025-01-22,2025-01-23,80.0,6361,6360,0.1345312589702167,0.4165190100853571,78.62,76.6353314485974,80.01517198329,83.5440732948335,6.908741846236097,0,1,0,1.3951719832899985,1.9465048629573471,1.7745764223988785
1,2025-01-23,2025-01-24,78.62,6362,6361,0.1338268903917814,0.4165009791160991,78.71,75.31330442399852,78.63469281685678,82.1025575984565,6.789253174457983,0,1,0,0.0753071831432095,0.0056711718329648,0.095676766793558
1,2025-01-24,2025-01-27,78.71,6363,6362,0.1338511887491875,0.4164682827628422,77.3,75.39978588312945,78.72472148132317,82.19627814219831,6.796492259068856,0,1,0,1.424721481323175,2.029831299343702,1.843106702876035
1,2025-01-27,2025-01-28,77.3,6364,6363,0.1331208642903796,0.4164514107937795,78.01,74.04900151396932,77.31423585279492,80.7234526231113,6.674451109141984,0,1,0,0.6957641472050824,0.4840877485360155,0.8918909719331911
1,2025-01-28,2025-01-29,78.01,6365,6364,0.1334635782582252,0.4164225011520817,77.02,74.72947016591344,78.02447644789359,81.46476766731786,6.735297501404418,0,1,0,1.0044764478935946,1.0089729343729332,1.304176120350032
1,2025-01-29,2025-01-30,77.02,6366,6365,0.1329402726866862,0.4163977647381692,77.42,73.78114123133368,77.03413591071303,80.43055442723379,6.6494131959001095,0,1,0,0.3858640892869687,0.1488910954012617,0.498403628632096
1,2025-01-30,2025-01-31,77.42,6367,6366,0.1331249343141162,0.4163662402486895,77.11,74.16462082368021,77.43427010094827,80.84806636201546,6.683445538335249,0,1,0,0.3242701009482687,0.1051510983690003,0.4205292451669935
1,2025-01-31,2025-02-03,77.11,6368,6367,0.1329455740489032,0.4163343736932115,76.49,73.8678510126956,77.12416212918889,80.52402097235931,6.656169959663714,0,1,0,0.6341621291888941,0.4021616060973916,0.829078479786762
1,2025-02-03,2025-02-04,76.49,6369,6368,0.1326065734800557,0.4163049178210834,76.58,73.27404802157385,76.50394906577444,79.8762233108149,6.602175289241046,0,1,0,0.076050934225563,0.0057837445965809,0.0993091332274263
1,2025-02-04,2025-02-05,76.58,6370,6369,0.1326322979660781,0.4162722761968826,74.71,73.36052361769899,76.59397742749489,79.96994962489893,6.609426007199943,0,1,0,1.883977427494898,3.549370947310293,2.52172055614362
1,2025-02-05,2025-02-06,74.71,6371,6370,0.1316457298470187,0.4162690685942266,74.54,71.5688836928681,74.72334397095868,78.01683980657944,6.447956113711342,0,1,0,0.1833439709586741,0.0336150116868951,0.2459672269367777
1,2025-02-06,2025-02-07,74.54,6372,6371,0.1315350769662371,0.4162366798849788,74.68,71.40624329761931,74.55328485952876,77.83902396572863,6.4327806681093165,0,1,0,0.1267151404712478,0.016056726824648,0.1696774778672306
1,2025-02-07,2025-02-10,74.68,6373,6372,0.131588698075306,0.416204149109232,76.23,71.54061772766057,74.69332971765193,77.98497806586253,6.44436033820196,0,1,0,1.5366702823480691,2.361355556651695,2.015834031677908
1,2025-02-10,2025-02-11,76.23,6374,6373,0.1323885455300537,0.4161911897417092,77.65,73.02579055563048,76.24385000820863,79.60372109420467,6.5779305385741935,0,1,0,1.406149991791381,1.9772577994149,1.8108821529831045
1,2025-02-11,2025-02-12,77.65,6375,6374,0.1331040627352526,0.4161743991726261,75.38,74.38644575186588,77.66433067373679,81.08665763007282,6.700211878206943,0,1,0,2.2843306737367897,5.218166626974775,3.030420103126545
1,2025-02-12,2025-02-13,75.38,6376,6375,0.1319279768469779,0.4161840803415317,75.61,72.2114410478593,75.3935586659706,78.71590160556225,6.504460557702956,0,1,0,0.2164413340293975,0.0468468510764252,0.2862601957801846
1,2025-02-13,2025-02-14,75.61,6377,6376,0.1320278556837946,0.4161518274176244,75.19,72.43204774562346,75.62363403732955,78.95585176738982,6.523804021766352,0,1,0,0.4336340373295542,0.1880384783307292,0.5767176982704538
1,2025-02-14,2025-02-17,75.19,6378,6377,0.1317876813331173,0.416120762128739,75.81,72.02986760026664,75.20349048613984,78.51694262003598,6.487075019769335,0,1,0,0.6065095138601606,0.3678537904028883,0.8000389313549143
1,2025-02-17,2025-02-18,75.81,6379,6378,0.1320927525353581,0.4160911975896543,76.46,72.62412378933149,75.82369721930823,79.1642330402876,6.540109250956107,0,1,0,0.6363027806917643,0.4048812287160714,0.8322034798479785
1,2025-02-18,2025-02-19,76.46,6380,6379,0.132410693863019,0.4160618925465178,76.34,73.24712624419044,76.47391484533443,79.84285461622893,6.595728372038494,0,1,0,0.1339148453344307,0.0179331858009445,0.175418974763467
1,2025-02-19,2025-02-20,76.34,6381,6380,0.1323279589388392,0.4160294252455797,76.95,73.13239461925524,76.35387203149438,79.7172553224019,6.58486070314666,0,1,0,0.5961279685056269,0.3553685548346457,0.7746952157318088
1,2025-02-20,2025-02-21,76.95,6382,6381,0.1326227246917313,0.4159996907427192,74.88,73.717080994081,76.9640766801035,80.35409187860365,6.6370108845226525,0,1,0,2.0840766801035078,4.3433756085512565,2.783222062104043
1,2025-02-21,2025-02-24,74.88,6383,6382,0.1315400740170587,0.4160028597015813,74.89,71.73371629103647,74.8933758573126,78.19220914957077,6.458492858534299,0,1,0,0.003375857312605,1.139641259506889e-05,0.0045077544566765
1,2025-02-24,2025-02-25,74.89,6384,6383,0.1315247361230984,0.4159702666330943,73.11,71.74353789694183,74.90337711465325,78.20238683014706,6.458848933205232,0,1,0,1.7933771146532536,3.216201475362029,2.4529847006609957
1,2025-02-25,2025-02-26,73.11,6385,6384,0.1305661748502502,0.4159655473864112,73.49,70.03809199777025,73.12278158839577,76.34333024655294,6.305238248782686,0,1,0,0.3672184116042274,0.1348493618211317,0.499684870872537
1,2025-02-26,2025-02-27,73.49,6386,6385,0.1307508259118113,0.4159341579191474,75.01,70.40240951755494,73.50290568953146,76.73994657039388,6.33753705283894,0,1,0,1.5070943104685457,2.2713332606466605,2.0091911884662648
1,2025-02-27,2025-02-28,75.01,6387,6386,0.1315463331325009,0.4159211280843458,74.76,71.85887402123828,75.02341106408612,78.32730869157932,6.46843467034104,0,1,0,0.2634110640861138,0.0693853886829787,0.3523422473061982
1,2025-02-28,2025-03-03,74.76,6388,6387,0.131394259873864,0.4158891485455838,72.85,71.61957425216588,74.77332518988429,78.06595080091672,6.446376548750848,0,1,0,1.9233251898842951,3.69917978604346,2.640116938756754
1,2025-03-03,2025-03-04,72.85,6389,6388,0.1303661258220134,0.4158887967673269,72.31,69.78952502291445,72.86268752174729,76.07117588418406,6.281650861269611,0,1,0,0.5526875217472877,0.3054634966951586,0.7643306897348745
1,2025-03-04,2025-03-05,72.31,6390,6389,0.130053403970201,0.4158589926006952,70.92,69.27234213644967,72.32250728345772,75.5069757777627,6.234633641313039,0,1,0,1.402507283457723,1.9670266801519616,1.9775906422133716
1,2025-03-05,2025-03-06,70.92,6391,6390,0.1292751481280901,0.41584463094404,71.08,67.94062728818142,70.9320494786566,74.05518382839266,6.11455654021124,0,1,0,0.1479505213434038,0.0218893567657849,0.2081464847262293
1,2025-03-06,2025-03-07,71.08,6392,6391,0.1293438613056859,0.4158122968157562,72.49,68.09415597334937,71.09209984093233,74.22203253053252,6.127876557183143,0,1,0,1.3979001590676603,1.9541248547213896,1.928404137215699
1,2025-03-07,2025-03-10,72.49,6393,6392,0.1301054943382019,0.4157977407555636,71.08,69.44524266725043,72.50256073246926,75.6944768405908,6.249234173340369,0,1,0,1.4225607324692646,2.0236790375634905,2.0013516213692526
1,2025-03-10,2025-03-11,71.08,6394,6393,0.1293186051684675,0.4157838284108927,71.51,68.09435321062072,71.09209605526976,74.22180963961947,6.127456428998741,0,1,0,0.4179039447302415,0.1746437070210967,0.5843993074118885
1,2025-03-11,2025-03-12,71.51,6395,6394,0.1295367601776093,0.4157529367325574,72.36,68.50657355333104,71.52223479229393,74.67064552136384,6.1640719680328,0,1,0,0.8377652077060702,0.7018505432427949,1.157773918886222
1,2025-03-12,2025-03-13,72.36,6396,6395,0.1299848070502645,0.4157268515365886,70.82,69.32118707414784,72.37251201062321,75.55814774385397,6.2369606697061215,0,1,0,1.552512010623218,2.410293543129347,2.1921943103970887
1,2025-03-13,2025-03-14,70.82,6397,6396,0.129126172676812,0.4157166305468613,71.94,67.8457023659539,70.83200557355141,73.94975420122289,6.10405183526899,0,1,0,1.1079944264485846,1.227651649041128,1.540164618360557
1,2025-03-14,2025-03-17,71.94,6398,6397,0.1297288529440388,0.4156955465063323,71.93,68.9189824030905,71.95237002139551,75.1192686133401,6.200286210249601,0,1,0,0.0223700213955027,0.0005004178572352,0.0310997099895769
1,2025-03-17,2025-03-18,71.93,6399,6398,0.1297031008648746,0.4156630583725286,71.93,68.90963095928446,71.94236480543816,75.10857019183332,6.198939232548867,0,1,0,0.0123648054381533,0.0001528884135233,0.0171900534382779
1,2025-03-18,2025-03-19,71.93,6400,6399,0.1296828300599741,0.4156305746751881,71.94,68.90986104690764,71.94236287296934,75.10831537191525,6.198454325007617,0,1,0,0.0023628729693427,5.583168669250806e-06,0.0032845051005598
1,2025-03-19,2025-03-20,71.94,6401,6400,0.1296680387214721,0.4155980972443365,72.61,68.919672748167,71.95236422244972,75.11850406076914,6.198831312602138,0,1,0,0.6576357775502828,0.432484815914165,0.9057096509437856
1,2025-03-20,2025-03-21,72.61,6402,6401,0.1300143663236295,0.4155695484700283,72.64,69.56184813006384,72.6225825998067,75.81798996490964,6.256141834845806,0,1,0,0.0174174001932954,0.0003033658294934,0.0239776985039859
1,2025-03-21,2025-03-24,72.64,6403,6402,0.1300103169291633,0.4155370886269426,73.96,69.59082540199636,72.65259051992841,75.84906313102833,6.258237729031976,0,1,0,1.307409480071584,1.7093195485810495,1.7677250947425422
1,2025-03-24,2025-03-25,73.96,6404,6403,0.130705029127329,0.4155196985935145,73.78,70.85574143196985,73.97302536171654,77.22745356378714,6.37171213181729,0,1,0,0.1930253617165362,0.0372587902657996,0.2616228811555113
1,2025-03-25,2025-03-26,73.78,6405,6404,0.1305888657368685,0.4154875733389864,74.6,70.68350285959337,73.79296355395897,77.0392135332163,6.355710673622923,0,1,0,0.8070364460410246,0.6513078252385277,1.081818292280194
1,2025-03-26,2025-03-27,74.6,6406,6405,0.1310056673510897,0.4154607345029889,74.72,71.46940813134148,74.6132343423734,77.89535249542068,6.4259443640792,0,1,0,0.106765657626596,0.0113989056484395,0.1428876574231746
1,2025-03-27,2025-03-28,74.72,6407,6406,0.1310484826383409,0.4154283975100264,74.69,71.58462815852702,74.73327231224819,78.02040932766036,6.435781169133335,0,1,0,0.0432723122481917,0.001872493007305,0.0579358846541595
1,2025-03-28,2025-03-31,74.69,6408,6407,0.1310122382600614,0.4153959871810553,77.23,71.55612083983365,74.703260230274,77.98881526184493,6.432694422011281,0,1,0,2.5267397697260066,6.384413863915032,3.271707587370201
1,2025-03-31,2025-04-01,77.23,6409,6408,0.1323286739907165,0.4154159464093924,77.78,73.9897773570883,77.24411215096498,80.6415842177047,6.651806860616404,0,1,0,0.5358878490350207,0.2871757867433812,0.6889789779313714
1,2025-04-01,2025-04-02,77.78,6410,6409,0.1325879905268122,0.4153857935515522,77.27,74.51701503519853,77.79429657149026,81.21571397075297,6.698698935554447,0,1,0,0.5242965714902681,0.2748868948764498,0.6785253934130556
1,2025-04-02,2025-04-03,77.27,6411,6410,0.1323095765860659,0.415355549993696,72.54,74.02856416923707,77.28412129727563,80.68284819137494,6.6542840221378725,1,0,0,4.744121297275626,22.50668688326417,6.540007302558072
1,2025-04-03,2025-04-04,72.54,6412,6411,0.1298848537368068,0.4155130203667269,68.36,69.49516452363113,72.55253994478416,75.74442176692128,6.249257243290145,1,0,0,4.192539944784159,17.577391188610754,6.133030931515738
1,2025-04-04,2025-04-07,68.36,6413,6412,0.1276016738564753,0.4156481496543438,66.13,65.4890933279128,68.37118265244904,71.38010895780916,5.891015629896359,0,1,0,2.241182652449041,5.022899681638518,3.3890558784954496
1,2025-04-07,2025-04-08,66.13,6414,6413,0.1263003605862248,0.4156682455092934,64.86,63.35228520427005,66.14047411970702,69.05137364302657,5.699088438756512,0,1,0,1.2804741197070229,1.639613971239475,1.974212333806696
1,2025-04-08,2025-04-09,64.86,6415,6414,0.1255263053276901,0.4156538995264183,67.3,62.1355330721273,64.87007524514868,67.72496274275835,5.5894296706310485,0,1,0,2.4299247548513137,5.904534314239217,3.610586559957375
1,2025-04-09,2025-04-10,67.3,6416,6415,0.1269839816935741,0.4156853989604226,65.37,64.4731991808762,67.31084012713119,70.2733733734762,5.800174192600011,0,1,0,1.9408401271311817,3.7668603990825815,2.969007384321832
1,2025-04-10,2025-04-11,65.37,6417,6416,0.1258381693491592,0.41569344082388,66.83,62.62392718270596,65.3802311150186,68.25784988191702,5.633922699211063,0,1,0,1.4497688849813954,2.101829819860199,2.1693384482738223
1,2025-04-11,2025-04-14,66.83,6418,6417,0.1266954383253483,0.4156837666552012,67.18,64.02287827701281,66.84068806986762,69.78251684222462,5.759638565211816,0,1,0,0.3393119301323821,0.1151325859301625,0.5050787885269159
1,2025-04-14,2025-04-15,67.18,6419,6418,0.1268812975333086,0.4156525871699094,66.58,64.35843560490837,67.19079705635414,70.14780838961003,5.789372784701669,0,1,0,0.6107970563541443,0.3730730440508877,0.9173881891771468
1,2025-04-15,2025-04-16,66.58,6420,6419,0.1265109644959363,0.4156241427225049,67.94,63.78373289135158,66.59060588947673,69.5209984069286,5.737265515577015,0,1,0,1.3493941105232636,1.8208644655148696,1.9861555939406292
1,2025-04-16,2025-04-17,67.94,6421,6420,0.1272928663433394,0.4156107726078168,69.33,65.08690834275188,67.95103486677229,70.94119627176136,5.854287929009473,0,1,0,1.3789651332277089,1.901544838657713,1.988987643484363
1,2025-04-17,2025-04-22,69.33,6422,6421,0.128075804062112,0.4155974610085055,68.93,66.418835712992,69.34147759034373,72.39272508764581,5.973889374653808,0,1,0,0.411477590343722,0.1693138073550759,0.5969499352150326
1,2025-04-22,2025-04-23,68.93,6423,6422,0.127829501919938,0.4155667698237559,68.26,66.03578049887618,68.94134747710895,71.9747590783812,5.938978579505019,0,1,0,0.6813474771089432,0.4642343845627218,0.9981650704789672
1,2025-04-23,2025-04-24,68.26,6424,6423,0.1274283129461911,0.4155390706800415,67.5,65.39399889331013,68.27113160887647,71.27484922218682,5.88085032887669,0,1,0,0.7711316088764733,0.5946439582084181,1.142417198335516
1,2025-04-24,2025-04-25,67.5,6425,6424,0.1269717964006734,0.4155128127738444,66.99,64.66597025439948,67.5108882926288,70.48096580209784,5.814995547698359,0,1,0,0.5208882926288112,0.271324613397758,0.7775612667992405
1,2025-04-25,2025-04-28,66.99,6426,6425,0.1266557410860163,0.4154833025626077,66.13,64.1775017930429,67.00072525401109,69.94814474143513,5.770642948392236,0,1,0,0.8707252540110915,0.7581624679726797,1.316687213081947
1,2025-04-28,2025-04-29,66.13,6427,6426,0.1261326841148798,0.4154590437425021,64.04,63.35363818673841,66.14045292855903,69.04985473289904,5.696216546160628,0,1,0,2.1004529285590223,4.411902505092173,3.2799077585243945
1,2025-04-29,2025-04-30,64.04,6428,6427,0.1248742748145677,0.4154758647529927,63.37,61.35096847856673,64.04980094809136,66.86735520602761,5.516386727460883,0,1,0,0.679800948091362,0.4621293290259147,1.0727488529136218
1,2025-04-30,2025-05-01,63.37,6429,6428,0.1244447621154418,0.4154489128269526,62.37,60.70917045751994,63.37959319950159,66.1674801988129,5.4583097412929575,0,1,0,1.0095931995015874,1.0192784284798522,1.618716048583594
1,2025-05-01,2025-05-02,62.37,6430,6429,0.123806976255625,0.4154287605313496,61.57,59.75113477381486,62.37928601226698,65.12303637629762,5.371901602482758,0,1,0,0.8092860122669805,0.6549438496509913,1.3144161316663645
1,2025-05-02,2025-05-06,61.57,6431,6430,0.1232851152227831,0.4154044944672379,62.37,58.98475463655657,61.57904184409872,64.2874318593356,5.302677222779025,0,1,0,0.7909581559012793,0.6256148043867524,1.2681708447992293
1,2025-05-06,2025-05-07,62.37,6432,6431,0.1237750013555933,0.4153798743671746,60.31,59.75143467098511,62.37928312416146,65.12270348838707,5.371268817401962,0,1,0,2.0692831241614584,4.2819326479394055,3.431077970753537
1,2025-05-07,2025-05-08,60.31,6433,6432,0.1224621623779889,0.4154012507206568,62.22,57.77749146596892,60.31866014758226,62.97159446845352,5.194103002484596,0,1,0,1.9013398524177347,3.615093234391893,3.0558338997392074
1,2025-05-08,2025-05-09,62.22,6434,6433,0.1236833472022535,0.4154143729994075,64.26,59.607494183386834,62.22923462618783,64.96628813563565,5.358793952248817,0,1,0,2.030765373812173,4.124008003474494,3.1602324522442777
1,2025-05-09,2025-05-12,64.26,6435,6434,0.124947875169897,0.4154306981994142,65.28,61.562041378805326,64.26985817447762,67.09677874960077,5.534737370795448,0,1,0,1.010141825522382,1.0203865076696903,1.5473986297830606
1,2025-05-12,2025-05-13,65.28,6436,6435,0.1255499370519609,0.4154098764924858,66.93,62.53950312669672,65.29017288129607,68.16182511449843,5.622321987801712,0,1,0,1.6398271187039342,2.6890329792368464,2.4500629294844374
1,2025-05-13,2025-05-14,66.93,6437,6436,0.1265198387779854,0.4154065980922341,65.91,64.12050396856337,66.94068801203488,69.88491097514668,5.764407006583312,0,1,0,1.0306880120348865,1.0623177781524262,1.5637809316262885
1,2025-05-14,2025-05-15,65.91,6438,6437,0.1259036836048304,0.415385670805236,64.36,63.1433048431344,65.9203662234042,68.81956359147102,5.676258748336629,0,1,0,1.560366223404202,2.434742751140692,2.4244347784403386
1,2025-05-15,2025-05-16,64.36,6439,6438,0.1249638465104711,0.415380442689236,65.2,61.658172960914605,64.3698829277973,67.20085317424025,5.542680213325646,0,1,0,0.8301170722026967,0.6890943535623771,1.2731856935624182
1,2025-05-16,2025-05-19,65.2,6440,6439,0.1254551388673084,0.4153559167018359,66.25,62.46319287395166,65.21014168363574,68.07789327998253,5.61470040603087,0,1,0,1.0398583163642598,1.0813053181119132,1.5695974586630337
1,2025-05-19,2025-05-20,66.25,6441,6440,0.1260657007615802,0.4153354527532276,66.93,63.46940902403138,66.26046778311557,69.17426297722332,5.704853953191943,0,1,0,0.6695322168844342,0.448273389446185,1.0003469548549742
1,2025-05-20,2025-05-21,66.93,6442,6441,0.1264476350381439,0.4153079661273687,65.86,64.12115132604065,66.94067971451531,69.88418810286542,5.7630367768247766,0,1,0,1.0806797145153126,1.1678686453648977,1.6408741489755734
1,2025-05-21,2025-05-22,65.86,6443,6442,0.125802754344659,0.4152882015884186,64.87,63.096025778972304,65.87034255930278,68.76664536811288,5.670619589140571,0,1,0,1.00034255930278,1.000685235952436,1.5420726981698472
1,2025-05-22,2025-05-23,64.87,6444,6443,0.1251954124939743,0.4152669959625042,65.41,62.14756246791345,64.8800329916978,67.73264330643863,5.58508083852518,0,1,0,0.5299670083021937,0.2808650298887774,0.810223220153178
1,2025-05-23,2025-05-27,65.41,6445,6444,0.1255014617020637,0.4152378849447186,64.32,62.66516810192818,65.42019909947958,68.29635313918291,5.631185037254731,0,1,0,1.1001990994795818,1.2104380584956829,1.7105085501859172
1,2025-05-27,2025-05-28,64.32,6446,6445,0.1248305523234507,0.4152192088832748,65.72,61.62086539191784,64.32985985200341,67.15794791679738,5.537082524879544,0,1,0,1.3901401479965898,1.9324896310719808,2.115246725496941
1,2025-05-28,2025-05-29,65.72,6447,6446,0.1256619175626284,0.4152085138116539,64.6,62.962394171346645,65.73029246987855,68.61987071867038,5.657476547323739,0,1,0,1.1302924698785546,1.277561067464163,1.749678745942035
1,2025-05-29,2025-05-30,64.6,6448,6447,0.1249764259277352,0.4151904685681084,64.32,61.88933848741827,64.60994323408667,67.45014354226036,5.560805054842092,0,1,0,0.2899432340866781,0.0840670789926422,0.4507823913039149
1,2025-05-30,2025-06-02,64.32,6449,6448,0.124787673607529,0.4151592191975265,66.55,61.6212440272683,64.32985526425186,67.15752568202487,5.536281654756571,0,1,0,2.220144735748136,4.929042647670159,3.336055200222593
1,2025-06-02,2025-06-03,66.55,6450,6449,0.126122632386522,0.4151812038465813,67.48,63.757867290433474,66.56054713999453,69.48642769674602,5.728560406312546,0,1,0,0.919452860005478,0.8453935617722533,1.3625561055208626
1,2025-06-03,2025-06-04,67.48,6451,6450,0.1266489522395499,0.4151578695232121,66.69,64.64914257502498,67.49083808434247,70.45744218557675,5.808299610551771,0,1,0,0.8008380843424732,0.6413416373333222,1.2008368336219422
1,2025-06-04,2025-06-05,66.69,6452,6451,0.1261720770966234,0.4151323895742637,67.14,63.89233436986724,66.70058777907308,69.6322720706859,5.739937700818658,0,1,0,0.4394122209269255,0.1930830998999332,0.6544715831500232
1,2025-06-05,2025-06-06,67.14,6453,6452,0.1264160232798017,0.4151022409116118,68.02,64.32372313591114,67.1507275611081,70.1019778108696,5.778254674958461,0,1,0,0.8692724388918975,0.7556345730170677,1.277965949561743
1,2025-06-06,2025-06-09,68.02,6454,6453,0.1269081828317263,0.4150778533622603,68.73,65.16710492486673,68.03100376484616,71.02076237065518,5.853657445788443,0,1,0,0.6989962351538423,0.4885957367592456,1.0170176562692308
1,2025-06-09,2025-06-10,68.73,6455,6454,0.1272960065303892,0.4150506056359215,68.41,65.84761630299064,68.74122749985523,71.76199570298246,5.914379399991816,0,1,0,0.3312274998552311,0.1097116566603471,0.4841799442409459
1,2025-06-10,2025-06-11,68.41,6456,6455,0.1270945508518429,0.4150195471554201,71.29,65.54119827175501,68.4211240278987,71.42759572124834,5.88639744949333,0,1,0,2.868875972101307,8.23044934330022,4.024233373686783
1,2025-06-11,2025-06-12,71.29,6457,6456,0.1287174141252825,0.4150667354980584,70.84,68.30052486626812,71.30204597702793,74.43547133004618,6.134946463778064,0,1,0,0.4620459770279268,0.2134864848876914,0.6522388156803032
1,2025-06-12,2025-06-13,70.84,6458,6457,0.1284511708491917,0.4150365756456231,76.0,67.86953892894525,70.85189860282125,73.96531072474282,6.095771795797575,0,0,1,5.148101397178749,26.50294799563379,6.773817627866776
1,2025-06-13,2025-06-16,76.0,6459,6458,0.1312708420062315,0.4152356689183089,75.05,72.81245870044538,76.01359089318036,79.35545789281868,6.542999192373301,0,1,0,0.963590893180367,0.9285074094201372,1.2839319029718417
1,2025-06-16,2025-06-17,75.05,6460,6459,0.1307629259160472,0.4152111655023081,78.7,71.90234350388518,75.0632727444849,78.36316092824534,6.460817424360158,0,0,1,3.6367272555150976,13.225785131006374,4.621000324669755
1,2025-06-17,2025-06-18,78.7,6461,6460,0.132638837526312,0.4152841665264458,78.38,75.39924149378456,78.71449474164,82.17551741475312,6.776275920968558,0,1,0,0.3344947416400003,0.1118867321848106,0.4267603236029604
1,2025-06-18,2025-06-19,78.38,6462,6461,0.1324597465865115,0.4152528742253152,80.37,75.09285660617185,78.39438413425336,81.84106640156452,6.748209795392668,0,1,0,1.9756158657466472,3.903058048989874,2.4581508843432216
1,2025-06-19,2025-06-20,80.37,6463,6462,0.1334290697630091,0.4152498255842586,78.73,76.99971978606011,80.38505894091438,83.91923657498948,6.919516788929371,0,1,0,1.6550589409143726,2.7392200979006045,2.102196038250187
1,2025-06-20,2025-06-23,78.73,6464,6463,0.1326129912080529,0.4152380152331754,74.34,75.42834196175266,78.74449817913722,82.20644696960625,6.778105007853583,1,0,0,4.404498179137221,19.39960421002309,5.9248025008571705
1,2025-06-23,2025-06-24,74.34,6465,6464,0.1304202764462926,0.4153613983978431,69.13,71.22089832023019,74.35302767196823,77.62290078301562,6.402002462785433,1,0,0,5.223027671968239,27.280018062145967,7.555370565555099
1,2025-06-24,2025-06-25,69.13,6466,6465,0.1276712563499563,0.4155781350604927,68.4,66.22726211763042,69.1413356879641,72.18363175311018,5.95636963547976,0,1,0,0.7413356879640958,0.5495786022491992,1.0838241052106663
1,2025-06-25,2025-06-26,68.4,6467,6466,0.1272400367686776,0.4155514425530585,68.57,65.52798648126085,68.41110193209155,71.42106936097282,5.893082879711969,0,1,0,0.1588980679084386,0.0252485959850347,0.231731176765989
1,2025-06-26,2025-06-27,68.57,6468,6467,0.1273171921039604,0.4155195601103094,69.37,65.6910890144873,68.58115412772247,71.59836702437916,5.907278009891854,0,1,0,0.788845872277534,0.6222778102093035,1.1371570884784978
1,2025-06-27,2025-06-30,69.37,6469,6468,0.1277519776419858,0.4154935652935109,68.15,66.45779753270878,69.38140694206167,72.43363168769996,5.975834154991176,0,1,0,1.2314069420616676,1.5163630569576672,1.8069067381682573
1,2025-06-30,2025-07-01,68.15,6470,6469,0.1270472813775237,0.4154764789833645,67.63,65.2889488626147,68.16101764334707,71.1594290781573,5.8704802155426,0,1,0,0.5310176433470701,0.2819797375458762,0.7851806052743903
1,2025-07-01,2025-07-02,67.63,6471,6470,0.1267305049038879,0.415447232284738,70.8,64.79089735620047,67.64085180976782,70.61616708898873,5.825269732788257,0,0,1,3.159148190232173,9.980217287847216,4.462073715017194
1,2025-07-02,2025-07-03,70.8,6472,6471,0.1285353637321274,0.415512778940184,70.42,67.82783877611766,70.81185997329598,73.92716034235828,6.099321566240619,0,1,0,0.3918599732959791,0.1535542386715254,0.5564611946832989
1,2025-07-03,2025-07-04,70.42,6473,6472,0.1283065544237784,0.4154821148467864,71.03,67.46394756177811,70.43173592885404,73.53007947554917,6.066131913771059,0,1,0,0.5982640711459624,0.3579198988241411,0.8422695637701849
1,2025-07-04,2025-07-07,71.03,6474,6473,0.1286239029467177,0.4154533672777105,71.95,68.04863293037775,71.04193042063359,74.1668959471061,6.118263016728349,0,1,0,0.908069579366412,0.8245903609706924,1.2620841964786824
1,2025-07-07,2025-07-08,71.95,6475,6474,0.1291081020234872,0.4154288325261435,72.5,68.93032791418287,71.96222612726682,75.12748228383754,6.197154369654669,0,1,0,0.5377738727331831,0.2892007381944458,0.7417570658388732
1,2025-07-08,2025-07-09,72.5,6476,6475,0.1293856117219475,0.4153993435814877,71.98,69.45753703870207,72.5124029638508,75.70162732177025,6.244090283068175,0,1,0,0.5324029638507994,0.2834529159171156,0.7396540203539864
1,2025-07-09,2025-07-10,71.98,6477,6476,0.1290865818283424,0.4153698089850361,70.38,68.95949140372963,71.99223208154672,75.15834839528661,6.19885699155698,0,1,0,1.612232081546722,2.599292284768476,2.290753170711455
1,2025-07-10,2025-07-11,70.38,6478,6477,0.1282020341562192,0.4153617639699581,72.06,67.42645289307714,70.39171403233152,73.48738057253311,6.060927679455972,0,1,0,1.6682859676684814,2.783178069919561,2.3151345651796853
1,2025-07-11,2025-07-14,72.06,6479,6478,0.129110584547652,0.4153553921795151,70.96,69.03624569376787,72.072254253958,75.24177743222911,6.205531738461247,0,1,0,1.1122542539579996,1.2371095254476665,1.5674383511245769
1,2025-07-14,2025-07-15,70.96,6480,6479,0.1284970480233612,0.4153346583186496,70.27,67.98238633456938,70.97189682416409,74.09287038013915,6.110484045569763,0,1,0,0.7018968241640948,0.4926591517716422,0.9988570146066528
1,2025-07-15,2025-07-16,70.27,6481,6480,0.1280991391466302,0.4153072297436783,69.67,67.32142809139583,70.28167334396156,73.37208594745516,6.050657856059331,0,1,0,0.6116733439615558,0.3741442797131117,0.8779580076956448
1,2025-07-16,2025-07-17,69.67,6482,6481,0.1277474304319821,0.4152787603625038,71.32,66.74671132628684,69.68147968806025,72.74528609779327,5.998574771506426,0,1,0,1.6385203119397431,2.684748812639113,2.2974205158998084
1,2025-07-17,2025-07-18,71.32,6483,6482,0.1286482117573426,0.4152720079672433,71.06,68.32777165972283,71.33200733401533,74.46833325166654,6.140561591943708,0,1,0,0.2720073340153277,0.073987989758126,0.38278544049441
1,2025-07-18,2025-07-21,71.06,6484,6483,0.12848668509522,0.4152406572223049,71.92,68.0788609812607,71.07192167682865,74.19657112400365,6.117710142742951,0,1,0,0.8480783231713502,0.7192368422331291,1.179196778603101
1,2025-07-21,2025-07-22,71.92,6485,6484,0.1289371383230019,0.415215215958638,69.69,68.9030895893384,71.93219755333577,75.09447073695154,6.191381147613129,0,1,0,2.242197553335771,5.027449868184918,3.2173877935654627
1,2025-07-22,2025-07-23,69.69,6486,6485,0.1277127774210166,0.4152301223185987,69.17,66.76620479437761,69.70147898511807,72.76579802124643,5.999593226868811,0,1,0,0.5314789851180706,0.2824699116221342,0.7683663222756549
1,2025-07-23,2025-07-24,69.17,6487,6486,0.1274032304968267,0.4152008476659986,70.42,66.26814383854435,69.18131169066146,72.22254329170876,5.954399453164413,0,1,0,1.238688309338542,1.5343487276919758,1.7590007232867682
1,2025-07-24,2025-07-25,70.42,6488,6487,0.1280854570799604,0.415183573013532,69.23,67.46600850840224,70.43170878941098,73.52777661922289,6.061768110820651,0,1,0,1.201708789410972,1.4441040145475843,1.7358208716033108
1,2025-07-25,2025-07-28,69.23,6489,6488,0.1274094978499995,0.4151654244455069,70.87,66.32587565041867,69.241327265837,72.2849318538093,5.959056203390631,0,1,0,1.628672734163004,2.652574875005995,2.29811307205165
1,2025-07-28,2025-07-29,70.87,6490,6489,0.1283095963924501,0.4151587103831707,73.21,67.89736990969298,70.88184955992458,73.99751424419348,6.100144334500499,0,1,0,2.3281504400754187,5.420284471623366,3.180098948334133
1,2025-07-29,2025-07-30,73.21,6491,6490,0.129571452706893,0.4151755622922943,73.98,70.13944580165492,73.22260542968954,76.44129326418911,6.301847462534198,0,1,0,0.757394570310467,0.5736465351357769,1.0237828741693256
1,2025-07-30,2025-07-31,73.98,6492,6491,0.1299597402467202,0.4151485267954376,73.43,70.8774615837218,73.9928553151705,77.24518507515465,6.367723491432855,0,1,0,0.5628553151704949,0.3168061058156771,0.7665195630811588
1,2025-07-31,2025-08-01,73.43,6493,6492,0.1296511905896458,0.415119272926613,70.55,70.35065772223325,73.44267335888581,76.67058766382165,6.319929941588399,0,1,0,2.892673358885816,8.367559161207746,4.100174853133686
1,2025-08-01,2025-08-04,70.55,6494,6493,0.1281096911397262,0.415162781689093,69.56,67.59070967051258,70.56173960733746,73.66336469442098,6.072655023908396,0,1,0,1.0017396073374556,1.0034822409085995,1.44010869369962
1,2025-08-04,2025-08-05,69.56,6495,6494,0.12754553588012,0.4151403656731744,69.14,66.64224426638582,69.57142168879749,72.62934748195234,5.9871032155665205,0,1,0,0.4314216887974851,0.186124673564874,0.6239827723423274
1,2025-08-05,2025-08-06,69.14,6496,6495,0.1272916698856229,0.4151102093666989,67.97,66.24000507651016,69.15128649705339,72.19052019507325,5.950515118563089,0,1,0,1.1812864970533925,1.395437788120674,1.7379527689471712
1,2025-08-06,2025-08-07,67.97,6497,6496,0.1266157488978269,0.4150921249718325,66.99,65.11902863058461,67.98091518950451,70.96857749859092,5.849548868006309,0,1,0,0.9909151895045198,0.9819129127907784,1.4791986707038662
1,2025-08-07,2025-08-08,66.99,6498,6497,0.1260371314499145,0.4150702480931051,67.17,64.18013472586244,67.00060638693128,69.94502699925852,5.764892273396072,0,1,0,0.1693936130687205,0.0286941961484754,0.2521864121910385
1,2025-08-08,2025-08-11,67.17,6499,6498,0.1261219207526545,0.4150386015208318,67.36,64.35282073240869,67.18066099159644,70.13276434353554,5.779943611126853,0,1,0,0.1793390084035593,0.0321624799351719,0.2662396205516023
1,2025-08-11,2025-08-12,67.36,6500,6499,0.1262121765313897,0.4150069964450498,66.8,64.53508974737521,67.37071878379643,70.3309434791634,5.795853731788185,0,1,0,0.5707187837964369,0.3257199301780841,0.8543694368210133
1,2025-08-12,2025-08-13,66.8,6501,6500,0.1258705034562526,0.4149784475518817,66.25,63.9986803018941,66.81054222897997,69.74594682069106,5.7472665187969625,0,1,0,0.5605422289799691,0.3142075904698321,0.8461014777056137
1,2025-08-13,2025-08-14,66.25,6502,6501,0.1255320357669849,0.4149498406394069,68.12,63.47185093819205,66.26036955442157,69.1713965890779,5.699545650885852,0,1,0,1.859630445578432,3.4582253941222376,2.729933126216136
1,2025-08-14,2025-08-15,68.12,6503,6502,0.1266063981811048,0.4149537050537416,67.3,65.26368544269553,68.13095228122823,71.12418839452042,5.860502951824884,0,1,0,0.8309522812282353,0.6904816936784082,1.2346987834000525
1,2025-08-15,2025-08-18,67.3,6504,6503,0.1261205421586606,0.4149288260515607,68.18,64.478113103142,67.31069342453708,70.26771149528626,5.789598392144271,0,1,0,0.8693065754629288,0.7556939221430847,1.27501697779837
1,2025-08-18,2025-08-19,68.18,6505,6504,0.1266076813762379,0.4149046105016676,66.62,65.32150750635716,68.19096778752247,71.18647847106683,5.86497096470967,0,1,0,1.5709677875224628,2.467939789433222,2.3581023529307457
1,2025-08-19,2025-08-20,66.62,6506,6505,0.1257020587258246,0.4148980748737007,67.61,63.8267260917508,66.6304781017407,69.55739208187809,5.730665990127292,0,1,0,0.9795218982592928,0.9594631491694884,1.448782573967302
1,2025-08-20,2025-08-21,67.61,6507,6506,0.1262582206196524,0.4148761250850131,68.41,64.7755095391631,67.62078549254133,70.59104070595885,5.815531166795751,0,1,0,0.7892145074586665,0.6228595387832255,1.153653716501486
1,2025-08-21,2025-08-22,68.41,6508,6507,0.1266969785381102,0.4148505244761159,68.29,65.54226097190636,68.42103512424069,71.42625197930235,5.883991007395991,0,1,0,0.1310351242406824,0.017170203784771,0.1918803986538035
1,2025-08-22,2025-08-26,68.29,6509,6508,0.1266095974727917,0.4148188175133165,66.89,65.4274870374584,68.30099564878518,71.30070583246703,5.873218795008626,0,1,0,1.4109956487851747,1.990908720890696,2.1094268930859243
1,2025-08-26,2025-08-27,66.89,6510,6509,0.1257966291600096,0.4148072824842506,67.75,64.08604192615432,66.90055567354439,69.83867648724969,5.752634561095363,0,1,0,0.8494443264556111,0.7215556637476268,1.2537923637721196
1,2025-08-27,2025-08-28,67.75,6511,6510,0.1262749000724823,0.4147828455689671,68.61,64.91028179548822,67.76082271583584,70.73654539959311,5.826263604104895,0,1,0,0.8491772841641563,0.7211020599404122,1.237687340277155
1,2025-08-28,2025-08-29,68.61,6512,6511,0.1267467080883404,0.4147582239522852,67.83,65.73452862456092,68.62109135330024,71.6344100588647,5.899881434303779,0,1,0,0.7910913533002457,0.6258255292664142,1.1662853505827004
1,2025-08-29,2025-09-01,67.83,6513,6512,0.1262873842585529,0.4147326449333495,67.09,64.98727524797162,67.84084446153264,70.81971293137903,5.832437683407406,0,1,0,0.7508444615326368,0.5637674054142353,1.1191600261330106
1,2025-09-01,2025-09-02,67.09,6514,6513,0.1258459553976273,0.4147065782604155,68.09,64.27835208662916,67.10061149063957,70.04678739040567,5.7684353037765135,0,1,0,0.9893885093604382,0.97888962245447,1.4530599344403556
1,2025-09-02,2025-09-03,68.09,6515,6514,0.1264031500932217,0.4146847339019269,67.76,65.23673773478889,68.10092268378921,71.09085817929034,5.854120444501447,0,1,0,0.3409226837892021,0.1162282763220322,0.5031326502201919
1,2025-09-03,2025-09-04,67.76,6516,6515,0.1261963140786607,0.4146540771886529,66.41,64.92072235816907,67.77081754067513,70.74603521495706,5.825312856787988,0,1,0,1.3608175406751286,1.8518243790091051,2.049115405323187
1,2025-09-04,2025-09-05,66.41,6517,6516,0.1254066091505556,0.4146414411941813,64.92,63.62717525844793,66.42039525578599,69.33623704046316,5.709061782015233,0,1,0,1.500395255785989,2.2511859235851035,2.3111448795224723
1,2025-09-05,2025-09-08,64.92,6518,6517,0.1245200046581438,0.4146339663072791,65.44,62.199441876819165,64.9299343808994,67.78029274052223,5.580850863703063,0,1,0,0.510065619100601,0.2601669357884794,0.779440126987471
1,2025-09-08,2025-09-09,65.44,6519,6518,0.1248105270652866,0.4146050082259597,67.97,62.69791398727799,65.45009252744856,68.32308029770789,5.625166310429897,0,1,0,2.519907472551438,6.349933670220576,3.7073818928224775
1,2025-09-09,2025-09-10,67.97,6520,6519,0.1262853017039347,0.4146397363655846,67.62,65.12204424420264,67.98087667601406,70.96521074046049,5.843166496257851,0,1,0,0.3608766760140582,0.1302319752909555,0.5336833422272379
1,2025-09-10,2025-09-11,67.62,6521,6520,0.126066940871186,0.4146092532452202,67.25,64.78686105245184,67.63076545759047,70.59950678389153,5.812645731439687,0,1,0,0.3807654575904706,0.1449823336940805,0.5661939889821125
1,2025-09-11,2025-09-12,67.25,6522,6521,0.1258361891644794,0.4145789425245159,67.87,64.4325098665626,67.26064831643747,70.21292234799655,5.780412481433956,0,1,0,0.6093516835625366,0.3713094742604976,0.8978218411117379
1,2025-09-12,2025-09-15,67.87,6523,6522,0.1261730530834619,0.4145509439180215,67.88,65.02681306234999,67.8808403538485,70.86013092363204,5.833317861282055,0,1,0,0.0008403538485026,7.061945906932533e-07,0.0012379991875407
1,2025-09-15,2025-09-16,67.88,6524,6523,0.1261593999887643,0.4145191617390533,69.69,65.03660819685288,67.89084182222255,70.87033796994783,5.833729773094944,0,1,0,1.7991581777774428,3.236970148663449,2.5816590296706026
1,2025-09-16,2025-09-17,69.69,6525,6524,0.1271697473383204,0.4145192626439617,69.19,66.77105699702972,69.7014103589582,72.76036690933326,5.98930991230354,0,1,0,0.5114103589582015,0.2615405552497565,0.7391391226451821
1,2025-09-17,2025-09-18,69.19,6526,6525,0.1268732149694275,0.4144900191886115,67.83,66.29212538735382,69.20125039227912,72.23803774389842,5.945912356544596,0,1,0,1.3712503922791228,1.880327638325648,2.0215986912562625
1,2025-09-18,2025-09-19,67.83,6527,6526,0.1260949342965583,0.4144769164792754,67.05,64.98897498757177,67.84082119543224,70.81781211891322,5.828837131341459,0,1,0,0.7908211954322439,0.6253981631448834,1.1794499559019298
1,2025-09-19,2025-09-22,67.05,6528,6527,0.1256317187353598,0.4144515634009274,66.87,64.2416982448399,67.06057628719337,70.00314460603019,5.761446361190295,0,1,0,0.190576287193366,0.0363193212404083,0.284995195443945
1,2025-09-22,2025-09-23,66.87,6529,6528,0.1255088565802612,0.4144201903903968,67.96,64.06941765194433,66.88051873773404,69.81495931378501,5.745541661840676,0,1,0,1.0794812622659578,1.1652797955833054,1.5884068014507913
1,2025-09-23,2025-09-24,67.96,6530,6529,0.1261186488255289,0.4144003867060868,69.64,65.1140606602263,67.97085688613427,70.95299139679379,5.838930736567491,0,1,0,1.6691431138657291,2.786038734565383,2.3968166482850792
1,2025-09-24,2025-09-25,69.64,6531,6530,0.1270530775892895,0.4143960557984589,70.48,66.72398566672886,69.65138403939024,72.70721690448535,5.983231237756485,0,1,0,0.8286159606097669,0.6866044101772468,1.1756753130104525
1,2025-09-25,2025-09-26,70.48,6532,6531,0.1274989515826138,0.4143708363595867,71.15,67.52911134944195,70.49164900102943,73.58415473840526,6.055043388963313,0,1,0,0.658350998970576,0.4334260378455554,0.9253000688272326
1,2025-09-26,2025-09-29,71.15,6533,6532,0.1278461093996279,0.4143431349060182,69.0,68.17135217644518,71.16186101384497,74.28355608741359,6.112203910968404,0,1,0,2.1618610138449696,4.6736430431828,3.1331319041231445
1,2025-09-29,2025-09-30,69.0,6534,6533,0.1266613151439216,0.4143557202178973,68.52,66.11096210287012,69.01117671017349,72.03862051670295,5.92765841383283,0,1,0,0.4911767101734909,0.2412545606168535,0.7168369967505707
1,2025-09-30,2025-10-01,68.52,6535,6534,0.1263736788666555,0.4143263810702186,66.67,65.65118756952872,68.53102404276721,71.53718661031756,5.885999040788846,0,1,0,1.8610240427672124,3.4634104877576197,2.7913964943261025
1,2025-10-01,2025-10-02,66.67,6536,6535,0.1253134996025794,0.4143299485432435,65.44,63.8783511025124,66.68044547966942,69.60545681950593,5.727105716993535,0,1,0,1.2404454796694182,1.538704988032293,1.8955462708884752
1,2025-10-02,2025-10-03,65.44,6537,6536,0.1245831620883076,0.4143146538118004,66.13,62.69977367718123,65.45006473071301,68.32099578715903,5.621222109977808,0,1,0,0.679935269286986,0.4623119704203661,1.028179750925429
1,2025-10-03,2025-10-06,66.13,6538,6537,0.1249705021627091,0.4142879273089598,67.09,63.36115634334183,66.14027542126082,69.04129099373557,5.68013465039374,0,1,0,0.949724578739179,0.901976775461311,1.415597821939453
1,2025-10-06,2025-10-07,67.09,6539,6538,0.1255108169113037,0.4142656943543289,67.1,64.2812496843701,67.10057091123232,70.04354518185558,5.762295497485482,0,1,0,0.0005709112323302,3.25939635200808e-07,0.0008508364118185
1,2025-10-07,2025-10-08,67.1,6540,6539,0.125497364510817,0.4142340117685059,67.42,64.2910420024556,67.1105723995417,70.05375535245025,5.762713349994655,0,1,0,0.3094276004583065,0.0957454399253853,0.4589552068500541
1,2025-10-08,2025-10-09,67.42,6541,6540,0.1256619038989903,0.4142033207244472,67.23,64.59789694083695,67.4306702488145,70.38766748658561,5.789770545748667,0,1,0,0.2006702488144895,0.0402685487592691,0.2984831902640035
1,2025-10-09,2025-10-10,67.23,6542,6541,0.1255341354541128,0.4141720657272433,64.41,64.41602932558527,67.2406095404212,70.18904484961135,5.773015524026079,1,0,0,2.8306095404212077,8.012350370323558,4.394674026426343
1,2025-10-10,2025-10-13,64.41,6543,6542,0.1238999483925136,0.4142264200564057,64.15,61.71330961248165,64.41974100709506,67.24486269622909,5.53155308374744,0,1,0,0.2697410070950496,0.0727602109086516,0.4204848123071701
1,2025-10-13,2025-10-14,64.15,6544,6543,0.1237255655997672,0.4141955784312744,63.0,61.4643521849866,64.15966054048576,66.97316239958455,5.508810214597958,0,1,0,1.1596605404857598,1.3448125691597246,1.8407310166440631
1,2025-10-14,2025-10-15,63.0,6545,6544,0.1230164673537977,0.4141793919815617,62.33,60.362430071071024,63.00931173383968,65.77225867973976,5.40982860866874,0,1,0,0.6793117338396755,0.4614644317322661,1.0898632020530652
1,2025-10-15,2025-10-16,62.33,6546,6545,0.1225882660682081,0.4141532068246707,61.08,59.7205435441004,62.33910945968566,65.07249160177095,5.351948057670548,0,1,0,1.259109459685661,1.5853566314699163,2.061410379315096
1,2025-10-16,2025-10-17,61.08,6547,6546,0.1217976685449569,0.4141409179570935,61.23,58.52276711208279,61.08873635384951,63.76721220585705,5.24444509377426,0,1,0,0.1412636461504846,0.0199554177237293,0.2307098581585572
1,2025-10-17,2025-10-20,61.23,6548,6547,0.121873575570658,0.4141095315614131,60.71,58.66669855964723,61.2387794134228,63.92362611359472,5.256927553947492,0,1,0,0.5287794134227966,0.2796076680597568,0.8709922803867511
1,2025-10-20,2025-10-21,60.71,6549,6548,0.1215281758576657,0.4140813993766615,61.0,58.16856009332682,60.71862443748695,63.38048161524865,5.2119215219218304,0,1,0,0.2813755625130554,0.0791722071795383,0.4612714139558285
1,2025-10-21,2025-10-22,61.0,6550,6549,0.1216933982880456,0.4140507725070389,62.28,58.44664686108423,61.00870870495811,63.68308085651204,5.236433995427802,0,1,0,1.271291295041891,1.6161815568492883,2.041251276560519
1,2025-10-22,2025-10-23,62.28,6551,6550,0.1224819539797685,0.4140389216295211,66.32,59.67332946923578,62.28908757188744,65.01950645369196,5.346176984456179,0,0,1,4.030912428112551,16.248255003112217,6.077974107527972
1,2025-10-23,2025-10-24,66.32,6552,6551,0.1249566027207761,0.4141899422862056,65.8,63.54385297520195,66.3303119690297,69.23895986643736,5.695106891235405,0,1,0,0.5303119690296967,0.2812307844961539,0.8059452416864692
1,2025-10-24,2025-10-27,65.8,6553,6552,0.1246360117041216,0.4141613202822166,65.52,63.045729845498826,65.81015048822096,68.69578507372137,5.650055228222541,0,1,0,0.2901504882209593,0.084187305814861,0.4428426254898647
1,2025-10-27,2025-10-28,65.52,6554,6553,0.1244533751234371,0.4141306198688973,64.03,62.777607512293685,65.53006310810032,68.40319886530692,5.625591353013235,0,1,0,1.5000631081003206,2.2501893282835943,2.342750442136999
1,2025-10-28,2025-10-29,64.03,6555,6554,0.1235602054390369,0.4141239157010683,65.01,61.34979851432436,64.03960798949217,66.84734898502208,5.497550470697725,0,1,0,0.9703920105078369,0.9416606540574416,1.4926811421440342
1,2025-10-29,2025-10-30,65.01,6556,6555,0.1241296409133863,0.4141028203889161,65.11,62.28905622111125,65.0199042198883,67.87047679381308,5.581420572701831,0,1,0,0.0900957801116959,0.008117249593935,0.138374719876664
1,2025-10-30,2025-10-31,65.11,6557,6556,0.1241698229934094,0.4140713213900425,65.44,62.385087586311215,65.11993320891162,67.97466935132752,5.589581765016305,0,1,0,0.3200667910883794,0.1024427507576123,0.4890996196338317
1,2025-10-31,2025-11-03,65.44,6558,6557,0.1243456417235071,0.4140408563117527,65.79,62.70152160035514,65.45003249408867,68.31902391110397,5.617502310748826,0,1,0,0.339967505911332,0.1155779050755716,0.5167464750134245
1,2025-11-03,2025-11-04,65.79,6559,6558,0.1245321667787872,0.4140105283170375,65.04,63.03712298432701,65.80013813450071,68.68426053638049,5.647137552053479,0,1,0,0.760138134500707,0.5778099835222149,1.1687240690355272
1,2025-11-04,2025-11-05,65.04,6560,6559,0.124075266193033,0.4139852268542555,63.54,62.31855850862004,65.04990732265692,67.90096792917545,5.582409420555408,0,1,0,1.5099073226569215,2.279820123012993,2.3763099191956587
1,2025-11-05,2025-11-06,63.54,6561,6560,0.1231706217557003,0.4139792581485572,63.41,60.88114207480088,63.54945132189602,66.3347076891583,5.453565614357409,0,1,0,0.1394513218960256,0.0194466711785489,0.2199200786879445
1,2025-11-06,2025-11-07,63.41,6562,6561,0.123073276151482,0.413947927536673,63.72,60.75675887408379,63.41941075051327,66.19875277214528,5.44199389806149,0,1,0,0.3005892494867339,0.0903538969069979,0.4717345409396327
1,2025-11-07,2025-11-10,63.72,6563,6562,0.1232422355417388,0.4139174174504472,63.01,61.054024665591314,63.72950268075054,66.52222411514063,5.468199449549317,0,1,0,0.7195026807505442,0.5176841076072196,1.1418864953984198
1,2025-11-10,2025-11-11,63.01,6564,6563,0.1227956894342525,0.4138918571893809,63.86,60.373785740450295,63.019287772033294,65.78071231722507,5.406926576774772,0,1,0,0.840712227966705,0.7067970502527409,1.3164926839441042
1,2025-11-11,2025-11-12,63.86,6565,6564,0.1232947837838308,0.4138684695003358,61.88,61.188495231186025,63.86954201229531,66.66806205067851,5.47956681949249,0,1,0,1.9895420122953096,3.958277418688071,3.215161622972382
1,2025-11-12,2025-11-13,61.88,6566,6565,0.1220862295057731,0.4138833843653119,62.14,59.29094866904373,61.8889478322525,64.60078561338773,5.309836944343999,0,1,0,0.2510521677475026,0.0630271909307201,0.4040105692750283
1,2025-11-13,2025-11-14,62.14,6567,6566,0.1222288690145602,0.4138526211201749,63.45,59.540296800045056,62.1490237463602,64.8720506986576,5.331753898612547,0,1,0,1.3009762536398028,1.6925392125346566,2.0503959868239603
1,2025-11-14,2025-11-17,63.45,6568,6567,0.1230190523727664,0.4138410043961237,63.16,60.7957563134678,63.459414176564266,66.2397754683516,5.444019154883797,0,1,0,0.2994141765642695,0.0896488491276595,0.4740566443386154
1,2025-11-17,2025-11-18,63.16,6569,6568,0.122824986132516,0.4138105309721414,64.86,60.51803511943268,63.16932566297757,65.93676904480311,5.418733925370432,0,1,0,1.690674337022429,2.85837971386623,2.6066517684588795
1,2025-11-18,2025-11-19,64.86,6570,6569,0.1238385587142302,0.4138113645746216,63.78,62.14716911122275,64.86983749489401,67.71178602009797,5.564616908875223,0,1,0,1.089837494894013,1.187745765276858,1.708744896353109
1,2025-11-19,2025-11-20,63.78,6571,6570,0.1231811578550419,0.413793171080131,63.64,61.11229873854145,63.789509183986446,66.5840029900176,5.471704251476147,0,1,0,0.1495091839864457,0.0223529960962928,0.2349295788599084
1,2025-11-20,2025-11-21,63.64,6572,6571,0.1230782420362669,0.4137619339517548,62.78,60.9783300547351,63.649465581314345,66.43760931384067,5.459279259105564,0,1,0,0.8694655813143441,0.7559703970902903,1.384940397123836
1,2025-11-21,2025-11-24,62.78,6573,6572,0.1225414376324278,0.4137392154462113,64.83,60.15431427536986,62.7892062579286,65.53951233577517,5.385198060405308,0,1,0,2.0407937420714006,4.16483909767779,3.147915690376988
1,2025-11-24,2025-11-25,64.83,6574,6573,0.1237742980592581,0.4137551379454777,63.99,62.1187756860051,64.8398223966563,67.68006165609455,5.56128597008945,0,1,0,0.8498223966563003,0.7221981058586583,1.3280550033697456
1,2025-11-25,2025-11-26,63.99,6575,6574,0.1232588814651113,0.4137317263828227,64.81,61.31393061014639,63.99956668953414,66.80283739255694,5.488906782410552,0,1,0,0.8104333104658608,0.6568021507126542,1.2504757143432506
1,2025-11-26,2025-11-27,64.81,6576,6575,0.1237311885105013,0.4137075928237993,64.18,62.09991225105475,64.81981333753313,67.65884280361884,5.558930552564092,0,1,0,0.639813337533127,0.409361106885279,0.9969045458602788
1,2025-11-27,2025-11-28,64.18,6577,6576,0.123339924590984,0.4136806886286836,64.07,61.49633492939473,64.18962111677524,67.00086214643154,5.5045272170368165,0,1,0,0.1196211167752494,0.0143092115785578,0.1867037876935375
1,2025-11-28,2025-12-01,64.07,6578,6577,0.1232555099113152,0.4136493947503052,64.22,61.39111619459886,64.07958645330149,66.88579153717032,5.494675342571462,0,1,0,0.140413546698511,0.0197159640964549,0.2186445759864699
1,2025-12-01,2025-12-02,64.22,6579,6578,0.1233264471732719,0.4136181687659669,63.37,61.53506399341547,64.22963026950741,67.04218923050219,5.507125237086719,0,1,0,0.859630269507413,0.7389642002533874,1.3565255949304291
1,2025-12-02,2025-12-03,63.37,6580,6579,0.1228008135424635,0.4135951349913212,63.75,60.72062170238649,63.379373001865474,66.1545420565369,5.433920354150409,0,1,0,0.3706269981345258,0.1373643717462098,0.5813756833482758
1,2025-12-03,2025-12-04,63.75,6581,6580,0.1230117682941439,0.4135652749681525,64.15,61.08497775454332,63.75948570637976,66.5510927069083,5.46611495236499,0,1,0,0.3905142936202423,0.1525014135217168,0.6087518216995204
1,2025-12-04,2025-12-05,64.15,6582,6581,0.1232333014473713,0.4135355740676592,64.42,61.46850224753053,64.15960475443215,66.96852423161701,5.50002198408648,0,1,0,0.2603952455678495,0.0678056839143406,0.4042149108473293
1,2025-12-05,2025-12-08,64.42,6583,6582,0.1233756949576207,0.4135049134516156,63.3,61.72745021915595,64.4296848275846,67.25021481113508,5.522764591979133,0,1,0,1.1296848275845974,1.2761878096748416,1.7846521762789849
1,2025-12-08,2025-12-09,63.3,6584,6583,0.1226915473233321,0.413487985008267,62.62,60.6542060412572,63.30934632967518,66.0807154901088,5.426509448851597,0,1,0,0.6893463296751818,0.4751983622366444,1.1008405136939985
1,2025-12-09,2025-12-10,62.62,6585,6584,0.122261815218825,0.4134621260893263,63.12,60.00268946758863,62.62914178334168,65.37055980860099,5.367870341012356,0,1,0,0.4908582166583173,0.2409417888609835,0.7776587716386523
1,2025-12-10,2025-12-11,63.12,6586,6585,0.1225487629569637,0.4134335467204568,61.87,60.48204191771775,63.129289621651424,65.89240511350661,5.410363195788861,0,1,0,1.2592896216514262,1.5858103511989925,2.035380025297279
1,2025-12-11,2025-12-12,61.87,6587,6586,0.1217725745144002,0.4134209419442524,62.11,59.28417890173362,61.878916339446086,64.58721969803985,5.303040796306227,0,1,0,0.2310836605539137,0.0533996581749964,0.372055483100811
1,2025-12-12,2025-12-15,62.11,6588,6587,0.1219024678756955,0.4133901973271175,61.55,59.51437150868501,62.11898607910602,64.83759021017389,5.3232187014888765,0,1,0,0.5689860791060255,0.3237451582164483,0.9244290481007724
1,2025-12-15,2025-12-16,61.55,6589,6588,0.1215391331208849,0.4133627346282116,59.93,58.97785982213621,61.55881907560381,64.25272496172558,5.274865139589366,0,1,0,1.6288190756038077,2.6530515810508426,2.7178693068643547
1,2025-12-16,2025-12-17,59.93,6590,6589,0.120514326444724,0.4133646285495576,60.61,57.4253137395417,59.93834301940681,62.561346729539785,5.136032989998085,0,1,0,0.6716569805931911,0.4511230995795623,1.1081619874495812
1,2025-12-17,2025-12-18,60.61,6591,6590,0.1209298582747052,0.4133390036950025,60.69,58.07714654839712,60.61854018798764,63.2711424873557,5.193995938958587,0,1,0,0.0714598120123568,0.0051065047328413,0.1177456121475644
1,2025-12-18,2025-12-19,60.69,6592,6591,0.1209619673826639,0.4133077056292661,61.35,58.15400238626901,60.69856231024949,63.35446083417225,5.200458447903237,0,1,0,0.6514376897505088,0.4243710636274801,1.0618381251027038
1,2025-12-19,2025-12-22,61.35,6593,6592,0.1213592783958529,0.4132816210781138,62.22,58.78667765550328,61.35875478981782,64.04336729862031,5.256689643117028,0,1,0,0.8612452101821759,0.7417433120617404,1.3841935232757567
1,2025-12-22,2025-12-23,62.22,6594,6593,0.1218828034132621,0.4132592575046848,63.7,59.62059156403114,62.22901050254591,64.95154855964567,5.330956995614535,0,1,0,1.4709894974540916,2.163810101620241,2.3092456788918234
1,2025-12-23,2025-12-24,63.7,6595,6594,0.122773145280695,0.4132531553471262,63.7,61.03901543063551,63.70945056060634,66.4967162739847,5.457700843349194,0,1,0,0.0094505606063393,8.931309577409241e-05,0.014836044907911
1,2025-12-24,2025-12-29,63.7,6596,6595,0.1227545276428115,0.4132218196324453,63.1,61.039212244446496,63.70944912751134,66.49649887151425,5.457286627067752,0,1,0,0.6094491275113398,0.3714282390243333,0.9658464778309666
1,2025-12-29,2025-12-30,63.1,6597,6596,0.1223761162089334,0.4131947614815104,62.3,60.464356018247095,63.10926815774537,65.86987755570041,5.405521537453318,0,1,0,0.8092681577453718,0.654914951140588,1.2989858069749145
1,2025-12-30,2025-12-31,62.3,6598,6597,0.1218733489176539,0.4131711387683096,61.35,59.6978008033165,62.30902875335144,65.03447383224689,5.336673028930392,0,1,0,0.9590287533514328,0.9197361497548032,1.563209051917576
5,2024-12-24,2025-01-03,73.5,6343,6342,0.1314791635450924,0.4169496801493664,76.72,66.79079890915312,73.56500571286013,81.0262813728898,14.235482463736671,0,1,0,3.1549942871398717,9.953988951885224,4.112349175104107
5,2024-12-27,2025-01-06,73.77,6344,6343,0.1316043503508127,0.4169173870658393,77.27,67.03683885381305,73.83544763108947,81.3235441899609,14.286705336147849,0,1,0,3.4345523689105306,11.796149974788936,4.444871708179799
5,2024-12-30,2025-01-07,74.24,6345,6344,0.1318366362883991,0.4168863371910147,77.84,67.46475445061054,74.30622615805147,81.84147842550288,14.376723974892345,0,1,0,3.5337738419485305,12.487557566039678,4.539791677734494
5,2024-12-31,2025-01-08,74.58,6346,6345,0.131997714168292,0.416854397641391,77.37,67.77446162680124,74.6467877468028,82.21596730047264,14.4415056736714,0,1,0,2.723212253197204,7.415884975963392,3.5197263192415718
5,2025-01-02,2025-01-09,76.14,6347,6346,0.1328073269059153,0.4168416088356877,78.44,69.19343309219886,76.20941701478891,83.93679836632937,14.743365274130513,0,1,0,2.230582985211086,4.975500453913201,2.843680501288993
5,2025-01-03,2025-01-10,76.72,6348,6347,0.1330887886970979,0.4168113773266505,79.76,69.72141244230525,76.79039384091024,84.57609190177698,14.854679459471726,0,1,0,2.969606159089764,8.818560740103862,3.723177230553867
5,2025-01-06,2025-01-13,77.27,6349,6348,0.1333523560544008,0.4167808476677846,82.69,70.22212175297074,77.34132247188477,85.18227607451938,14.960154321548645,0,1,0,5.348677528115232,28.608351299764863,6.468348685591041
5,2025-01-07,2025-01-14,77.84,6350,6349,0.1336240864042851,0.4167504634224364,82.39,70.74102862090288,77.91228823513157,85.81052292248593,15.069494301583047,0,1,0,4.477711764868431,20.04990264924116,5.434775779667959
5,2025-01-08,2025-01-15,77.37,6351,6350,0.1333634685298603,0.4167194971975713,83.48,70.31405128816237,77.44147113542579,85.29136554856188,14.97731426039951,0,1,0,6.038528864574218,36.46383084829599,7.233503671028052
5,2025-01-09,2025-01-16,78.44,6352,6351,0.1338910941830621,0.416695425277616,82.39,71.2876280522587,78.51329711507123,86.47135544137575,15.183727389117053,0,1,0,3.876702884928776,15.02882525801509,4.70530754330474
5,2025-01-10,2025-01-17,79.76,6353,6352,0.1345374750982744,0.4166755815143419,83.02,72.48854169724441,79.83556755350536,87.92724611857668,15.43870442133226,0,1,0,3.18443244649464,10.140610006287837,3.835741323168682
5,2025-01-13,2025-01-20,82.69,6354,6353,0.135972862054082,0.4167040833447605,81.68,75.15304952054845,82.77068130646913,91.1604482804636,16.007398759915148,0,1,0,1.090681306469122,1.189585712281191,1.3353101205547526
5,2025-01-14,2025-01-21,82.39,6355,6354,0.1358076025096632,0.4166719841911169,80.57,74.88072487734667,82.4701400636479,90.82876819446064,15.94804331711397,0,1,0,1.9001400636479104,3.610532261479885,2.358371681330409
5,2025-01-15,2025-01-22,83.48,6356,6355,0.1363107250229814,0.4166471734751765,80.0,75.87258807091503,83.56205159839708,92.03081962627672,16.15823155536168,0,1,0,3.562051598397076,12.688211589643164,4.452564497996345
5,2025-01-16,2025-01-23,82.39,6357,6356,0.1357717157914879,0.4166228580762854,78.62,74.8815542781528,82.47011483425378,90.8277065872728,15.94615230911998,0,1,0,3.850114834253773,14.82338423694096,4.89711884285649
5,2025-01-17,2025-01-24,83.02,6358,6357,0.1360534147900127,0.4165927044717555,78.71,75.45510820112604,83.10121262343803,91.52212095539475,16.067012754268717,0,1,0,4.391212623438037,19.282748304241565,5.578976779872998
5,2025-01-20,2025-01-27,81.68,6359,6358,0.135392431185487,0.4165728383186643,77.3,74.23659105870945,81.75884296692145,90.04331028620815,15.806719227498704,0,1,0,4.458842966921452,19.881280603664894,5.768231522537454
5,2025-01-21,2025-01-28,80.57,6360,6359,0.1348327185632305,0.4165492359920474,78.01,73.22734564958486,80.64689163182719,88.81820134514942,15.590855695564557,0,1,0,2.636891631827183,6.953197478000224,3.3801969386324604
5,2025-01-22,2025-01-29,80.0,6361,6360,0.1345312589702167,0.4165190100853571,77.02,72.70938440014513,80.0758886955421,88.18872561336178,15.479341213216657,0,1,0,3.0558886955421087,9.33845571954205,3.9676560575722006
5,2025-01-23,2025-01-30,78.62,6362,6361,0.1338268903917814,0.4165009791160991,77.42,71.45445805777688,78.69349154793376,86.66590973228621,15.211451674509334,0,1,0,1.2734915479337587,1.6217807226587209,1.644912875140479
5,2025-01-24,2025-01-31,78.71,6363,6362,0.1338511887491875,0.4164682827628422,77.11,71.53685106803134,78.7836349460074,86.7645282485673,15.227677180535965,0,1,0,1.6736349460073967,2.8010539324971817,2.170451233312666
5,2025-01-27,2025-02-03,77.3,6364,6363,0.1331208642903796,0.4164514107937795,76.49,70.25461625556517,77.37120548607429,85.20868460218985,14.95406834662468,0,1,0,0.8812054860742933,0.7765231086874315,1.1520531913639604
5,2025-01-28,2025-02-04,78.01,6365,6364,0.1334635782582252,0.4164225011520817,76.58,70.90087840285939,78.08240910864326,85.99135510800178,15.090476705142391,0,1,0,1.5024091086432634,2.2572331297342454,1.9618818342168491
5,2025-01-29,2025-02-05,77.02,6366,6365,0.1329402726866862,0.4163977647381692,74.71,70.00078667065655,77.09070550275364,84.89871553691427,14.897928866257717,0,1,0,2.380705502753642,5.667758690841472,3.1865955062958675
5,2025-01-30,2025-02-06,77.42,6367,6366,0.1331249343141162,0.4163662402486895,74.54,70.3651227731634,77.49137681232577,85.33934488578879,14.974222112625384,0,1,0,2.951376812325762,8.710625088334176,3.9594537326613386
5,2025-01-31,2025-02-07,77.11,6368,6367,0.1329455740489032,0.4163343736932115,74.68,70.08365792613552,77.18083666108421,84.99672711123614,14.913069185100625,0,1,0,2.5008366610842074,6.254184005422807,3.348736825233271
5,2025-02-03,2025-02-10,76.49,6369,6368,0.1326065734800557,0.4163049178210834,76.23,69.52017672354344,76.55977077166509,84.31219218441518,14.792015460871738,0,1,0,0.3297707716650819,0.1087487618445836,0.4325997267021933
5,2025-02-04,2025-02-11,76.58,6370,6369,0.1326322979660781,0.4162722761968826,77.65,69.6025565397406,76.64991265381572,84.41082342260002,14.808266882859414,0,1,0,1.0000873461842872,1.0001746999979302,1.287942493476223
5,2025-02-05,2025-02-12,74.71,6371,6370,0.1316457298470187,0.4162690685942266,75.38,67.90166118284895,74.77674369274916,82.34793228745714,14.446271104608186,0,1,0,0.603256307250831,0.363918172237909,0.8002869557585979
5,2025-02-06,2025-02-13,74.54,6372,6371,0.1315350769662371,0.4162366798849788,75.61,67.74753109488742,74.60644797874781,82.1597774863511,14.412246391463682,0,1,0,1.0035520212521902,1.0071166593593566,1.327274198190967
5,2025-02-07,2025-02-14,74.68,6373,6372,0.131588698075306,0.416204149109232,75.19,67.87537560488897,74.74667238487056,82.31357812491783,14.438202520028852,0,1,0,0.4433276151294336,0.1965393743363512,0.589609808657313
5,2025-02-10,2025-02-17,76.23,6374,6373,0.1323885455300537,0.4161911897417092,75.81,69.2854591104688,76.29927520929472,84.02310487950672,14.737645769037911,0,1,0,0.4892752092947177,0.2393902304303898,0.6453966617790763
5,2025-02-11,2025-02-18,77.65,6375,6374,0.1331040627352526,0.4161743991726261,76.46,70.57738364435131,77.72167982149976,85.58916755423238,15.01178390988106,0,1,0,1.2616798214997689,1.5918359719796882,1.6501174751501029
5,2025-02-12,2025-02-19,75.38,6376,6375,0.1319279768469779,0.4161840803415317,76.34,68.51238476445147,75.4478177223302,83.08531689026134,14.57293212580987,0,1,0,0.8921822776698036,0.7959892165880785,1.1686956741810368
5,2025-02-13,2025-02-20,75.61,6377,6376,0.1320278556837946,0.4161518274176244,76.95,68.72209827820994,75.6781947760534,83.33839198821762,14.616293710007682,0,1,0,1.2718052239466004,1.6174885276578626,1.652768322217804
5,2025-02-14,2025-02-21,75.19,6378,6377,0.1317876813331173,0.416120762128739,74.88,68.34054308668028,75.25747663948655,82.87449198288165,14.533948896201366,0,1,0,0.3774766394865594,0.1424886133580659,0.5041087599980761
5,2025-02-17,2025-02-24,75.81,6379,6378,0.1320927525353581,0.4160911975896543,74.89,68.90496987546734,75.87851084891126,83.55781040255907,14.652840527091726,0,1,0,0.9885108489112612,0.977153698415262,1.3199503924572853
5,2025-02-18,2025-02-25,76.46,6380,6379,0.132410693863019,0.4160618925465178,73.11,69.49669276919155,76.52959955470794,84.27422046478033,14.777527695588772,0,1,0,3.4195995547079434,11.693661114558765,4.677334912745101
5,2025-02-19,2025-02-26,76.34,6381,6380,0.1323279589388392,0.4160294252455797,73.49,69.38804797565868,76.40938536944843,84.14120792942593,14.753159953767252,0,1,0,2.919385369448434,8.522810935349574,3.9724933588902367
5,2025-02-20,2025-02-27,76.95,6382,6381,0.1326227246917313,0.4159996907427192,75.01,69.9434060117882,77.0204091560958,84.8134765637894,14.870070552001197,0,1,0,2.0104091560957897,4.041744974913786,2.680188183036648
5,2025-02-21,2025-02-28,74.88,6383,6382,0.1315400740170587,0.4160028597015813,74.76,68.06037370281138,74.94690318420214,82.53023001944146,14.469856316630086,0,1,0,0.1869031842021371,0.034932800264898,0.2500042592323931
5,2025-02-24,2025-03-03,74.89,6384,6383,0.1315247361230984,0.4159702666330943,72.85,68.06997459181862,74.9569094722065,82.54062545661439,14.470650864795772,0,1,0,2.1069094722065103,4.439067524073516,2.89212007166302
5,2025-02-25,2025-03-04,73.11,6385,6384,0.1305661748502502,0.4159655473864112,72.31,66.45088567607088,73.1739302915296,80.57716642650821,14.126280750437331,0,1,0,0.8639302915295985,0.7463755486224172,1.1947590810808997
5,2025-02-26,2025-03-05,73.49,6386,6385,0.1307508259118113,0.4159341579191474,70.92,66.7970217679706,73.55455111551339,80.99570679360609,14.198685025635484,0,1,0,2.634551115513389,6.940859580252843,3.714821087864338
5,2025-02-27,2025-03-06,75.01,6387,6386,0.1315463331325009,0.4159211280843458,71.08,68.17987961369394,75.07707930240625,82.67201216130762,14.49213254761368,0,1,0,3.9970793024062488,15.976642949724424,5.623352985940136
5,2025-02-28,2025-03-07,74.76,6388,6387,0.131394259873864,0.4158891485455838,72.49,67.95296003406757,74.8266497044156,82.39563814704026,14.442678112972686,0,1,0,2.3366497044156063,5.45993184114554,3.223409717775702
5,2025-03-03,2025-03-10,72.85,6389,6388,0.1303661258220134,0.4158887967673269,71.08,66.21552397387643,72.91345970911335,80.28891546414295,14.073391490266516,0,1,0,1.833459709113356,3.361574504942032,2.5794312170981373
5,2025-03-04,2025-03-11,72.31,6390,6389,0.130053403970201,0.4158589926006952,71.51,65.72476418103179,72.37255805457248,79.69274937123461,13.967985190202825,0,1,0,0.8625580545724745,0.7440063975078518,1.2062062013319457
5,2025-03-05,2025-03-12,70.92,6391,6390,0.1292751481280901,0.41584463094404,72.36,64.46057754351733,70.9802678691157,78.15937459403203,13.6987970505147,0,1,0,1.3797321308842925,1.9036607529945104,1.906760822117596
5,2025-03-06,2025-03-13,71.08,6392,6391,0.1293438613056859,0.4158122968157562,70.82,64.60659399813251,71.14051980554454,78.33524792143298,13.72865392330047,0,1,0,0.3205198055445493,0.1027329457463156,0.4525837412377143
5,2025-03-07,2025-03-14,72.49,6393,6392,0.1301054943382019,0.4157977407555636,71.94,65.88940813518933,72.55282543077519,79.89011628679751,14.00070815160818,0,1,0,0.6128254307751888,0.3755550086047957,0.8518563118921167
5,2025-03-10,2025-03-17,71.08,6394,6393,0.1293186051684675,0.4157838284108927,71.93,64.60700293755595,71.14050086434185,78.3347103737494,13.727707436193455,0,1,0,0.7894991356581613,0.6233088852049838,1.0975936822718773
5,2025-03-11,2025-03-18,71.51,6395,6394,0.1295367601776093,0.4157529367325574,71.93,64.99860752494084,71.57119489780798,78.80839504345484,13.809787518514,0,1,0,0.3588051021920222,0.1287411013590275,0.49882538883918
5,2025-03-12,2025-03-19,72.36,6396,6395,0.1299848070502645,0.4157268515365886,71.94,65.77220654563989,72.42258169179516,79.74539116709082,13.973184621450926,0,1,0,0.4825816917951613,0.23288508925588,0.6708113591814865
5,2025-03-13,2025-03-20,70.82,6397,6396,0.129126172676812,0.4157166305468613,72.61,64.37147230709186,70.88004822333912,78.04670385936447,13.675231552272606,0,1,0,1.729951776660883,2.9927331495721456,2.3825255153021385
5,2025-03-14,2025-03-21,71.94,6398,6397,0.1297288529440388,0.4156955465063323,72.64,65.39060324121544,72.0018713807811,79.28156685159497,13.89096361037953,0,1,0,0.6381286192189037,0.4072081346662246,0.878481028660385
5,2025-03-17,2025-03-24,71.93,6399,6398,0.1297031008648746,0.4156630583725286,73.96,65.38198989550813,71.99184528601147,79.269930388599,13.887940493090866,0,1,0,1.9681547139885252,3.8736329781952543,2.6611069686161786
5,2025-03-18,2025-03-25,71.93,6400,6399,0.1296828300599741,0.4156305746751881,73.78,65.38247319589873,71.99183561702233,79.269323140769,13.886849944870278,0,1,0,1.7881643829776692,3.1975318605499083,2.4236437828377198
5,2025-03-19,2025-03-26,71.94,6401,6400,0.1296680387214721,0.4155980972443365,74.6,65.39205331305627,72.00184236610923,79.27974488421432,13.887691571158058,0,1,0,2.5981576338907644,6.750423090544855,3.482785032025153
5,2025-03-20,2025-03-27,72.61,6402,6401,0.1300143663236295,0.4155695484700283,74.72,66.0019758534481,72.67293480722194,80.01814165717613,14.016165803728027,0,1,0,2.047065192778064,4.190475903483491,2.739648277272569
5,2025-03-21,2025-03-28,72.64,6403,6402,0.1300103169291633,0.4155370886269426,74.69,66.02975459588674,72.70297442627624,80.0506154047867,14.020860808899954,0,1,0,1.987025573723756,3.94827063063222,2.6603636011832315
5,2025-03-24,2025-03-31,73.96,6404,6403,0.130705029127329,0.4155196985935145,77.23,67.23084171655967,74.02514975205624,81.50608643152891,14.275244714969247,0,1,0,3.2048502479437677,10.271065111745228,4.1497478284912175
5,2025-03-25,2025-04-01,73.78,6405,6404,0.1305888657368685,0.4154875733389864,77.78,67.06758117019344,73.84484055147853,81.30695010806157,14.239368937868136,0,1,0,3.9351594485214743,15.485479885287836,5.059346166779988
5,2025-03-26,2025-04-02,74.6,6406,6405,0.1310056673510897,0.4154607345029889,77.27,67.8139760220404,74.66619519429233,82.21079240332708,14.39681638128667,0,1,0,2.603804805707668,6.779799466226346,3.369748680869248
5,2025-03-27,2025-04-03,74.72,6407,6406,0.1310484826383409,0.4154283975100264,72.54,67.9236448704237,74.78638514067949,82.34250993272934,14.418865062305642,0,1,0,2.246385140679479,5.0462462002655615,3.0967537092355646
5,2025-03-28,2025-04-04,74.69,6408,6407,0.1310122382600614,0.4153959871810553,68.36,67.896852761863,74.75632469735034,82.30879422138226,14.411941459519255,0,1,0,6.396324697350337,40.91296963393388,9.35682372344988
5,2025-03-31,2025-04-07,77.23,6409,6408,0.1323286739907165,0.4154159464093924,66.13,70.2073342079173,77.30058654651197,85.11049091735688,14.903156709439584,1,0,0,11.17058654651197,124.78200379311424,16.891859287028534
5,2025-04-01,2025-04-08,77.78,6410,6409,0.1325879905268122,0.4153857935515522,64.86,70.70819705120044,77.85150914049692,85.71647599873256,15.00827894753212,1,0,0,12.991509140496916,168.77930974761492,20.03007884751297
5,2025-04-02,2025-04-09,77.27,6411,6410,0.1323095765860659,0.415355549993696,67.3,70.24468823832947,77.34063229813994,85.15339101486967,14.908702776540196,1,0,0,10.04063229813994,100.81429694645092,14.919215896196048
5,2025-04-03,2025-04-10,72.54,6412,6411,0.1298848537368068,0.4155130203667269,65.37,65.93907124699824,72.60272140539323,79.93978464944034,14.000713402442102,1,0,0,7.232721405393221,52.31225892803329,11.064282400785102
5,2025-04-04,2025-04-11,68.36,6413,6412,0.1276016738564753,0.4156481496543438,66.83,62.1346095448661,68.41593155835022,75.33224599435195,13.197636449485849,0,1,0,1.5859315583502251,2.515178907771173,2.3730832834808098
5,2025-04-07,2025-04-14,66.13,6414,6413,0.1263003605862248,0.4156682455092934,67.18,60.10584883522421,66.18238719078695,72.87324709911324,12.767398263889037,0,1,0,0.9976128092130524,0.995231317105958,1.4849848306237752
5,2025-04-08,2025-04-15,64.86,6415,6414,0.1255263053276901,0.4156538995264183,66.58,58.95083776428686,64.91039187889392,71.47241894540272,12.521581181115865,0,1,0,1.66960812110608,2.787591278063375,2.50767215546122
5,2025-04-09,2025-04-16,67.3,6416,6415,0.1269839816935741,0.4156853989604226,67.94,61.16984493523407,67.35421809884834,74.1638416855645,12.99399675033044,0,1,0,0.5857819011516625,0.3431404357168561,0.8622047411711252
5,2025-04-10,2025-04-17,65.37,6417,6416,0.1258381693491592,0.41569344082388,69.33,59.41417743849559,65.42117159040562,72.0354951760764,12.621317737580805,0,1,0,3.9088284095943777,15.278939535652112,5.638004340969823
5,2025-04-11,2025-04-22,66.83,6418,6417,0.1266954383253483,0.4156837666552012,68.93,60.74233186029339,66.88345744541895,73.64545849411785,12.903126633824456,0,1,0,2.046542554581052,4.188336427711137,2.96901574725236
5,2025-04-14,2025-04-23,67.18,6419,6418,0.1268812975333086,0.4156525871699094,68.26,61.06113169476882,67.23400263740676,74.0309094375021,12.969777742733283,0,1,0,1.0259973625932446,1.0526705880482938,1.5030726085456263
5,2025-04-15,2025-04-24,66.58,6420,6419,0.1265109644959363,0.4156241427225049,67.5,60.51574906615417,66.63304634477196,73.36871696541144,12.852967899257266,0,1,0,0.8669536552280448,0.7516086403132676,1.2843757855230291
5,2025-04-16,2025-04-25,67.94,6421,6420,0.1272928663433394,0.4156107726078168,66.99,61.75303343934024,67.99519225968771,74.86832488922816,13.115291449887929,0,1,0,1.0051922596877176,1.0104114789361,1.5005109116102668
5,2025-04-17,2025-04-28,69.33,6422,6421,0.128075804062112,0.4155974610085055,66.13,63.01763308656685,69.38740695603002,76.40103266760156,13.383399581034702,0,1,0,3.2574069560300245,10.61070007719279,4.925762824784552
5,2025-04-22,2025-04-29,68.93,6423,6422,0.127829501919938,0.4155667698237559,64.04,62.65420753569342,68.98675606920007,75.95934415482094,13.305136619127516,0,1,0,4.946756069200063,24.47039560816766,7.724478559025708
5,2025-04-23,2025-04-30,68.26,6424,6423,0.1274283129461911,0.4155390706800415,63.37,62.0451267454985,68.31567620039243,75.21995456404585,13.17482781854735,0,1,0,4.945676200392434,24.459713079128143,7.804444059322131
5,2025-04-24,2025-05-01,67.5,6425,6424,0.1269717964006734,0.4155128127738444,62.37,61.35415332969999,67.55445902966878,74.38135296672853,13.027199637028538,0,1,0,5.18445902966878,26.878615430314145,8.312424289993233
5,2025-04-25,2025-05-02,66.99,6426,6425,0.1266557410860163,0.4154833025626077,61.57,60.89063791503731,67.04364344418464,73.81841084573253,12.92777293069522,0,1,0,5.473643444184638,29.96077255406547,8.89011441316329
5,2025-04-28,2025-05-06,66.13,6427,6426,0.1261326841148798,0.4154590437425021,62.37,60.10866597228831,66.18228116797096,72.86959824754229,12.760932275253978,0,1,0,3.8122811679709594,14.533487703666015,6.112363585010355
5,2025-04-29,2025-05-07,64.04,6428,6427,0.1248742748145677,0.4154758647529927,60.31,58.20727842319516,64.08901974253138,70.5651004964666,12.357822073271436,0,1,0,3.779019742531375,14.2809902144419,6.265991945832158
5,2025-04-30,2025-05-08,63.37,6429,6428,0.1244447621154418,0.4154489128269526,62.22,57.59818320345313,63.41798052226881,69.8258179310376,12.227634727584473,0,1,0,1.1979805222688142,1.435157331735461,1.9253946034535747
5,2025-05-01,2025-05-09,62.37,6430,6429,0.123806976255625,0.4154287605313496,64.26,56.68882115678225,62.41644388895445,68.72276382266779,12.03394266588554,0,1,0,1.843556111045551,3.398699134573396,2.868901511119749
5,2025-05-02,2025-05-12,61.57,6431,6430,0.1232851152227831,0.4154044944672379,65.28,55.96143819298583,61.61522250081708,67.84020865820129,11.87877046521546,0,1,0,3.664777499182925,13.430594118517456,5.613936120071883
5,2025-05-06,2025-05-13,62.37,6432,6431,0.1237750013555933,0.4153798743671746,66.93,56.68945012627766,62.41642943982631,68.72196952587768,12.03251939960002,0,1,0,4.513570560173697,20.372319201666706,6.743718153554007
5,2025-05-07,2025-05-14,60.31,6433,6432,0.1224621623779889,0.4154012507206568,65.91,54.815362279725534,60.35331317514,66.45075868747439,11.635396407748855,0,1,0,5.5566868248599945,30.87676846957265,8.430718896768312
5,2025-05-08,2025-05-15,62.22,6434,6433,0.1236833472022535,0.4154143729994075,64.36,56.552540908029584,62.266186838907466,68.55709683784072,12.004555929811133,0,1,0,2.093813161092534,4.38405355356431,3.2532833453892698
5,2025-05-09,2025-05-16,64.26,6435,6434,0.124947875169897,0.4154306981994142,65.2,58.40795922721627,64.30930599820731,70.80690530348065,12.39894607626438,0,1,0,0.8906940017926956,0.7933358048294865,1.3660950947740729
5,2025-05-12,2025-05-19,65.28,6436,6435,0.1255499370519609,0.4154098764924858,66.25,59.33607492639703,65.33088026181771,71.93134903308524,12.595274106688208,0,1,0,0.9191197381822888,0.8447810931162792,1.3873505481996813
5,2025-05-13,2025-05-20,66.93,6437,6436,0.1265198387779854,0.4154065980922341,66.93,60.83705644527444,66.98345713052319,73.75083199813743,12.913775552862994,0,1,0,0.053457130523185,0.0028576648037728,0.0798702084613551
5,2025-05-14,2025-05-21,65.91,6438,6437,0.1259036836048304,0.415385670805236,65.86,59.90948010657128,65.96184742342211,72.62565636976,12.716176263188714,0,1,0,0.1018474234221145,0.0103728976577234,0.1546423070484581
5,2025-05-15,2025-05-22,64.36,6439,6438,0.1249638465104711,0.415380442689236,64.87,58.49957633372313,64.40942981724346,70.916319559581,12.416743225857871,0,1,0,0.4605701827565411,0.2121248932443937,0.7099894909149701
5,2025-05-16,2025-05-23,65.2,6440,6439,0.1254551388673084,0.4153559167018359,65.41,59.264014953417664,65.25072419574718,71.84219650686921,12.57818155345155,0,1,0,0.1592758042528146,0.0253687818203809,0.2435037521064281
5,2025-05-19,2025-05-27,66.25,6441,6440,0.1260657007615802,0.4153354527532276,64.32,60.21944528798316,66.30235545773608,72.99971492964268,12.780269641659524,0,1,0,1.982355457736091,3.9297331608160655,3.0820203012066094
5,2025-05-20,2025-05-28,66.93,6442,6441,0.1264476350381439,0.4153079661273687,65.72,60.83840902142246,66.98341561642877,73.74910093495949,12.910691913537027,0,1,0,1.263415616428773,1.5962190198360966,1.9224218144077496
5,2025-05-21,2025-05-29,65.86,6443,6442,0.125802754344659,0.4152882015884186,64.6,59.86531228141694,65.91172904087055,72.56883593515789,12.703523653740952,0,1,0,1.31172904087056,1.7206330766631992,2.03054031094514
5,2025-05-22,2025-05-30,64.87,6444,6443,0.1251954124939743,0.4152669959625042,64.32,58.96501319607103,64.92018047821955,71.47678945326562,12.511776257194596,0,1,0,0.6001804782195563,0.3602166064358553,0.9331164151423452
5,2025-05-23,2025-06-02,65.41,6445,6444,0.1255014617020637,0.4152378849447186,66.55,59.4566343961047,65.46101140289414,72.07175544686697,12.615121050762276,0,1,0,1.0889885971058533,1.1858961646265744,1.636346502037345
5,2025-05-27,2025-06-03,64.32,6446,6445,0.1248305523234507,0.4152192088832748,67.48,58.46532569333356,64.36931437686805,70.8695040044995,12.404178311165944,0,1,0,3.110685623131957,9.67636504595985,4.609789008790688
5,2025-05-28,2025-06-04,65.72,6447,6446,0.1256619175626284,0.4152085138116539,66.69,59.73903056192877,65.77147847104946,72.41308303092181,12.67405246899304,0,1,0,0.9185215289505352,0.8436817991456287,1.377300238342383
5,2025-05-29,2025-06-05,64.6,6448,6447,0.1249764259277352,0.4151904685681084,67.14,58.72041379719409,64.64973147741837,71.17776442341788,12.457350626223793,0,1,0,2.49026852258163,6.201437314560894,3.7090683982449058
5,2025-05-30,2025-06-06,64.32,6449,6448,0.124787673607529,0.4151592191975265,68.02,58.46611747006934,64.36929142404483,70.86849371441082,12.402376244341475,0,1,0,3.650708575955164,13.327673106552584,5.367110520369251
5,2025-06-02,2025-06-09,66.55,6450,6449,0.126122632386522,0.4151812038465813,68.73,60.494444257658046,66.6027524181986,73.32783504525396,12.833390787595915,0,1,0,2.1272475818013987,4.525182274279898,3.095078687329257
5,2025-06-03,2025-06-10,67.48,6451,6450,0.1266489522395499,0.4151578695232121,68.41,61.34080515272004,67.53420783175085,74.35294036501367,13.012135212293629,0,1,0,0.8757921682491485,0.7670119219665449,1.2802107414839183
5,2025-06-04,2025-06-11,66.69,6452,6451,0.1261720770966234,0.4151323895742637,71.29,60.6224747761379,66.74295570731083,73.48136401553627,12.858889239398373,0,1,0,4.547044292689179,20.67561179967724,6.378235787192003
5,2025-06-05,2025-06-12,67.14,6453,6452,0.1264160232798017,0.4151022409116118,70.84,61.03227019366479,67.19365494866767,73.97704937132214,12.944779177657352,0,1,0,3.646345051332332,13.295832233375789,5.147296797476471
5,2025-06-06,2025-06-13,68.02,6454,6453,0.1269081828317263,0.4150778533622603,76.0,61.83318214140412,68.07503662817531,74.9469856060391,13.113803464634984,0,0,1,7.924963371824688,62.805044444762935,10.427583383979853
5,2025-06-09,2025-06-16,68.73,6455,6454,0.1272960065303892,0.4150506056359215,75.05,62.47949270516967,68.7861558431357,75.72941185683885,13.249919151669182,0,1,0,6.263844156864295,39.23574362148297,8.346228057114317
5,2025-06-10,2025-06-17,68.41,6456,6455,0.1270945508518429,0.4150195471554201,78.7,62.188809281136976,68.46563823101815,75.3759988744868,13.18718959334982,0,0,1,10.234361768981856,104.74216081839742,13.004271625135774
5,2025-06-11,2025-06-18,71.29,6457,6456,0.1287174141252825,0.4150667354980584,78.38,64.80825574454948,71.3502502428453,78.55261881731477,13.744363072765282,0,1,0,7.02974975715469,49.41738164821642,8.968805507979956
5,2025-06-12,2025-06-19,70.84,6458,6457,0.1284511708491917,0.4150365756456231,80.37,64.39929591615362,70.89951300288816,78.05583698603485,13.656541069881229,0,0,1,9.470486997111848,89.6901239624646,11.783609552210834
5,2025-06-13,2025-06-20,76.0,6459,6458,0.1312708420062315,0.4152356689183089,78.73,69.09071871124645,76.06797877450865,83.74985096076603,14.659132249519573,0,1,0,2.6620212254913582,7.086357004966513,3.3812031315779985
5,2025-06-16,2025-06-23,75.05,6460,6459,0.1307629259160472,0.4152111655023081,74.34,68.22679827180279,75.11638719969358,82.70169154729699,14.474893275494196,0,1,0,0.7763871996935734,0.6027770838480286,1.0443734190120706
5,2025-06-17,2025-06-24,78.7,6461,6460,0.132638837526312,0.4152841665264458,69.13,71.5463668381913,78.7725004091191,86.72846847329214,15.182101635100835,1,0,0,9.642500409119108,92.97781413986218,13.948358757585863
5,2025-06-18,2025-06-25,78.38,6462,6461,0.1324597465865115,0.4152528742253152,68.4,71.25573582745524,78.45194707357501,86.37491323559627,15.119177408141027,1,0,0,10.051947073575008,101.04163996995317,14.69582905493422
5,2025-06-19,2025-06-26,80.37,6463,6462,0.1334290697630091,0.4152498255842586,68.57,73.06631564541914,80.44532292582299,88.56954019749682,15.503224552077684,1,0,0,11.875322925823,141.02329459257732,17.318540069743328
5,2025-06-20,2025-06-27,78.73,6464,6463,0.1326129912080529,0.4152380152331754,69.37,71.57439575917043,78.8025175990914,86.760589650657,15.186193891486568,1,0,0,9.432517599091398,88.97238825716894,13.597401757375518
5,2025-06-23,2025-06-30,74.34,6465,6464,0.1304202764462926,0.4153613983978431,68.15,67.57845279952144,74.40516119411366,81.92149691182692,14.343044112305478,0,1,0,6.255161194113654,39.12704156434536,9.178519727239404
5,2025-06-24,2025-07-01,69.13,6466,6465,0.1276712563499563,0.4155781350604927,67.63,62.83562971811492,69.18669703072085,76.1796940286057,13.34406431049078,0,1,0,1.556697030720855,2.4233056454551263,2.3017847563519966
5,2025-06-25,2025-07-02,68.4,6467,6466,0.1272400367686776,0.4155514425530585,70.8,62.17196334583731,68.45552768281198,75.37415610095888,13.202192755121573,0,1,0,2.3444723171880213,5.4965504460609695,3.3114015779491828
5,2025-06-26,2025-07-03,68.57,6468,6467,0.1273171921039604,0.4155195601103094,70.42,62.327056507369,68.62578878573284,75.56106690049135,13.234010393122354,0,1,0,1.794211214267165,3.2191938814020533,2.5478716476386887
5,2025-06-27,2025-07-04,69.37,6469,6468,0.1277519776419858,0.4154935652935109,71.03,63.05515788196136,69.42705347053972,76.4428464777519,13.387688595790536,0,1,0,1.602946529460283,2.569437576308766,2.256717625595217
5,2025-06-30,2025-07-07,68.15,6470,6469,0.1270472813775237,0.4154764789833645,71.95,61.94560390573091,68.20510603156893,75.09712062629815,13.151516720567235,0,1,0,3.744893968431072,14.02423083479142,5.204856106228036
5,2025-07-01,2025-07-08,67.63,6471,6470,0.1267305049038879,0.415447232284738,72.5,61.47298986233659,67.68427646428682,74.52315709310906,13.050167230772471,0,1,0,4.815723535713175,23.19119317242181,6.642377290638862
5,2025-07-02,2025-07-09,70.8,6472,6471,0.1285353637321274,0.415512778940184,71.98,64.35568672301041,70.85931973689385,78.02019447304068,13.664507750030268,0,1,0,1.120680263106152,1.2559242521156744,1.5569328467715364
5,2025-07-03,2025-07-10,70.42,6473,6472,0.1283065544237784,0.4154821148467864,70.38,64.01045519868327,70.47869920618179,77.60055800849278,13.590102809809508,0,1,0,0.0986992061817915,0.0097415333009157,0.1402375762742135
5,2025-07-04,2025-07-11,71.03,6474,6473,0.1286239029467177,0.4154533672777105,72.06,64.56578560929864,71.08967214524111,78.27274829890769,13.706962689609044,0,1,0,0.9703278547588924,0.941536145720994,1.3465554465152545
5,2025-07-07,2025-07-14,71.95,6475,6474,0.1291081020234872,0.4154288325261435,70.96,65.4030726748224,72.01115141515139,79.28688540243634,13.883812727613943,0,1,0,1.051151415151395,1.1049192975747804,1.481329502749993
5,2025-07-08,2025-07-15,72.5,6476,6475,0.1293856117219475,0.4153993435814877,70.27,65.90385583903236,72.56203604129973,79.89288346525657,13.989027626224214,0,1,0,2.2920360412997383,5.253429214616975,3.261756142450176
5,2025-07-09,2025-07-16,71.98,6477,6476,0.1290865818283424,0.4153698089850361,69.67,65.43124157154656,72.04118119812637,79.31886456328793,13.887622991741368,0,1,0,2.371181198126365,5.622500274347984,3.403446530969377
5,2025-07-10,2025-07-17,70.38,6478,6477,0.1282020341562192,0.4153617639699581,71.32,63.97581064458414,70.43858966171355,77.5542328192645,13.578422174680355,0,1,0,0.8814103382864431,0.776884184438222,1.2358529701155962
5,2025-07-11,2025-07-18,72.06,6479,6478,0.129110584547652,0.4153553921795151,71.06,65.50422093131992,72.12129211245987,79.40680313447939,13.902582203159469,0,1,0,1.061292112459867,1.1263409479695272,1.493515497410452
5,2025-07-14,2025-07-21,70.96,6480,6479,0.1284970480233612,0.4153346583186496,71.92,64.50383093309426,71.0195040698278,78.19333961041585,13.689508677321584,0,1,0,0.9004959301721982,0.8108929202566925,1.2520799918968273
5,2025-07-15,2025-07-22,70.27,6481,6480,0.1280991391466302,0.4153072297436783,69.69,63.87652541909104,70.32838611494059,77.43191823727328,13.55539281818224,0,1,0,0.6383861149405874,0.4075368317489368,0.9160368990394424
5,2025-07-16,2025-07-23,69.67,6482,6481,0.1277474304319821,0.4152787603625038,69.17,63.33110671697228,69.72741735876748,76.76974213085701,13.438635413884732,0,1,0,0.5574173587674807,0.3107141118553143,0.8058657781805416
5,2025-07-17,2025-07-24,71.32,6483,6482,0.1286482117573426,0.4152720079672433,70.42,64.83224596414797,71.38005688885758,78.58917188021103,13.756925916063054,0,1,0,0.9600568888575792,0.9217092298428944,1.3633298620527967
5,2025-07-18,2025-07-25,71.06,6484,6483,0.12848668509522,0.4152406572223049,69.23,64.59617620932468,71.1196283883967,78.30187232310979,13.705696113785107,0,1,0,1.8896283883967016,3.570695446234716,2.7294935553902957
5,2025-07-21,2025-07-28,71.92,6485,6484,0.1289371383230019,0.415215215958638,70.87,65.37893151782738,71.98100845710462,79.24977447955004,13.87084296172266,0,1,0,1.1110084571046173,1.234339791757982,1.56767102738058
5,2025-07-22,2025-07-29,69.69,6486,6485,0.1277127774210166,0.4152301223185987,73.21,63.34998274746109,69.74741383631002,76.79089284437818,13.440910096917086,0,1,0,3.462586163689977,11.989502940977273,4.729662837986583
5,2025-07-23,2025-07-30,69.17,6487,6486,0.1274032304968267,0.4152008476659986,73.98,62.87734498335151,69.22657695486471,76.2169420187303,13.33959703537878,0,1,0,4.753423045135293,22.59503064602328,6.425281218079605
5,2025-07-24,2025-07-31,70.42,6488,6487,0.1280854570799604,0.415183573013532,73.43,64.01475961486982,70.47856341858945,77.59504107228283,13.580281457413008,0,1,0,2.9514365814105616,8.710977894088463,4.01938796324467
5,2025-07-25,2025-08-01,69.23,6489,6488,0.1274094978499995,0.4151654244455069,70.55,62.93242925035165,69.28665486564988,76.2824604048613,13.350031154509644,0,1,0,1.263345134350118,1.5960409284861174,1.790708907654313
5,2025-07-28,2025-08-04,70.87,6490,6489,0.1283095963924501,0.4151587103831707,69.56,64.42449947191662,70.92926761556043,78.09080467397102,13.666305202054405,0,1,0,1.3692676155604318,1.8748938030225504,1.9684698326055656
5,2025-07-29,2025-08-05,73.21,6491,6490,0.129571452706893,0.4151755622922943,69.14,66.55307780224447,73.27304885644106,80.67154617058648,14.118468368342008,0,1,0,4.133048856441064,17.082092849728788,5.977797015390605
5,2025-07-30,2025-08-06,73.98,6492,6491,0.1299597402467202,0.4151485267954376,67.97,67.25401674346398,74.04429891808647,81.52015995094833,14.266143207484347,0,1,0,6.07429891808647,36.89710734626646,8.936735203893585
5,2025-07-31,2025-08-07,73.43,6493,6492,0.1296511905896458,0.415119272926613,66.99,66.754080542038,73.49338867128432,80.9130787890493,14.158998247011295,0,1,0,6.503388671284327,42.294064209789326,9.707999210754332
5,2025-08-01,2025-08-08,70.55,6494,6493,0.1281096911397262,0.415162781689093,67.17,64.13328587855841,70.6087175747901,77.73796288867992,13.604677010121506,0,1,0,3.438717574790104,11.824778559170335,5.119424705657442
5,2025-08-04,2025-08-11,69.56,6495,6494,0.12754553588012,0.4151403656731744,67.36,63.23296134842358,69.61712720137633,76.64585520623318,13.4128938578096,0,1,0,2.257127201376335,5.094623203192966,3.3508420447985974
5,2025-08-05,2025-08-12,69.14,6496,6495,0.1272916698856229,0.4151102093666989,66.8,62.851301878615885,69.19645091248887,76.18217404838785,13.330872169771965,0,1,0,2.396450912488873,5.742976975968754,3.5875013660013075
5,2025-08-06,2025-08-13,67.97,6497,6496,0.1266157488978269,0.4150921249718325,66.25,61.78715985743775,68.02459347885934,74.89169802659325,13.104538169155497,0,1,0,1.7745934788593445,3.1491820152101107,2.678631666202784
5,2025-08-07,2025-08-14,66.99,6498,6497,0.1260371314499145,0.4150702480931051,68.12,60.895925341767445,67.04304873018656,73.81069189460673,12.91476655283929,0,1,0,1.0769512698134491,1.1598240375528006,1.5809619345470478
5,2025-08-08,2025-08-15,67.17,6499,6498,0.1261219207526545,0.4150386015208318,67.3,61.060117100146606,67.22332188142752,74.00862001889548,12.94850291874888,0,1,0,0.0766781185724738,0.0058795338678143,0.1139347972845079
5,2025-08-11,2025-08-18,67.36,6500,6499,0.1262121765313897,0.4150069964450498,68.18,61.23340839922524,67.41361097815829,74.21757279106423,12.984164391838988,0,1,0,0.766389021841718,0.5873521327995053,1.124067207160044
5,2025-08-12,2025-08-19,66.8,6501,6500,0.1258705034562526,0.4149784475518817,66.62,60.724346334095806,66.85272778503945,73.5995936079949,12.8752472738991,0,1,0,0.2327277850394438,0.0541622219293655,0.3493362129082014
5,2025-08-13,2025-08-20,66.25,6502,6501,0.1255320357669849,0.4149498406394069,67.61,60.22437933650443,66.30186400523857,72.99265212858069,12.76827279207626,0,1,0,1.3081359947614288,1.711219780790473,1.93482620139244
5,2025-08-14,2025-08-21,68.12,6503,6502,0.1266063981811048,0.4149537050537416,68.41,61.92556028741684,68.17477901796602,75.05463773886798,13.129077451451138,0,1,0,0.2352209820339794,0.0553289103890296,0.3438400555971049
5,2025-08-15,2025-08-22,67.3,6504,6503,0.1261205421586606,0.4149288260515607,68.29,61.17990177023706,67.35348411637021,74.15003442880744,12.970132658570384,0,1,0,0.9365158836297952,0.8770620002908959,1.3713807052713354
5,2025-08-18,2025-08-26,68.18,6505,6504,0.1266076813762379,0.4149046105016676,66.89,61.98083588098049,68.2348565838011,75.1199235510899,13.139087670109404,0,1,0,1.3448565838011035,1.8086392309931745,2.0105495347602087
5,2025-08-19,2025-08-27,66.62,6506,6505,0.1257020587258246,0.4148980748737007,67.75,60.561683279630735,66.67240699142428,73.39970775754873,12.83802447791799,0,1,0,1.0775930085757182,1.1612066921312678,1.5905431860896209
5,2025-08-20,2025-08-28,67.61,6507,6506,0.1262582206196524,0.4148761250850131,68.61,61.46265616584866,67.66394467102019,74.49091357341706,13.028257407568404,0,1,0,0.94605532897981,0.8950206854910964,1.3788883967057426
5,2025-08-21,2025-08-29,68.41,6508,6507,0.1266969785381102,0.4148505244761159,67.83,62.19084067974619,68.4651934246842,75.37255742879842,13.181716749052228,0,1,0,0.6351934246842035,0.4034706867620469,0.9364491002273382
5,2025-08-22,2025-09-01,68.29,6509,6508,0.1266095974727917,0.4148188175133165,67.09,62.08211452823732,68.34499595131508,75.23968065650709,13.157566128269773,0,1,0,1.254995951315081,1.5750148378172453,1.870615518430587
5,2025-08-26,2025-09-02,66.89,6510,6509,0.1257966291600096,0.4148072824842506,68.09,60.80856860164996,66.94279502788463,73.69582789396196,12.887259292312002,0,1,0,1.1472049721153752,1.3160792480462389,1.684836205192209
5,2025-08-27,2025-09-03,67.75,6511,6510,0.1262749000724823,0.4147828455689671,67.76,61.59132563990005,67.804130870676,74.64363066330031,13.052305023400264,0,1,0,0.0441308706759997,0.0019475337466218,0.0651282034769771
5,2025-08-28,2025-09-04,68.61,6512,6511,0.1267467080883404,0.4147582239522852,66.41,62.37410146344922,68.66547469945652,75.59142825431529,13.217326790866068,0,1,0,2.255474699456528,5.087166119888514,3.396287757049432
5,2025-08-29,2025-09-05,67.83,6513,6512,0.1262873842585529,0.4147326449333495,64.92,61.66481137940002,67.88423964824251,74.73095091894623,13.066139539546214,0,1,0,2.9642396482425117,8.786716692212886,4.565988367594749
5,2025-09-01,2025-09-08,67.09,6514,6513,0.1258459553976273,0.4147065782604155,65.44,60.99191852926915,67.14307423983448,73.91458617935598,12.92266765008683,0,1,0,1.7030742398344785,2.900461866387787,2.602497310260511
5,2025-09-02,2025-09-09,68.09,6515,6514,0.1264031500932217,0.4146847339019269,67.97,61.90203325410366,68.14463094342258,75.01677218506265,13.114738930958993,0,1,0,0.174630943422585,0.030495966400662,0.2569235595447771
5,2025-09-03,2025-09-10,67.76,6516,6515,0.1261963140786607,0.4146540771886529,67.62,61.602223685127655,67.81410497578841,74.65238360831295,13.05015992318529,0,1,0,0.1941049757884059,0.0376767416258176,0.2870526113404406
5,2025-09-04,2025-09-11,66.41,6517,6516,0.1254066091505556,0.4146414411941813,67.25,60.37414369436365,66.46199255332529,73.16371187837886,12.78956818401521,0,1,0,0.7880074466747118,0.6209557360147987,1.1717582850181587
5,2025-09-05,2025-09-12,64.92,6518,6517,0.1245200046581438,0.4146339663072791,67.87,59.01863407739112,64.96968710890657,71.5208054034959,12.50217132610478,0,1,0,2.900312891093435,8.411814866242759,4.273335628544917
5,2025-09-08,2025-09-15,65.44,6519,6518,0.1248105270652866,0.4146050082259597,67.88,59.49212122751368,65.49047820491101,72.09362596276637,12.60150473525269,0,1,0,2.389521795088981,5.7098144092052685,3.520214783572454
5,2025-09-09,2025-09-16,67.97,6520,6519,0.1262853017039347,0.4146397363655846,69.69,61.79346138037925,68.0244007878993,74.88363653993378,13.090175159554526,0,1,0,1.6655992121007015,2.7742207353504784,2.390011783757644
5,2025-09-10,2025-09-17,67.62,6521,6520,0.126066940871186,0.4146092532452202,69.19,61.47544967330131,67.67384442985258,74.49720570169113,13.021756028389817,0,1,0,1.5161555701474183,2.298727712889044,2.191292918264805
5,2025-09-11,2025-09-18,67.25,6522,6521,0.1258361891644794,0.4145789425245159,67.83,61.13923583105925,67.30325844532454,74.08873427654143,12.949498445482178,0,1,0,0.5267415546754535,0.2774566654219137,0.7765613366879751
5,2025-09-12,2025-09-19,67.87,6523,6522,0.1261730530834619,0.4145509439180215,67.05,61.70372557145546,67.92421908647285,74.77181476123849,13.06808918978303,0,1,0,0.8742190864728485,0.7642590111534218,1.303831598020654
5,2025-09-15,2025-09-22,67.88,6524,6523,0.1261593999887643,0.4145191617390533,66.87,61.71327087974452,67.93422643048302,74.78228029269614,13.069009412951624,0,1,0,1.0642264304830178,1.1325778953386254,1.5914856145999967
5,2025-09-16,2025-09-23,69.69,6525,6524,0.1271697473383204,0.4145192626439617,67.96,63.36010548936788,69.74707048005583,76.7778683917467,13.417762902378811,0,1,0,1.7870704800558317,3.19362090068698,2.6295916422245904
5,2025-09-17,2025-09-24,69.19,6526,6525,0.1268732149694275,0.4144900191886115,69.64,62.9055913789877,69.24627025766806,76.2260689309677,13.320477551979998,0,1,0,0.3937297423319421,0.1550231099967775,0.5653787224755056
5,2025-09-18,2025-09-25,67.83,6527,6526,0.1260949342965583,0.4144769164792754,70.48,61.668359404018894,67.88412324340817,74.72639507620681,13.05803567218792,0,1,0,2.595876756591835,6.738576135413745,3.6831395524855775
5,2025-09-19,2025-09-26,67.05,6528,6527,0.1256317187353598,0.4144515634009274,71.15,60.95902471144285,67.10289812135042,73.86599371625276,12.906969004809907,0,1,0,4.047101878649585,16.379033616168996,5.6881263227682135
5,2025-09-22,2025-09-29,66.87,6529,6528,0.1255088565802612,0.4144201903903968,69.0,60.79568571922428,66.92261023738395,73.6669996892331,12.871313970008812,0,1,0,2.0773897626160505,4.315548225821971,3.0107098008928266
5,2025-09-23,2025-09-30,67.96,6530,6529,0.1261186488255289,0.4144003867060868,68.52,61.78771380031368,68.01430177775917,74.86836721724781,13.080653416934132,0,1,0,0.5056982222408237,0.2557306919775295,0.7380300966737066
5,2025-09-24,2025-10-01,69.64,6531,6530,0.1270530775892895,0.4143960557984589,66.67,63.31637194798228,69.6969388094641,76.72049313566178,13.404121187679507,0,1,0,3.0269388094640988,9.162358556239935,4.540181205135891
5,2025-09-25,2025-10-02,70.48,6532,6531,0.1274989515826138,0.4143708363595867,65.44,64.0810507576899,70.53826426190872,77.64614759357359,13.565096835883692,0,1,0,5.098264261908724,25.99229848425571,7.790746121498662
5,2025-09-26,2025-10-03,71.15,6533,6532,0.1278461093996279,0.4143431349060182,66.13,64.69109631619462,71.20932484534627,78.38432541234651,13.693229096151896,0,1,0,5.079324845346278,25.79954088455199,7.68081785172581
5,2025-09-29,2025-10-06,69.0,6534,6533,0.1266613151439216,0.4143557202178973,67.09,62.73460630013104,69.05590165798138,76.01414649806821,13.279540197937171,0,1,0,1.9659016579813768,3.864769328853925,2.930245428501083
5,2025-09-30,2025-10-07,68.52,6535,6534,0.1263736788666555,0.4143263810702186,67.1,62.29827461579458,68.57513795304696,75.48442672419014,13.18615210839556,0,1,0,1.4751379530469677,2.176031980519598,2.198417217655689
5,2025-10-01,2025-10-08,66.67,6536,6535,0.1253134996025794,0.4143299485432435,67.42,60.61493062179292,66.72224376629987,73.44490486984016,12.829974248047243,0,1,0,0.6977562337001331,0.4868637616673947,1.0349395338180556
5,2025-10-02,2025-10-09,65.44,6537,6536,0.1245831620883076,0.4143146538118004,67.23,59.495997231883145,65.49033913559218,72.0886230947393,12.59262586285616,0,1,0,1.7396608644078242,3.026419923152178,2.5876258581107003
5,2025-10-03,2025-10-10,66.13,6538,6537,0.1249705021627091,0.4142879273089598,64.41,60.12417119397111,66.18139307495515,72.84885100887544,12.724679814904334,0,1,0,1.7713930749551563,3.137833425999085,2.750183317738172
5,2025-10-06,2025-10-13,67.09,6539,6538,0.1255108169113037,0.4142656943543289,64.15,60.997964696965774,67.14287121464605,73.9068127492915,12.90884805232573,0,1,0,2.992871214646044,8.957278107456887,4.66542667910529
5,2025-10-07,2025-10-14,67.1,6540,6539,0.125497364510817,0.4142340117685059,63.0,61.00750409194056,67.15287865840077,73.9172857377332,12.909781645792634,0,1,0,4.152878658400766,17.246401151400548,6.591870886350422
5,2025-10-08,2025-10-15,67.42,6541,6540,0.1256619038989903,0.4142033207244472,62.33,61.29910044059455,67.47336813405029,74.26953046015885,12.970430019564295,0,1,0,5.143368134050292,26.45423576236398,8.251834002968542
5,2025-10-09,2025-10-16,67.23,6542,6541,0.1255341354541128,0.4141720657272433,61.08,61.12665347341798,67.28306444762335,74.05952238873486,12.93286891531688,1,0,0,6.203064447623348,38.47800854136874,10.155639239723884
5,2025-10-10,2025-10-17,64.41,6543,6542,0.1238999483925136,0.4142264200564057,61.23,58.55999929784963,64.45871976945614,70.9516155077865,12.39161620993687,0,1,0,3.2287197694561414,10.424631349676918,5.27310104435104
5,2025-10-13,2025-10-20,64.15,6544,6543,0.1237255655997672,0.4141955784312744,60.71,58.323843399105264,64.19831725271686,70.66447781703822,12.340634417932954,0,1,0,3.488317252716861,12.168357255602109,5.74586930113138
5,2025-10-14,2025-10-21,63.0,6545,6544,0.1230164673537977,0.4141793919815617,61.0,57.27770392001888,63.04657243446884,69.39646710149438,12.1187631814755,0,1,0,2.0465724344688354,4.188458729527696,3.355036777817763
5,2025-10-15,2025-10-22,62.33,6546,6545,0.1225882660682081,0.4141532068246707,62.28,56.66843462210771,62.37556061374746,68.6574560921685,11.989021470060791,0,1,0,0.0955606137474589,0.009131830899791,0.1534370805193624
5,2025-10-16,2025-10-23,61.08,6547,6546,0.1217976685449569,0.4141409179570935,66.32,55.53126738371335,61.12369426675841,67.27932166575961,11.748054282046262,0,1,0,5.19630573324158,27.001593273319315,7.835201648434229
5,2025-10-17,2025-10-24,61.23,6548,6547,0.121873575570658,0.4141095315614131,65.8,55.6681438440588,61.27390965720915,67.4441744491635,11.776030605104694,0,1,0,4.5260903427908445,20.485493791104545,6.87855675196177
5,2025-10-20,2025-10-27,60.71,6549,6548,0.1215281758576657,0.4140813993766615,65.52,55.19537255018383,60.753134441015554,66.87052145634658,11.675148906162754,0,1,0,4.766865558984442,22.72300725743205,7.27543583483584
5,2025-10-21,2025-10-28,61.0,6550,6549,0.1216933982880456,0.4140507725070389,64.03,55.45961953776504,61.04355595960539,67.18970947242171,11.730089934656675,0,1,0,2.986444040394609,8.918848006408478,4.66413250100673
5,2025-10-22,2025-10-29,62.28,6551,6550,0.1224819539797685,0.4140389216295211,65.01,56.62440929654984,62.32545112148182,68.60048353268918,11.97607423613934,0,1,0,2.6845488785181857,7.206802681153248,4.129439899274243
5,2025-10-23,2025-10-30,66.32,6552,6551,0.1249566027207761,0.4141899422862056,65.11,60.29831650641778,66.37157588152374,73.05653524386543,12.758218737447647,0,1,0,1.26157588152374,1.5915737048424017,1.9376069444382429
5,2025-10-24,2025-10-31,65.8,6553,6552,0.1246360117041216,0.4141613202822166,65.44,59.82556141240176,65.85076810194161,72.48279092148688,12.65722950908512,0,1,0,0.4107681019416134,0.1687304335727157,0.6277018672701916
5,2025-10-27,2025-11-03,65.52,6554,6553,0.1244533751234371,0.4141306198688973,65.79,59.571207445642514,65.57033099863641,72.17359680335359,12.602389357711075,0,1,0,0.2196690013635986,0.0482544701600807,0.3338942109189826
5,2025-10-28,2025-11-04,64.03,6555,6554,0.1235602054390369,0.4141239157010683,65.04,58.21555176796351,64.07805436684474,70.53093076925664,12.315379001293133,0,1,0,0.9619456331552668,0.9253394011464874,1.4790062010382332
5,2025-10-29,2025-11-05,65.01,6556,6555,0.1241296409133863,0.4141028203889161,63.54,59.10752669303423,65.0595361907378,71.61090111816075,12.503374425126523,0,1,0,1.5195361907378029,2.3089902349619527,2.391463945133464
5,2025-10-30,2025-11-06,65.11,6557,6556,0.1241698229934094,0.4140713213900425,63.41,59.1989419159733,65.15968120101543,71.72060710551905,12.52166518954575,0,1,0,1.7496812010154343,3.0613843051868126,2.75931430533896
5,2025-10-31,2025-11-07,65.44,6558,6557,0.1243456417235071,0.4140408563117527,63.72,59.49962505975185,65.49017785344611,72.08387264573278,12.584247585980933,0,1,0,1.770177853446114,3.133529632831092,2.7780568949248496
5,2025-11-03,2025-11-10,65.79,6559,6558,0.1245321667787872,0.4140105283170375,63.01,59.81851010681405,65.84070629761544,72.46918383671091,12.65067372989686,0,1,0,2.8307062976154427,8.012898143359727,4.49247150867393
5,2025-11-04,2025-11-11,65.04,6560,6559,0.124075266193033,0.4139852268542555,63.86,59.13640740385813,65.08955170707223,71.64198718556626,12.505579781708136,0,1,0,1.2295517070722326,1.5117974003642414,1.925386324886052
5,2025-11-05,2025-11-12,63.54,6561,6560,0.1231706217557003,0.4139792581485572,61.88,57.77160612713978,63.58727067003629,69.98837772254679,12.216771595407003,0,1,0,1.7072706700362872,2.914773140766153,2.759002375624252
5,2025-11-06,2025-11-13,63.41,6562,6561,0.123073276151482,0.413947927536673,62.14,57.65372999510773,63.4570677212416,69.84456069225602,12.190830697148291,0,1,0,1.3170677212415995,1.7346673823365395,2.119516770585129
5,2025-11-07,2025-11-14,63.72,6563,6562,0.1232422355417388,0.4139174174504472,63.45,57.93620692049834,63.767527577388776,70.18577482838879,12.249567907890444,0,1,0,0.3175275773887733,0.1008237624023834,0.5004374742139848
5,2025-11-10,2025-11-17,63.01,6564,6563,0.1227956894342525,0.4138918571893809,63.16,57.290496536553285,63.05645255250511,69.40271858124726,12.112222044693972,0,1,0,0.1035474474948898,0.0107220738827069,0.1639446603782297
5,2025-11-11,2025-11-18,63.86,6565,6564,0.1232947837838308,0.4138684695003358,64.86,58.06424165081554,63.907724321358266,70.33928476145631,12.275043110640771,0,1,0,0.9522756786417332,0.9068289681325736,1.4682017863733168
5,2025-11-12,2025-11-19,61.88,6566,6565,0.1220862295057731,0.4138833843653119,63.78,56.26239055097855,61.92475210167618,68.156985248956,11.894594697977452,0,1,0,1.8552478983238243,3.441944764234968,2.908823923367552
5,2025-11-13,2025-11-20,62.14,6567,6566,0.1222288690145602,0.4138526211201749,63.64,56.49936402695717,62.185131837662574,68.44308229420854,11.943718267251365,0,1,0,1.4548681623374264,2.11664136978308,2.2860907642008583
5,2025-11-14,2025-11-21,63.45,6568,6567,0.1230190523727664,0.4138410043961237,62.78,57.69151663191981,63.497084852856176,69.88687453884756,12.195357906927754,0,1,0,0.7170848528561748,0.5142106861957619,1.1422186251293005
5,2025-11-17,2025-11-24,63.16,6569,6568,0.122824986132516,0.4138105309721414,64.83,57.42803465082755,63.20664208639386,69.56671298483876,12.13867833401121,0,1,0,1.6233579136061351,2.6352909156676643,2.5040226956750504
5,2025-11-18,2025-11-25,64.86,6570,6569,0.1238385587142302,0.4138113645746216,63.99,58.974928606394805,64.90920239753287,71.44060460002044,12.46567599362563,0,1,0,0.9192023975328638,0.844933047630165,1.4364781958632034
5,2025-11-19,2025-11-26,63.78,6571,6570,0.1231811578550419,0.413793171080131,64.81,57.992419076457146,63.82756009962225,70.24982735932757,12.257408282870422,0,1,0,0.9824399003777556,0.9651881578542546,1.515877025733306
5,2025-11-20,2025-11-27,63.64,6572,6571,0.1230782420362669,0.4137619339517548,64.18,57.86543855435664,63.68734198742607,70.09499332858657,12.229554774229925,0,1,0,0.4926580125739335,0.242711917353298,0.7676192156028879
5,2025-11-21,2025-11-28,62.78,6573,6572,0.1225414376324278,0.4137392154462113,64.07,57.08317629697174,62.82604479197092,69.14667613568184,12.0634998387101,0,1,0,1.243955208029071,1.5474245595826492,1.9415564351944297
5,2025-11-24,2025-12-01,64.83,6574,6573,0.1237742980592581,0.4137551379454777,64.22,58.94837064090732,64.87912686745473,71.4065725196183,12.458201878710971,0,1,0,0.6591268674547308,0.4344482274006863,1.026357626058441
5,2025-11-25,2025-12-02,63.99,6575,6574,0.1232588814651113,0.4137317263828227,63.37,58.18431046997496,64.03784775228588,70.48027056814772,12.295960098172756,0,1,0,0.667847752285887,0.4460206202333114,1.053886306274084
5,2025-11-26,2025-12-03,64.81,6576,6575,0.1237311885105013,0.4137075928237993,63.75,58.93080688221847,64.85908154897966,71.38372409841388,12.45291721619541,0,1,0,1.1090815489796595,1.2300618822871214,1.7397357631053485
5,2025-11-27,2025-12-04,64.18,6577,6576,0.123339924590984,0.4136806886286836,64.15,58.35788050374179,64.22812000889421,70.68884894838519,12.330968444643396,0,1,0,0.0781200088942029,0.0061027357896303,0.1217770988218283
5,2025-11-28,2025-12-05,64.07,6578,6577,0.1232555099113152,0.4136493947503052,64.42,58.25819899715332,64.11794661235399,70.56708151904178,12.308882521888464,0,1,0,0.3020533876460121,0.091236248988432,0.4688813841136481
5,2025-12-01,2025-12-08,64.22,6579,6578,0.1233264471732719,0.4136181687659669,63.3,58.39511210220165,64.26816579101245,70.73189836355047,12.33678626134882,0,1,0,0.9681657910124528,0.9373449988867684,1.5294878215046648
5,2025-12-02,2025-12-09,63.37,6580,6579,0.1228008135424635,0.4135951349913212,62.62,57.62192632696621,63.41687887490404,69.79462129422345,12.172694967257245,0,1,0,0.7968788749040385,0.6350159412683263,1.272562879118554
5,2025-12-03,2025-12-10,63.75,6581,6580,0.1230117682941439,0.4135652749681525,63.12,57.96811571584213,63.79744264829328,70.21297204852816,12.244856332686028,0,1,0,0.6774426482932796,0.4589285417266121,1.073261483354372
5,2025-12-04,2025-12-11,64.15,6582,6581,0.1232333014473713,0.4135355740676592,61.87,58.33250925262904,64.1980381548764,70.65336560589009,12.32085635326105,0,1,0,2.328038154876402,5.419761650560325,3.762789970706971
5,2025-12-05,2025-12-12,64.42,6583,6582,0.1233756949576207,0.4135049134516156,62.11,58.57862046696264,64.46843870016882,70.95045180829139,12.37183134132875,0,1,0,2.3584387001688185,5.562233102453987,3.797196425968151
5,2025-12-08,2025-12-15,63.3,6584,6583,0.1226915473233321,0.413487985008267,61.55,57.55963055318865,63.3467454503944,69.71570388119463,12.15607332800598,0,1,0,1.796745450394404,3.22829421351299,2.919164013638349
5,2025-12-09,2025-12-16,62.62,6585,6584,0.122261815218825,0.4134621260893263,59.93,56.94116417654832,62.66572226458516,68.96579660307486,12.024632426526544,0,1,0,2.7357222645851635,7.484176308946975,4.5648627808863065
5,2025-12-10,2025-12-17,63.12,6586,6585,0.1225487629569637,0.4134335467204568,60.61,57.39654084189526,63.166461782175375,69.51641746268119,12.11987662078593,0,1,0,2.556461782175376,6.535496843723298,4.217887777883807
5,2025-12-11,2025-12-18,61.87,6587,6586,0.1217725745144002,0.4134209419442524,60.69,56.25918933516299,61.91459454878485,68.13850436597855,11.879315030815556,0,1,0,1.2245945487848502,1.4996318089135707,2.0177863713706548
5,2025-12-12,2025-12-19,62.11,6588,6587,0.1219024678756955,0.4133901973271175,61.35,56.47798653928936,62.154943398476696,68.40252681777795,11.9245402784886,0,1,0,0.8049433984766949,0.6479338747512113,1.3120511792611165
5,2025-12-15,2025-12-22,61.55,6589,6588,0.1215391331208849,0.4133627346282116,62.22,55.96873149568449,61.59410801607581,67.78488704158929,11.8161555459048,0,1,0,0.6258919839241912,0.39174077554056,1.0059337575123612
5,2025-12-16,2025-12-23,59.93,6590,6589,0.120514326444724,0.4133646285495576,63.7,54.49449801257905,59.97172671319682,65.99947033427402,11.504972321694972,0,1,0,3.72827328680318,13.900021701090187,5.852862302673752
5,2025-12-17,2025-12-24,60.61,6591,6590,0.1209298582747052,0.4133390036950025,63.7,55.11361688876424,60.6527129750955,66.74850606637082,11.634889177606588,0,1,0,3.047287024904506,9.285958212151357,4.783810086192316
5,2025-12-18,2025-12-29,60.69,6592,6591,0.1209619673826639,0.4133077056292661,63.1,55.18681164503124,60.73282363289198,66.8361834372444,11.64937179221316,0,1,0,2.367176367108023,5.6035239529947365,3.75146809367357
5,2025-12-19,2025-12-30,61.35,6593,6592,0.1213592783958529,0.4132816210781138,62.3,55.78775368128593,61.3937864441638,67.56316154052236,11.77540785923643,0,1,0,0.906213555836196,0.8212230087812822,1.4545963978109084
5,2025-12-22,2025-12-31,62.22,6594,6593,0.1218828034132621,0.4132592575046848,61.35,56.57976711227955,62.26506556334267,68.52163922685968,11.941872114580129,0,1,0,0.9150655633426652,0.8373449852156292,1.4915494105014917
20,2024-12-03,2025-01-03,74.8,6328,6327,0.1324462510445296,0.4173407883677421,76.72,61.86956539491357,75.06976280902626,91.08629181783076,29.2167264229172,0,1,0,1.6502371909737406,2.7232827864729017,2.150986953823958
20,2024-12-04,2025-01-06,74.68,6329,6328,0.1323614436794392,0.4173079582508621,77.27,61.77090052803867,74.94890706829327,90.9382674157692,29.16736688773053,0,1,0,2.3210929317067297,5.387472397618941,3.003873342444325
20,2024-12-05,2025-01-07,73.78,6330,6329,0.1318607792648521,0.4172822069585346,77.84,61.02482887917476,74.04278733750475,89.83776697779234,28.812938098617582,0,1,0,3.797212662495255,14.418824004214304,4.878227983678385
20,2024-12-06,2025-01-08,73.78,6331,6330,0.1318399466339868,0.4172492412761622,77.37,61.02572681256443,74.04274574908408,89.83634418483922,28.81061737227479,0,1,0,3.327254250915928,11.070620850238113,4.300444941083014
20,2024-12-09,2025-01-09,73.73,6332,6331,0.1317921504993887,0.4172163168240477,78.44,60.98513583992992,73.9923676802701,89.77385061996725,28.78871478003733,0,1,0,4.447632319729891,19.78143325150589,5.67010749583107
20,2024-12-10,2025-01-10,73.64,6333,6332,0.1317227638881466,0.4171834586113099,79.76,60.91135138499488,73.90172085070722,89.66250494388554,28.751153558890657,0,1,0,5.858279149292784,34.319434591038586,7.3448835873781135
20,2024-12-11,2025-01-13,74.38,6334,6333,0.1321017466450565,0.4171551153678332,82.69,61.526158974686645,74.64666608905469,90.56513279990932,29.03897382522268,0,1,0,8.043333910945307,64.69522040296273,9.727093857715936
20,2024-12-12,2025-01-14,73.52,6335,6334,0.1316209749923907,0.4171288289923981,82.39,60.81325150395693,73.78083176924683,89.51356820984486,28.70031670588793,0,1,0,8.60916823075317,74.11777762540966,10.449287814969257
20,2024-12-13,2025-01-15,74.89,6336,6335,0.1323412819995924,0.4171118443464379,83.48,61.9505328749225,75.16003103437146,91.18614486324137,29.23561198831885,0,1,0,8.319968965628547,69.22188358902216,9.966421856287193
20,2024-12-16,2025-01-16,74.3,6337,6336,0.1320071148136932,0.417082041909547,82.39,61.46175223958208,74.56599962855228,90.4642008729536,29.00244863337152,0,1,0,7.824000371447724,61.21498181241412,9.49629854526972
20,2024-12-17,2025-01-17,73.16,6338,6337,0.1313762716484913,0.4170607899901098,83.02,60.51634069496201,73.41829407171082,89.07091609471598,28.55457539975397,0,1,0,9.601705928289178,92.19275673334354,11.565533519982148
20,2024-12-18,2025-01-20,74.57,6339,6338,0.1321216526803641,0.4170449339296604,81.68,61.68679633784956,74.8377384650578,90.79231587729484,29.105519539445268,0,1,0,6.84226153494221,46.81654291254973,8.37691177147675
20,2024-12-19,2025-01-21,73.75,6340,6339,0.1316637471837099,0.4170180503704508,80.57,61.00706208919819,74.01217039122234,89.78962727315498,28.782565183956784,0,1,0,6.557829608777652,43.00512917776086,8.13929453739314
20,2024-12-20,2025-01-22,73.19,6341,6340,0.1313412226319794,0.4169880554145618,80.0,60.54317388965775,73.44837249175754,89.10440393362836,28.56123004397061,0,1,0,6.551627508242461,42.92382300675932,8.189534385303077
20,2024-12-23,2025-01-23,72.12,6342,6341,0.1307396340364552,0.4169657538520389,78.62,59.65587616272966,72.37119318007387,87.7967090453997,28.140832882670036,0,1,0,6.248806819926131,39.04758667275532,7.948113482480451
20,2024-12-24,2025-01-24,73.5,6343,6342,0.1314791635450924,0.4169496801493664,78.71,60.80143163402087,73.76036801346841,89.48131225314866,28.679880619127783,0,1,0,4.949631986531585,24.498856802096608,6.28844109583482
20,2024-12-27,2025-01-27,73.77,6344,6343,0.1316043503508127,0.4169173870658393,77.3,61.02636855431544,74.03213911536379,89.80966345914103,28.783294904825595,0,1,0,3.2678608846362067,10.678914761335331,4.227504378572066
20,2024-12-30,2025-01-28,74.24,6345,6344,0.1318366362883991,0.4168863371910147,78.01,61.41725590917872,74.50525930727896,90.38231328103478,28.965057371856066,0,1,0,3.504740692721043,12.283207323214777,4.49268131357652
20,2024-12-31,2025-01-29,74.58,6346,6345,0.131997714168292,0.416854397641391,77.02,61.70029818952512,74.8475100593555,90.79615377023254,29.095855580707426,0,1,0,2.172489940644496,4.719712542201527,2.8206828624311817
20,2025-01-02,2025-01-30,76.14,6347,6346,0.1328073269059153,0.4168416088356877,77.42,62.99533929504299,76.41804801592764,92.70079545430978,29.705456159266795,0,1,0,1.0019519840723632,1.003907778386545,1.2941771946168472
20,2025-01-03,2025-01-31,76.72,6348,6347,0.1330887886970979,0.4168113773266505,77.11,63.477579892849405,77.0019631366853,93.40781953111863,29.930239638269228,0,1,0,0.1080368633146946,0.011671963834878,0.1401074611784394
20,2025-01-06,2025-02-03,77.27,6349,6348,0.1333523560544008,0.4167808476677846,76.49,63.93495237038748,77.55568512703331,94.07818528866892,30.14323291828144,0,1,0,1.0656851270333192,1.1356847899800218,1.3932345758050977
20,2025-01-07,2025-02-04,77.84,6350,6349,0.1336240864042851,0.4167504634224364,76.58,64.40894388951214,78.12955598458686,94.77297949210212,30.36403560258998,0,1,0,1.5495559845868598,2.401123749368953,2.0234473551669625
20,2025-01-08,2025-02-05,77.37,6351,6350,0.1333634685298603,0.4167194971975713,74.71,64.01970098828896,77.65628091779499,94.19753408543166,30.177833097142692,0,1,0,2.9462809177949936,8.68057124656291,3.9436232335631023
20,2025-01-09,2025-02-06,78.44,6352,6351,0.1338910941830621,0.416695425277616,74.54,64.90856468568101,78.73359966487506,95.50326287766956,30.59469819198854,0,1,0,4.193599664875052,17.586278149240147,5.625972182553061
20,2025-01-10,2025-02-07,79.76,6353,6352,0.1345374750982744,0.4166755815143419,74.68,66.00489185958514,80.0627000582687,97.11455863387556,31.109666774290417,0,1,0,5.382700058268696,28.973459917285822,7.207686205501735
20,2025-01-13,2025-02-10,82.69,6354,6353,0.135972862054082,0.4167040833447605,76.23,68.43642267489308,83.01319786163494,100.69478721808012,32.25836454318703,0,1,0,6.783197861634932,46.01177323008872,8.898331184094099
20,2025-01-14,2025-02-11,82.39,6355,6354,0.1358076025096632,0.4166719841911169,77.65,68.18832705901788,82.71102826737302,100.32676400940451,32.138436950386634,0,1,0,5.061028267373018,25.61400712314873,6.517744066159715
20,2025-01-15,2025-02-12,83.48,6356,6355,0.1363107250229814,0.4166471734751765,75.38,69.0940522340004,83.80869059656351,101.65703692877536,32.56298469477497,0,1,0,8.428690596563513,71.04282517259819,11.18160068527927
20,2025-01-16,2025-02-13,82.39,6357,6356,0.1357717157914879,0.4166228580762854,75.61,68.18979589360819,82.71092705507138,100.32435740067363,32.134561507065456,0,1,0,7.100927055071381,50.42316504144471,9.391518390518954
20,2025-01-17,2025-02-14,83.02,6358,6357,0.1360534147900127,0.4165927044717555,75.19,68.71377801157107,83.34532747225323,101.09244190135176,32.3786638897807,0,1,0,8.155327472253234,66.50936617968831,10.84629268819422
20,2025-01-20,2025-02-17,81.68,6359,6358,0.135392431185487,0.4165728383186643,75.81,67.60181062801387,81.99582878844487,99.45467253384264,31.85286190582879,0,1,0,6.185828788444866,38.26447779995328,8.159647524660157
20,2025-01-21,2025-02-18,80.57,6360,6359,0.1348327185632305,0.4165492359920474,76.46,66.68094704999667,80.87800709468196,98.0977673682838,31.416820318287137,0,1,0,4.418007094681968,19.518786688660207,5.77819395066959
20,2025-01-22,2025-02-19,80.0,6361,6360,0.1345312589702167,0.4165190100853571,76.34,66.2086158760631,80.30398698744784,97.40016825229615,31.191552376233066,0,1,0,3.9639869874478393,15.713192836655796,5.192542556258632
20,2025-01-23,2025-02-20,78.62,6362,6361,0.1338268903917814,0.4165009791160991,76.95,65.06346238917087,78.9143786344367,95.71392186309068,30.650459473919824,0,1,0,1.9643786344366987,3.858783419431389,2.5527987452068857
20,2025-01-24,2025-02-21,78.71,6363,6362,0.1338511887491875,0.4164682827628422,74.88,65.13912651364174,79.00495336459603,95.8223266140176,30.68320010037587,0,1,0,4.124953364596038,17.015240260092177,5.508751822377189
20,2025-01-27,2025-02-24,77.3,6364,6363,0.1331208642903796,0.4164514107937795,74.89,63.969061182064365,77.58521573490103,94.09964112962268,30.13057994755832,0,1,0,2.6952157349010264,7.264187857658079,3.598899365604255
20,2025-01-28,2025-02-25,78.01,6365,6364,0.1334635782582252,0.4164225011520817,73.11,64.5592990620383,78.30003994624039,94.96534728004636,30.406048218008067,0,1,0,5.19003994624039,26.93651464357095,7.098946718971947
20,2025-01-29,2025-02-26,77.02,6366,6365,0.1329402726866862,0.4163977647381692,73.49,63.73813310436904,77.30321170162146,93.75528036882656,30.017147264457527,0,1,0,3.813211701621469,14.5405834813829,5.188749083714069
20,2025-01-30,2025-02-27,77.42,6367,6366,0.1331249343141162,0.4163662402486895,75.01,64.07109598216498,77.70590232406751,94.24229698955568,30.171201007390707,0,1,0,2.695902324067504,7.267889340912568,3.5940572244600766
20,2025-01-31,2025-02-28,77.11,6368,6367,0.1329455740489032,0.4163343736932115,74.76,63.81464788943326,77.39373732567482,93.86231492828422,30.04766703885096,0,1,0,2.633737325674815,6.936572300652727,3.522923121555397
20,2025-02-03,2025-03-03,76.49,6369,6368,0.1326065734800557,0.4163049178210834,72.85,63.30077118494627,76.76946516966292,93.10393336625968,29.80316218131341,0,1,0,3.919465169662928,15.362207216200844,5.380185545179036
20,2025-02-04,2025-03-04,76.58,6370,6369,0.1326322979660781,0.4162722761968826,72.31,63.37640875325752,76.86003380314456,93.21236265090332,29.8359538976458,0,1,0,4.550033803144558,20.70280760975813,6.292399119270582
20,2025-02-05,2025-03-05,74.71,6371,6370,0.1316457298470187,0.4162690685942266,70.92,61.82408353229799,74.97733274510387,90.92897305357064,29.104889521272653,0,1,0,4.057332745103864,16.461949004492055,5.720999358578488
20,2025-02-06,2025-03-06,74.54,6372,6371,0.1315350769662371,0.4162366798849788,71.08,61.68385505801097,74.80614753279131,90.72000612534646,29.03615106733549,0,1,0,3.726147532791316,13.884175436126812,5.242188425423911
20,2025-02-07,2025-03-07,74.68,6373,6372,0.131588698075306,0.416204149109232,72.49,61.8009698300548,74.94704689244465,90.88950955534403,29.08853972528923,0,1,0,2.457046892444652,6.037079431671919,3.389497713401368
20,2025-02-10,2025-03-10,76.23,6374,6373,0.1323885455300537,0.4161911897417092,71.08,63.08807323110536,76.5074787956803,92.78131367602892,29.69324044492357,0,1,0,5.427478795680301,29.45752607755929,7.635732689477069
20,2025-02-11,2025-03-11,77.65,6375,6374,0.1331040627352526,0.4161743991726261,71.51,64.26745266402864,77.93711654236829,94.51431297102744,30.24686030699881,0,1,0,6.427116542368282,41.30782704918401,8.987717161751197
20,2025-02-12,2025-03-12,75.38,6376,6375,0.1319279768469779,0.4161840803415317,72.36,62.38255168857014,75.65163719359046,91.74312456217228,29.36057287360213,0,1,0,3.2916371935904607,10.834875414228083,4.548973457145468
20,2025-02-13,2025-03-13,75.61,6377,6376,0.1320278556837946,0.4161518274176244,70.82,62.57439164968,75.8831483668301,92.0225040029102,29.448112353230208,0,1,0,5.063148366830106,25.63547138453437,7.149319919274366
20,2025-02-14,2025-03-14,75.19,6378,6377,0.1317876813331173,0.416120762128739,71.94,62.22657559518279,75.46027010268612,91.50836775937196,29.281792164189163,0,1,0,3.5202701026861263,12.39230159586579,4.893341816355472
20,2025-02-17,2025-03-17,75.81,6379,6378,0.1320927525353581,0.4160911975896543,71.93,62.742121958906665,76.08441510636396,92.263985363277,29.52186340437032,0,1,0,4.154415106363956,17.25916487598504,5.775636182905542
20,2025-02-18,2025-03-18,76.46,6380,6379,0.132410693863019,0.4160618925465178,71.93,63.28259447404714,76.7387785775806,93.05623744604874,29.773642972001603,0,1,0,4.808778577580597,23.12435140819807,6.685358789907683
20,2025-02-19,2025-03-19,76.34,6381,6380,0.1323279589388392,0.4160294252455797,71.94,63.18387917210015,76.61792009298755,92.90828224373332,29.72440307163316,0,1,0,4.677920092987549,21.882936396376635,6.502530015273213
20,2025-02-20,2025-03-20,76.95,6382,6381,0.1326227246917313,0.4159996907427192,72.61,63.69118433830082,77.23202340598114,93.6516646903531,29.96048035205228,0,1,0,4.622023405981139,21.36310036543749,6.365546627160362
20,2025-02-21,2025-03-21,74.88,6383,6382,0.1315400740170587,0.4160028597015813,72.64,61.97243154891412,75.14797160722473,91.12467423878584,29.15224268987172,0,1,0,2.507971607224732,6.289921582645406,3.45260408483581
20,2025-02-24,2025-03-24,74.89,6384,6383,0.1315247361230984,0.4159702666330943,73.96,61.98163513785965,75.15799677876623,91.13545435245672,29.15381921459707,0,1,0,1.197996778766239,1.4351962819342847,1.6197901281317455
20,2025-02-25,2025-03-25,73.11,6385,6384,0.1305661748502502,0.4159655473864112,73.78,60.50398230488566,73.3660567808333,88.96238036771041,28.45839806282475,0,1,0,0.4139432191666969,0.1713489886940881,0.5610507172224138
20,2025-02-26,2025-03-26,73.49,6386,6385,0.1307508259118113,0.4159341579191474,74.6,60.82029963404075,73.74854485833008,89.42487790173652,28.60457826769577,0,1,0,0.8514551416699163,0.7249758582761373,1.1413607797183865
20,2025-02-27,2025-03-27,75.01,6387,6386,0.1315463331325009,0.4159211280843458,74.72,62.0825721403089,75.27867734688715,91.27971132203392,29.19713918172502,0,1,0,0.5586773468871513,0.3121203779248664,0.7476945220652453
20,2025-02-28,2025-03-28,74.76,6388,6387,0.131394259873864,0.4158891485455838,74.69,61.87589326677326,75.02695554509984,90.97313608220875,29.097242815435507,0,1,0,0.3369555450998405,0.1135390393735306,0.451138767036873
20,2025-03-03,2025-03-31,72.85,6389,6388,0.1303661258220134,0.4158887967673269,77.23,60.290152633445246,73.10417070801557,88.64166935185432,28.351516718409076,0,1,0,4.125829291984431,17.02246734659675,5.342262452394705
20,2025-03-04,2025-04-01,72.31,6390,6389,0.130053403970201,0.4158589926006952,77.78,59.84265248795868,72.56055713333585,87.98130150663869,28.13864901868001,0,1,0,5.219442866664153,27.24258383837131,6.710520527981682
20,2025-03-05,2025-04-02,70.92,6391,6390,0.1292751481280901,0.41584463094404,77.27,58.68910299490865,71.16137894467418,86.2841923780437,27.595089383135047,0,1,0,6.108621055325813,37.31525119756984,7.905553326421397
20,2025-03-06,2025-04-03,71.08,6392,6391,0.1293438613056859,0.4158122968157562,72.54,58.82277421095266,71.3223885687991,86.47812313162882,27.65534892067616,0,1,0,1.2176114312009076,1.4825775973911226,1.6785379531305589
20,2025-03-07,2025-04-04,72.49,6393,6392,0.1301054943382019,0.4157977407555636,68.36,59.993689814800426,72.74162860811519,88.19835134153709,28.204661526736665,0,1,0,4.381628608115193,19.19866925945348,6.409638104322986
20,2025-03-10,2025-04-07,71.08,6394,6393,0.1293186051684675,0.4157838284108927,66.13,58.82348754905074,71.322312610328,86.47689023612543,27.65340268707469,0,1,0,5.192312610328003,26.9601102433712,7.85167489842432
20,2025-03-11,2025-04-08,71.51,6395,6394,0.1295367601776093,0.4157529367325574,64.86,59.18127362882797,71.75509397683388,87.00038366724529,27.819110038417318,0,1,0,6.895093976833877,47.54232094937081,10.630733852657844
20,2025-03-12,2025-04-09,72.36,6396,6395,0.1299848070502645,0.4157268515365886,67.3,59.88763377210012,72.61065170306642,88.03665145307902,28.149017680978893,0,1,0,5.310651703066426,28.203021511282337,7.891012931748034
20,2025-03-13,2025-04-10,70.82,6397,6396,0.129126172676812,0.4157166305468613,65.37,58.60937987992668,71.06049855512906,86.15676305138577,27.54738317145909,0,1,0,5.690498555129054,32.381773805925846,8.70506127448226
20,2025-03-14,2025-04-11,71.94,6398,6397,0.1297288529440388,0.4156955465063323,66.83,59.53974298971577,72.18780497792811,87.52270207870205,27.982959088986284,0,1,0,5.357804977928112,28.70607418151125,8.017065656034882
20,2025-03-17,2025-04-14,71.93,6399,6398,0.1297031008648746,0.4156630583725286,67.18,59.53230504157417,72.17770037376361,87.5091335302182,27.976828488644024,0,1,0,4.997700373763607,24.977009025916896,7.439268195539753
20,2025-03-18,2025-04-15,71.93,6400,6399,0.1296828300599741,0.4156305746751881,66.58,59.53316917304064,72.17766159796854,87.50776930098348,27.974600127942843,0,1,0,5.597661597968539,31.3338153653717,8.407422045612105
20,2025-03-19,2025-04-16,71.94,6401,6400,0.1296680387214721,0.4155980972443365,67.94,59.54233568301498,72.1876886196075,87.51860887660669,27.97627319359171,0,1,0,4.247688619607501,18.04285860914308,6.252117485439361
20,2025-03-20,2025-04-17,72.61,6402,6401,0.1300143663236295,0.4155695484700283,69.33,60.09937581772408,72.86206671098128,88.33503997606958,28.2356641583455,0,1,0,3.532066710981283,12.47549525082214,5.094571918334463
20,2025-03-21,2025-04-22,72.64,6403,6402,0.1300103169291633,0.4155370886269426,68.93,60.125156252899714,72.89222546426679,88.37027401283889,28.245117759939177,0,1,0,3.96222546426678,15.6992306296841,5.748187239615232
20,2025-03-24,2025-04-23,73.96,6404,6403,0.130705029127329,0.4155196985935145,68.26,61.22164277490166,74.22094354446031,89.98040906684594,28.75876629194428,0,1,0,5.9609435444603065,35.532847940243,8.732703698301064
20,2025-03-25,2025-04-24,73.78,6405,6404,0.1305888657368685,0.4154875733389864,67.5,61.07305552776205,74.03970431170838,89.75935078396897,28.686295256206925,0,1,0,6.539704311708377,42.76773248457714,9.68845083216056
20,2025-03-26,2025-04-25,74.6,6406,6405,0.1310056673510897,0.4154607345029889,66.99,61.75469440821505,74.86513340958821,90.75890107052092,29.00420666230587,0,1,0,7.875133409588216,62.01772621881251,11.755685041928968
20,2025-03-27,2025-04-28,74.72,6407,6406,0.1310484826383409,0.4154283975100264,66.13,61.855234712017,74.98589465247278,90.90393760545138,29.04870289343437,0,1,0,8.855894652472784,78.42687009569606,13.39164471869467
20,2025-03-28,2025-04-29,74.69,6408,6407,0.1310122382600614,0.4153959871810553,64.04,61.83121671530308,74.95565237651422,90.86591080777347,29.0346940924704,0,1,0,10.915652376514217,119.15146680490048,17.045053679753615
20,2025-03-31,2025-04-30,77.23,6409,6408,0.1323286739907165,0.4154159464093924,63.37,63.93997177325938,77.51273350940528,93.96663291322888,30.026661139969494,1,0,0,14.142733509405282,200.01691111805505,22.317711076858583
20,2025-04-01,2025-05-01,77.78,6410,6409,0.1325879905268122,0.4153857935515522,62.37,64.39761482016145,78.06643126695704,94.63654372569272,30.23892890553128,1,0,0,15.696431266957042,246.37795451830664,25.166636631324423
20,2025-04-02,2025-05-02,77.27,6411,6410,0.1323095765860659,0.415355549993696,61.57,63.97490926536569,77.55291681744457,94.01271492149723,30.037805656131543,1,0,0,15.982916817444568,255.4536299933524,25.958935873712147
20,2025-04-03,2025-05-06,72.54,6412,6411,0.1298848537368068,0.4155130203667269,62.37,60.04250427391997,72.79121119997221,88.2468260115599,28.204321737639937,0,1,0,10.421211199972213,108.60164287442628,16.708691999314116
20,2025-04-04,2025-05-07,68.36,6413,6412,0.1276016738564753,0.4156481496543438,60.31,56.56860570654417,68.58400095949409,83.15151361539972,26.582907908855557,0,1,0,8.274000959494089,68.4590918777091,13.719119481834005
20,2025-04-07,2025-05-08,66.13,6414,6413,0.1263003605862248,0.4156682455092934,62.22,54.71706041474656,66.33979789674258,80.4313819423414,25.71432152759484,0,1,0,4.119797896742583,16.972734710004605,6.621340239059117
20,2025-04-08,2025-05-09,64.86,6415,6414,0.1255263053276901,0.4156538995264183,64.26,53.663326679228746,65.06180254397344,78.88139651821946,25.218069838990715,0,1,0,0.8018025439734373,0.6428873195222758,1.247747500736753
20,2025-04-09,2025-05-12,67.3,6416,6415,0.1269839816935741,0.4156853989604226,65.28,55.6876850058041,67.51713461067051,81.85945358583824,26.17176858003414,0,1,0,2.237134610670509,5.0047712662598896,3.4269831658555594
20,2025-04-10,2025-05-13,65.37,6417,6416,0.1258381693491592,0.41569344082388,66.93,54.085563355206446,65.57492682958532,79.50496882994068,25.419405474734237,0,1,0,1.355073170414684,1.8362232971777035,2.0246125361044136
20,2025-04-11,2025-05-14,66.83,6418,6417,0.1266954383253483,0.4156837666552012,65.91,55.29755987239529,67.0440864828006,81.28585678438077,25.98829691198548,0,1,0,1.1340864828005977,1.2861521504710305,1.7206592061911663
20,2025-04-14,2025-05-15,67.18,6419,6418,0.1268812975333086,0.4156525871699094,64.36,55.58884281787353,67.39627114932914,81.7116733247309,26.12283050685737,0,1,0,3.0362711493291386,9.218942492248487,4.717636962910408
20,2025-04-15,2025-05-16,66.58,6420,6419,0.1265109644959363,0.4156241427225049,65.2,55.09152471267053,66.79243909578473,80.97851608993625,25.88699137726572,0,1,0,1.5924390957847263,2.5358622737836773,2.442391251203568
20,2025-04-16,2025-05-19,67.94,6421,6420,0.1272928663433394,0.4156107726078168,66.25,56.220716539775154,68.16103820292038,82.63728061190861,26.41656407213345,0,1,0,1.9110382029203803,3.6520670130211577,2.8845859666722724
20,2025-04-17,2025-05-20,69.33,6422,6421,0.128075804062112,0.4155974610085055,66.93,57.374893162481605,69.55991318787432,84.3327325944136,26.957839431931998,0,1,0,2.6299131878743083,6.916443375755207,3.929348853838799
20,2025-04-22,2025-05-21,68.93,6423,6422,0.127829501919938,0.4155667698237559,65.86,57.04362218059481,69.15730482402029,83.84342767331238,26.799805492717567,0,1,0,3.297304824020287,10.872219102507456,5.006536325569826
20,2025-04-23,2025-05-22,68.26,6424,6423,0.1274283129461911,0.4155390706800415,64.87,56.488135877730045,68.48297742318303,83.02483563797605,26.53669976024601,0,1,0,3.6129774231830254,13.053605860430254,5.569565936770503
20,2025-04-24,2025-05-23,67.5,6425,6424,0.1269717964006734,0.4155128127738444,65.41,55.85790682585129,67.71809988591356,82.0965430454738,26.238636219622503,0,1,0,2.3080998859135637,5.327325083354204,3.528665167273449
20,2025-04-25,2025-05-27,66.99,6426,6425,0.1266557410860163,0.4154833025626077,64.32,55.43529077991945,67.20483165005834,81.4731795138109,26.037888733891457,0,1,0,2.884831650058345,8.322253649178354,4.485123834045935
20,2025-04-28,2025-05-28,66.13,6427,6426,0.1261326841148798,0.4154590437425021,65.72,54.72201434087203,66.33937279782533,80.4230698781458,25.701055537273767,0,1,0,0.6193727978253349,0.3836226626859832,0.9424418713106132
20,2025-04-29,2025-05-29,64.04,6428,6427,0.1248742748145677,0.4154758647529927,64.6,52.986822356591375,64.2363042194964,77.87413164749618,24.88730929090481,0,1,0,0.3636957805035905,0.1322746207561159,0.5629965642470443
20,2025-04-30,2025-05-30,63.37,6429,6428,0.1244447621154418,0.4154489128269526,64.32,52.43137714337037,63.56214016950203,77.05587537553885,24.62449823216848,0,1,0,0.7578598304979636,0.5743515226824021,1.178264661843849
20,2025-05-01,2025-06-02,62.37,6430,6429,0.123806976255625,0.4154287605313496,66.55,51.601896441822966,62.55598316580783,75.83541109293748,24.23351465111451,0,1,0,3.9940168341921662,15.952170471810414,6.001527925157275
20,2025-05-02,2025-06-03,61.57,6431,6430,0.1232851152227831,0.4154044944672379,67.48,50.93851921734113,61.75108939350582,74.85881214989482,23.92029293255369,0,1,0,5.728910606494182,32.82041673720153,8.489790466055396
20,2025-05-06,2025-06-04,62.37,6432,6431,0.1237750013555933,0.4153798743671746,66.69,51.6030176153012,62.55592524010451,75.83362298342021,24.23060536811901,0,1,0,4.134074759895491,17.09057412040496,6.198942509964748
20,2025-05-07,2025-06-05,60.31,6433,6432,0.1224621623779889,0.4154012507206568,67.14,49.89290881995096,60.48343942874921,73.3219716319352,23.429062811984245,0,1,0,6.656560571250793,44.30979863873068,9.914448274129867
20,2025-05-08,2025-06-06,62.22,6434,6433,0.1236833472022535,0.4154143729994075,68.02,51.47765628517778,62.40495316854855,75.65181597224476,24.174159687066982,0,1,0,5.615046831451444,31.528750919392905,8.254993871584011
20,2025-05-09,2025-06-09,64.26,6435,6434,0.124947875169897,0.4154306981994142,68.73,53.17035336657626,64.45745110069653,78.1405941343703,24.97024076779405,0,1,0,4.272548899303473,18.25467409693932,6.216424995349152
20,2025-05-12,2025-06-10,65.28,6436,6435,0.1255499370519609,0.4154098764924858,68.41,54.01746650624738,65.48375911220401,79.38400270899821,25.36653620275083,0,1,0,2.926240887795984,8.56288573340903,4.277504586750452
20,2025-05-13,2025-06-11,66.93,6437,6436,0.1265198387779854,0.4154065980922341,71.29,55.38715114786688,67.1440848364561,81.39664227339202,26.009491125525145,0,1,0,4.145915163543904,17.18861254330328,5.815563422000146
20,2025-05-14,2025-06-12,65.91,6438,6437,0.1259036836048304,0.415385670805236,70.84,54.54096126321004,66.11763453350027,80.15153189561178,25.610570632401743,0,1,0,4.722365466499738,22.30073559918929,6.666241482918885
20,2025-05-15,2025-06-13,64.36,6439,6438,0.1249638465104711,0.415380442689236,76.0,53.25449179463244,64.55794716438216,78.26060115551091,25.00610936087847,0,1,0,11.442052835617844,130.92057309307037,15.05533267844453
20,2025-05-16,2025-06-16,65.2,6440,6439,0.1254551388673084,0.4153559167018359,75.05,53.952307708601865,65.40313367980688,79.28428044713084,25.33197273852897,0,1,0,9.646866320193112,93.0620297996762,12.853919147492489
20,2025-05-19,2025-06-17,66.25,6441,6440,0.1260657007615802,0.4153354527532276,78.7,54.82438497236462,66.45967021177856,80.56429209164482,25.7399071192802,0,1,0,12.240329788221445,149.82567332442125,15.553150938019623
20,2025-05-20,2025-06-18,66.93,6442,6441,0.1264476350381439,0.4153079661273687,78.38,55.389545337363536,67.14391838202657,81.3927203813158,26.00317504395226,0,1,0,11.236081617973426,126.24953012576032,14.33539374581963
20,2025-05-21,2025-06-19,65.86,6443,6442,0.125802754344659,0.4152882015884186,80.37,54.501786038711984,66.0671600713273,80.08672664029886,25.58494060158688,0,0,1,14.30283992867271,204.5712300252344,17.796242290248486
20,2025-05-22,2025-06-20,64.87,6444,6443,0.1251954124939743,0.4152669959625042,78.73,53.68049888489184,65.07095493700895,78.87834994778623,25.197851062894397,0,1,0,13.659045062991057,186.5695120328203,17.349225280059766
20,2025-05-23,2025-06-23,65.41,6445,6444,0.1255014617020637,0.4152378849447186,74.34,54.12945052211485,65.61428442977484,79.53589551906624,25.4064449969514,0,1,0,8.725715570225162,76.13811221246984,11.737578114373369
20,2025-05-27,2025-06-24,64.32,6446,6445,0.1248305523234507,0.4152192088832748,69.13,53.22509019998965,64.51748448051688,78.20570689600348,24.980616696013836,0,1,0,4.612515519483111,21.275299417472556,6.672234224624781
20,2025-05-28,2025-06-25,65.72,6447,6446,0.1256619175626284,0.4152085138116539,68.4,54.38747364740004,65.92615594905789,79.91285027131003,25.52537662391,0,1,0,2.47384405094212,6.119904388381716,3.61673106862883
20,2025-05-29,2025-06-26,64.6,6448,6447,0.1249764259277352,0.4151904685681084,68.57,53.4581729208742,64.79915573841107,78.54609229959792,25.08791937872372,0,1,0,3.77084426158892,14.219266445158086,5.499262449451538
20,2025-05-30,2025-06-27,64.32,6449,6448,0.124787673607529,0.4151592191975265,69.37,53.22649387059243,64.5173924579352,78.20342139558072,24.97692752498829,0,1,0,4.852607542064803,23.547799957304207,6.995253772617562
20,2025-06-02,2025-06-30,66.55,6450,6449,0.126122632386522,0.4151812038465813,68.15,55.077111732221375,66.76126069805312,80.92410422069982,25.84699248847844,0,1,0,1.3887393019468846,1.9285968487719205,2.037768601536148
20,2025-06-03,2025-07-01,67.48,6451,6450,0.1266489522395499,0.4151578695232121,67.63,55.84976404419724,67.69709274339617,82.05757793857936,26.20781389438212,0,1,0,0.0670927433961736,0.0045014362164248,0.0992055942572433
20,2025-06-04,2025-07-02,66.69,6452,6451,0.1261720770966234,0.4151323895742637,70.8,55.19453026475422,66.90207526214951,81.0929570903605,25.89842682560628,0,1,0,3.897924737850488,15.193817261946796,5.505543415043062
20,2025-06-05,2025-07-03,67.14,6453,6452,0.1264160232798017,0.4151022409116118,70.42,55.56887033459874,67.35487720196122,81.64066419875752,26.071793864158774,0,1,0,3.065122798038786,9.394977767057116,4.352631067933521
20,2025-06-06,2025-07-04,68.02,6454,6453,0.1269081828317263,0.4150778533622603,71.03,56.30008871742654,68.24041384566326,82.71308603437394,26.412997316947404,0,1,0,2.789586154336746,7.781790912467275,3.927335146187168
20,2025-06-09,2025-07-07,68.73,6455,6454,0.1272960065303892,0.4150506056359215,71.95,56.890275414533086,68.95489881529872,83.57804626506412,26.68777085053103,0,1,0,2.995101184701284,8.970631106599033,4.162753557611235
20,2025-06-10,2025-07-08,68.41,6456,6455,0.1270945508518429,0.4150195471554201,72.5,56.62536751422721,68.63282457659811,83.18647306224686,26.56110554801965,0,1,0,3.867175423401889,14.95504575536358,5.334035066761227
20,2025-06-11,2025-07-09,71.29,6457,6456,0.1287174141252825,0.4150667354980584,71.98,59.01546359392412,71.53130666397423,86.70147655304213,27.68601295911801,0,1,0,0.4486933360257694,0.201325709793934,0.6233583440202409
20,2025-06-12,2025-07-10,70.84,6458,6457,0.1284511708491917,0.4150365756456231,70.38,58.64258216795602,71.07835216244897,86.15125663565583,27.508674467699805,0,1,0,0.6983521624489697,0.4876957427971521,0.99225939535233
20,2025-06-13,2025-07-11,76.0,6459,6458,0.1312708420062315,0.4152356689183089,72.06,62.92198245361199,76.2722801404025,92.4551403335845,29.533157879972507,0,1,0,4.212280140402498,17.743303981229293,5.845517819043156
20,2025-06-16,2025-07-14,75.05,6460,6459,0.1307629259160472,0.4152111655023081,70.96,62.1337086593844,75.31590135252945,91.29480790596908,29.161099246584683,0,1,0,4.355901352529457,18.97387659296796,6.138530654635651
20,2025-06-17,2025-07-15,78.7,6461,6460,0.132638837526312,0.4152841665264458,70.27,65.16287468086885,78.99040261778988,95.75212475321308,30.589250072344228,0,1,0,8.720402617789887,76.04542181635671,12.409851455514284
20,2025-06-18,2025-07-16,78.38,6462,6461,0.1324597465865115,0.4152528742253152,69.67,64.8980031748451,78.66818478956526,95.3601497015545,30.462146526709404,0,1,0,8.998184789565258,80.96732950716357,12.915436758382745
20,2025-06-19,2025-07-17,80.37,6463,6462,0.1334290697630091,0.4152498255842586,71.32,66.55092729450084,80.67171552477926,97.78865524911576,31.237727954614925,0,1,0,9.351715524779266,87.45458325639754,13.112332480060664
20,2025-06-20,2025-07-18,78.73,6464,6463,0.1326129912080529,0.4152380152331754,71.06,65.18907394362996,79.0204714149468,95.78652563832875,30.597451694698805,0,1,0,7.960471414946795,63.36910514818504,11.202464698771172
20,2025-06-23,2025-07-21,74.34,6465,6464,0.1304202764462926,0.4153613983978431,71.92,61.53963872932822,74.60098767095933,90.43451467046624,28.894875941138025,0,1,0,2.680987670959325,7.187694891835909,3.727735916239329
20,2025-06-24,2025-07-22,69.13,6466,6465,0.1276712563499563,0.4155781350604927,69.69,57.20809269809008,69.3570672761829,84.0860541626405,26.877961464550417,0,1,0,0.3329327238170947,0.1108441985882698,0.4777338553839786
20,2025-06-25,2025-07-23,68.4,6467,6466,0.1272400367686776,0.4155514425530585,69.17,56.60279860311984,68.62238134463459,83.19431790690471,26.59151930378487,0,1,0,0.5476186553654117,0.2998861917042215,0.7916996607856176
20,2025-06-26,2025-07-24,68.57,6468,6467,0.1273171921039604,0.4155195601103094,70.42,56.74472353466658,68.79342763035649,83.40045365172827,26.655730117061687,0,1,0,1.6265723696435117,2.6457376736877087,2.3098159182668443
20,2025-06-27,2025-07-25,69.37,6469,6468,0.1277519776419858,0.4154935652935109,69.23,57.40948079884488,69.59849557888438,84.37544669349202,26.96596589464714,0,1,0,0.368495578884378,0.1357889916573328,0.5322773059141672
20,2025-06-30,2025-07-28,68.15,6470,6469,0.1270472813775237,0.4154764789833645,70.87,56.39715273622781,68.37069162256459,82.88630269706921,26.4891499608414,0,1,0,2.499308377435412,6.246542365518831,3.526609817179924
20,2025-07-01,2025-07-29,67.63,6471,6470,0.1267305049038879,0.415447232284738,73.21,55.96623503696751,67.84736735450632,82.25075804896872,26.28452301200121,0,1,0,5.362632645493676,28.7578288905145,7.325000198734703
20,2025-07-02,2025-07-30,70.8,6472,6471,0.1285353637321274,0.415512778940184,73.98,58.59600969286,71.03757732021077,86.12083686203341,27.524827169173413,0,1,0,2.942422679789232,8.657851226538043,3.977321816422319
20,2025-07-03,2025-07-31,70.42,6473,6472,0.1283065544237784,0.4154821148467864,73.43,58.28134004612816,70.65509056331935,85.65592037794099,27.37458033181283,0,1,0,2.774909436680659,7.700122381779371,3.778986022988776
20,2025-07-04,2025-08-01,71.03,6474,6473,0.1286239029467177,0.4154533672777105,70.55,58.78851067228592,71.26898953207778,86.39900570432177,27.610495032035843,0,1,0,0.718989532077785,0.5169459472374323,1.019120527395868
20,2025-07-07,2025-08-04,71.95,6475,6474,0.1291081020234872,0.4154288325261435,69.56,59.55296924220177,72.19491767852313,87.52050829591903,27.96753905371726,0,1,0,2.634917678523124,6.942791172593688,3.787978261246584
20,2025-07-08,2025-08-05,72.5,6476,6475,0.1293856117219475,0.4153993435814877,69.14,60.01040392629093,72.74846284102534,88.19035532959377,28.179951403302844,0,1,0,3.608462841025343,13.02100407506069,5.21906688027964
20,2025-07-09,2025-08-06,71.98,6477,6476,0.1290865818283424,0.4153698089850361,67.97,59.57944391224649,72.22503698426746,87.55462664374691,27.975182731500425,0,1,0,4.255036984267463,18.105339737483945,6.260169169144421
20,2025-07-10,2025-08-07,70.38,6478,6477,0.1282020341562192,0.4153617639699581,66.99,58.251231506926736,70.61465145622991,85.60212155672434,27.35089004979761,0,1,0,3.6246514562299126,13.138098179149626,5.410735119017634
20,2025-07-11,2025-08-08,72.06,6479,6478,0.129110584547652,0.4153553921795151,67.17,59.64620212587829,72.30548142683706,87.6515596639875,28.00535753810921,0,1,0,5.13548142683706,26.37316948538841,7.645498625632068
20,2025-07-14,2025-08-11,70.96,6480,6479,0.1284970480233612,0.4153346583186496,67.36,58.73344392314888,71.19831583236771,86.30858057631514,27.57513665316625,0,1,0,3.838315832367712,14.732668429004644,5.69821234021335
20,2025-07-15,2025-08-12,70.27,6481,6480,0.1280991391466302,0.4153072297436783,66.8,58.161287429169725,70.5038356930421,85.46562614324915,27.304338714079428,0,1,0,3.703835693042109,13.718398841052718,5.544664211140882
20,2025-07-16,2025-08-13,69.67,6482,6481,0.1277474304319821,0.4152787603625038,66.25,57.66388283037213,69.8999535083959,84.73247482915602,27.06859199878389,0,1,0,3.649953508395896,13.32216061345151,5.509363786257956
20,2025-07-17,2025-08-14,71.32,6483,6482,0.1286482117573426,0.4152720079672433,68.12,59.03395908802736,71.56053116074243,86.74514972596774,27.711190637940376,0,1,0,3.440531160742424,11.837254668039613,5.050691662863217
20,2025-07-18,2025-08-15,71.06,6484,6483,0.12848668509522,0.4152406572223049,67.3,58.818909585566665,71.29881393643144,86.42664246175173,27.60773287618506,0,1,0,3.9988139364314463,15.99051289819836,5.941774051161139
20,2025-07-21,2025-08-18,71.92,6485,6484,0.1289371383230019,0.415215215958638,68.18,59.53364245237624,72.16434451839402,87.47478577235287,27.94114331997664,0,1,0,3.9843445183940105,15.8750012412564,5.843861129941347
20,2025-07-22,2025-08-19,69.69,6486,6485,0.1277127774210166,0.4152301223185987,66.62,57.681670109902505,69.91993930214315,84.75479130026258,27.07312119036008,0,1,0,3.2999393021431445,10.889599397828984,4.953376316636362
20,2025-07-23,2025-08-20,69.17,6487,6486,0.1274032304968267,0.4152008476659986,67.61,57.25069702061496,69.39658563044374,84.11925701846732,26.868559997852365,0,1,0,1.7865856304437386,3.191888214908051,2.642487251063065
20,2025-07-24,2025-08-21,70.42,6488,6487,0.1280854570799604,0.415183573013532,68.41,58.28895402226477,70.65454605514789,85.64341155190712,27.354457529642357,0,1,0,2.244546055147893,5.037986993679969,3.2810203992806506
20,2025-07-25,2025-08-22,69.23,6489,6488,0.1274094978499995,0.4151654244455069,68.29,57.301393838312094,69.45689779788663,84.19098260190201,26.889588763589916,0,1,0,1.1668977978866195,1.361650470712642,1.7087389045052268
20,2025-07-28,2025-08-26,70.87,6490,6489,0.1283095963924501,0.4151587103831707,66.89,58.663201286499294,71.10736801627458,86.19130349719853,27.52810221069924,0,1,0,4.217368016274577,17.78619298469576,6.304930507212703
20,2025-07-29,2025-08-27,73.21,6491,6490,0.129571452706893,0.4151755622922943,67.75,60.60571706423953,73.46252140099244,89.04674859091182,28.44103152667229,0,1,0,5.712521400992443,32.632900756796666,8.431765905523902
20,2025-07-30,2025-08-28,73.98,6492,6491,0.1299597402467202,0.4151485267954376,68.61,61.24585829611716,74.23753117493617,89.98504043005659,28.73918213393943,0,1,0,5.627531174936166,31.66910712487843,8.202202557843123
20,2025-07-31,2025-08-29,73.43,6493,6492,0.1296511905896458,0.415119272926613,67.83,60.789923547469485,73.68388319691049,89.31274010792788,28.522816560458395,0,1,0,5.853883196910488,34.26794848307095,8.630227328483691
20,2025-08-01,2025-09-01,70.55,6494,6493,0.1281096911397262,0.415162781689093,67.09,58.39727424728099,70.78516367976927,85.80091214454278,27.40363789726179,0,1,0,3.6951636797692657,13.65423462028594,5.507771172707208
20,2025-08-04,2025-09-02,69.56,6495,6494,0.12754553588012,0.4151403656731744,68.09,57.57587122984161,69.78879045912632,84.59229829636463,27.016427066523026,0,1,0,1.6987904591263143,2.8858890240185944,2.494919164526824
20,2025-08-05,2025-09-03,69.14,6496,6495,0.1272916698856229,0.4151102093666989,67.76,57.22793436011524,69.3660803442378,84.07874853642656,26.850814176311324,0,1,0,1.606080344237796,2.579494072146997,2.37024844190938
20,2025-08-06,2025-09-04,67.97,6497,6496,0.1266157488978269,0.4150921249718325,66.41,56.25699957750216,68.18863715311728,82.65087494390566,26.3938753664035,0,1,0,1.7786371531172875,3.1635501224491693,2.6782670578486485
20,2025-08-07,2025-09-05,66.99,6498,6497,0.1260371314499145,0.4150702480931051,64.92,55.44393497386319,67.20244710648235,81.45469651871797,26.01076154485478,0,1,0,2.2824471064823517,5.209564793889657,3.515784205918594
20,2025-08-08,2025-09-08,67.17,6499,6498,0.1261219207526545,0.4150386015208318,65.44,55.59415837866377,67.38354163272548,81.67299974293417,26.0788413642704,0,1,0,1.943541632725484,3.777354078137241,2.969959707710092
20,2025-08-11,2025-09-09,67.36,6500,6499,0.1262121765313897,0.4150069964450498,67.97,55.75268835286703,67.57470005832276,81.90349600850173,26.1508076556347,0,1,0,0.3952999416772371,0.1562620438900271,0.5815800230649362
20,2025-08-12,2025-09-10,66.8,6501,6500,0.1258705034562526,0.4149784475518817,67.62,55.28847034121932,67.01116099189069,81.21938751004444,25.93091716882512,0,1,0,0.6088390081093138,0.3706849377955331,0.9003830347668054
20,2025-08-13,2025-09-11,66.25,6502,6501,0.1255320357669849,0.4149498406394069,67.25,54.83255647560128,66.45769975944472,80.54750938489902,25.714952909297736,0,1,0,0.7923002405552779,0.6277396711839512,1.178141621643536
20,2025-08-14,2025-09-12,68.12,6503,6502,0.1266063981811048,0.4149537050537416,67.87,56.384982404708175,68.33938051841481,82.82827679397707,26.443294389268893,0,1,0,0.469380518414809,0.2203180710673548,0.6915876210620435
20,2025-08-15,2025-09-15,67.3,6504,6503,0.1261205421586606,0.4149288260515607,67.88,55.70478346613575,67.51419162743166,81.82719306101565,26.122409594879898,0,1,0,0.3658083725683383,0.1338157654410962,0.5389044970069805
20,2025-08-18,2025-09-16,68.18,6505,6504,0.1266076813762379,0.4149046105016676,69.69,56.43602709154132,68.39969129788311,82.89948833671401,26.46346124517269,0,1,0,1.2903087021168886,1.6648965467585697,1.851497635409512
20,2025-08-19,2025-09-17,66.62,6506,6505,0.1257020587258246,0.4148980748737007,69.19,55.14095184366873,66.82987545294382,80.99664774953996,25.85569590587123,0,1,0,2.3601245470561736,5.5701878776171085,3.411077535852253
20,2025-08-20,2025-09-18,67.61,6507,6506,0.1262582206196524,0.4148761250850131,67.83,55.96344836610027,67.82603706974047,82.20314220973688,26.23969384363661,0,1,0,0.0039629302595329,1.5704816241922147e-05,0.0058424447287822
20,2025-08-21,2025-09-19,68.41,6508,6507,0.1266969785381102,0.4148505244761159,67.05,56.62833110097998,68.63104102395042,83.1777963512976,26.549465250317624,0,1,0,1.5810410239504191,2.49969071941419,2.358003018568858
20,2025-08-22,2025-09-22,68.29,6509,6508,0.1266095974727917,0.4148188175133165,66.87,56.5294952121356,68.51024968713143,83.03018264322785,26.50068743109225,0,1,0,1.6402496871314298,2.6904190361347533,2.452893206417571
20,2025-08-26,2025-09-23,66.89,6510,6509,0.1257966291600096,0.4148072824842506,67.96,55.36733953707981,67.10143026389993,81.3223460095208,25.955006472440992,0,1,0,0.8585697361000655,0.7371419917469361,1.2633456976163413
20,2025-08-27,2025-09-24,67.75,6511,6510,0.1262749000724823,0.4147828455689671,69.64,56.0820023691462,67.96678311773509,82.37016176716743,26.28815939802123,0,1,0,1.67321688226491,2.799654735096306,2.4026664018737938
20,2025-08-28,2025-09-25,68.61,6512,6511,0.1267467080883404,0.4147582239522852,70.48,56.79671272465063,68.83216806773967,83.41798554213254,26.62127281748192,0,1,0,1.6478319322603312,2.715350076976817,2.338013524773455
20,2025-08-29,2025-09-26,67.83,6513,6512,0.1262873842585529,0.4147326449333495,71.15,56.149679226390056,68.04721896520228,82.46572505300988,26.31604582661982,0,1,0,3.1027810347977294,9.627250149900467,4.360900962470455
20,2025-09-01,2025-09-29,67.09,6514,6513,0.1258459553976273,0.4147065782604155,69.0,55.535879970261966,67.3025490112827,81.56228200294316,26.0264020326812,0,1,0,1.697450988717307,2.881339859097363,2.4600738966917493
20,2025-09-02,2025-09-30,68.09,6515,6514,0.1264031500932217,0.4146847339019269,68.52,56.366765398805775,68.30878690807411,82.78087869401739,26.414113295211614,0,1,0,0.2112130919258845,0.0446109702008921,0.3082502801019915
20,2025-09-03,2025-10-01,67.76,6516,6515,0.1261963140786607,0.4146540771886529,66.67,56.09351501209149,67.97667925147137,82.37723952691064,26.28372451481916,0,1,0,1.3066792514713654,1.7074106662257678,1.9599208811629896
20,2025-09-04,2025-10-02,66.41,6517,6516,0.1254066091505556,0.4146414411941813,65.44,54.97284864224687,66.6182145713905,80.73051737888683,25.757668736639964,0,1,0,1.178214571390498,1.3881895762368952,1.800450139655407
20,2025-09-05,2025-10-03,64.92,6518,6517,0.1245200046581438,0.4146339663072791,66.13,53.73587499501776,65.11897672293833,78.91340989303232,25.177534898014564,0,1,0,1.0110232770616676,1.0221680667605135,1.528842094452847
20,2025-09-08,2025-10-06,65.44,6519,6518,0.1248105270652866,0.4146050082259597,67.09,54.168319165566174,65.6421465628968,79.54633763352783,25.378018467961653,0,1,0,1.4478534371032057,2.096279575331566,2.158076370700857
20,2025-09-09,2025-10-07,67.97,6520,6519,0.1262853017039347,0.4146397363655846,67.1,56.26815641405365,68.18786453383616,82.63261435954036,26.364457945486706,0,1,0,1.087864533836168,1.1834492439785829,1.6212586197260328
20,2025-09-10,2025-10-08,67.62,6521,6520,0.126066940871186,0.4146092532452202,67.42,55.97828982736175,67.83563510734228,82.20460833312607,26.22631850576433,0,1,0,0.4156351073422826,0.1727525424554307,0.6164863650879302
20,2025-09-11,2025-10-09,67.25,6522,6521,0.1258361891644794,0.4145789425245159,67.23,55.67180831226202,67.46328698217671,81.7522410069997,26.080432694737677,0,1,0,0.2332869821767076,0.0544228160531155,0.3469983373147517
20,2025-09-12,2025-10-10,67.87,6523,6522,0.1261730530834619,0.4145509439180215,64.41,56.1873480103203,68.08713636728002,82.50715335141086,26.319805341090564,0,1,0,3.677136367280028,13.52133186357336,5.7089525963049645
20,2025-09-15,2025-10-13,67.88,6524,6523,0.1261593999887643,0.4145191617390533,64.15,56.19645217014752,68.09716577544758,82.51809158002607,26.32163940987855,0,1,0,3.947165775447573,15.58011765886464,6.1530253709237295
20,2025-09-16,2025-10-14,69.69,6525,6524,0.1271697473383204,0.4145192626439617,63.0,57.699537481676735,69.91856249002323,84.72520914441863,27.02567166274189,0,1,0,6.918562490023234,47.86650692835649,10.981845222259102
20,2025-09-17,2025-10-15,69.19,6526,6525,0.1268732149694275,0.4144900191886115,62.33,57.285047831432905,69.41535575756724,84.11429853612981,26.829250704696904,0,1,0,7.085355757567243,50.20226621129128,11.367488781593522
20,2025-09-18,2025-10-16,67.83,6527,6526,0.1260949342965583,0.4144769164792754,61.08,56.1559482223954,68.04675222918706,82.45538781755899,26.299439595163584,0,1,0,6.966752229187065,48.53563662288295,11.405946675158916
20,2025-09-19,2025-10-17,67.05,6528,6527,0.1256317187353598,0.4144515634009274,61.23,55.508849800639496,67.2618430163432,81.50331960045541,25.99446979981592,0,1,0,6.03184301634321,36.383130173808354,9.851123658897942
20,2025-09-22,2025-10-20,66.87,6529,6528,0.1255088565802612,0.4144201903903968,60.71,55.36015487910776,67.0806894276965,81.28262834382438,25.922473464716624,0,1,0,6.370689427696497,40.585683784163926,10.493640961450334
20,2025-09-23,2025-10-21,67.96,6530,6529,0.1261186488255289,0.4144003867060868,61.0,56.26581707449992,68.17746758079218,82.61085197741761,26.345034902917696,0,1,0,7.177467580792182,51.51604087332278,11.766340296380626
20,2025-09-24,2025-10-22,69.64,6531,6530,0.1270530775892895,0.4143960557984589,62.28,57.661131888886544,69.86803471478412,84.65914759205643,26.998015703169884,0,1,0,7.588034714784115,57.57827083276885,12.183742316609049
20,2025-09-25,2025-10-23,70.48,6532,6531,0.1274989515826138,0.4143708363595867,66.32,58.35943788107856,70.71334620162166,85.68241080765507,27.32297292657651,0,1,0,4.393346201621668,19.301490847303537,6.624466528380079
20,2025-09-26,2025-10-24,71.15,6533,6532,0.1278461093996279,0.4143431349060182,65.8,58.91665005852972,71.38759633660813,86.49828029352967,27.58163023499996,0,1,0,5.587596336608129,31.221232820876587,8.49178774560506
20,2025-09-29,2025-10-27,69.0,6534,6533,0.1266613151439216,0.4143557202178973,65.52,57.13058641618535,69.22387851745215,83.87705531482858,26.74646889864323,0,1,0,3.7038785174521536,13.718716072043565,5.65305024031159
20,2025-09-30,2025-10-28,68.52,6535,6534,0.1263736788666555,0.4143263810702186,64.03,56.732687172942505,68.74081817165846,83.29060931847849,26.557922145535983,0,1,0,4.71081817165846,22.19180784642755,7.357204703511572
20,2025-10-01,2025-10-29,66.67,6536,6535,0.1253134996025794,0.4143299485432435,65.01,55.19619553908103,66.87922082826584,81.03511727414278,25.838921735061746,0,1,0,1.8692208282658385,3.493986504822827,2.875282000101274
20,2025-10-02,2025-10-30,65.44,6537,6536,0.1245831620883076,0.4143146538118004,65.11,54.175147613178325,65.64158899912377,79.53496014622299,25.35981253304466,0,1,0,0.5315889991237697,0.2825868639894112,0.816447548953724
20,2025-10-03,2025-10-31,66.13,6538,6537,0.1249705021627091,0.4142879273089598,65.44,54.74878005184101,66.3358120654508,80.3751235774766,25.62634352563559,0,1,0,0.895812065450798,0.8024792566072247,1.368905967987161
20,2025-10-06,2025-11-03,67.09,6539,6538,0.1255108169113037,0.4142656943543289,65.79,55.54655520875459,67.30173498536118,81.54463431651114,25.998079107756546,0,1,0,1.5117349853611728,2.2853426659649454,2.297818795198621
20,2025-10-07,2025-11-04,67.1,6540,6539,0.125497364510817,0.4142340117685059,65.04,55.55564879164098,67.31176479352766,81.55558936251525,25.999940570874266,0,1,0,2.271764793527652,5.160915277111734,3.492873298781752
20,2025-10-08,2025-11-05,67.42,6541,6540,0.1256619038989903,0.4142033207244472,63.54,55.82217291719536,67.63372613997339,81.94451545915828,26.12234254196292,0,1,0,4.093726139973391,16.758593709101444,6.442754390892967
20,2025-10-09,2025-11-06,67.23,6542,6541,0.1255341354541128,0.4141720657272433,63.41,55.66515631983548,67.44250922445868,81.7116550316846,26.046498711849125,0,1,0,4.032509224458678,16.26113064534433,6.359421580915753
20,2025-10-10,2025-11-07,64.41,6543,6542,0.1238999483925136,0.4142264200564057,63.72,53.32189550712027,64.60510029935213,78.27589295155504,24.95399744443477,0,1,0,0.885100299352132,0.7834025399132336,1.3890462952795544
20,2025-10-13,2025-11-10,64.15,6544,6543,0.1237255655997672,0.4141955784312744,63.01,53.10673202555516,64.34348747347482,77.957807274923,24.85107524936784,0,1,0,1.3334874734748254,1.7781888419142733,2.116310860934495
20,2025-10-14,2025-11-11,63.0,6545,6544,0.1230164673537977,0.4141793919815617,63.86,52.15218561257844,63.18649641033194,76.55543639670479,24.40325078412635,0,1,0,0.6735035896680586,0.4536070852957606,1.0546564197745985
20,2025-10-15,2025-11-12,62.33,6546,6545,0.1225882660682081,0.4141532068246707,61.88,51.59646825165356,62.51244236975736,75.73784763663544,24.141379384981875,0,1,0,0.6324423697573565,0.3999833510643008,1.0220464928205502
20,2025-10-16,2025-11-13,61.08,6547,6546,0.1217976685449569,0.4141409179570935,62.14,50.5588602722947,61.25496469960899,74.21390988923184,23.65504961693714,0,1,0,0.8850353003910101,0.7832874829382055,1.4242602194898777
20,2025-10-17,2025-11-14,61.23,6548,6547,0.121873575570658,0.4141095315614131,63.45,50.68411726447527,61.40582765185827,74.39560700907393,23.71148974459866,0,1,0,2.0441723481417355,4.178640588907297,3.221705828434571
20,2025-10-20,2025-11-17,60.71,6549,6548,0.1215281758576657,0.4140813993766615,63.16,50.25300288900858,60.88272173323892,73.76088178917041,23.507878900161835,0,1,0,2.27727826676108,5.185996304262348,3.605570403358264
20,2025-10-21,2025-11-18,61.0,6550,6549,0.1216933982880456,0.4140507725070389,64.86,50.49448137291896,61.17441052939032,74.11321795703094,23.61873658411198,0,1,0,3.6855894706096777,13.583569745868925,5.682376612102495
20,2025-10-22,2025-11-19,62.28,6551,6550,0.1224819539797685,0.4140389216295211,63.78,51.557567457585584,62.462003600541145,75.6727302350645,24.11516277747892,0,1,0,1.3179963994588562,1.7371145089865088,2.0664728746611103
20,2025-10-23,2025-11-20,66.32,6552,6551,0.1249566027207761,0.4141899422862056,63.64,54.90868970745626,66.52654430875027,80.60256256785377,25.693872860397505,0,1,0,2.886544308750274,8.332138046378597,4.53573901437818
20,2025-10-24,2025-11-21,65.8,6553,6552,0.1246360117041216,0.4141613202822166,62.78,54.477550864860525,66.00330754996969,79.96755614698351,25.490005282122983,0,1,0,3.223307549969689,10.389711561691602,5.134290458696542
20,2025-10-27,2025-11-24,65.52,6554,6553,0.1244533751234371,0.4141306198688973,64.83,54.24577165371617,65.72155609225408,79.62506207414968,25.379290420433517,0,1,0,0.8915560922540777,0.7948722656353615,1.3752214904428162
20,2025-10-28,2025-11-25,64.03,6555,6554,0.1235602054390369,0.4141239157010683,63.99,53.00857919082747,64.22243396381191,77.80855641099477,24.7999772201673,0,1,0,0.232433963811907,0.0540255475333149,0.3632348238973387
20,2025-10-29,2025-11-26,65.01,6556,6555,0.1241296409133863,0.4141028203889161,64.81,53.82288855541248,65.2083713509477,79.00229453247168,25.179405977059204,0,1,0,0.3983713509476985,0.1586997332558943,0.6146757459461479
20,2025-10-30,2025-11-27,65.11,6557,6556,0.1241698229934094,0.4140713213900425,64.18,53.90669479831942,65.30895237072127,79.12299716609803,25.21630236777861,0,1,0,1.1289523707212652,1.274533455357165,1.759040777066477
20,2025-10-31,2025-11-28,65.44,6558,6557,0.1243456417235071,0.4140408563117527,64.07,54.18148771712444,65.64094238300436,79.5240865187076,25.342598801583165,0,1,0,1.5709423830043647,2.467859970719432,2.451915690657663
20,2025-11-03,2025-12-01,65.79,6559,6558,0.1245321667787872,0.4140105283170375,64.22,54.47289876042706,65.99305979602207,79.94955363758214,25.476654877155084,0,1,0,1.7730597960220678,3.1437410402698167,2.76091528499232
20,2025-11-04,2025-12-02,65.04,6560,6559,0.124075266193033,0.4139852268542555,63.37,53.85063606781657,65.23843345365971,79.03440906673308,25.183772998916503,0,1,0,1.868433453659712,3.49104357075476,2.948451086728282
20,2025-11-05,2025-12-03,63.54,6561,6560,0.1231706217557003,0.4139792581485572,63.75,52.60507214548871,63.729293787293365,77.2059180033925,24.600845857903792,0,1,0,0.020706212706635,0.0004287472446524,0.0324803336574668
20,2025-11-06,2025-12-04,63.41,6562,6561,0.123073276151482,0.413947927536673,64.15,52.49785513675601,63.598480612157445,77.04632361909681,24.5484684823408,0,1,0,0.5515193878425606,0.3041736351662328,0.8597340418434303
20,2025-11-07,2025-12-05,63.72,6563,6562,0.1232422355417388,0.4139174174504472,64.42,52.75601378486351,63.9103231150217,77.42301033817662,24.66699655331312,0,1,0,0.5096768849783047,0.259770527081188,0.7911780269765674
20,2025-11-10,2025-12-08,63.01,6564,6563,0.1227956894342525,0.4138918571893809,63.3,52.1669928437704,63.19601578694844,76.55676882324173,24.38977597947133,0,1,0,0.1039842130515538,0.0108127165639509,0.1642720585332603
20,2025-11-11,2025-12-09,63.86,6565,6564,0.1232947837838308,0.4138684695003358,62.62,52.87342943767664,64.05111138619802,77.59180581700164,24.718376379325,0,1,0,1.431111386198019,2.048079799705615,2.2853902686011165
20,2025-11-12,2025-12-10,61.88,6566,6565,0.1220862295057731,0.4138833843653119,63.12,51.22877847834717,62.059202690775365,75.17931820768644,23.95053972933927,0,1,0,1.0607973092246326,1.1252909312582209,1.6806041020669085
20,2025-11-13,2025-12-11,62.14,6567,6566,0.1222288690145602,0.4138526211201749,61.87,51.44539317084672,62.32072411948187,75.49505243119607,24.04965926034935,0,1,0,0.4507241194818761,0.2031522318827125,0.7285018902244643
20,2025-11-14,2025-12-12,63.45,6568,6567,0.1230190523727664,0.4138410043961237,62.11,52.533532819464,63.63854915897602,77.09104493271214,24.557512113248137,0,1,0,1.5285491589760198,2.3364625314062977,2.461035515981356
20,2025-11-17,2025-12-15,63.16,6569,6568,0.122824986132516,0.4138105309721414,61.55,52.29341217992304,63.346775111450825,76.73650943285284,24.443097252929803,0,1,0,1.7967751114508277,3.2284008011291334,2.919212203819378
20,2025-11-18,2025-12-16,64.86,6570,6569,0.1238385587142302,0.4138113645746216,59.93,53.70522739002615,65.05703365122886,78.80829917653688,25.10307178651073,0,1,0,5.127033651228864,26.28647406083317,8.555036961836917
20,2025-11-19,2025-12-17,63.78,6571,6570,0.1231811578550419,0.413793171080131,60.61,52.80868972114694,63.97045329479825,77.49139235134739,24.68270263020045,0,1,0,3.360453294798248,11.2926463465204,5.544387551226279
20,2025-11-20,2025-12-18,63.64,6572,6571,0.1230782420362669,0.4137619339517548,60.69,52.69315862810351,63.82957936159954,77.31962379089154,24.62646516278803,0,1,0,3.1395793615995444,9.856958567781804,5.173141146151828
20,2025-11-21,2025-12-19,62.78,6573,6572,0.1225414376324278,0.4137392154462113,61.35,51.97946037004019,62.96438189101524,76.2707684668975,24.291308096857307,0,1,0,1.614381891015242,2.6062288900379484,2.631429325208218
20,2025-11-24,2025-12-22,64.83,6574,6573,0.1237742980592581,0.4137551379454777,62.22,53.68161084001454,65.02673094678136,78.76953898099428,25.08792814097974,0,1,0,2.8067309467813573,7.8777386076201745,4.510978699423589
20,2025-11-25,2025-12-23,63.99,6575,6574,0.1232588814651113,0.4137317263828227,63.7,52.9845082483152,64.18160578165767,77.74496087435325,24.76045262603806,0,1,0,0.4816057816576631,0.2319441289260886,0.7560530324296124
20,2025-11-26,2025-12-24,64.81,6576,6575,0.1237311885105013,0.4137075928237993,63.7,53.66613262340638,65.0065493295332,78.74335729364512,25.077224670238746,0,1,0,1.3065493295331976,1.7070711505036482,2.0510978485607496
20,2025-11-27,2025-12-29,64.18,6577,6576,0.123339924590984,0.4136806886286836,63.1,53.14351828796265,64.37269661640073,77.97459037644818,24.831072088485527,0,1,0,1.2726966164007294,1.619756677397865,2.016951848495609
20,2025-11-28,2025-12-30,64.07,6578,6577,0.1232555099113152,0.4136493947503052,62.3,53.05290243875335,64.26200184115221,77.83937712738059,24.78647468862724,0,1,0,1.9620018411522155,3.8494512246846826,3.1492806439040377
20,2025-12-01,2025-12-31,64.22,6579,6578,0.1233264471732719,0.4136181687659669,61.35,53.178232689037,64.41288002206589,78.02100413901869,24.842771449981683,0,1,0,3.0628800220658903,9.381234029570347,4.992469473620033
