base_seed,replication,contract_id,K,sigma,T,method,monitoring_dates,experiment_role,ncv_epoch,ncv_epoch_source,price,observation_variance,estimator_variance,std_error,ci_lower,ci_upper,pricing_observations,pricing_simulated_paths,pilot_paths,pilot_runtime_s,target_training_paths,target_training_runtime_s,shared_reference_training_paths,shared_reference_training_runtime_s,training_paths,total_simulated_paths,pricing_runtime_s,marginal_runtime_s,standalone_runtime_s,beta,corr_f_c0,param_hash,hash_verified,error,training_data_generation_runtime_s,optimizer_cumulative_training_runtime_s,validation_generation_and_evaluation_runtime_s,ncv_setup_cost_s,setup_cost_excludes_validation_generation_and_evaluation_runtime,validation_generation_and_evaluation_runtime_cost_scope,n_pricing,payoff_variance,control_variance,payoff_control_covariance,optimal_residual_variance,optimal_residual_variance_status,observed_residual_variance,residual_variance_beta_one,variance_improvement_from_estimating_beta,variance_improvement_from_estimating_beta_definition,e_h0,training_runtime_s,end_to_end_runtime_s,var_c0_pilot
42,0,reference,100.0,0.2,1.0,MC,252,expanded_training_followup_stage8_m252_n20000_r5,NA,NA,5.8197954758452255,63.976118970394914,0.0012795223794078983,0.03577041206650964,5.749685468194866,5.889905483495585,50000,50000,0,0.0,0,0.0,0,0.0,0,50000,0.3176859129998775,0.3176859129998775,0.3176859129998775,nan,nan,,,,,,,,,,,,,,,,,,,,,,,
42,0,reference,100.0,0.2,1.0,AV,252,expanded_training_followup_stage8_m252_n20000_r5,NA,NA,5.766302881468335,15.130712089533251,0.000302614241790665,0.017395811041473894,5.732207091827046,5.800398671109624,50000,100000,0,0.0,0,0.0,0,0.0,0,100000,0.5051834799999142,0.5051834799999142,0.5051834799999142,nan,nan,,,,,,,,,,,,,,,,,,,,,,,
42,0,reference,100.0,0.2,1.0,GCV,252,expanded_training_followup_stage8_m252_n20000_r5,NA,NA,5.783253849771633,0.048318401224962955,9.66368024499259e-07,0.000983040194752615,5.781327090989918,5.785180608553348,50000,50000,1000,0.007709554000030039,0,0.0,0,0.0,0,51000,0.39284087800001544,0.39284087800001544,0.4005504320000455,1.0360871683907282,0.9996373764369317,,,,,,,,,,,,,,,,,,,,,,,
42,0,reference,100.0,0.2,1.0,NCV_SCRATCH,252,expanded_training_followup_stage8_m252_n20000_r5,200,capacity_and_data_sensitivity_best_tested_configuration,5.782196179310235,0.02847741746140426,5.695483492280852e-07,0.0007546842712208101,5.780716998138642,5.783675360481828,50000,50000,0,0.0,20000,12.527856836000183,0,0.0,20000,70000,0.33249458099999174,0.33249458099999174,12.860351417000174,nan,nan,,,,0.1834347900000921,12.34442204600009,0.0,12.527856836000183,True,research_tuning_overhead_excluded_from_operational_setup_cost,,,,,,,,,,,,,,
42,0,strike_low,80.0,0.2,1.0,MC,252,expanded_training_followup_stage8_m252_n20000_r5,NA,NA,21.427049233990488,128.59034983556336,0.002571806996711267,0.050712986470047954,21.327651780509193,21.526446687471783,50000,50000,0,0.0,0,0.0,0,0.0,0,50000,0.3393125410000266,0.3393125410000266,0.3393125410000266,nan,nan,,,,,,,,,,,,,,,,,,,,,,,
42,0,strike_low,80.0,0.2,1.0,AV,252,expanded_training_followup_stage8_m252_n20000_r5,NA,NA,21.50731003259141,1.9566803069955807,3.913360613991161e-05,0.006255685904831829,21.495048888217937,21.51957117696488,50000,100000,0,0.0,0,0.0,0,0.0,0,100000,0.49400973000001613,0.49400973000001613,0.49400973000001613,nan,nan,,,,,,,,,,,,,,,,,,,,,,,
42,0,strike_low,80.0,0.2,1.0,GCV,252,expanded_training_followup_stage8_m252_n20000_r5,NA,NA,21.50191026252405,0.08379220447126771,1.6758440894253544e-06,0.0012945439696763314,21.499372956343482,21.504447568704617,50000,50000,1000,0.007507083000064085,0,0.0,0,0.0,0,51000,0.3873347839999042,0.3873347839999042,0.39484186699996826,1.0120207769111356,0.9997163520301566,,,,,,,,,,,,,,,,,,,,,,,
42,0,strike_low,80.0,0.2,1.0,NCV_SCRATCH,252,expanded_training_followup_stage8_m252_n20000_r5,200,capacity_and_data_sensitivity_best_tested_configuration,21.5011547359394,0.30261665321660364,6.052333064332073e-06,0.0024601489923035294,21.496332843914487,21.505976627964316,50000,50000,0,0.0,20000,12.54706496000017,0,0.0,20000,70000,0.3288008960000752,0.3288008960000752,12.875865856000246,nan,nan,,,,0.1833346050000273,12.363730355000143,0.0,12.54706496000017,True,research_tuning_overhead_excluded_from_operational_setup_cost,,,,,,,,,,,,,,
42,0,strike_low,80.0,0.2,1.0,NCV_TRANSFER_BETA1,252,expanded_training_followup_stage8_m252_n20000_r5,200,capacity_and_data_sensitivity_best_tested_configuration,21.45549098063892,26.354594719724826,0.0005270918943944965,0.022958481970602858,21.41049235597654,21.5004896053013,50000,50000,0,0.0,0,0.0,20000,13.578486545000032,0,50000,0.3553459810000277,0.3553459810000277,13.93383252600006,1.0,0.917617558066944,1f9f0c5e928f55d4673962022a5a00ba7c117bfae17f13d0ab9fe01638936294,True,,,,,,,,50000,128.59034983556336,63.169111113242735,82.70243311454065,20.314448488722945,ok,26.354594719724826,26.354594719724826,1.0,residual_variance_beta_one / observed_residual_variance,5.750217242967382,13.578486545000032,13.93383252600006,
42,0,strike_low,80.0,0.2,1.0,NCV_TRANSFER_BETA,252,expanded_training_followup_stage8_m252_n20000_r5,200,capacity_and_data_sensitivity_best_tested_configuration,21.464430300623338,20.31607871728242,0.00040632157434564837,0.020157419833541402,21.424921757749598,21.503938843497078,50000,50000,1000,0.008205923999867082,0,0.0,20000,13.578486545000032,0,51000,0.358852595000144,0.358852595000144,13.945545064000044,1.3143027780579026,0.9153347546893941,1f9f0c5e928f55d4673962022a5a00ba7c117bfae17f13d0ab9fe01638936294,True,,,,,,,,50000,128.59034983556336,63.169111113242735,82.70243311454065,20.314448488722945,ok,20.31607871728242,26.354594719724826,1.2972284212162253,residual_variance_beta_one / observed_residual_variance,5.750217242967382,13.578486545000032,13.945545064000044,58.94405651470321
42,0,strike_high,120.0,0.2,1.0,MC,252,expanded_training_followup_stage8_m252_n20000_r5,NA,NA,0.5437977265342545,6.475907433844917,0.00012951814867689834,0.011380604055888172,0.5214917425847136,0.5661037104837954,50000,50000,0,0.0,0,0.0,0,0.0,0,50000,0.33907162099990273,0.33907162099990273,0.33907162099990273,nan,nan,,,,,,,,,,,,,,,,,,,,,,,
42,0,strike_high,120.0,0.2,1.0,AV,252,expanded_training_followup_stage8_m252_n20000_r5,NA,NA,0.5448579783786849,3.0645183509003266,6.129036701800654e-05,0.007828816450652457,0.529513498135406,0.5602024586219637,50000,100000,0,0.0,0,0.0,0,0.0,0,100000,0.4956948490000741,0.4956948490000741,0.4956948490000741,nan,nan,,,,,,,,,,,,,,,,,,,,,,,
42,0,strike_high,120.0,0.2,1.0,GCV,252,expanded_training_followup_stage8_m252_n20000_r5,NA,NA,0.5340668186472086,0.03075619429873731,6.151238859747462e-07,0.0007842983399030921,0.5325295939009985,0.5356040433934187,50000,50000,1000,0.007514047000086066,0,0.0,0,0.0,0,51000,0.38870299700010946,0.38870299700010946,0.39621704400019553,1.1044477855949026,0.9984653094703164,,,,,,,,,,,,,,,,,,,,,,,
42,0,strike_high,120.0,0.2,1.0,NCV_SCRATCH,252,expanded_training_followup_stage8_m252_n20000_r5,200,capacity_and_data_sensitivity_best_tested_configuration,0.5334907997325857,0.038692999961622496,7.738599992324499e-07,0.0008796931278761077,0.5317666012019485,0.5352149982632229,50000,50000,0,0.0,20000,12.535538447999897,0,0.0,20000,70000,0.33529416500005027,0.33529416500005027,12.870832612999948,nan,nan,,,,0.18226049199984118,12.353277956000056,0.0,12.535538447999897,True,research_tuning_overhead_excluded_from_operational_setup_cost,,,,,,,,,,,,,,
42,0,strike_high,120.0,0.2,1.0,NCV_TRANSFER_BETA1,252,expanded_training_followup_stage8_m252_n20000_r5,200,capacity_and_data_sensitivity_best_tested_configuration,0.5071971115320173,42.89012276470898,0.0008578024552941795,0.02928826480510888,0.4497921125140039,0.5646021105500307,50000,50000,0,0.0,0,0.0,20000,13.578486545000032,0,50000,0.3572538139999324,0.3572538139999324,13.935740358999965,1.0,0.6787147702162947,1f9f0c5e928f55d4673962022a5a00ba7c117bfae17f13d0ab9fe01638936294,True,,,,,,,,50000,6.475907433844917,64.06261050975024,13.82419758944309,3.49275645902041,ok,42.89012276470898,42.89012276470898,1.0,residual_variance_beta_one / observed_residual_variance,5.750217242967382,13.578486545000032,13.935740358999965,
42,0,strike_high,120.0,0.2,1.0,NCV_TRANSFER_BETA,252,expanded_training_followup_stage8_m252_n20000_r5,200,capacity_and_data_sensitivity_best_tested_configuration,0.5353962626169125,3.5048724490247958,7.009744898049592e-05,0.008372421930391224,0.5189863156333457,0.5518062096004793,50000,50000,1000,0.008093082000186769,0,0.0,20000,13.578486545000032,0,51000,0.3627908550001848,0.3627908550001848,13.949370482000404,0.22954433735139454,0.7041068355378015,1f9f0c5e928f55d4673962022a5a00ba7c117bfae17f13d0ab9fe01638936294,True,,,,,,,,50000,6.475907433844917,64.06261050975024,13.82419758944309,3.49275645902041,ok,3.5048724490247958,42.89012276470898,12.237284919353579,residual_variance_beta_one / observed_residual_variance,5.750217242967382,13.578486545000032,13.949370482000404,64.72264201136323
42,0,volatility_low,100.0,0.1,1.0,MC,252,expanded_training_followup_stage8_m252_n20000_r5,NA,NA,3.655879951837845,17.960591375666944,0.0003592118275133389,0.018952884411438248,3.6187322983914263,3.693027605284264,50000,50000,0,0.0,0,0.0,0,0.0,0,50000,0.3418517289999272,0.3418517289999272,0.3418517289999272,nan,nan,,,,,,,,,,,,,,,,,,,,,,,
42,0,volatility_low,100.0,0.1,1.0,AV,252,expanded_training_followup_stage8_m252_n20000_r5,NA,NA,3.641266892010256,2.7962040151928793,5.592408030385759e-05,0.007478240455070804,3.6266095407183174,3.655924243302195,50000,100000,0,0.0,0,0.0,0,0.0,0,100000,0.49585501399997156,0.49585501399997156,0.49585501399997156,nan,nan,,,,,,,,,,,,,,,,,,,,,,,
42,0,volatility_low,100.0,0.1,1.0,GCV,252,expanded_training_followup_stage8_m252_n20000_r5,NA,NA,3.653901948499901,0.0038396795516638586,7.679359103327718e-08,0.00027711656578645235,3.6533588000309596,3.6544450969688427,50000,50000,1000,0.007489029999987906,0,0.0,0,0.0,0,51000,0.3924767379999139,0.3924767379999139,0.3999657679999018,1.0183179844601582,0.9998952425109142,,,,,,,,,,,,,,,,,,,,,,,
42,0,volatility_low,100.0,0.1,1.0,NCV_SCRATCH,252,expanded_training_followup_stage8_m252_n20000_r5,200,capacity_and_data_sensitivity_best_tested_configuration,3.6539911739289552,0.0024600868416191344,4.9201736832382687e-08,0.0002218146452161865,3.6535564172243316,3.654425930633579,50000,50000,0,0.0,20000,12.582025091000105,0,0.0,20000,70000,0.3326220659998853,0.3326220659998853,12.91464715699999,nan,nan,,,,0.18405754800005525,12.39796754300005,0.0,12.582025091000105,True,research_tuning_overhead_excluded_from_operational_setup_cost,,,,,,,,,,,,,,
42,0,volatility_low,100.0,0.1,1.0,NCV_TRANSFER_BETA1,252,expanded_training_followup_stage8_m252_n20000_r5,200,capacity_and_data_sensitivity_best_tested_configuration,3.6549412381486475,14.506929729044485,0.0002901385945808897,0.017033455156863792,3.6215556660411945,3.6883268102561004,50000,50000,0,0.0,0,0.0,20000,13.578486545000032,0,50000,0.3577069790001133,0.3577069790001133,13.936193524000146,1.0,0.9899519022764036,1f9f0c5e928f55d4673962022a5a00ba7c117bfae17f13d0ab9fe01638936294,True,,,,,,,,50000,17.960591375666944,63.310135144366186,33.3818983954943,0.35912617667394997,ok,14.506929729044485,14.506929729044485,1.0,residual_variance_beta_one / observed_residual_variance,5.750217242967382,13.578486545000032,13.936193524000146,
42,0,volatility_low,100.0,0.1,1.0,NCV_TRANSFER_BETA,252,expanded_training_followup_stage8_m252_n20000_r5,200,capacity_and_data_sensitivity_best_tested_configuration,3.655387823771264,0.3597027653176834,7.194055306353668e-06,0.002682173615997605,3.6501307634839084,3.660644884058619,50000,50000,1000,0.008349073000090357,0,0.0,20000,13.578486545000032,0,51000,0.3575759330001347,0.3575759330001347,13.944411551000258,0.5242578991277087,0.9906988065511813,1f9f0c5e928f55d4673962022a5a00ba7c117bfae17f13d0ab9fe01638936294,True,,,,,,,,50000,17.960591375666944,63.310135144366186,33.3818983954943,0.35912617667394997,ok,0.3597027653176834,14.506929729044485,40.33032583508834,residual_variance_beta_one / observed_residual_variance,5.750217242967382,13.578486545000032,13.944411551000258,71.25229744220853
42,0,volatility_high,100.0,0.5,1.0,MC,252,expanded_training_followup_stage8_m252_n20000_r5,NA,NA,12.027264307781534,445.77212051707363,0.008915442410341473,0.09442162046026044,11.842197931679424,12.212330683883645,50000,50000,0,0.0,0,0.0,0,0.0,0,50000,0.33980584799996905,0.33980584799996905,0.33980584799996905,nan,nan,,,,,,,,,,,,,,,,,,,,,,,
42,0,volatility_high,100.0,0.5,1.0,AV,252,expanded_training_followup_stage8_m252_n20000_r5,NA,NA,12.32420437809442,150.41096302533845,0.003008219260506769,0.05484723566878069,12.216703796183609,12.43170496000523,50000,100000,0,0.0,0,0.0,0,0.0,0,100000,0.49749982599996656,0.49749982599996656,0.49749982599996656,nan,nan,,,,,,,,,,,,,,,,,,,,,,,
42,0,volatility_high,100.0,0.5,1.0,GCV,252,expanded_training_followup_stage8_m252_n20000_r5,NA,NA,12.361749906361096,2.2611146852567536,4.522229370513507e-05,0.006724752315523232,12.34856939182267,12.374930420899522,50000,50000,1000,0.007493559000067762,0,0.0,0,0.0,0,51000,0.3893420489998789,0.3893420489998789,0.39683560799994666,1.083084075762078,0.9980128688037443,,,,,,,,,,,,,,,,,,,,,,,
42,0,volatility_high,100.0,0.5,1.0,NCV_SCRATCH,252,expanded_training_followup_stage8_m252_n20000_r5,200,capacity_and_data_sensitivity_best_tested_configuration,12.36118723209251,0.7545953764613246,1.5091907529226492e-05,0.003884830437641583,12.353572964434733,12.368801499750287,50000,50000,0,0.0,20000,12.559561453000015,0,0.0,20000,70000,0.33295778999990944,0.33295778999990944,12.892519242999924,nan,nan,,,,0.18399803499983136,12.375563418000183,0.0,12.559561453000015,True,research_tuning_overhead_excluded_from_operational_setup_cost,,,,,,,,,,,,,,
42,0,volatility_high,100.0,0.5,1.0,NCV_TRANSFER_BETA1,252,expanded_training_followup_stage8_m252_n20000_r5,200,capacity_and_data_sensitivity_best_tested_configuration,12.167976026599899,181.51229747383871,0.0036302459494767744,0.06025152238306327,12.049883042729094,12.286069010470703,50000,50000,0,0.0,0,0.0,20000,13.578486545000032,0,50000,0.3563831940000455,0.3563831940000455,13.934869739000078,1.0,0.9803298192654005,1f9f0c5e928f55d4673962022a5a00ba7c117bfae17f13d0ab9fe01638936294,True,,,,,,,,50000,445.77212051707363,62.188842738152616,163.22433289069394,17.364359983732868,ok,181.51229747383871,181.51229747383871,1.0,residual_variance_beta_one / observed_residual_variance,5.750217242967382,13.578486545000032,13.934869739000078,
42,0,volatility_high,100.0,0.5,1.0,NCV_TRANSFER_BETA,252,expanded_training_followup_stage8_m252_n20000_r5,200,capacity_and_data_sensitivity_best_tested_configuration,12.390848954364039,17.467673072118302,0.00034935346144236603,0.018690999476816805,12.354214595389477,12.4274833133386,50000,50000,1000,0.008159204999856229,0,0.0,20000,13.578486545000032,0,51000,0.35595805699995253,0.35595805699995253,13.942603806999841,2.5838974154799006,0.9820798406551049,1f9f0c5e928f55d4673962022a5a00ba7c117bfae17f13d0ab9fe01638936294,True,,,,,,,,50000,445.77212051707363,62.188842738152616,163.22433289069394,17.364359983732868,ok,17.467673072118302,181.51229747383871,10.391326693855207,residual_variance_beta_one / observed_residual_variance,5.750217242967382,13.578486545000032,13.942603806999841,59.876088511534334
42,0,maturity_short,100.0,0.2,0.5,MC,252,expanded_training_followup_stage8_m252_n20000_r5,NA,NA,3.8317207093462406,29.36162459836668,0.0005872324919673337,0.024232880389407564,3.7842242637830017,3.8792171549094796,50000,50000,0,0.0,0,0.0,0,0.0,0,50000,0.3391907379998429,0.3391907379998429,0.3391907379998429,nan,nan,,,,,,,,,,,,,,,,,,,,,,,
42,0,maturity_short,100.0,0.2,0.5,AV,252,expanded_training_followup_stage8_m252_n20000_r5,NA,NA,3.8753177072305593,7.317608427407186,0.00014635216854814371,0.012097610034554085,3.851606391562833,3.8990290228982856,50000,100000,0,0.0,0,0.0,0,0.0,0,100000,0.4941868659998363,0.4941868659998363,0.4941868659998363,nan,nan,,,,,,,,,,,,,,,,,,,,,,,
42,0,maturity_short,100.0,0.2,0.5,GCV,252,expanded_training_followup_stage8_m252_n20000_r5,NA,NA,3.865351738489723,0.010565742615414953,2.1131485230829906e-07,0.00045968995236822296,3.8644507461830813,3.866252730796365,50000,50000,1000,0.007492568000088795,0,0.0,0,0.0,0,51000,0.3900901839999733,0.3900901839999733,0.3975827520000621,1.0232761135816035,0.9998510572453148,,,,,,,,,,,,,,,,,,,,,,,
42,0,maturity_short,100.0,0.2,0.5,NCV_SCRATCH,252,expanded_training_followup_stage8_m252_n20000_r5,200,capacity_and_data_sensitivity_best_tested_configuration,3.866475384207234,0.006587156042048734,1.3174312084097468e-07,0.0003629643520250641,3.865763974077265,3.867186794337203,50000,50000,0,0.0,20000,12.55662786899984,0,0.0,20000,70000,0.3290589020000425,0.3290589020000425,12.885686770999882,nan,nan,,,,0.18338258399990082,12.373245284999939,0.0,12.55662786899984,True,research_tuning_overhead_excluded_from_operational_setup_cost,,,,,,,,,,,,,,
42,0,maturity_short,100.0,0.2,0.5,NCV_TRANSFER_BETA1,252,expanded_training_followup_stage8_m252_n20000_r5,200,capacity_and_data_sensitivity_best_tested_configuration,3.8822558573815877,6.364274733584294,0.00012728549467168587,0.011282087336645019,3.8601429662017637,3.904368748561412,50000,50000,0,0.0,0,0.0,20000,13.578486545000032,0,50000,0.3551755739999862,0.3551755739999862,13.933662119000019,1.0,0.9997093778334093,1f9f0c5e928f55d4673962022a5a00ba7c117bfae17f13d0ab9fe01638936294,True,,,,,,,,50000,29.36162459836668,62.98690809483683,42.9921289798096,0.017063797991475838,ok,6.364274733584294,6.364274733584294,1.0,residual_variance_beta_one / observed_residual_variance,5.750217242967382,13.578486545000032,13.933662119000019,
42,0,maturity_short,100.0,0.2,0.5,NCV_TRANSFER_BETA,252,expanded_training_followup_stage8_m252_n20000_r5,200,capacity_and_data_sensitivity_best_tested_configuration,3.866169628232039,0.0171119373096176,3.42238746192352e-07,0.0005850117487643748,3.8650230052044607,3.8673162512596173,50000,50000,1000,0.008212816999957795,0,0.0,20000,13.578486545000032,0,51000,0.35681586900000184,0.35681586900000184,13.943515230999992,0.6816823582212944,0.9997030387279194,1f9f0c5e928f55d4673962022a5a00ba7c117bfae17f13d0ab9fe01638936294,True,,,,,,,,50000,29.36162459836668,62.98690809483683,42.9921289798096,0.017063797991475838,ok,0.0171119373096176,6.364274733584294,371.920175865027,residual_variance_beta_one / observed_residual_variance,5.750217242967382,13.578486545000032,13.943515230999992,65.94463776124371
42,0,maturity_long,100.0,0.2,2.0,MC,252,expanded_training_followup_stage8_m252_n20000_r5,NA,NA,8.723180698715186,141.24349586870116,0.0028248699173740234,0.05314950533517714,8.61900766825824,8.827353729172133,50000,50000,0,0.0,0,0.0,0,0.0,0,50000,0.34052503700013403,0.34052503700013403,0.34052503700013403,nan,nan,,,,,,,,,,,,,,,,,,,,,,,
42,0,maturity_long,100.0,0.2,2.0,AV,252,expanded_training_followup_stage8_m252_n20000_r5,NA,NA,8.725273393982228,32.727435616749844,0.0006545487123349969,0.025584149630874912,8.675128460705713,8.775418327258743,50000,100000,0,0.0,0,0.0,0,0.0,0,100000,0.49632248299985804,0.49632248299985804,0.49632248299985804,nan,nan,,,,,,,,,,,,,,,,,,,,,,,
42,0,maturity_long,100.0,0.2,2.0,GCV,252,expanded_training_followup_stage8_m252_n20000_r5,NA,NA,8.732841464088345,0.23408900115501857,4.6817800231003716e-06,0.0021637421341510112,8.728600529505409,8.737082398671282,50000,50000,1000,0.007779404000075374,0,0.0,0,0.0,0,51000,0.3886363159999746,0.3886363159999746,0.39641572000005,1.051494621967034,0.999214609373974,,,,,,,,,,,,,,,,,,,,,,,
42,0,maturity_long,100.0,0.2,2.0,NCV_SCRATCH,252,expanded_training_followup_stage8_m252_n20000_r5,200,capacity_and_data_sensitivity_best_tested_configuration,8.732481466040795,0.05465340544526927,1.0930681089053854e-06,0.0010454989760422463,8.730432288047753,8.734530644033837,50000,50000,0,0.0,20000,12.523063052999987,0,0.0,20000,70000,0.3307414280000103,0.3307414280000103,12.853804480999997,nan,nan,,,,0.18442417400001432,12.338638878999973,0.0,12.523063052999987,True,research_tuning_overhead_excluded_from_operational_setup_cost,,,,,,,,,,,,,,
42,0,maturity_long,100.0,0.2,2.0,NCV_TRANSFER_BETA1,252,expanded_training_followup_stage8_m252_n20000_r5,200,capacity_and_data_sensitivity_best_tested_configuration,8.729463629082082,15.510944807618445,0.0003102188961523689,0.017613031997710357,8.69494208636657,8.763985171797593,50000,50000,0,0.0,0,0.0,20000,13.578486545000032,0,50000,0.35889725099991665,0.35889725099991665,13.93738379599995,1.0,0.9994262706301218,1f9f0c5e928f55d4673962022a5a00ba7c117bfae17f13d0ab9fe01638936294,True,,,,,,,,50000,141.24349586870116,63.361637410777114,94.54709423592983,0.16202459129780777,ok,15.510944807618445,15.510944807618445,1.0,residual_variance_beta_one / observed_residual_variance,5.750217242967382,13.578486545000032,13.93738379599995,
42,0,maturity_long,100.0,0.2,2.0,NCV_TRANSFER_BETA,252,expanded_training_followup_stage8_m252_n20000_r5,200,capacity_and_data_sensitivity_best_tested_configuration,8.732571683682146,0.16242070741304296,3.2484141482608592e-06,0.001802335747928465,8.729039105616206,8.736104261748086,50000,50000,1000,0.008265829000038138,0,0.0,20000,13.578486545000032,0,51000,0.3613433180000811,0.3613433180000811,13.948095692000152,1.4946823247383438,0.999451955679208,1f9f0c5e928f55d4673962022a5a00ba7c117bfae17f13d0ab9fe01638936294,True,,,,,,,,50000,141.24349586870116,63.361637410777114,94.54709423592983,0.16202459129780777,ok,0.16242070741304296,15.510944807618445,95.49856699105142,residual_variance_beta_one / observed_residual_variance,5.750217242967382,13.578486545000032,13.948095692000152,69.45897171680465
42,1,reference,100.0,0.2,1.0,MC,252,expanded_training_followup_stage8_m252_n20000_r5,NA,NA,5.73479839054948,63.457146469346355,0.001269142929386927,0.03562503234225798,5.664973327158655,5.804623453940306,50000,50000,0,0.0,0,0.0,0,0.0,0,50000,0.3147967750001044,0.3147967750001044,0.3147967750001044,nan,nan,,,,,,,,,,,,,,,,,,,,,,,
42,1,reference,100.0,0.2,1.0,AV,252,expanded_training_followup_stage8_m252_n20000_r5,NA,NA,5.775930198051424,15.20970894725927,0.00030419417894518537,0.01744116334838893,5.741745517888582,5.810114878214266,50000,100000,0,0.0,0,0.0,0,0.0,0,100000,0.4940914490000523,0.4940914490000523,0.4940914490000523,nan,nan,,,,,,,,,,,,,,,,,,,,,,,
42,1,reference,100.0,0.2,1.0,GCV,252,expanded_training_followup_stage8_m252_n20000_r5,NA,NA,5.78130772639436,0.04807003679031043,9.614007358062085e-07,0.0009805104465563886,5.779385925919109,5.783229526869611,50000,50000,1000,0.0074778590001187695,0,0.0,0,0.0,0,51000,0.39325354699985837,0.39325354699985837,0.40073140599997714,1.038382332430574,0.9994954240097956,,,,,,,,,,,,,,,,,,,,,,,
42,1,reference,100.0,0.2,1.0,NCV_SCRATCH,252,expanded_training_followup_stage8_m252_n20000_r5,200,capacity_and_data_sensitivity_best_tested_configuration,5.781238254837526,0.027288257755793806,5.457651551158762e-07,0.0007387591996827356,5.779790286806148,5.782686222868905,50000,50000,0,0.0,20000,12.538067612000077,0,0.0,20000,70000,0.33226819500009697,0.33226819500009697,12.870335807000174,nan,nan,,,,0.18332112300004155,12.354746489000036,0.0,12.538067612000077,True,research_tuning_overhead_excluded_from_operational_setup_cost,,,,,,,,,,,,,,
42,1,strike_low,80.0,0.2,1.0,MC,252,expanded_training_followup_stage8_m252_n20000_r5,NA,NA,21.453008559151478,127.22082557035053,0.0025444165114070104,0.05044220962058473,21.35414182829513,21.551875290007825,50000,50000,0,0.0,0,0.0,0,0.0,0,50000,0.3385098900000685,0.3385098900000685,0.3385098900000685,nan,nan,,,,,,,,,,,,,,,,,,,,,,,
42,1,strike_low,80.0,0.2,1.0,AV,252,expanded_training_followup_stage8_m252_n20000_r5,NA,NA,21.497737698534568,1.8956238460901065,3.791247692180213e-05,0.006157310851483961,21.485669369265658,21.509806027803478,50000,100000,0,0.0,0,0.0,0,0.0,0,100000,0.4892794669999603,0.4892794669999603,0.4892794669999603,nan,nan,,,,,,,,,,,,,,,,,,,,,,,
42,1,strike_low,80.0,0.2,1.0,GCV,252,expanded_training_followup_stage8_m252_n20000_r5,NA,NA,21.501531894379333,0.08512169972791789,1.7024339945583578e-06,0.0013047735414846355,21.498974538238024,21.504089250520643,50000,50000,1000,0.007454385999835722,0,0.0,0,0.0,0,51000,0.3866256850001264,0.3866256850001264,0.3940800709999621,1.0152864482550925,0.9996396020047383,,,,,,,,,,,,,,,,,,,,,,,
42,1,strike_low,80.0,0.2,1.0,NCV_SCRATCH,252,expanded_training_followup_stage8_m252_n20000_r5,200,capacity_and_data_sensitivity_best_tested_configuration,21.49933908487263,0.14887681804552125,2.977536360910425e-06,0.0017255539287169281,21.495956999172346,21.502721170572915,50000,50000,0,0.0,20000,12.469974499000045,0,0.0,20000,70000,0.33070294200001626,0.33070294200001626,12.800677441000062,nan,nan,,,,0.18302464399994278,12.286949855000103,0.0,12.469974499000045,True,research_tuning_overhead_excluded_from_operational_setup_cost,,,,,,,,,,,,,,
42,1,strike_low,80.0,0.2,1.0,NCV_TRANSFER_BETA1,252,expanded_training_followup_stage8_m252_n20000_r5,200,capacity_and_data_sensitivity_best_tested_configuration,21.486472995526857,26.17538998745858,0.0005235077997491716,0.022880292824812614,21.441627621590225,21.531318369463488,50000,50000,0,0.0,0,0.0,20000,12.527099506000013,0,50000,0.35627252299991596,0.35627252299991596,12.88337202899993,1.0,0.917081883967524,6e1cf0e92b4387cab442cb651f8472fb163170cc1275ee354b500e71626c9ed0,True,,,,,,,,50000,127.22082557035053,62.47705906776407,81.76124732532806,20.223126511839055,ok,26.17538998745858,26.17538998745858,1.0,residual_variance_beta_one / observed_residual_variance,5.76391129286037,12.527099506000013,12.88337202899993,
42,1,strike_low,80.0,0.2,1.0,NCV_TRANSFER_BETA,252,expanded_training_followup_stage8_m252_n20000_r5,200,capacity_and_data_sensitivity_best_tested_configuration,21.496567380608795,20.226201155970834,0.00040452402311941666,0.02011278258022536,21.457146326751552,21.535988434466038,50000,50000,1000,0.00817811700017046,0,0.0,20000,12.527099506000013,0,51000,0.3543035699999564,0.3543035699999564,12.88958119300014,1.3016451545370753,0.9168167955783322,6e1cf0e92b4387cab442cb651f8472fb163170cc1275ee354b500e71626c9ed0,True,,,,,,,,50000,127.22082557035053,62.47705906776407,81.76124732532806,20.223126511839055,ok,20.226201155970834,26.17538998745858,1.294132782800468,residual_variance_beta_one / observed_residual_variance,5.76391129286037,12.527099506000013,12.88958119300014,60.54413172018089
42,1,strike_high,120.0,0.2,1.0,MC,252,expanded_training_followup_stage8_m252_n20000_r5,NA,NA,0.5126961630402145,5.972261666679008,0.00011944523333358015,0.010929100298450014,0.49127512645525245,0.5341171996251766,50000,50000,0,0.0,0,0.0,0,0.0,0,50000,0.3397942660001263,0.3397942660001263,0.3397942660001263,nan,nan,,,,,,,,,,,,,,,,,,,,,,,
42,1,strike_high,120.0,0.2,1.0,AV,252,expanded_training_followup_stage8_m252_n20000_r5,NA,NA,0.5193234029416084,2.861728306774291,5.723456613548582e-05,0.007565353007988842,0.5044953110459502,0.5341514948372665,50000,100000,0,0.0,0,0.0,0,0.0,0,100000,0.49283004900007654,0.49283004900007654,0.49283004900007654,nan,nan,,,,,,,,,,,,,,,,,,,,,,,
42,1,strike_high,120.0,0.2,1.0,GCV,252,expanded_training_followup_stage8_m252_n20000_r5,NA,NA,0.5354471629196466,0.03172520006634238,6.345040013268476e-07,0.0007965575944819355,0.533885910034462,0.5370084158048312,50000,50000,1000,0.007726817000047959,0,0.0,0,0.0,0,51000,0.3906591780000781,0.3906591780000781,0.39838599500012606,1.1149997285856703,0.9968011186578023,,,,,,,,,,,,,,,,,,,,,,,
42,1,strike_high,120.0,0.2,1.0,NCV_SCRATCH,252,expanded_training_followup_stage8_m252_n20000_r5,200,capacity_and_data_sensitivity_best_tested_configuration,0.5335026503435601,0.022121806203736764,4.424361240747353e-07,0.0006651587209642037,0.5321989392504703,0.53480636143665,50000,50000,0,0.0,20000,12.509670344000142,0,0.0,20000,70000,0.32943804799992904,0.32943804799992904,12.839108392000071,nan,nan,,,,0.18348366800000804,12.326186676000134,0.0,12.509670344000142,True,research_tuning_overhead_excluded_from_operational_setup_cost,,,,,,,,,,,,,,
42,1,strike_high,120.0,0.2,1.0,NCV_TRANSFER_BETA1,252,expanded_training_followup_stage8_m252_n20000_r5,200,capacity_and_data_sensitivity_best_tested_configuration,0.5030036394169698,42.520425755050454,0.000850408515101009,0.029161764608833414,0.4458465807836563,0.5601606980502832,50000,50000,0,0.0,0,0.0,20000,12.527099506000013,0,50000,0.3533050490000278,0.3533050490000278,12.880404555000041,1.0,0.6695526057158865,6e1cf0e92b4387cab442cb651f8472fb163170cc1275ee354b500e71626c9ed0,True,,,,,,,,50000,5.972261666679008,62.39887521504074,12.92535556333465,3.29489262977117,ok,42.520425755050454,42.520425755050454,1.0,residual_variance_beta_one / observed_residual_variance,5.76391129286037,12.527099506000013,12.880404555000041,
42,1,strike_high,120.0,0.2,1.0,NCV_TRANSFER_BETA,252,expanded_training_followup_stage8_m252_n20000_r5,200,capacity_and_data_sensitivity_best_tested_configuration,0.5105796090606683,3.3027604050410297,6.60552081008206e-05,0.00812743551809675,0.4946498354451987,0.526509382676138,50000,50000,1000,0.008099393000065902,0,0.0,20000,12.527099506000013,0,51000,0.3532068839999738,0.3532068839999738,12.888405783000053,0.21836975196740113,0.6857903761158158,6e1cf0e92b4387cab442cb651f8472fb163170cc1275ee354b500e71626c9ed0,True,,,,,,,,50000,5.972261666679008,62.39887521504074,12.92535556333465,3.29489262977117,ok,3.3027604050410297,42.520425755050454,12.874208401599821,residual_variance_beta_one / observed_residual_variance,5.76391129286037,12.527099506000013,12.888405783000053,64.36438058943716
42,1,volatility_low,100.0,0.1,1.0,MC,252,expanded_training_followup_stage8_m252_n20000_r5,NA,NA,3.655141242575137,17.976255668865416,0.0003595251133773083,0.018961147469953085,3.6179773935340287,3.692305091616245,50000,50000,0,0.0,0,0.0,0,0.0,0,50000,0.33762229999979354,0.33762229999979354,0.33762229999979354,nan,nan,,,,,,,,,,,,,,,,,,,,,,,
42,1,volatility_low,100.0,0.1,1.0,AV,252,expanded_training_followup_stage8_m252_n20000_r5,NA,NA,3.6484280560030236,2.8122863448286846,5.624572689657369e-05,0.007499715121027844,3.633728614365809,3.663127497640238,50000,100000,0,0.0,0,0.0,0,0.0,0,100000,0.4903848260000814,0.4903848260000814,0.4903848260000814,nan,nan,,,,,,,,,,,,,,,,,,,,,,,
42,1,volatility_low,100.0,0.1,1.0,GCV,252,expanded_training_followup_stage8_m252_n20000_r5,NA,NA,3.6541884265325657,0.0037908102179022058,7.581620435804412e-08,0.0002753474248255177,3.6536487455799076,3.654728107485224,50000,50000,1000,0.0075887860000420915,0,0.0,0,0.0,0,51000,0.3860157369999797,0.3860157369999797,0.3936045230000218,1.0181750966322771,0.999885362813076,,,,,,,,,,,,,,,,,,,,,,,
42,1,volatility_low,100.0,0.1,1.0,NCV_SCRATCH,252,expanded_training_followup_stage8_m252_n20000_r5,200,capacity_and_data_sensitivity_best_tested_configuration,3.654285152469974,0.004005787059802423,8.011574119604845e-08,0.0002830472419862954,3.653730379875681,3.6548399250642674,50000,50000,0,0.0,20000,12.456158410000171,0,0.0,20000,70000,0.33027976599987596,0.33027976599987596,12.786438176000047,nan,nan,,,,0.18268349499999204,12.273474915000179,0.0,12.456158410000171,True,research_tuning_overhead_excluded_from_operational_setup_cost,,,,,,,,,,,,,,
42,1,volatility_low,100.0,0.1,1.0,NCV_TRANSFER_BETA1,252,expanded_training_followup_stage8_m252_n20000_r5,200,capacity_and_data_sensitivity_best_tested_configuration,3.6536151538257706,14.692124818390564,0.00029384249636781127,0.017141834684998313,3.620017157843174,3.6872131498083673,50000,50000,0,0.0,0,0.0,20000,12.527099506000013,0,50000,0.35494979999998577,0.35494979999998577,12.882049305999999,1.0,0.9900059657462861,6e1cf0e92b4387cab442cb651f8472fb163170cc1275ee354b500e71626c9ed0,True,,,,,,,,50000,17.976255668865416,63.737482598613866,33.510806724544395,0.3575151484453052,ok,14.692124818390564,14.692124818390564,1.0,residual_variance_beta_one / observed_residual_variance,5.76391129286037,12.527099506000013,12.882049305999999,
42,1,volatility_low,100.0,0.1,1.0,NCV_TRANSFER_BETA,252,expanded_training_followup_stage8_m252_n20000_r5,200,capacity_and_data_sensitivity_best_tested_configuration,3.6543284384241868,0.360499879179329,7.20999758358658e-06,0.0026851438664597807,3.6490655564459256,3.659591320402448,50000,50000,1000,0.008119671000031303,0,0.0,20000,12.527099506000013,0,51000,0.3550662279999415,0.3550662279999415,12.890285404999986,0.5326060828949027,0.989257748848935,6e1cf0e92b4387cab442cb651f8472fb163170cc1275ee354b500e71626c9ed0,True,,,,,,,,50000,17.976255668865416,63.737482598613866,33.510806724544395,0.3575151484453052,ok,0.360499879179329,14.692124818390562,40.75486752405271,residual_variance_beta_one / observed_residual_variance,5.76391129286037,12.527099506000013,12.890285404999986,55.10900540792425
42,1,volatility_high,100.0,0.5,1.0,MC,252,expanded_training_followup_stage8_m252_n20000_r5,NA,NA,12.504902386844376,461.9262664402213,0.009238525328804426,0.09611724782162889,12.316512581113983,12.69329219257477,50000,50000,0,0.0,0,0.0,0,0.0,0,50000,0.3389380149999397,0.3389380149999397,0.3389380149999397,nan,nan,,,,,,,,,,,,,,,,,,,,,,,
42,1,volatility_high,100.0,0.5,1.0,AV,252,expanded_training_followup_stage8_m252_n20000_r5,NA,NA,12.319890137065459,150.93174822461268,0.0030186349644922535,0.0549421055702478,12.212203610147773,12.427576663983144,50000,100000,0,0.0,0,0.0,0,0.0,0,100000,0.502668414000027,0.502668414000027,0.502668414000027,nan,nan,,,,,,,,,,,,,,,,,,,,,,,
42,1,volatility_high,100.0,0.5,1.0,GCV,252,expanded_training_followup_stage8_m252_n20000_r5,NA,NA,12.363599728822368,2.1736368537812742,4.347273707562548e-05,0.006593385858238958,12.35067669254022,12.376522765104516,50000,50000,1000,0.0076393600002120365,0,0.0,0,0.0,0,51000,0.38780730099983884,0.38780730099983884,0.3954466610000509,1.1026195881469594,0.997771296716125,,,,,,,,,,,,,,,,,,,,,,,
42,1,volatility_high,100.0,0.5,1.0,NCV_SCRATCH,252,expanded_training_followup_stage8_m252_n20000_r5,200,capacity_and_data_sensitivity_best_tested_configuration,12.356904013056143,0.7529721823065696,1.5059443646131392e-05,0.0038806498999692553,12.349297939252203,12.364510086860083,50000,50000,0,0.0,20000,12.472991786999955,0,0.0,20000,70000,0.3297013680000873,0.3297013680000873,12.802693155000043,nan,nan,,,,0.18410913599996093,12.288882650999994,0.0,12.472991786999955,True,research_tuning_overhead_excluded_from_operational_setup_cost,,,,,,,,,,,,,,
42,1,volatility_high,100.0,0.5,1.0,NCV_TRANSFER_BETA1,252,expanded_training_followup_stage8_m252_n20000_r5,200,capacity_and_data_sensitivity_best_tested_configuration,12.45238073937508,188.20660677849872,0.0037641321355699744,0.06135252346537976,12.332129793382936,12.572631685367224,50000,50000,0,0.0,0,0.0,20000,12.527099506000013,0,50000,0.35351057499997296,0.35351057499997296,12.880610080999986,1.0,0.9805494739904291,6e1cf0e92b4387cab442cb651f8472fb163170cc1275ee354b500e71626c9ed0,True,,,,,,,,50000,461.9262664402213,64.32420912694158,169.0219343943323,17.79466040643075,ok,188.20660677849872,188.20660677849872,1.0,residual_variance_beta_one / observed_residual_variance,5.76391129286037,12.527099506000013,12.880610080999986,
42,1,volatility_high,100.0,0.5,1.0,NCV_TRANSFER_BETA,252,expanded_training_followup_stage8_m252_n20000_r5,200,capacity_and_data_sensitivity_best_tested_configuration,12.370719204702137,18.135942453174913,0.00036271884906349827,0.01904517915545817,12.333390653557439,12.408047755846836,50000,50000,1000,0.008167942999989464,0,0.0,20000,12.527099506000013,0,51000,0.3572674680001455,0.3572674680001455,12.892534917000148,2.554816701450227,0.9798832790418323,6e1cf0e92b4387cab442cb651f8472fb163170cc1275ee354b500e71626c9ed0,True,,,,,,,,50000,461.9262664402213,64.32420912694158,169.0219343943323,17.79466040643075,ok,18.135942453174913,188.20660677849872,10.377547638587203,residual_variance_beta_one / observed_residual_variance,5.76391129286037,12.527099506000013,12.892534917000148,58.84599534661803
42,1,maturity_short,100.0,0.2,0.5,MC,252,expanded_training_followup_stage8_m252_n20000_r5,NA,NA,3.835691885945828,29.192202509471542,0.0005838440501894309,0.02416286510721423,3.7883326703356883,3.8830511015559677,50000,50000,0,0.0,0,0.0,0,0.0,0,50000,0.3392071700000088,0.3392071700000088,0.3392071700000088,nan,nan,,,,,,,,,,,,,,,,,,,,,,,
42,1,maturity_short,100.0,0.2,0.5,AV,252,expanded_training_followup_stage8_m252_n20000_r5,NA,NA,3.8597834206234105,7.177617220069826,0.00014355234440139653,0.011981333164610546,3.836300007620774,3.883266833626047,50000,100000,0,0.0,0,0.0,0,0.0,0,100000,0.49226670199982436,0.49226670199982436,0.49226670199982436,nan,nan,,,,,,,,,,,,,,,,,,,,,,,
42,1,maturity_short,100.0,0.2,0.5,GCV,252,expanded_training_followup_stage8_m252_n20000_r5,NA,NA,3.8661836640363223,0.010826727935324536,2.165345587064907e-07,0.00046533273977498156,3.8652716118663633,3.8670957162062813,50000,50000,1000,0.007615727999791488,0,0.0,0,0.0,0,51000,0.3882974930002092,0.3882974930002092,0.3959132210000007,1.022835392324773,0.9998150551879377,,,,,,,,,,,,,,,,,,,,,,,
42,1,maturity_short,100.0,0.2,0.5,NCV_SCRATCH,252,expanded_training_followup_stage8_m252_n20000_r5,200,capacity_and_data_sensitivity_best_tested_configuration,3.8658335756107496,0.0072628698013404705,1.452573960268094e-07,0.00038112648297751423,3.8650865677041137,3.8665805835173854,50000,50000,0,0.0,20000,12.459631495000167,0,0.0,20000,70000,0.3305873080000765,0.3305873080000765,12.790218803000243,nan,nan,,,,0.18242148000013003,12.277210015000037,0.0,12.459631495000167,True,research_tuning_overhead_excluded_from_operational_setup_cost,,,,,,,,,,,,,,
42,1,maturity_short,100.0,0.2,0.5,NCV_TRANSFER_BETA1,252,expanded_training_followup_stage8_m252_n20000_r5,200,capacity_and_data_sensitivity_best_tested_configuration,3.8798731662169628,6.402835605013311,0.0001280567121002662,0.011316214565846045,3.8576933856679045,3.902052946766021,50000,50000,0,0.0,0,0.0,20000,12.527099506000013,0,50000,0.35751493699990533,0.35751493699990533,12.884614442999919,1.0,0.999764319175281,6e1cf0e92b4387cab442cb651f8472fb163170cc1275ee354b500e71626c9ed0,True,,,,,,,,50000,29.192202509471542,62.874906993960224,42.8321369492092,0.013758463231550166,ok,6.402835605013311,6.402835605013311,1.0,residual_variance_beta_one / observed_residual_variance,5.76391129286037,12.527099506000013,12.884614442999919,
42,1,maturity_short,100.0,0.2,0.5,NCV_TRANSFER_BETA,252,expanded_training_followup_stage8_m252_n20000_r5,200,capacity_and_data_sensitivity_best_tested_configuration,3.8658459356618624,0.013861403327971289,2.772280665594258e-07,0.000526524516579642,3.8648139476093664,3.8668779237143585,50000,50000,1000,0.008120782999867515,0,0.0,20000,12.527099506000013,0,51000,0.3549437880001278,0.3549437880001278,12.890164077000009,0.6825073771285786,0.9997869063575343,6e1cf0e92b4387cab442cb651f8472fb163170cc1275ee354b500e71626c9ed0,True,,,,,,,,50000,29.192202509471542,62.874906993960224,42.8321369492092,0.013758463231550166,ok,0.013861403327971289,6.40283560501331,461.91828154172964,residual_variance_beta_one / observed_residual_variance,5.76391129286037,12.527099506000013,12.890164077000009,70.20983004027525
42,1,maturity_long,100.0,0.2,2.0,MC,252,expanded_training_followup_stage8_m252_n20000_r5,NA,NA,8.750675940852478,141.31499610787984,0.002826299922157597,0.05316295629625573,8.646476546511817,8.854875335193139,50000,50000,0,0.0,0,0.0,0,0.0,0,50000,0.3395141920000242,0.3395141920000242,0.3395141920000242,nan,nan,,,,,,,,,,,,,,,,,,,,,,,
42,1,maturity_long,100.0,0.2,2.0,AV,252,expanded_training_followup_stage8_m252_n20000_r5,NA,NA,8.761613468645175,32.969408472199724,0.0006593881694439944,0.025678554660338547,8.711283501510911,8.811943435779439,50000,100000,0,0.0,0,0.0,0,0.0,0,100000,0.492007306000005,0.492007306000005,0.492007306000005,nan,nan,,,,,,,,,,,,,,,,,,,,,,,
42,1,maturity_long,100.0,0.2,2.0,GCV,252,expanded_training_followup_stage8_m252_n20000_r5,NA,NA,8.732665374969168,0.2227008121467069,4.454016242934138e-06,0.002110454037152702,8.728528885056349,8.736801864881986,50000,50000,1000,0.007480833000045095,0,0.0,0,0.0,0,51000,0.3910919710001508,0.3910919710001508,0.3985728040001959,1.0567487130675464,0.9988594665491308,,,,,,,,,,,,,,,,,,,,,,,
42,1,maturity_long,100.0,0.2,2.0,NCV_SCRATCH,252,expanded_training_followup_stage8_m252_n20000_r5,200,capacity_and_data_sensitivity_best_tested_configuration,8.732058372474034,0.10390432019608747,2.0780864039217493e-06,0.001441556937453998,8.729232920876624,8.734883824071444,50000,50000,0,0.0,20000,12.483406126999853,0,0.0,20000,70000,0.3294997739999417,0.3294997739999417,12.812905900999795,nan,nan,,,,0.1825777899998684,12.300828336999984,0.0,12.483406126999853,True,research_tuning_overhead_excluded_from_operational_setup_cost,,,,,,,,,,,,,,
42,1,maturity_long,100.0,0.2,2.0,NCV_TRANSFER_BETA1,252,expanded_training_followup_stage8_m252_n20000_r5,200,capacity_and_data_sensitivity_best_tested_configuration,8.739032741417777,15.365475943631793,0.00030730951887263585,0.017530245830353775,8.704673459590284,8.77339202324527,50000,50000,0,0.0,0,0.0,20000,12.527099506000013,0,50000,0.3618538460000309,0.3618538460000309,12.888953352000044,1.0,0.999433580366192,6e1cf0e92b4387cab442cb651f8472fb163170cc1275ee354b500e71626c9ed0,True,,,,,,,,50000,141.31499610787984,63.70355148137896,94.82653582281355,0.16004183843386954,ok,15.365475943631793,15.365475943631793,1.0,residual_variance_beta_one / observed_residual_variance,5.76391129286037,12.527099506000013,12.888953352000044,
42,1,maturity_long,100.0,0.2,2.0,NCV_TRANSFER_BETA,252,expanded_training_followup_stage8_m252_n20000_r5,200,capacity_and_data_sensitivity_best_tested_configuration,8.733362626376882,0.16019890409975263,3.2039780819950525e-06,0.001789965944367393,8.729854293125923,8.736870959627842,50000,50000,1000,0.008177499999874271,0,0.0,20000,12.527099506000013,0,51000,0.3609321879998788,0.3609321879998788,12.896209193999766,1.486989428695761,0.9994700717303403,6e1cf0e92b4387cab442cb651f8472fb163170cc1275ee354b500e71626c9ed0,True,,,,,,,,50000,141.31499610787984,63.70355148137896,94.82653582281355,0.16004183843386954,ok,0.16019890409975263,15.365475943631793,95.91498787072864,residual_variance_beta_one / observed_residual_variance,5.76391129286037,12.527099506000013,12.896209193999766,61.25623260640674
42,2,reference,100.0,0.2,1.0,MC,252,expanded_training_followup_stage8_m252_n20000_r5,NA,NA,5.7379027449212225,63.95570325683838,0.0012791140651367678,0.03576470418075295,5.667803924726947,5.808001565115498,50000,50000,0,0.0,0,0.0,0,0.0,0,50000,0.3137647589999233,0.3137647589999233,0.3137647589999233,nan,nan,,,,,,,,,,,,,,,,,,,,,,,
42,2,reference,100.0,0.2,1.0,AV,252,expanded_training_followup_stage8_m252_n20000_r5,NA,NA,5.769465743093632,15.440779164768813,0.00030881558329537624,0.017573149498464304,5.735022370076642,5.803909116110622,50000,100000,0,0.0,0,0.0,0,0.0,0,100000,0.4977017290000276,0.4977017290000276,0.4977017290000276,nan,nan,,,,,,,,,,,,,,,,,,,,,,,
42,2,reference,100.0,0.2,1.0,GCV,252,expanded_training_followup_stage8_m252_n20000_r5,NA,NA,5.781656861918107,0.0489491477578911,9.789829551578221e-07,0.0009894356750986,5.779717567994913,5.7835961558413,50000,50000,1000,0.007594118000042727,0,0.0,0,0.0,0,51000,0.39163558800009923,0.39163558800009923,0.39922970600014196,1.0346109275797337,0.9996229443570912,,,,,,,,,,,,,,,,,,,,,,,
42,2,reference,100.0,0.2,1.0,NCV_SCRATCH,252,expanded_training_followup_stage8_m252_n20000_r5,200,capacity_and_data_sensitivity_best_tested_configuration,5.781025849991927,0.015392575147944254,3.0785150295888507e-07,0.0005548436743434002,5.779938356390214,5.7821133435936405,50000,50000,0,0.0,20000,12.565567506999969,0,0.0,20000,70000,0.3320793650000269,0.3320793650000269,12.897646871999996,nan,nan,,,,0.1837537720000455,12.381813734999923,0.0,12.565567506999969,True,research_tuning_overhead_excluded_from_operational_setup_cost,,,,,,,,,,,,,,
42,2,strike_low,80.0,0.2,1.0,MC,252,expanded_training_followup_stage8_m252_n20000_r5,NA,NA,21.423934637038364,126.61420470498855,0.002532284094099771,0.05032180535413819,21.325303898544252,21.522565375532476,50000,50000,0,0.0,0,0.0,0,0.0,0,50000,0.33919195700013915,0.33919195700013915,0.33919195700013915,nan,nan,,,,,,,,,,,,,,,,,,,,,,,
42,2,strike_low,80.0,0.2,1.0,AV,252,expanded_training_followup_stage8_m252_n20000_r5,NA,NA,21.493368552974466,1.9319971293929694,3.863994258785939e-05,0.006216103489152943,21.481184990135727,21.505552115813206,50000,100000,0,0.0,0,0.0,0,0.0,0,100000,0.49583507699981055,0.49583507699981055,0.49583507699981055,nan,nan,,,,,,,,,,,,,,,,,,,,,,,
42,2,strike_low,80.0,0.2,1.0,GCV,252,expanded_training_followup_stage8_m252_n20000_r5,NA,NA,21.502613764006814,0.08365678017470611,1.6731356034941222e-06,0.001293497430803062,21.50007850904244,21.50514901897119,50000,50000,1000,0.00747945900002378,0,0.0,0,0.0,0,51000,0.388514707000013,0.388514707000013,0.3959941660000368,1.0140490227384065,0.9996794765939504,,,,,,,,,,,,,,,,,,,,,,,
42,2,strike_low,80.0,0.2,1.0,NCV_SCRATCH,252,expanded_training_followup_stage8_m252_n20000_r5,200,capacity_and_data_sensitivity_best_tested_configuration,21.506361149154753,0.4532467930345044,9.064935860690087e-06,0.0030108031919556097,21.50045997489852,21.512262323410987,50000,50000,0,0.0,20000,12.536513756999739,0,0.0,20000,70000,0.33283911700004865,0.33283911700004865,12.869352873999787,nan,nan,,,,0.18403672599993115,12.352477030999808,0.0,12.536513756999739,True,research_tuning_overhead_excluded_from_operational_setup_cost,,,,,,,,,,,,,,
42,2,strike_low,80.0,0.2,1.0,NCV_TRANSFER_BETA1,252,expanded_training_followup_stage8_m252_n20000_r5,200,capacity_and_data_sensitivity_best_tested_configuration,21.497338583349315,25.800595379551474,0.0005160119075910295,0.022715895482921855,21.452815428202786,21.541861738495843,50000,50000,0,0.0,0,0.0,20000,12.55938291099983,0,50000,0.35496204400010356,0.35496204400010356,12.914344954999933,1.0,0.9174597750879264,c46ce45051a7a9765cd32972245d223b0efb4962f16fbc80ab12c0eb9b211779,True,,,,,,,,50000,126.61420470498855,62.776810472101054,81.79520989876907,20.03892137871908,ok,25.800595379551474,25.800595379551474,1.0,residual_variance_beta_one / observed_residual_variance,5.7721842785517525,12.55938291099983,12.914344954999933,
42,2,strike_low,80.0,0.2,1.0,NCV_TRANSFER_BETA,252,expanded_training_followup_stage8_m252_n20000_r5,200,capacity_and_data_sensitivity_best_tested_configuration,21.519764741114184,20.03933421957356,0.0004007866843914712,0.020019657449403854,21.480526212513354,21.559003269715014,50000,50000,1000,0.00818385900015528,0,0.0,20000,12.55938291099983,0,51000,0.3620620819999658,0.3620620819999658,12.92962885199995,1.3055170585769957,0.916490352469042,c46ce45051a7a9765cd32972245d223b0efb4962f16fbc80ab12c0eb9b211779,True,,,,,,,,50000,126.61420470498855,62.776810472101054,81.79520989876907,20.03892137871908,ok,20.03933421957356,25.800595379551478,1.2874976332472445,residual_variance_beta_one / observed_residual_variance,5.7721842785517525,12.55938291099983,12.92962885199995,63.75849324521531
42,2,strike_high,120.0,0.2,1.0,MC,252,expanded_training_followup_stage8_m252_n20000_r5,NA,NA,0.550046636123192,6.4642934592348835,0.00012928586918469767,0.011370394416408679,0.5277606630670311,0.572332609179353,50000,50000,0,0.0,0,0.0,0,0.0,0,50000,0.34422431699999834,0.34422431699999834,0.34422431699999834,nan,nan,,,,,,,,,,,,,,,,,,,,,,,
42,2,strike_high,120.0,0.2,1.0,AV,252,expanded_training_followup_stage8_m252_n20000_r5,NA,NA,0.5382108883392053,2.9954061126978346,5.990812225395669e-05,0.007740033737262177,0.5230404222141714,0.5533813544642392,50000,100000,0,0.0,0,0.0,0,0.0,0,100000,0.5021190509999087,0.5021190509999087,0.5021190509999087,nan,nan,,,,,,,,,,,,,,,,,,,,,,,
42,2,strike_high,120.0,0.2,1.0,GCV,252,expanded_training_followup_stage8_m252_n20000_r5,NA,NA,0.533523509967216,0.031288156918550844,6.257631383710169e-07,0.0007910519188846057,0.5319730482062022,0.5350739717282298,50000,50000,1000,0.0076864280001700536,0,0.0,0,0.0,0,51000,0.3937316019998889,0.3937316019998889,0.40141803000005893,1.1082369267306162,0.9987693178111956,,,,,,,,,,,,,,,,,,,,,,,
42,2,strike_high,120.0,0.2,1.0,NCV_SCRATCH,252,expanded_training_followup_stage8_m252_n20000_r5,200,capacity_and_data_sensitivity_best_tested_configuration,0.5349386572538816,0.02875992609746881,5.751985219493762e-07,0.0007584184346054466,0.5334521571220548,0.5364251573857083,50000,50000,0,0.0,20000,12.697990656000002,0,0.0,20000,70000,0.33036427499996535,0.33036427499996535,13.028354930999967,nan,nan,,,,0.1850423299999875,12.512948326000014,0.0,12.697990656000002,True,research_tuning_overhead_excluded_from_operational_setup_cost,,,,,,,,,,,,,,
42,2,strike_high,120.0,0.2,1.0,NCV_TRANSFER_BETA1,252,expanded_training_followup_stage8_m252_n20000_r5,200,capacity_and_data_sensitivity_best_tested_configuration,0.5522911777884103,43.00100001196447,0.0008600200002392895,0.02932609759649738,0.4948120264992754,0.6097703290775451,50000,50000,0,0.0,0,0.0,20000,12.55938291099983,0,50000,0.3542705999998361,0.3542705999998361,12.913653510999666,1.0,0.6846321600067612,c46ce45051a7a9765cd32972245d223b0efb4962f16fbc80ab12c0eb9b211779,True,,,,,,,,50000,6.4642934592348835,64.49501546420012,13.97915445573528,3.4343421073234257,ok,43.00100001196447,43.00100001196447,1.0,residual_variance_beta_one / observed_residual_variance,5.7721842785517525,12.55938291099983,12.913653510999666,
42,2,strike_high,120.0,0.2,1.0,NCV_TRANSFER_BETA,252,expanded_training_followup_stage8_m252_n20000_r5,200,capacity_and_data_sensitivity_best_tested_configuration,0.5504866722987133,3.4619791713037005,6.9239583426074e-05,0.008321032593739433,0.534177448414984,0.5667958961824425,50000,50000,1000,0.00817578299984234,0,0.0,20000,12.55938291099983,0,51000,0.3585691959999622,0.3585691959999622,12.926127889999634,0.19604722974854422,0.6760280779950628,c46ce45051a7a9765cd32972245d223b0efb4962f16fbc80ab12c0eb9b211779,True,,,,,,,,50000,6.4642934592348835,64.49501546420012,13.97915445573528,3.4343421073234257,ok,3.4619791713037005,43.00100001196447,12.420929729560244,residual_variance_beta_one / observed_residual_variance,5.7721842785517525,12.55938291099983,12.926127889999634,58.91627192054732
42,2,volatility_low,100.0,0.1,1.0,MC,252,expanded_training_followup_stage8_m252_n20000_r5,NA,NA,3.6593100945291193,18.213789510431063,0.00036427579020862125,0.019086010327164275,3.6219015142878774,3.696718674770361,50000,50000,0,0.0,0,0.0,0,0.0,0,50000,0.340928243999997,0.340928243999997,0.340928243999997,nan,nan,,,,,,,,,,,,,,,,,,,,,,,
42,2,volatility_low,100.0,0.1,1.0,AV,252,expanded_training_followup_stage8_m252_n20000_r5,NA,NA,3.6572636423115292,2.8524611716592054,5.704922343318411e-05,0.0075530936332859075,3.6424595787902887,3.6720677058327698,50000,100000,0,0.0,0,0.0,0,0.0,0,100000,0.5027403159999722,0.5027403159999722,0.5027403159999722,nan,nan,,,,,,,,,,,,,,,,,,,,,,,
42,2,volatility_low,100.0,0.1,1.0,GCV,252,expanded_training_followup_stage8_m252_n20000_r5,NA,NA,3.653951310161599,0.003997368125674928,7.994736251349857e-08,0.00028274964635432976,3.6533971208547444,3.654505499468453,50000,50000,1000,0.007696204000012585,0,0.0,0,0.0,0,51000,0.3929052880000654,0.3929052880000654,0.400601492000078,1.0172617495097132,0.9998840501257235,,,,,,,,,,,,,,,,,,,,,,,
42,2,volatility_low,100.0,0.1,1.0,NCV_SCRATCH,252,expanded_training_followup_stage8_m252_n20000_r5,200,capacity_and_data_sensitivity_best_tested_configuration,3.654033991715914,0.0020014040709069856,4.002808141813971e-08,0.00020007019122832796,3.653641854141106,3.6544261292907216,50000,50000,0,0.0,20000,12.550076050999905,0,0.0,20000,70000,0.3322322179999446,0.3322322179999446,12.88230826899985,nan,nan,,,,0.18731322500002534,12.36276282599988,0.0,12.550076050999905,True,research_tuning_overhead_excluded_from_operational_setup_cost,,,,,,,,,,,,,,
42,2,volatility_low,100.0,0.1,1.0,NCV_TRANSFER_BETA1,252,expanded_training_followup_stage8_m252_n20000_r5,200,capacity_and_data_sensitivity_best_tested_configuration,3.642620166203695,15.04444242100333,0.0003008888484200666,0.017346147941836153,3.6086217162376966,3.676618616169694,50000,50000,0,0.0,0,0.0,20000,12.55938291099983,0,50000,0.35367239699985475,0.35367239699985475,12.913055307999684,1.0,0.9901063356692317,c46ce45051a7a9765cd32972245d223b0efb4962f16fbc80ab12c0eb9b211779,True,,,,,,,,50000,18.213789510431063,64.92727843322825,34.04831276132803,0.35861938982553454,ok,15.04444242100333,15.04444242100333,1.0,residual_variance_beta_one / observed_residual_variance,5.7721842785517525,12.55938291099983,12.913055307999684,
42,2,volatility_low,100.0,0.1,1.0,NCV_TRANSFER_BETA,252,expanded_training_followup_stage8_m252_n20000_r5,200,capacity_and_data_sensitivity_best_tested_configuration,3.650551078849222,0.35862985972127553,7.172597194425511e-06,0.002678170493905403,3.6453018646811675,3.6558002930172764,50000,50000,1000,0.008081996000100844,0,0.0,20000,12.55938291099983,0,51000,0.36503187400012393,0.36503187400012393,12.932496781000054,0.5248084658670734,0.9907362793749287,c46ce45051a7a9765cd32972245d223b0efb4962f16fbc80ab12c0eb9b211779,True,,,,,,,,50000,18.213789510431063,64.92727843322825,34.04831276132803,0.35861938982553454,ok,0.35862985972127553,15.04444242100333,41.949776386985064,residual_variance_beta_one / observed_residual_variance,5.7721842785517525,12.55938291099983,12.932496781000054,68.74701445623526
42,2,volatility_high,100.0,0.5,1.0,MC,252,expanded_training_followup_stage8_m252_n20000_r5,NA,NA,12.144182463845755,444.8158135570782,0.008896316271141564,0.09432028557601788,11.95931470411676,12.32905022357475,50000,50000,0,0.0,0,0.0,0,0.0,0,50000,0.33851254499995775,0.33851254499995775,0.33851254499995775,nan,nan,,,,,,,,,,,,,,,,,,,,,,,
42,2,volatility_high,100.0,0.5,1.0,AV,252,expanded_training_followup_stage8_m252_n20000_r5,NA,NA,12.292072815503355,149.50879604335145,0.002990175920867029,0.054682501048022934,12.18489511344923,12.39925051755748,50000,100000,0,0.0,0,0.0,0,0.0,0,100000,0.4923525869999139,0.4923525869999139,0.4923525869999139,nan,nan,,,,,,,,,,,,,,,,,,,,,,,
42,2,volatility_high,100.0,0.5,1.0,GCV,252,expanded_training_followup_stage8_m252_n20000_r5,NA,NA,12.355851955698324,2.2453122249815327,4.490624449963065e-05,0.006701212166439044,12.342717579852103,12.368986331544544,50000,50000,1000,0.007514293999975052,0,0.0,0,0.0,0,51000,0.39199815500001023,0.39199815500001023,0.3995124489999853,1.1081541154514314,0.9972200478193549,,,,,,,,,,,,,,,,,,,,,,,
42,2,volatility_high,100.0,0.5,1.0,NCV_SCRATCH,252,expanded_training_followup_stage8_m252_n20000_r5,200,capacity_and_data_sensitivity_best_tested_configuration,12.356387813843009,0.8151422256261293,1.6302844512522587e-05,0.004037678109077367,12.348473964749218,12.3643016629368,50000,50000,0,0.0,20000,13.02613045299995,0,0.0,20000,70000,0.33563179399993714,0.33563179399993714,13.361762246999888,nan,nan,,,,0.18400113000006968,12.842129322999881,0.0,13.02613045299995,True,research_tuning_overhead_excluded_from_operational_setup_cost,,,,,,,,,,,,,,
42,2,volatility_high,100.0,0.5,1.0,NCV_TRANSFER_BETA1,252,expanded_training_followup_stage8_m252_n20000_r5,200,capacity_and_data_sensitivity_best_tested_configuration,12.231876462988273,180.08386049435623,0.003601677209887125,0.060013975121525856,12.114249071750082,12.349503854226464,50000,50000,0,0.0,0,0.0,20000,12.55938291099983,0,50000,0.35948670400011906,0.35948670400011906,12.918869614999949,1.0,0.980400257079901,c46ce45051a7a9765cd32972245d223b0efb4962f16fbc80ab12c0eb9b211779,True,,,,,,,,50000,444.8158135570782,62.68304757069419,163.70750031670775,17.265675224707593,ok,180.08386049435623,180.08386049435623,1.0,residual_variance_beta_one / observed_residual_variance,5.7721842785517525,12.55938291099983,12.918869614999949,
42,2,volatility_high,100.0,0.5,1.0,NCV_TRANSFER_BETA,252,expanded_training_followup_stage8_m252_n20000_r5,200,capacity_and_data_sensitivity_best_tested_configuration,12.370492399558866,17.325888315200185,0.0003465177663040037,0.018614987679394356,12.334007023707253,12.40697777541048,50000,50000,1000,0.008592504999796802,0,0.0,20000,12.55938291099983,0,51000,0.35853125300013744,0.35853125300013744,12.926506668999764,2.5806775597645,0.9814417294715033,c46ce45051a7a9765cd32972245d223b0efb4962f16fbc80ab12c0eb9b211779,True,,,,,,,,50000,444.8158135570782,62.68304757069419,163.70750031670775,17.265675224707593,ok,17.325888315200185,180.08386049435623,10.393917888548707,residual_variance_beta_one / observed_residual_variance,5.7721842785517525,12.55938291099983,12.926506668999764,60.29342584340429
42,2,maturity_short,100.0,0.2,0.5,MC,252,expanded_training_followup_stage8_m252_n20000_r5,NA,NA,3.8360441878436227,29.393994875862454,0.000587879897517249,0.024246234708037637,3.788521567815869,3.8835668078713765,50000,50000,0,0.0,0,0.0,0,0.0,0,50000,0.34180805999994845,0.34180805999994845,0.34180805999994845,nan,nan,,,,,,,,,,,,,,,,,,,,,,,
42,2,maturity_short,100.0,0.2,0.5,AV,252,expanded_training_followup_stage8_m252_n20000_r5,NA,NA,3.855124458240303,7.373250547710846,0.00014746501095421692,0.012143517239836936,3.8313231644502226,3.8789257520303835,50000,100000,0,0.0,0,0.0,0,0.0,0,100000,0.4994521529999929,0.4994521529999929,0.4994521529999929,nan,nan,,,,,,,,,,,,,,,,,,,,,,,
42,2,maturity_short,100.0,0.2,0.5,GCV,252,expanded_training_followup_stage8_m252_n20000_r5,NA,NA,3.8657517210976815,0.010763604724618894,2.152720944923779e-07,0.00046397423903960216,3.864842331589164,3.866661110606199,50000,50000,1000,0.007488043999956062,0,0.0,0,0.0,0,51000,0.3895526389999304,0.3895526389999304,0.3970406829998865,1.0233934802734708,0.999823026079042,,,,,,,,,,,,,,,,,,,,,,,
42,2,maturity_short,100.0,0.2,0.5,NCV_SCRATCH,252,expanded_training_followup_stage8_m252_n20000_r5,200,capacity_and_data_sensitivity_best_tested_configuration,3.8650368974034905,0.01041952232051844,2.083904464103688e-07,0.0004564980245415842,3.8641421612753892,3.865931633531592,50000,50000,0,0.0,20000,12.83394138199992,0,0.0,20000,70000,0.3285474229999181,0.3285474229999181,13.162488804999839,nan,nan,,,,0.18522522600005686,12.648716155999864,0.0,12.83394138199992,True,research_tuning_overhead_excluded_from_operational_setup_cost,,,,,,,,,,,,,,
42,2,maturity_short,100.0,0.2,0.5,NCV_TRANSFER_BETA1,252,expanded_training_followup_stage8_m252_n20000_r5,200,capacity_and_data_sensitivity_best_tested_configuration,3.8779423079975404,6.524933309580106,0.00013049866619160212,0.011423601279439078,3.8555520494898396,3.900332566505241,50000,50000,0,0.0,0,0.0,20000,12.55938291099983,0,50000,0.3570652850000897,0.3570652850000897,12.91644819599992,1.0,0.9997461028254493,c46ce45051a7a9765cd32972245d223b0efb4962f16fbc80ab12c0eb9b211779,True,,,,,,,,50000,29.393994875862454,63.54829287025605,43.20867721826917,0.01492420964754615,ok,6.524933309580106,6.524933309580106,1.0,residual_variance_beta_one / observed_residual_variance,5.7721842785517525,12.55938291099983,12.91644819599992,
42,2,maturity_short,100.0,0.2,0.5,NCV_TRANSFER_BETA,252,expanded_training_followup_stage8_m252_n20000_r5,200,capacity_and_data_sensitivity_best_tested_configuration,3.8644917771782588,0.014983260644902217,2.996652128980443e-07,0.000547416854780746,3.8634188401428884,3.865564714213629,50000,50000,1000,0.008143527000129325,0,0.0,20000,12.55938291099983,0,51000,0.3550302890000694,0.3550302890000694,12.922556727000028,0.6789705416407885,0.9997564776739828,c46ce45051a7a9765cd32972245d223b0efb4962f16fbc80ab12c0eb9b211779,True,,,,,,,,50000,29.393994875862454,63.54829287025605,43.20867721826917,0.01492420964754615,ok,0.014983260644902217,6.524933309580106,435.4815326395658,residual_variance_beta_one / observed_residual_variance,5.7721842785517525,12.55938291099983,12.922556727000028,60.48752601725608
42,2,maturity_long,100.0,0.2,2.0,MC,252,expanded_training_followup_stage8_m252_n20000_r5,NA,NA,8.76517898676159,139.1352013087235,0.00278270402617447,0.05275134146326964,8.661786357493582,8.868571616029598,50000,50000,0,0.0,0,0.0,0,0.0,0,50000,0.33790545600004407,0.33790545600004407,0.33790545600004407,nan,nan,,,,,,,,,,,,,,,,,,,,,,,
42,2,maturity_long,100.0,0.2,2.0,AV,252,expanded_training_followup_stage8_m252_n20000_r5,NA,NA,8.691839940958452,32.296451985889775,0.0006459290397177955,0.025415134068459987,8.642026278184272,8.741653603732633,50000,100000,0,0.0,0,0.0,0,0.0,0,100000,0.498929556000121,0.498929556000121,0.498929556000121,nan,nan,,,,,,,,,,,,,,,,,,,,,,,
42,2,maturity_long,100.0,0.2,2.0,GCV,252,expanded_training_followup_stage8_m252_n20000_r5,NA,NA,8.733568281638895,0.2372214102886782,4.744428205773563e-06,0.0021781708394369723,8.7292990667936,8.737837496484191,50000,50000,1000,0.00758277599993562,0,0.0,0,0.0,0,51000,0.3887286530000438,0.3887286530000438,0.3963114289999794,1.049702389893935,0.9992722013510373,,,,,,,,,,,,,,,,,,,,,,,
42,2,maturity_long,100.0,0.2,2.0,NCV_SCRATCH,252,expanded_training_followup_stage8_m252_n20000_r5,200,capacity_and_data_sensitivity_best_tested_configuration,8.730693420365103,0.05746645478282084,1.1493290956564168e-06,0.0010720676730768524,8.728592167725873,8.732794673004333,50000,50000,0,0.0,20000,12.606702597000094,0,0.0,20000,70000,0.32939200900000287,0.32939200900000287,12.936094606000097,nan,nan,,,,0.18329249500015976,12.423410101999934,0.0,12.606702597000094,True,research_tuning_overhead_excluded_from_operational_setup_cost,,,,,,,,,,,,,,
42,2,maturity_long,100.0,0.2,2.0,NCV_TRANSFER_BETA1,252,expanded_training_followup_stage8_m252_n20000_r5,200,capacity_and_data_sensitivity_best_tested_configuration,8.741094021329724,14.976071521642776,0.0002995214304328555,0.017306687448291645,8.707172913931073,8.775015128728375,50000,50000,0,0.0,0,0.0,20000,12.55938291099983,0,50000,0.3600800590002109,0.3600800590002109,12.91946297000004,1.0,0.9994520883201308,c46ce45051a7a9765cd32972245d223b0efb4962f16fbc80ab12c0eb9b211779,True,,,,,,,,50000,139.1352013087235,63.026876763873176,93.59300327547693,0.15242583436520363,ok,14.976071521642776,14.976071521642776,1.0,residual_variance_beta_one / observed_residual_variance,5.7721842785517525,12.55938291099983,12.91946297000004,
42,2,maturity_long,100.0,0.2,2.0,NCV_TRANSFER_BETA,252,expanded_training_followup_stage8_m252_n20000_r5,200,capacity_and_data_sensitivity_best_tested_configuration,8.729464169964146,0.15270432222323196,3.054086444464639e-06,0.0017475944736879431,8.726038884795718,8.732889455132574,50000,50000,1000,0.008113719999983005,0,0.0,20000,12.55938291099983,0,51000,0.3556091430000379,0.3556091430000379,12.92310577399985,1.4828676793611852,0.9995334120366751,c46ce45051a7a9765cd32972245d223b0efb4962f16fbc80ab12c0eb9b211779,True,,,,,,,,50000,139.1352013087235,63.026876763873176,93.59300327547693,0.15242583436520363,ok,0.15270432222323196,14.976071521642776,98.07234859894727,residual_variance_beta_one / observed_residual_variance,5.7721842785517525,12.55938291099983,12.92310577399985,61.35083775554027
42,3,reference,100.0,0.2,1.0,MC,252,expanded_training_followup_stage8_m252_n20000_r5,NA,NA,5.77925977196187,63.766805634322516,0.0012753361126864504,0.035711848351582844,5.709264549192768,5.849254994730972,50000,50000,0,0.0,0,0.0,0,0.0,0,50000,0.31344425300017065,0.31344425300017065,0.31344425300017065,nan,nan,,,,,,,,,,,,,,,,,,,,,,,
42,3,reference,100.0,0.2,1.0,AV,252,expanded_training_followup_stage8_m252_n20000_r5,NA,NA,5.798435999944699,15.470812469643418,0.00030941624939286836,0.01759023164693599,5.763959145916704,5.832912853972694,50000,100000,0,0.0,0,0.0,0,0.0,0,100000,0.4950593220000883,0.4950593220000883,0.4950593220000883,nan,nan,,,,,,,,,,,,,,,,,,,,,,,
42,3,reference,100.0,0.2,1.0,GCV,252,expanded_training_followup_stage8_m252_n20000_r5,NA,NA,5.782030944652604,0.048338627950853995,9.667725590170799e-07,0.0009832459300790825,5.780103782629649,5.783958106675559,50000,50000,1000,0.007622065999839833,0,0.0,0,0.0,0,51000,0.41720168000006197,0.41720168000006197,0.4248237459999018,1.0356493996797385,0.9996819853469258,,,,,,,,,,,,,,,,,,,,,,,
42,3,reference,100.0,0.2,1.0,NCV_SCRATCH,252,expanded_training_followup_stage8_m252_n20000_r5,200,capacity_and_data_sensitivity_best_tested_configuration,5.78224214073437,0.017237175536968352,3.4474351073936704e-07,0.000587148627469542,5.781091329424529,5.783392952044211,50000,50000,0,0.0,20000,12.521844804000011,0,0.0,20000,70000,0.333018008000181,0.333018008000181,12.854862812000192,nan,nan,,,,0.18263817699994433,12.339206627000067,0.0,12.521844804000011,True,research_tuning_overhead_excluded_from_operational_setup_cost,,,,,,,,,,,,,,
42,3,strike_low,80.0,0.2,1.0,MC,252,expanded_training_followup_stage8_m252_n20000_r5,NA,NA,21.419608152566642,127.362808288925,0.0025472561657784998,0.05047034937246323,21.320686267796614,21.51853003733667,50000,50000,0,0.0,0,0.0,0,0.0,0,50000,0.34017209899980116,0.34017209899980116,0.34017209899980116,nan,nan,,,,,,,,,,,,,,,,,,,,,,,
42,3,strike_low,80.0,0.2,1.0,AV,252,expanded_training_followup_stage8_m252_n20000_r5,NA,NA,21.49973495965341,2.009273133084131,4.018546266168262e-05,0.0063392004749560195,21.487310126722495,21.512159792584324,50000,100000,0,0.0,0,0.0,0,0.0,0,100000,0.4960775570000351,0.4960775570000351,0.4960775570000351,nan,nan,,,,,,,,,,,,,,,,,,,,,,,
42,3,strike_low,80.0,0.2,1.0,GCV,252,expanded_training_followup_stage8_m252_n20000_r5,NA,NA,21.502573735044404,0.08416513340273206,1.6833026680546412e-06,0.0012974215460114116,21.50003078881422,21.505116681274586,50000,50000,1000,0.007615536000002976,0,0.0,0,0.0,0,51000,0.39193827999997666,0.39193827999997666,0.39955381599997963,1.0133900622069612,0.9996936943786456,,,,,,,,,,,,,,,,,,,,,,,
42,3,strike_low,80.0,0.2,1.0,NCV_SCRATCH,252,expanded_training_followup_stage8_m252_n20000_r5,200,capacity_and_data_sensitivity_best_tested_configuration,21.50178670658852,0.18142082284357797,3.6284164568715595e-06,0.0019048402706976666,21.49805321965795,21.505520193519086,50000,50000,0,0.0,20000,12.479334562999838,0,0.0,20000,70000,0.33421042200006923,0.33421042200006923,12.813544984999908,nan,nan,,,,0.1847833519998403,12.294551210999998,0.0,12.479334562999838,True,research_tuning_overhead_excluded_from_operational_setup_cost,,,,,,,,,,,,,,
42,3,strike_low,80.0,0.2,1.0,NCV_TRANSFER_BETA1,252,expanded_training_followup_stage8_m252_n20000_r5,200,capacity_and_data_sensitivity_best_tested_configuration,21.48725601469882,25.90757231007579,0.0005181514462015157,0.022762940192372245,21.442640651921767,21.53187137747587,50000,50000,0,0.0,0,0.0,20000,12.57665540999983,0,50000,0.3552608809998219,0.3552608809998219,12.931916290999652,1.0,0.9167474365916205,72cbe26e77a2e42959aef381203aff84fc8b30e78146cd5269c0385c15248218,True,,,,,,,,50000,127.362808288925,63.727758550003806,82.59149726442652,20.3238102826258,ok,25.90757231007579,25.90757231007579,1.0,residual_variance_beta_one / observed_residual_variance,5.7997151551006905,12.57665540999983,12.931916290999652,
42,3,strike_low,80.0,0.2,1.0,NCV_TRANSFER_BETA,252,expanded_training_followup_stage8_m252_n20000_r5,200,capacity_and_data_sensitivity_best_tested_configuration,21.507361672556502,20.323902891839374,0.0004064780578367875,0.020161300995639828,21.46784552260505,21.546877822507955,50000,50000,1000,0.008153453999966587,0,0.0,20000,12.57665540999983,0,51000,0.35711611000010635,0.35711611000010635,12.941924973999903,1.2972105433043555,0.9203701833823599,72cbe26e77a2e42959aef381203aff84fc8b30e78146cd5269c0385c15248218,True,,,,,,,,50000,127.362808288925,63.727758550003806,82.59149726442652,20.3238102826258,ok,20.323902891839374,25.90757231007579,1.2747341122397517,residual_variance_beta_one / observed_residual_variance,5.7997151551006905,12.57665540999983,12.941924973999903,65.03531443227962
42,3,strike_high,120.0,0.2,1.0,MC,252,expanded_training_followup_stage8_m252_n20000_r5,NA,NA,0.5411340261822561,6.2650560636337875,0.00012530112127267574,0.011193798339825305,0.5191941814361986,0.5630738709283137,50000,50000,0,0.0,0,0.0,0,0.0,0,50000,0.345371865000061,0.345371865000061,0.345371865000061,nan,nan,,,,,,,,,,,,,,,,,,,,,,,
42,3,strike_high,120.0,0.2,1.0,AV,252,expanded_training_followup_stage8_m252_n20000_r5,NA,NA,0.5451540285592505,3.057998467975208,6.115996935950415e-05,0.007820483959417356,0.5298258799987925,0.5604821771197086,50000,100000,0,0.0,0,0.0,0,0.0,0,100000,0.49615990900019824,0.49615990900019824,0.49615990900019824,nan,nan,,,,,,,,,,,,,,,,,,,,,,,
42,3,strike_high,120.0,0.2,1.0,GCV,252,expanded_training_followup_stage8_m252_n20000_r5,NA,NA,0.5335648351883227,0.03126440469233169,6.252880938466338e-07,0.0007907516005969471,0.5320149620511526,0.5351147083254927,50000,50000,1000,0.007987773999957426,0,0.0,0,0.0,0,51000,0.3958767460001127,0.3958767460001127,0.4038645200000701,1.1179350784507274,0.997334861221115,,,,,,,,,,,,,,,,,,,,,,,
42,3,strike_high,120.0,0.2,1.0,NCV_SCRATCH,252,expanded_training_followup_stage8_m252_n20000_r5,200,capacity_and_data_sensitivity_best_tested_configuration,0.5336825739191982,0.02535733957727793,5.071467915455586e-07,0.0007121423955541185,0.5322867748239121,0.5350783730144842,50000,50000,0,0.0,20000,12.535158480999826,0,0.0,20000,70000,0.33164982700009205,0.33164982700009205,12.866808307999918,nan,nan,,,,0.18488314599994737,12.350275334999878,0.0,12.535158480999826,True,research_tuning_overhead_excluded_from_operational_setup_cost,,,,,,,,,,,,,,
42,3,strike_high,120.0,0.2,1.0,NCV_TRANSFER_BETA1,252,expanded_training_followup_stage8_m252_n20000_r5,200,capacity_and_data_sensitivity_best_tested_configuration,0.5240335741201526,43.73724776740397,0.0008747449553480794,0.029576087559852797,0.4660644425028411,0.582002705737464,50000,50000,0,0.0,0,0.0,20000,12.57665540999983,0,50000,0.3556610959999489,0.3556610959999489,12.932316505999779,1.0,0.6806900178101792,72cbe26e77a2e42959aef381203aff84fc8b30e78146cd5269c0385c15248218,True,,,,,,,,50000,6.2650560636337875,64.92989506428432,13.72885168025709,3.362211876501026,ok,43.73724776740397,43.73724776740397,1.0,residual_variance_beta_one / observed_residual_variance,5.7997151551006905,12.57665540999983,12.932316505999779,
42,3,strike_high,120.0,0.2,1.0,NCV_TRANSFER_BETA,252,expanded_training_followup_stage8_m252_n20000_r5,200,capacity_and_data_sensitivity_best_tested_configuration,0.5380357001806084,3.421655408451324,6.843310816902648e-05,0.008272430608293217,0.5218217361883537,0.5542496641728631,50000,50000,1000,0.00808138900015365,0,0.0,20000,12.57665540999983,0,51000,0.3562683449999895,0.3562683449999895,12.941005143999973,0.18118386522154667,0.6642083264572123,72cbe26e77a2e42959aef381203aff84fc8b30e78146cd5269c0385c15248218,True,,,,,,,,50000,6.2650560636337875,64.92989506428432,13.72885168025709,3.362211876501026,ok,3.421655408451324,43.737247767403964,12.782481736581383,residual_variance_beta_one / observed_residual_variance,5.7997151551006905,12.57665540999983,12.941005143999973,62.64383209195838
42,3,volatility_low,100.0,0.1,1.0,MC,252,expanded_training_followup_stage8_m252_n20000_r5,NA,NA,3.6059091074916725,17.54291323104448,0.0003508582646208896,0.018731210975825606,3.569195933979054,3.6426222810042908,50000,50000,0,0.0,0,0.0,0,0.0,0,50000,0.34322121800005334,0.34322121800005334,0.34322121800005334,nan,nan,,,,,,,,,,,,,,,,,,,,,,,
42,3,volatility_low,100.0,0.1,1.0,AV,252,expanded_training_followup_stage8_m252_n20000_r5,NA,NA,3.635084260230406,2.793668076412392,5.5873361528247835e-05,0.0074748485956738836,3.6204335569828854,3.649734963477927,50000,100000,0,0.0,0,0.0,0,0.0,0,100000,0.49669144199992843,0.49669144199992843,0.49669144199992843,nan,nan,,,,,,,,,,,,,,,,,,,,,,,
42,3,volatility_low,100.0,0.1,1.0,GCV,252,expanded_training_followup_stage8_m252_n20000_r5,NA,NA,3.6541396185879584,0.00385847230209997,7.71694460419994e-08,0.0002777938912971259,3.653595142561016,3.654684094614901,50000,50000,1000,0.00751903500008666,0,0.0,0,0.0,0,51000,0.3896561509998264,0.3896561509998264,0.3971751859999131,1.0175630875656452,0.9999016227696456,,,,,,,,,,,,,,,,,,,,,,,
42,3,volatility_low,100.0,0.1,1.0,NCV_SCRATCH,252,expanded_training_followup_stage8_m252_n20000_r5,200,capacity_and_data_sensitivity_best_tested_configuration,3.653498811874362,0.0043161249327038275,8.632249865407656e-08,0.0002938069070904844,3.6529229503364644,3.6540746734122593,50000,50000,0,0.0,20000,12.555465186999982,0,0.0,20000,70000,0.3301640319998569,0.3301640319998569,12.885629218999838,nan,nan,,,,0.18694123699992815,12.368523950000053,0.0,12.555465186999982,True,research_tuning_overhead_excluded_from_operational_setup_cost,,,,,,,,,,,,,,
42,3,volatility_low,100.0,0.1,1.0,NCV_TRANSFER_BETA1,252,expanded_training_followup_stage8_m252_n20000_r5,200,capacity_and_data_sensitivity_best_tested_configuration,3.7046363266911726,14.604121873922466,0.00029208243747844934,0.017090419464672286,3.6711391045404147,3.7381335488419305,50000,50000,0,0.0,0,0.0,20000,12.57665540999983,0,50000,0.3644229559999985,0.3644229559999985,12.941078365999829,1.0,0.9897402666951867,72cbe26e77a2e42959aef381203aff84fc8b30e78146cd5269c0385c15248218,True,,,,,,,,50000,17.54291323104448,62.72388104541884,32.831336201270446,0.35812461791102024,ok,14.604121873922466,14.604121873922466,1.0,residual_variance_beta_one / observed_residual_variance,5.7997151551006905,12.57665540999983,12.941078365999829,
42,3,volatility_low,100.0,0.1,1.0,NCV_TRANSFER_BETA,252,expanded_training_followup_stage8_m252_n20000_r5,200,capacity_and_data_sensitivity_best_tested_configuration,3.6575726972442855,0.3581256796193339,7.162513592386678e-06,0.002676287277626727,3.652327174180137,3.662818220308434,50000,50000,1000,0.008227482999927815,0,0.0,20000,12.57665540999983,0,51000,0.3594132549999358,0.3594132549999358,12.944296147999694,0.5232963125216271,0.9892445108879417,72cbe26e77a2e42959aef381203aff84fc8b30e78146cd5269c0385c15248218,True,,,,,,,,50000,17.54291323104448,62.72388104541884,32.831336201270446,0.35812461791102024,ok,0.3581256796193339,14.604121873922464,40.77932051520508,residual_variance_beta_one / observed_residual_variance,5.7997151551006905,12.57665540999983,12.944296147999694,59.12909596469535
42,3,volatility_high,100.0,0.5,1.0,MC,252,expanded_training_followup_stage8_m252_n20000_r5,NA,NA,12.51316985661427,460.0620423938218,0.009201240847876435,0.09592309861486147,12.325160583329142,12.7011791298994,50000,50000,0,0.0,0,0.0,0,0.0,0,50000,0.34115887300004033,0.34115887300004033,0.34115887300004033,nan,nan,,,,,,,,,,,,,,,,,,,,,,,
42,3,volatility_high,100.0,0.5,1.0,AV,252,expanded_training_followup_stage8_m252_n20000_r5,NA,NA,12.359373865249317,149.87432732451595,0.002997486546490319,0.054749306356248195,12.252065224791071,12.466682505707563,50000,100000,0,0.0,0,0.0,0,0.0,0,100000,0.5062711820000914,0.5062711820000914,0.5062711820000914,nan,nan,,,,,,,,,,,,,,,,,,,,,,,
42,3,volatility_high,100.0,0.5,1.0,GCV,252,expanded_training_followup_stage8_m252_n20000_r5,NA,NA,12.358868528178835,2.2055669573090233,4.4111339146180464e-05,0.006641636782162998,12.345850920085796,12.371886136271874,50000,50000,1000,0.0076348630000211415,0,0.0,0,0.0,0,51000,0.3926706899999317,0.3926706899999317,0.40030555299995285,1.1025771009713443,0.9975945168466533,,,,,,,,,,,,,,,,,,,,,,,
42,3,volatility_high,100.0,0.5,1.0,NCV_SCRATCH,252,expanded_training_followup_stage8_m252_n20000_r5,200,capacity_and_data_sensitivity_best_tested_configuration,12.361559776010388,0.6682221510103832,1.3364443020207663e-05,0.0036557411041001882,12.354394523446352,12.368725028574424,50000,50000,0,0.0,20000,12.54087993600001,0,0.0,20000,70000,0.3296593949999078,0.3296593949999078,12.870539330999918,nan,nan,,,,0.18732825500001127,12.353551680999999,0.0,12.54087993600001,True,research_tuning_overhead_excluded_from_operational_setup_cost,,,,,,,,,,,,,,
42,3,volatility_high,100.0,0.5,1.0,NCV_TRANSFER_BETA1,252,expanded_training_followup_stage8_m252_n20000_r5,200,capacity_and_data_sensitivity_best_tested_configuration,12.447088810362239,185.8890729662485,0.0037177814593249703,0.06097361281181369,12.327580529251083,12.566597091473394,50000,50000,0,0.0,0,0.0,20000,12.57665540999983,0,50000,0.36149763799994616,0.36149763799994616,12.938153047999776,1.0,0.9806487075877932,72cbe26e77a2e42959aef381203aff84fc8b30e78146cd5269c0385c15248218,True,,,,,,,,50000,460.0620423938218,65.00626067869895,169.58961505313619,17.63330962877734,ok,185.8890729662485,185.8890729662485,1.0,residual_variance_beta_one / observed_residual_variance,5.7997151551006905,12.57665540999983,12.938153047999776,
42,3,volatility_high,100.0,0.5,1.0,NCV_TRANSFER_BETA,252,expanded_training_followup_stage8_m252_n20000_r5,200,capacity_and_data_sensitivity_best_tested_configuration,12.345831392191478,18.013723312060755,0.00036027446624121507,0.01898089740347424,12.308628833280668,12.383033951102288,50000,50000,1000,0.008235488000082114,0,0.0,20000,12.57665540999983,0,51000,0.35680814699981056,0.35680814699981056,12.941699044999723,2.5323216552075145,0.9815728155231913,72cbe26e77a2e42959aef381203aff84fc8b30e78146cd5269c0385c15248218,True,,,,,,,,50000,460.0620423938218,65.00626067869895,169.58961505313619,17.63330962877734,ok,18.013723312060755,185.8890729662485,10.319303219328894,residual_variance_beta_one / observed_residual_variance,5.7997151551006905,12.57665540999983,12.941699044999723,55.07962943933456
42,3,maturity_short,100.0,0.2,0.5,MC,252,expanded_training_followup_stage8_m252_n20000_r5,NA,NA,3.9035332223719923,30.04998446178341,0.0006009996892356682,0.024515295006090957,3.855483244160054,3.9515832005839306,50000,50000,0,0.0,0,0.0,0,0.0,0,50000,0.3401593370001592,0.3401593370001592,0.3401593370001592,nan,nan,,,,,,,,,,,,,,,,,,,,,,,
42,3,maturity_short,100.0,0.2,0.5,AV,252,expanded_training_followup_stage8_m252_n20000_r5,NA,NA,3.8921347159600956,7.3610268060318065,0.00014722053612063613,0.012133447000775836,3.868353159838575,3.915916272081616,50000,100000,0,0.0,0,0.0,0,0.0,0,100000,0.5039960669998891,0.5039960669998891,0.5039960669998891,nan,nan,,,,,,,,,,,,,,,,,,,,,,,
42,3,maturity_short,100.0,0.2,0.5,GCV,252,expanded_training_followup_stage8_m252_n20000_r5,NA,NA,3.8657950259380853,0.010377756185279476,2.0755512370558951e-07,0.0004555821810668077,3.8649020848631945,3.866687967012976,50000,50000,1000,0.007563839000113148,0,0.0,0,0.0,0,51000,0.3924536590000116,0.3924536590000116,0.40001749800012476,1.0239340350923536,0.9998480896559719,,,,,,,,,,,,,,,,,,,,,,,
42,3,maturity_short,100.0,0.2,0.5,NCV_SCRATCH,252,expanded_training_followup_stage8_m252_n20000_r5,200,capacity_and_data_sensitivity_best_tested_configuration,3.8655964352405467,0.007297530847956309,1.4595061695912618e-07,0.0003820348373631994,3.8648476469593147,3.866345223521779,50000,50000,0,0.0,20000,12.546593706999829,0,0.0,20000,70000,0.33014464599978055,0.33014464599978055,12.87673835299961,nan,nan,,,,0.18428398099990773,12.362309725999921,0.0,12.546593706999829,True,research_tuning_overhead_excluded_from_operational_setup_cost,,,,,,,,,,,,,,
42,3,maturity_short,100.0,0.2,0.5,NCV_TRANSFER_BETA1,252,expanded_training_followup_stage8_m252_n20000_r5,200,capacity_and_data_sensitivity_best_tested_configuration,3.8490963346152984,6.898790265268635,0.00013797580530537269,0.011746310284739318,3.826073566457209,3.8721191027733877,50000,50000,0,0.0,0,0.0,20000,12.57665540999983,0,50000,0.3546164110000518,0.3546164110000518,12.931271820999882,1.0,0.9997808945404456,72cbe26e77a2e42959aef381203aff84fc8b30e78146cd5269c0385c15248218,True,,,,,,,,50000,30.04998446178341,65.68507085776892,44.41813252714182,0.013166788694444875,ok,6.898790265268635,6.898790265268635,1.0,residual_variance_beta_one / observed_residual_variance,5.7997151551006905,12.57665540999983,12.931271820999882,
42,3,maturity_short,100.0,0.2,0.5,NCV_TRANSFER_BETA,252,expanded_training_followup_stage8_m252_n20000_r5,200,capacity_and_data_sensitivity_best_tested_configuration,3.8666873163906033,0.013192590495550818,2.6385180991101635e-07,0.0005136650756193343,3.8656805328423895,3.867694099938817,50000,50000,1000,0.008277988000145342,0,0.0,20000,12.57665540999983,0,51000,0.36175105500001337,0.36175105500001337,12.946684452999989,0.676855483474225,0.9997758326274476,72cbe26e77a2e42959aef381203aff84fc8b30e78146cd5269c0385c15248218,True,,,,,,,,50000,30.04998446178341,65.68507085776892,44.41813252714182,0.013166788694444875,ok,0.013192590495550818,6.898790265268634,522.9291599398344,residual_variance_beta_one / observed_residual_variance,5.7997151551006905,12.57665540999983,12.946684452999989,68.86272205414996
42,3,maturity_long,100.0,0.2,2.0,MC,252,expanded_training_followup_stage8_m252_n20000_r5,NA,NA,8.704487553507704,141.19085066302608,0.0028238170132605218,0.05313959929525741,8.600333938889,8.808641168126409,50000,50000,0,0.0,0,0.0,0,0.0,0,50000,0.34103151499994055,0.34103151499994055,0.34103151499994055,nan,nan,,,,,,,,,,,,,,,,,,,,,,,
42,3,maturity_long,100.0,0.2,2.0,AV,252,expanded_training_followup_stage8_m252_n20000_r5,NA,NA,8.739737254868103,33.39101842184793,0.0006678203684369586,0.025842220656068986,8.689086502382208,8.790388007353998,50000,100000,0,0.0,0,0.0,0,0.0,0,100000,0.5001637479999772,0.5001637479999772,0.5001637479999772,nan,nan,,,,,,,,,,,,,,,,,,,,,,,
42,3,maturity_long,100.0,0.2,2.0,GCV,252,expanded_training_followup_stage8_m252_n20000_r5,NA,NA,8.736042544095339,0.2305184808849452,4.610369617698904e-06,0.0021471771276955483,8.731834076925056,8.740251011265622,50000,50000,1000,0.007614924999870709,0,0.0,0,0.0,0,51000,0.392928098000084,0.392928098000084,0.4005430229999547,1.0548713219962773,0.9991518055195457,,,,,,,,,,,,,,,,,,,,,,,
42,3,maturity_long,100.0,0.2,2.0,NCV_SCRATCH,252,expanded_training_followup_stage8_m252_n20000_r5,200,capacity_and_data_sensitivity_best_tested_configuration,8.731341137739156,0.06731764758361257,1.3463529516722513e-06,0.0011603245027457841,8.729066901713773,8.733615373764538,50000,50000,0,0.0,20000,12.555130449999751,0,0.0,20000,70000,0.3308853020000697,0.3308853020000697,12.886015751999821,nan,nan,,,,0.1842544259998249,12.370876023999926,0.0,12.555130449999751,True,research_tuning_overhead_excluded_from_operational_setup_cost,,,,,,,,,,,,,,
42,3,maturity_long,100.0,0.2,2.0,NCV_TRANSFER_BETA1,252,expanded_training_followup_stage8_m252_n20000_r5,200,capacity_and_data_sensitivity_best_tested_configuration,8.72448683884864,14.951764706153345,0.0002990352941230669,0.01729263699159463,8.690593270345113,8.758380407352165,50000,50000,0,0.0,0,0.0,20000,12.57665540999983,0,50000,0.3550648440000259,0.3550648440000259,12.931720253999856,1.0,0.999388075185563,72cbe26e77a2e42959aef381203aff84fc8b30e78146cd5269c0385c15248218,True,,,,,,,,50000,141.19085066302608,64.49302996937898,95.36605796312573,0.17274350099052072,ok,14.951764706153345,14.951764706153345,1.0,residual_variance_beta_one / observed_residual_variance,5.7997151551006905,12.57665540999983,12.931720253999856,
42,3,maturity_long,100.0,0.2,2.0,NCV_TRANSFER_BETA,252,expanded_training_followup_stage8_m252_n20000_r5,200,capacity_and_data_sensitivity_best_tested_configuration,8.734055478042807,0.17274767069170188,3.4549534138340376e-06,0.0018587504980050545,8.730412327066716,8.737698629018897,50000,50000,1000,0.008211243000005197,0,0.0,20000,12.57665540999983,0,51000,0.35941032200003065,0.35941032200003065,12.944276974999866,1.4784490561061763,0.9993945021048415,72cbe26e77a2e42959aef381203aff84fc8b30e78146cd5269c0385c15248218,True,,,,,,,,50000,141.19085066302608,64.49302996937898,95.36605796312573,0.17274350099052072,ok,0.17274767069170188,14.951764706153345,86.55262699800657,residual_variance_beta_one / observed_residual_variance,5.7997151551006905,12.57665540999983,12.944276974999866,67.93654348159035
42,4,reference,100.0,0.2,1.0,MC,252,expanded_training_followup_stage8_m252_n20000_r5,NA,NA,5.749062668661629,63.75946045759152,0.0012751892091518305,0.03570979150249733,5.679071477316734,5.819053860006523,50000,50000,0,0.0,0,0.0,0,0.0,0,50000,0.3199194910000642,0.3199194910000642,0.3199194910000642,nan,nan,,,,,,,,,,,,,,,,,,,,,,,
42,4,reference,100.0,0.2,1.0,AV,252,expanded_training_followup_stage8_m252_n20000_r5,NA,NA,5.782927098203762,15.25987883823171,0.0003051975767646342,0.017469904887108978,5.748686084625029,5.817168111782496,50000,100000,0,0.0,0,0.0,0,0.0,0,100000,0.5018824230000973,0.5018824230000973,0.5018824230000973,nan,nan,,,,,,,,,,,,,,,,,,,,,,,
42,4,reference,100.0,0.2,1.0,GCV,252,expanded_training_followup_stage8_m252_n20000_r5,NA,NA,5.782361663873929,0.04805364963621036,9.61072992724207e-07,0.0009803433035035264,5.780440190999062,5.784283136748796,50000,50000,1000,0.007494759999872258,0,0.0,0,0.0,0,51000,0.39390602800017405,0.39390602800017405,0.4014007880000463,1.0334362075054353,0.99965768760861,,,,,,,,,,,,,,,,,,,,,,,
42,4,reference,100.0,0.2,1.0,NCV_SCRATCH,252,expanded_training_followup_stage8_m252_n20000_r5,200,capacity_and_data_sensitivity_best_tested_configuration,5.781229764377558,0.017857988642383044,3.571597728476609e-07,0.0005976284571936488,5.780058412601459,5.7824011161536575,50000,50000,0,0.0,20000,12.567101635999961,0,0.0,20000,70000,0.3291975829999956,0.3291975829999956,12.896299218999957,nan,nan,,,,0.18771955400006846,12.379382081999893,0.0,12.567101635999961,True,research_tuning_overhead_excluded_from_operational_setup_cost,,,,,,,,,,,,,,
42,4,strike_low,80.0,0.2,1.0,MC,252,expanded_training_followup_stage8_m252_n20000_r5,NA,NA,21.605177045772866,127.73350637153642,0.0025546701274307285,0.05054374469141289,21.506111306177697,21.704242785368034,50000,50000,0,0.0,0,0.0,0,0.0,0,50000,0.34590944999990825,0.34590944999990825,0.34590944999990825,nan,nan,,,,,,,,,,,,,,,,,,,,,,,
42,4,strike_low,80.0,0.2,1.0,AV,252,expanded_training_followup_stage8_m252_n20000_r5,NA,NA,21.496389636621902,1.9566123634613615,3.9132247269227226e-05,0.006255577293042364,21.48412870512754,21.508650568116266,50000,100000,0,0.0,0,0.0,0,0.0,0,100000,0.4946008019999226,0.4946008019999226,0.4946008019999226,nan,nan,,,,,,,,,,,,,,,,,,,,,,,
42,4,strike_low,80.0,0.2,1.0,GCV,252,expanded_training_followup_stage8_m252_n20000_r5,NA,NA,21.503028670984254,0.08734784458600164,1.7469568917200328e-06,0.0013217249682592946,21.500438090046465,21.50561925192204,50000,50000,1000,0.007513424999842755,0,0.0,0,0.0,0,51000,0.39413327900001605,0.39413327900001605,0.4016467039998588,1.0160178858073075,0.999575395826036,,,,,,,,,,,,,,,,,,,,,,,
42,4,strike_low,80.0,0.2,1.0,NCV_SCRATCH,252,expanded_training_followup_stage8_m252_n20000_r5,200,capacity_and_data_sensitivity_best_tested_configuration,21.504248697660334,0.194075787410002,3.88151574820004e-06,0.0019701562750705946,21.500387191361195,21.508110203959472,50000,50000,0,0.0,20000,12.532240808999859,0,0.0,20000,70000,0.329209161000108,0.329209161000108,12.861449969999967,nan,nan,,,,0.18322617900003024,12.349014629999829,0.0,12.532240808999859,True,research_tuning_overhead_excluded_from_operational_setup_cost,,,,,,,,,,,,,,
42,4,strike_low,80.0,0.2,1.0,NCV_TRANSFER_BETA1,252,expanded_training_followup_stage8_m252_n20000_r5,200,capacity_and_data_sensitivity_best_tested_configuration,21.55916896339179,25.12015446298741,0.0005024030892597483,0.022414350074444457,21.51523683724588,21.603101089537702,50000,50000,0,0.0,0,0.0,20000,12.596109679999927,0,50000,0.3566412650000075,0.3566412650000075,12.952750944999934,1.0,0.9195778513989303,34564ae2144d99841264883824bc78398ee4ca6ab685538b4838c5d110b1403b,True,,,,,,,,50000,127.73350637153642,65.10835103541706,83.86085147198308,19.719061254036006,ok,25.12015446298741,25.12015446298741,1.0,residual_variance_beta_one / observed_residual_variance,5.8059736748193895,12.596109679999927,12.952750944999934,
42,4,strike_low,80.0,0.2,1.0,NCV_TRANSFER_BETA,252,expanded_training_followup_stage8_m252_n20000_r5,200,capacity_and_data_sensitivity_best_tested_configuration,21.54602607119248,19.719422358767638,0.00039438844717535276,0.019859215673720673,21.507102008471985,21.584950133912972,50000,50000,1000,0.00818444699984866,0,0.0,20000,12.596109679999927,0,51000,0.353659301000107,0.353659301000107,12.957953427999882,1.285664855371531,0.9187233785603893,34564ae2144d99841264883824bc78398ee4ca6ab685538b4838c5d110b1403b,True,,,,,,,,50000,127.73350637153642,65.10835103541706,83.86085147198308,19.719061254036006,ok,19.719422358767638,25.12015446298741,1.2738788188599501,residual_variance_beta_one / observed_residual_variance,5.8059736748193895,12.596109679999927,12.957953427999882,66.05201838782831
42,4,strike_high,120.0,0.2,1.0,MC,252,expanded_training_followup_stage8_m252_n20000_r5,NA,NA,0.5360668221756405,6.230813070226786,0.00012461626140453571,0.011163165384627055,0.5141870180217715,0.5579466263295095,50000,50000,0,0.0,0,0.0,0,0.0,0,50000,0.3430639700000029,0.3430639700000029,0.3430639700000029,nan,nan,,,,,,,,,,,,,,,,,,,,,,,
42,4,strike_high,120.0,0.2,1.0,AV,252,expanded_training_followup_stage8_m252_n20000_r5,NA,NA,0.5380714014004748,3.0159385699432595,6.031877139886519e-05,0.007766516039954156,0.5228490299621646,0.553293772838785,50000,100000,0,0.0,0,0.0,0,0.0,0,100000,0.49245703500014315,0.49245703500014315,0.49245703500014315,nan,nan,,,,,,,,,,,,,,,,,,,,,,,
42,4,strike_high,120.0,0.2,1.0,GCV,252,expanded_training_followup_stage8_m252_n20000_r5,NA,NA,0.5337750428173882,0.03206882169259482,6.413764338518964e-07,0.0008008598091126164,0.5322053575915274,0.535344728043249,50000,50000,1000,0.007525546999886501,0,0.0,0,0.0,0,51000,0.38843112400013524,0.38843112400013524,0.39595667100002174,1.1101381727271784,0.997065366046917,,,,,,,,,,,,,,,,,,,,,,,
42,4,strike_high,120.0,0.2,1.0,NCV_SCRATCH,252,expanded_training_followup_stage8_m252_n20000_r5,200,capacity_and_data_sensitivity_best_tested_configuration,0.5345456424515662,0.03661650673428109,7.323301346856217e-07,0.0008557628963010851,0.5328683471748161,0.5362229377283163,50000,50000,0,0.0,20000,12.54265860800001,0,0.0,20000,70000,0.32821361800006343,0.32821361800006343,12.870872226000074,nan,nan,,,,0.1845393090000016,12.358119299000009,0.0,12.54265860800001,True,research_tuning_overhead_excluded_from_operational_setup_cost,,,,,,,,,,,,,,
42,4,strike_high,120.0,0.2,1.0,NCV_TRANSFER_BETA1,252,expanded_training_followup_stage8_m252_n20000_r5,200,capacity_and_data_sensitivity_best_tested_configuration,0.5317776509879122,43.5333473524224,0.0008706669470484481,0.029507066052870252,0.4739438015242865,0.5896115004515379,50000,50000,0,0.0,0,0.0,20000,12.596109679999927,0,50000,0.3590429809999023,0.3590429809999023,12.955152660999829,1.0,0.6796339563153105,34564ae2144d99841264883824bc78398ee4ca6ab685538b4838c5d110b1403b,True,,,,,,,,50000,6.230813070226786,64.56586508598056,13.631665401892482,3.352786091393649,ok,43.5333473524224,43.5333473524224,1.0,residual_variance_beta_one / observed_residual_variance,5.8059736748193895,12.596109679999927,12.955152660999829,
42,4,strike_high,120.0,0.2,1.0,NCV_TRANSFER_BETA,252,expanded_training_followup_stage8_m252_n20000_r5,200,capacity_and_data_sensitivity_best_tested_configuration,0.5352046557917979,3.359395996526554,6.718791993053108e-05,0.008196823770859727,0.5191388812009128,0.551270430382683,50000,50000,1000,0.008452682000097411,0,0.0,20000,12.596109679999927,0,51000,0.35732065400020474,0.35732065400020474,12.961883016000229,0.2010100194436867,0.6776376916010122,34564ae2144d99841264883824bc78398ee4ca6ab685538b4838c5d110b1403b,True,,,,,,,,50000,6.230813070226786,64.56586508598056,13.631665401892482,3.352786091393649,ok,3.359395996526554,43.5333473524224,12.958682869609207,residual_variance_beta_one / observed_residual_variance,5.8059736748193895,12.596109679999927,12.961883016000229,65.09902283236201
42,4,volatility_low,100.0,0.1,1.0,MC,252,expanded_training_followup_stage8_m252_n20000_r5,NA,NA,3.6322456866875057,17.81085409447013,0.00035621708188940263,0.018873714045979467,3.595253207157386,3.6692381662176254,50000,50000,0,0.0,0,0.0,0,0.0,0,50000,0.33849694400009867,0.33849694400009867,0.33849694400009867,nan,nan,,,,,,,,,,,,,,,,,,,,,,,
42,4,volatility_low,100.0,0.1,1.0,AV,252,expanded_training_followup_stage8_m252_n20000_r5,NA,NA,3.652563241993209,2.783226930624632,5.566453861249264e-05,0.007460867148830131,3.6379399423815015,3.667186541604916,50000,100000,0,0.0,0,0.0,0,0.0,0,100000,0.4971466409999721,0.4971466409999721,0.4971466409999721,nan,nan,,,,,,,,,,,,,,,,,,,,,,,
42,4,volatility_low,100.0,0.1,1.0,GCV,252,expanded_training_followup_stage8_m252_n20000_r5,NA,NA,3.653500993191146,0.003745724841658155,7.491449683316309e-08,0.00027370512752442744,3.652964531141198,3.654037455241094,50000,50000,1000,0.007542014999899038,0,0.0,0,0.0,0,51000,0.38847424300001876,0.38847424300001876,0.3960162579999178,1.0174488218539486,0.9998972279058101,,,,,,,,,,,,,,,,,,,,,,,
42,4,volatility_low,100.0,0.1,1.0,NCV_SCRATCH,252,expanded_training_followup_stage8_m252_n20000_r5,200,capacity_and_data_sensitivity_best_tested_configuration,3.653977897472188,0.0027262802365025183,5.4525604730050366e-08,0.00023350718346562782,3.6535202233925954,3.6544355715517804,50000,50000,0,0.0,20000,12.55592111399983,0,0.0,20000,70000,0.3321119049999197,0.3321119049999197,12.88803301899975,nan,nan,,,,0.18275923399983185,12.373161879999998,0.0,12.55592111399983,True,research_tuning_overhead_excluded_from_operational_setup_cost,,,,,,,,,,,,,,
42,4,volatility_low,100.0,0.1,1.0,NCV_TRANSFER_BETA1,252,expanded_training_followup_stage8_m252_n20000_r5,200,capacity_and_data_sensitivity_best_tested_configuration,3.6689334773582303,14.832737161873515,0.0002966547432374703,0.01722366811214935,3.6351750878584177,3.702691866858043,50000,50000,0,0.0,0,0.0,20000,12.596109679999927,0,50000,0.3583796479999819,0.3583796479999819,12.954489327999909,1.0,0.9900049029513507,34564ae2144d99841264883824bc78398ee4ca6ab685538b4838c5d110b1403b,True,,,,,,,,50000,17.81085409447013,63.73096419391399,33.35454056325526,0.35426309106457055,ok,14.832737161873515,14.832737161873515,1.0,residual_variance_beta_one / observed_residual_variance,5.8059736748193895,12.596109679999927,12.954489327999909,
42,4,volatility_low,100.0,0.1,1.0,NCV_TRANSFER_BETA,252,expanded_training_followup_stage8_m252_n20000_r5,200,capacity_and_data_sensitivity_best_tested_configuration,3.6513502528854644,0.3547042914786224,7.094085829572448e-06,0.002663472513387823,3.6461298467592242,3.6565706590117046,50000,50000,1000,0.008224297999959163,0,0.0,20000,12.596109679999927,0,51000,0.3586578700001155,0.3586578700001155,12.962991848000001,0.5207336241482333,0.9901390614826316,34564ae2144d99841264883824bc78398ee4ca6ab685538b4838c5d110b1403b,True,,,,,,,,50000,17.81085409447013,63.73096419391399,33.35454056325526,0.35426309106457055,ok,0.3547042914786224,14.832737161873515,41.8171911595478,residual_variance_beta_one / observed_residual_variance,5.8059736748193895,12.596109679999927,12.962991848000001,67.13374915340943
42,4,volatility_high,100.0,0.5,1.0,MC,252,expanded_training_followup_stage8_m252_n20000_r5,NA,NA,12.413815643702042,454.15641381195223,0.009083128276239045,0.09530544725375904,12.227016967084674,12.60061432031941,50000,50000,0,0.0,0,0.0,0,0.0,0,50000,0.3417877280000994,0.3417877280000994,0.3417877280000994,nan,nan,,,,,,,,,,,,,,,,,,,,,,,
42,4,volatility_high,100.0,0.5,1.0,AV,252,expanded_training_followup_stage8_m252_n20000_r5,NA,NA,12.358067950011261,148.65476954298117,0.0029730953908596236,0.05452609825450216,12.251196797432437,12.464939102590085,50000,100000,0,0.0,0,0.0,0,0.0,0,100000,0.500795738999841,0.500795738999841,0.500795738999841,nan,nan,,,,,,,,,,,,,,,,,,,,,,,
42,4,volatility_high,100.0,0.5,1.0,GCV,252,expanded_training_followup_stage8_m252_n20000_r5,NA,NA,12.364046093027746,2.153155853173449,4.306311706346898e-05,0.0065622493905267715,12.351184084222313,12.376908101833179,50000,50000,1000,0.007818393999968976,0,0.0,0,0.0,0,51000,0.3881688120000035,0.3881688120000035,0.3959872059999725,1.0975070896707033,0.9969793914727672,,,,,,,,,,,,,,,,,,,,,,,
42,4,volatility_high,100.0,0.5,1.0,NCV_SCRATCH,252,expanded_training_followup_stage8_m252_n20000_r5,200,capacity_and_data_sensitivity_best_tested_configuration,12.359385997901285,0.6121323704533282,1.2242647409066565e-05,0.003498949472208275,12.352528056935757,12.366243938866813,50000,50000,0,0.0,20000,12.558667855000294,0,0.0,20000,70000,0.3349708850000752,0.3349708850000752,12.89363874000037,nan,nan,,,,0.1822423640001034,12.376425491000191,0.0,12.558667855000294,True,research_tuning_overhead_excluded_from_operational_setup_cost,,,,,,,,,,,,,,
42,4,volatility_high,100.0,0.5,1.0,NCV_TRANSFER_BETA1,252,expanded_training_followup_stage8_m252_n20000_r5,200,capacity_and_data_sensitivity_best_tested_configuration,12.393502098938928,182.5519030686796,0.0036510380613735917,0.060423820314289896,12.27507141112292,12.511932786754937,50000,50000,0,0.0,0,0.0,20000,12.596109679999927,0,50000,0.35767877600005704,0.35767877600005704,12.953788455999984,1.0,0.980892266992816,34564ae2144d99841264883824bc78398ee4ca6ab685538b4838c5d110b1403b,True,,,,,,,,50000,454.15641381195223,64.71284537794882,168.15867806061075,17.189984010555293,ok,182.5519030686796,182.5519030686796,1.0,residual_variance_beta_one / observed_residual_variance,5.8059736748193895,12.596109679999927,12.953788455999984,
42,4,volatility_high,100.0,0.5,1.0,NCV_TRANSFER_BETA,252,expanded_training_followup_stage8_m252_n20000_r5,200,capacity_and_data_sensitivity_best_tested_configuration,12.36230900570732,17.446465041312678,0.00034892930082625355,0.018679649376427104,12.325696892929523,12.398921118485118,50000,50000,1000,0.008211341000105676,0,0.0,20000,12.596109679999927,0,51000,0.3612110950000442,0.3612110950000442,12.965532116000077,2.535580992651377,0.9811839322709217,34564ae2144d99841264883824bc78398ee4ca6ab685538b4838c5d110b1403b,True,,,,,,,,50000,454.15641381195223,64.71284537794882,168.15867806061075,17.189984010555293,ok,17.446465041312678,182.55190306867965,10.463546777894692,residual_variance_beta_one / observed_residual_variance,5.8059736748193895,12.596109679999927,12.965532116000077,56.17071686563413
42,4,maturity_short,100.0,0.2,0.5,MC,252,expanded_training_followup_stage8_m252_n20000_r5,NA,NA,3.8634223937657395,29.739878357875423,0.0005947975671575084,0.024388472013586838,3.8156209886191093,3.9112237989123697,50000,50000,0,0.0,0,0.0,0,0.0,0,50000,0.3409930120001263,0.3409930120001263,0.3409930120001263,nan,nan,,,,,,,,,,,,,,,,,,,,,,,
42,4,maturity_short,100.0,0.2,0.5,AV,252,expanded_training_followup_stage8_m252_n20000_r5,NA,NA,3.8734864771057445,7.35148376733305,0.00014702967534666102,0.012125579381895984,3.8497203415172283,3.8972526126942606,50000,100000,0,0.0,0,0.0,0,0.0,0,100000,0.4970369400000436,0.4970369400000436,0.4970369400000436,nan,nan,,,,,,,,,,,,,,,,,,,,,,,
42,4,maturity_short,100.0,0.2,0.5,GCV,252,expanded_training_followup_stage8_m252_n20000_r5,NA,NA,3.865562430290197,0.010850916686640899,2.1701833373281797e-07,0.0004658522659951521,3.8646493598488463,3.8664755007315477,50000,50000,1000,0.007575898999903075,0,0.0,0,0.0,0,51000,0.38927601700015657,0.38927601700015657,0.39685191600005965,1.0260667849275442,0.999808595438236,,,,,,,,,,,,,,,,,,,,,,,
42,4,maturity_short,100.0,0.2,0.5,NCV_SCRATCH,252,expanded_training_followup_stage8_m252_n20000_r5,200,capacity_and_data_sensitivity_best_tested_configuration,3.866199086228105,0.009292900481301995,1.8585800962603988e-07,0.0004311125254803436,3.8653541056781635,3.8670440667780466,50000,50000,0,0.0,20000,12.528886655000179,0,0.0,20000,70000,0.33336505200009015,0.33336505200009015,12.862251707000269,nan,nan,,,,0.18278515500014691,12.346101500000032,0.0,12.528886655000179,True,research_tuning_overhead_excluded_from_operational_setup_cost,,,,,,,,,,,,,,
42,4,maturity_short,100.0,0.2,0.5,NCV_TRANSFER_BETA1,252,expanded_training_followup_stage8_m252_n20000_r5,200,capacity_and_data_sensitivity_best_tested_configuration,3.8669044090179168,6.874195295058473,0.00013748390590116947,0.011725353124796263,3.843922716893316,3.8898861011425176,50000,50000,0,0.0,0,0.0,20000,12.596109679999927,0,50000,0.35647597100000894,0.35647597100000894,12.952585650999936,1.0,0.9997288689674517,34564ae2144d99841264883824bc78398ee4ca6ab685538b4838c5d110b1403b,True,,,,,,,,50000,29.739878357875423,65.13686626247039,44.0012746626436,0.016124621614967083,ok,6.874195295058473,6.874195295058473,1.0,residual_variance_beta_one / observed_residual_variance,5.8059736748193895,12.596109679999927,12.952585650999936,
42,4,maturity_short,100.0,0.2,0.5,NCV_TRANSFER_BETA,252,expanded_training_followup_stage8_m252_n20000_r5,200,capacity_and_data_sensitivity_best_tested_configuration,3.86577439708455,0.016124774379264985,3.224954875852997e-07,0.0005678868616065172,3.8646613388358015,3.866887455333299,50000,50000,1000,0.008254583000052662,0,0.0,20000,12.596109679999927,0,51000,0.3590302690001863,0.3590302690001863,12.963394532000166,0.6754718599635874,0.9997263600441738,34564ae2144d99841264883824bc78398ee4ca6ab685538b4838c5d110b1403b,True,,,,,,,,50000,29.739878357875423,65.13686626247039,44.0012746626436,0.016124621614967083,ok,0.016124774379264985,6.874195295058472,426.3126499244585,residual_variance_beta_one / observed_residual_variance,5.8059736748193895,12.596109679999927,12.963394532000166,67.87328399907364
42,4,maturity_long,100.0,0.2,2.0,MC,252,expanded_training_followup_stage8_m252_n20000_r5,NA,NA,8.73860761728546,140.84549733634674,0.002816909946726935,0.05307456968009194,8.63458146071248,8.84263377385844,50000,50000,0,0.0,0,0.0,0,0.0,0,50000,0.3400057190001462,0.3400057190001462,0.3400057190001462,nan,nan,,,,,,,,,,,,,,,,,,,,,,,
42,4,maturity_long,100.0,0.2,2.0,AV,252,expanded_training_followup_stage8_m252_n20000_r5,NA,NA,8.72980295355516,32.81272923789768,0.0006562545847579535,0.02561746640005513,8.679592719411051,8.780013187699268,50000,100000,0,0.0,0,0.0,0,0.0,0,100000,0.4948603400000593,0.4948603400000593,0.4948603400000593,nan,nan,,,,,,,,,,,,,,,,,,,,,,,
42,4,maturity_long,100.0,0.2,2.0,GCV,252,expanded_training_followup_stage8_m252_n20000_r5,NA,NA,8.734091694391111,0.23511909269999437,4.702381853999887e-06,0.0021684976029499982,8.729841439089329,8.738341949692893,50000,50000,1000,0.007520597000166163,0,0.0,0,0.0,0,51000,0.3915146269998786,0.3915146269998786,0.39903522400004476,1.0488998761404604,0.9993487771734776,,,,,,,,,,,,,,,,,,,,,,,
42,4,maturity_long,100.0,0.2,2.0,NCV_SCRATCH,252,expanded_training_followup_stage8_m252_n20000_r5,200,capacity_and_data_sensitivity_best_tested_configuration,8.7318750902269,0.04575280929385534,9.150561858771069e-07,0.0009565856918630483,8.73000018227085,8.733749998182951,50000,50000,0,0.0,20000,12.517183215999921,0,0.0,20000,70000,0.33337310799993247,0.33337310799993247,12.850556323999854,nan,nan,,,,0.18430399099997885,12.332879224999942,0.0,12.517183215999921,True,research_tuning_overhead_excluded_from_operational_setup_cost,,,,,,,,,,,,,,
42,4,maturity_long,100.0,0.2,2.0,NCV_TRANSFER_BETA1,252,expanded_training_followup_stage8_m252_n20000_r5,200,capacity_and_data_sensitivity_best_tested_configuration,8.735291044012355,14.854048438473402,0.00029708096876946804,0.01723603692179464,8.701508411645637,8.769073676379072,50000,50000,0,0.0,0,0.0,20000,12.596109679999927,0,50000,0.3553143099998124,0.3553143099998124,12.95142398999974,1.0,0.9994028118010838,34564ae2144d99841264883824bc78398ee4ca6ab685538b4838c5d110b1403b,True,,,,,,,,50000,140.84549733634674,64.4573208261434,95.22438486200832,0.16817230750231715,ok,14.854048438473402,14.854048438473402,1.0,residual_variance_beta_one / observed_residual_variance,5.8059736748193895,12.596109679999927,12.95142398999974,
42,4,maturity_long,100.0,0.2,2.0,NCV_TRANSFER_BETA,252,expanded_training_followup_stage8_m252_n20000_r5,200,capacity_and_data_sensitivity_best_tested_configuration,8.733701775447024,0.1683965907448388,3.3679318148967758e-06,0.0018351925825091972,8.730104797985305,8.737298752908742,50000,50000,1000,0.008068636999951195,0,0.0,20000,12.596109679999927,0,51000,0.35639473500009444,0.35639473500009444,12.960573051999972,1.4791899453020738,0.9994738084458938,34564ae2144d99841264883824bc78398ee4ca6ab685538b4838c5d110b1403b,True,,,,,,,,50000,140.84549733634674,64.4573208261434,95.22438486200832,0.16817230750231715,ok,0.1683965907448388,14.854048438473402,88.20872425488024,residual_variance_beta_one / observed_residual_variance,5.8059736748193895,12.596109679999927,12.960573051999972,61.47231139500267
